Model Year,Standard Make,Standard Model,Standard Hierarchy Value,Classification Type,Validation Status,Primary Source Organization,Primary Source Document,Primary Source URL,Notes
1980,GMC,Sonoma,S15,Trim,Government Verified,EPA,EPA FuelEconomy.gov Vehicle Fuel Economy Dataset,https://www.fueleconomy.gov/feg/epadata/vehicles.csv,
1980,Mazda,B-Series,B2000,Trim,Government Verified,EPA,EPA FuelEconomy.gov Vehicle Fuel Economy Dataset,https://www.fueleconomy.gov/feg/epadata/vehicles.csv,
1981,Dodge,Ram 150-350 (D/W Series),D150,Trim,Government Verified,EPA,EPA FuelEconomy.gov Vehicle Fuel Economy Dataset,https://www.fueleconomy.gov/feg/epadata/vehicles.csv,
1981,Dodge,Ram Van,B150,Trim,Government Verified,EPA,EPA FuelEconomy.gov Vehicle Fuel Economy Dataset,https://www.fueleconomy.gov/feg/epadata/vehicles.csv,
1981,Dodge,Ram Van,B250,Trim,Government Verified,EPA,EPA FuelEconomy.gov Vehicle Fuel Economy Dataset,https://www.fueleconomy.gov/feg/epadata/vehicles.csv,
1982,Chevrolet,Chevy Van (G-Series),G30,Trim,Government Verified,EPA,EPA FuelEconomy.gov Vehicle Fuel Economy Dataset,https://www.fueleconomy.gov/feg/epadata/vehicles.csv,
1982,Dodge,Ram Van,B150,Trim,Government Verified,EPA,EPA FuelEconomy.gov Vehicle Fuel Economy Dataset,https://www.fueleconomy.gov/feg/epadata/vehicles.csv,
1983,Chevrolet,Chevy Van (G-Series),G30,Trim,Government Verified,EPA,EPA FuelEconomy.gov Vehicle Fuel Economy Dataset,https://www.fueleconomy.gov/feg/epadata/vehicles.csv,
1983,Chrysler,Town & Country,AND,Trim,Government Verified,EPA,EPA FuelEconomy.gov Vehicle Fuel Economy Dataset,https://www.fueleconomy.gov/feg/epadata/vehicles.csv,
1983,Dodge,Ram 150-350 (D/W Series),W250,Trim,Government Verified,EPA,EPA FuelEconomy.gov Vehicle Fuel Economy Dataset,https://www.fueleconomy.gov/feg/epadata/vehicles.csv,
1984,Audi,Coupe,GT,Trim,Fully Verified,EPA,EPA FuelEconomy.gov Vehicle Fuel Economy Dataset,https://www.fueleconomy.gov/feg/epadata/vehicles.csv,
1984,Chevrolet,Chevy Van (G-Series),G10,Trim,Government Verified,EPA,EPA FuelEconomy.gov Vehicle Fuel Economy Dataset,https://www.fueleconomy.gov/feg/epadata/vehicles.csv,
1984,Chevrolet,Chevy Van (G-Series),G30,Trim,Government Verified,EPA,EPA FuelEconomy.gov Vehicle Fuel Economy Dataset,https://www.fueleconomy.gov/feg/epadata/vehicles.csv,
1984,Chevrolet,Chevy Van (G-Series),Sport,Trim,Government Verified,EPA,EPA FuelEconomy.gov Vehicle Fuel Economy Dataset,https://www.fueleconomy.gov/feg/epadata/vehicles.csv,
1984,Chevrolet,S-10,T10,Trim,Government Verified,EPA,EPA FuelEconomy.gov Vehicle Fuel Economy Dataset,https://www.fueleconomy.gov/feg/epadata/vehicles.csv,
1984,Chrysler,Town & Country,AND,Trim,Government Verified,EPA,EPA FuelEconomy.gov Vehicle Fuel Economy Dataset,https://www.fueleconomy.gov/feg/epadata/vehicles.csv,
1984,Dodge,Ram 150-350 (D/W Series),D100,Trim,Government Verified,EPA,EPA FuelEconomy.gov Vehicle Fuel Economy Dataset,https://www.fueleconomy.gov/feg/epadata/vehicles.csv,
1984,Dodge,Ram 150-350 (D/W Series),D150,Trim,Government Verified,EPA,EPA FuelEconomy.gov Vehicle Fuel Economy Dataset,https://www.fueleconomy.gov/feg/epadata/vehicles.csv,
1984,Dodge,Ram 150-350 (D/W Series),D250,Trim,Government Verified,EPA,EPA FuelEconomy.gov Vehicle Fuel Economy Dataset,https://www.fueleconomy.gov/feg/epadata/vehicles.csv,
1984,Dodge,Ram 150-350 (D/W Series),W100,Trim,Government Verified,EPA,EPA FuelEconomy.gov Vehicle Fuel Economy Dataset,https://www.fueleconomy.gov/feg/epadata/vehicles.csv,
1984,Dodge,Ram 150-350 (D/W Series),W150,Trim,Government Verified,EPA,EPA FuelEconomy.gov Vehicle Fuel Economy Dataset,https://www.fueleconomy.gov/feg/epadata/vehicles.csv,
1984,Dodge,Ram 150-350 (D/W Series),W250,Trim,Government Verified,EPA,EPA FuelEconomy.gov Vehicle Fuel Economy Dataset,https://www.fueleconomy.gov/feg/epadata/vehicles.csv,
1984,Dodge,Ram 50,Power,Trim,Government Verified,EPA,EPA FuelEconomy.gov Vehicle Fuel Economy Dataset,https://www.fueleconomy.gov/feg/epadata/vehicles.csv,
1984,Dodge,Ram Van,B150,Trim,Government Verified,EPA,EPA FuelEconomy.gov Vehicle Fuel Economy Dataset,https://www.fueleconomy.gov/feg/epadata/vehicles.csv,
1984,Dodge,Ram Van,B250,Trim,Government Verified,EPA,EPA FuelEconomy.gov Vehicle Fuel Economy Dataset,https://www.fueleconomy.gov/feg/epadata/vehicles.csv,
1984,Dodge,Ram Van,B350,Trim,Government Verified,EPA,EPA FuelEconomy.gov Vehicle Fuel Economy Dataset,https://www.fueleconomy.gov/feg/epadata/vehicles.csv,
1984,Dodge,Ramcharger,Ad150,Trim,Government Verified,EPA,EPA FuelEconomy.gov Vehicle Fuel Economy Dataset,https://www.fueleconomy.gov/feg/epadata/vehicles.csv,
1984,GMC,C/K 1500-2500 (Sierra Classic era),C15,Trim,Government Verified,EPA,EPA FuelEconomy.gov Vehicle Fuel Economy Dataset,https://www.fueleconomy.gov/feg/epadata/vehicles.csv,
1984,GMC,C/K 1500-2500 (Sierra Classic era),C25,Trim,Government Verified,EPA,EPA FuelEconomy.gov Vehicle Fuel Economy Dataset,https://www.fueleconomy.gov/feg/epadata/vehicles.csv,
1984,GMC,C/K 1500-2500 (Sierra Classic era),K25,Trim,Government Verified,EPA,EPA FuelEconomy.gov Vehicle Fuel Economy Dataset,https://www.fueleconomy.gov/feg/epadata/vehicles.csv,
1984,GMC,C/K 1500-2500 (Sierra Classic era),Suburban,Trim,Government Verified,EPA,EPA FuelEconomy.gov Vehicle Fuel Economy Dataset,https://www.fueleconomy.gov/feg/epadata/vehicles.csv,
1984,GMC,Sonoma,S15,Trim,Government Verified,EPA,EPA FuelEconomy.gov Vehicle Fuel Economy Dataset,https://www.fueleconomy.gov/feg/epadata/vehicles.csv,
1984,GMC,Vandura,G35,Trim,Government Verified,EPA,EPA FuelEconomy.gov Vehicle Fuel Economy Dataset,https://www.fueleconomy.gov/feg/epadata/vehicles.csv,
1984,Mazda,B-Series,B-2200,Trim,Government Verified,EPA,EPA FuelEconomy.gov Vehicle Fuel Economy Dataset,https://www.fueleconomy.gov/feg/epadata/vehicles.csv,
1984,Mazda,B-Series,B2000,Trim,Government Verified,EPA,EPA FuelEconomy.gov Vehicle Fuel Economy Dataset,https://www.fueleconomy.gov/feg/epadata/vehicles.csv,
1984,Toyota,Corolla,Sport,Trim,Government Verified,EPA,EPA FuelEconomy.gov Vehicle Fuel Economy Dataset,https://www.fueleconomy.gov/feg/epadata/vehicles.csv,
1985,Audi,Coupe,GT,Trim,Fully Verified,EPA,EPA FuelEconomy.gov Vehicle Fuel Economy Dataset,https://www.fueleconomy.gov/feg/epadata/vehicles.csv,
1985,Cadillac,Fleetwood,Brougham,Trim,Government Verified,EPA,EPA FuelEconomy.gov Vehicle Fuel Economy Dataset,https://www.fueleconomy.gov/feg/epadata/vehicles.csv,
1985,Chevrolet,Chevy Van (G-Series),G10,Trim,Government Verified,EPA,EPA FuelEconomy.gov Vehicle Fuel Economy Dataset,https://www.fueleconomy.gov/feg/epadata/vehicles.csv,
1985,Chevrolet,Chevy Van (G-Series),G30,Trim,Government Verified,EPA,EPA FuelEconomy.gov Vehicle Fuel Economy Dataset,https://www.fueleconomy.gov/feg/epadata/vehicles.csv,
1985,Chevrolet,Chevy Van (G-Series),Sport,Trim,Government Verified,EPA,EPA FuelEconomy.gov Vehicle Fuel Economy Dataset,https://www.fueleconomy.gov/feg/epadata/vehicles.csv,
1985,Chevrolet,S-10,T10,Trim,Government Verified,EPA,EPA FuelEconomy.gov Vehicle Fuel Economy Dataset,https://www.fueleconomy.gov/feg/epadata/vehicles.csv,
1985,Dodge,Ram 150-350 (D/W Series),D100,Trim,Government Verified,EPA,EPA FuelEconomy.gov Vehicle Fuel Economy Dataset,https://www.fueleconomy.gov/feg/epadata/vehicles.csv,
1985,Dodge,Ram 150-350 (D/W Series),D150,Trim,Government Verified,EPA,EPA FuelEconomy.gov Vehicle Fuel Economy Dataset,https://www.fueleconomy.gov/feg/epadata/vehicles.csv,
1985,Dodge,Ram 150-350 (D/W Series),D250,Trim,Government Verified,EPA,EPA FuelEconomy.gov Vehicle Fuel Economy Dataset,https://www.fueleconomy.gov/feg/epadata/vehicles.csv,
1985,Dodge,Ram 150-350 (D/W Series),W100,Trim,Government Verified,EPA,EPA FuelEconomy.gov Vehicle Fuel Economy Dataset,https://www.fueleconomy.gov/feg/epadata/vehicles.csv,
1985,Dodge,Ram 150-350 (D/W Series),W150,Trim,Government Verified,EPA,EPA FuelEconomy.gov Vehicle Fuel Economy Dataset,https://www.fueleconomy.gov/feg/epadata/vehicles.csv,
1985,Dodge,Ram 150-350 (D/W Series),W250,Trim,Government Verified,EPA,EPA FuelEconomy.gov Vehicle Fuel Economy Dataset,https://www.fueleconomy.gov/feg/epadata/vehicles.csv,
1985,Dodge,Ram 50,Power,Trim,Government Verified,EPA,EPA FuelEconomy.gov Vehicle Fuel Economy Dataset,https://www.fueleconomy.gov/feg/epadata/vehicles.csv,
1985,Dodge,Ram Van,B150,Trim,Government Verified,EPA,EPA FuelEconomy.gov Vehicle Fuel Economy Dataset,https://www.fueleconomy.gov/feg/epadata/vehicles.csv,
1985,Dodge,Ram Van,B250,Trim,Government Verified,EPA,EPA FuelEconomy.gov Vehicle Fuel Economy Dataset,https://www.fueleconomy.gov/feg/epadata/vehicles.csv,
1985,Dodge,Ram Van,B350,Trim,Government Verified,EPA,EPA FuelEconomy.gov Vehicle Fuel Economy Dataset,https://www.fueleconomy.gov/feg/epadata/vehicles.csv,
1985,Dodge,Ramcharger,Ad150,Trim,Government Verified,EPA,EPA FuelEconomy.gov Vehicle Fuel Economy Dataset,https://www.fueleconomy.gov/feg/epadata/vehicles.csv,
1985,GMC,C/K 1500-2500 (Sierra Classic era),C15,Trim,Government Verified,EPA,EPA FuelEconomy.gov Vehicle Fuel Economy Dataset,https://www.fueleconomy.gov/feg/epadata/vehicles.csv,
1985,GMC,C/K 1500-2500 (Sierra Classic era),C25,Trim,Government Verified,EPA,EPA FuelEconomy.gov Vehicle Fuel Economy Dataset,https://www.fueleconomy.gov/feg/epadata/vehicles.csv,
1985,GMC,C/K 1500-2500 (Sierra Classic era),K25,Trim,Government Verified,EPA,EPA FuelEconomy.gov Vehicle Fuel Economy Dataset,https://www.fueleconomy.gov/feg/epadata/vehicles.csv,
1985,GMC,C/K 1500-2500 (Sierra Classic era),Suburban,Trim,Government Verified,EPA,EPA FuelEconomy.gov Vehicle Fuel Economy Dataset,https://www.fueleconomy.gov/feg/epadata/vehicles.csv,
1985,GMC,Sonoma,S15,Trim,Government Verified,EPA,EPA FuelEconomy.gov Vehicle Fuel Economy Dataset,https://www.fueleconomy.gov/feg/epadata/vehicles.csv,
1985,GMC,Vandura,G35,Trim,Government Verified,EPA,EPA FuelEconomy.gov Vehicle Fuel Economy Dataset,https://www.fueleconomy.gov/feg/epadata/vehicles.csv,
1985,Toyota,Corolla,Sport,Trim,Government Verified,EPA,EPA FuelEconomy.gov Vehicle Fuel Economy Dataset,https://www.fueleconomy.gov/feg/epadata/vehicles.csv,
1985,Volkswagen,Golf,GTI,Trim,Government Verified,EPA,EPA FuelEconomy.gov Vehicle Fuel Economy Dataset,https://www.fueleconomy.gov/feg/epadata/vehicles.csv,
1986,Audi,Coupe,GT,Trim,Fully Verified,EPA,EPA FuelEconomy.gov Vehicle Fuel Economy Dataset,https://www.fueleconomy.gov/feg/epadata/vehicles.csv,
1986,Cadillac,Fleetwood,Brougham,Trim,Government Verified,EPA,EPA FuelEconomy.gov Vehicle Fuel Economy Dataset,https://www.fueleconomy.gov/feg/epadata/vehicles.csv,
1986,Chevrolet,Chevy Van (G-Series),G10,Trim,Government Verified,EPA,EPA FuelEconomy.gov Vehicle Fuel Economy Dataset,https://www.fueleconomy.gov/feg/epadata/vehicles.csv,
1986,Chevrolet,Chevy Van (G-Series),G30,Trim,Government Verified,EPA,EPA FuelEconomy.gov Vehicle Fuel Economy Dataset,https://www.fueleconomy.gov/feg/epadata/vehicles.csv,
1986,Chevrolet,Chevy Van (G-Series),Sport,Trim,Government Verified,EPA,EPA FuelEconomy.gov Vehicle Fuel Economy Dataset,https://www.fueleconomy.gov/feg/epadata/vehicles.csv,
1986,Chevrolet,S-10,T10,Trim,Government Verified,EPA,EPA FuelEconomy.gov Vehicle Fuel Economy Dataset,https://www.fueleconomy.gov/feg/epadata/vehicles.csv,
1986,Chrysler,Town & Country,AND,Trim,Government Verified,EPA,EPA FuelEconomy.gov Vehicle Fuel Economy Dataset,https://www.fueleconomy.gov/feg/epadata/vehicles.csv,
1986,Dodge,Ram 150-350 (D/W Series),D100,Trim,Government Verified,EPA,EPA FuelEconomy.gov Vehicle Fuel Economy Dataset,https://www.fueleconomy.gov/feg/epadata/vehicles.csv,
1986,Dodge,Ram 150-350 (D/W Series),D150,Trim,Government Verified,EPA,EPA FuelEconomy.gov Vehicle Fuel Economy Dataset,https://www.fueleconomy.gov/feg/epadata/vehicles.csv,
1986,Dodge,Ram 150-350 (D/W Series),D250,Trim,Government Verified,EPA,EPA FuelEconomy.gov Vehicle Fuel Economy Dataset,https://www.fueleconomy.gov/feg/epadata/vehicles.csv,
1986,Dodge,Ram 150-350 (D/W Series),W100,Trim,Government Verified,EPA,EPA FuelEconomy.gov Vehicle Fuel Economy Dataset,https://www.fueleconomy.gov/feg/epadata/vehicles.csv,
1986,Dodge,Ram 150-350 (D/W Series),W150,Trim,Government Verified,EPA,EPA FuelEconomy.gov Vehicle Fuel Economy Dataset,https://www.fueleconomy.gov/feg/epadata/vehicles.csv,
1986,Dodge,Ram 150-350 (D/W Series),W250,Trim,Government Verified,EPA,EPA FuelEconomy.gov Vehicle Fuel Economy Dataset,https://www.fueleconomy.gov/feg/epadata/vehicles.csv,
1986,Dodge,Ram 50,Power,Trim,Government Verified,EPA,EPA FuelEconomy.gov Vehicle Fuel Economy Dataset,https://www.fueleconomy.gov/feg/epadata/vehicles.csv,
1986,Dodge,Ram Van,B150,Trim,Government Verified,EPA,EPA FuelEconomy.gov Vehicle Fuel Economy Dataset,https://www.fueleconomy.gov/feg/epadata/vehicles.csv,
1986,Dodge,Ram Van,B250,Trim,Government Verified,EPA,EPA FuelEconomy.gov Vehicle Fuel Economy Dataset,https://www.fueleconomy.gov/feg/epadata/vehicles.csv,
1986,Dodge,Ram Van,B350,Trim,Government Verified,EPA,EPA FuelEconomy.gov Vehicle Fuel Economy Dataset,https://www.fueleconomy.gov/feg/epadata/vehicles.csv,
1986,Dodge,Ramcharger,Ad150,Trim,Government Verified,EPA,EPA FuelEconomy.gov Vehicle Fuel Economy Dataset,https://www.fueleconomy.gov/feg/epadata/vehicles.csv,
1986,GMC,C/K 1500-2500 (Sierra Classic era),C15,Trim,Government Verified,EPA,EPA FuelEconomy.gov Vehicle Fuel Economy Dataset,https://www.fueleconomy.gov/feg/epadata/vehicles.csv,
1986,GMC,C/K 1500-2500 (Sierra Classic era),C25,Trim,Government Verified,EPA,EPA FuelEconomy.gov Vehicle Fuel Economy Dataset,https://www.fueleconomy.gov/feg/epadata/vehicles.csv,
1986,GMC,C/K 1500-2500 (Sierra Classic era),K25,Trim,Government Verified,EPA,EPA FuelEconomy.gov Vehicle Fuel Economy Dataset,https://www.fueleconomy.gov/feg/epadata/vehicles.csv,
1986,GMC,C/K 1500-2500 (Sierra Classic era),Suburban,Trim,Government Verified,EPA,EPA FuelEconomy.gov Vehicle Fuel Economy Dataset,https://www.fueleconomy.gov/feg/epadata/vehicles.csv,
1986,GMC,Sonoma,S15,Trim,Government Verified,EPA,EPA FuelEconomy.gov Vehicle Fuel Economy Dataset,https://www.fueleconomy.gov/feg/epadata/vehicles.csv,
1986,GMC,Vandura,G35,Trim,Government Verified,EPA,EPA FuelEconomy.gov Vehicle Fuel Economy Dataset,https://www.fueleconomy.gov/feg/epadata/vehicles.csv,
1986,Mazda,B-Series,B2000,Trim,Government Verified,EPA,EPA FuelEconomy.gov Vehicle Fuel Economy Dataset,https://www.fueleconomy.gov/feg/epadata/vehicles.csv,
1986,Toyota,Corolla,Sport,Trim,Government Verified,EPA,EPA FuelEconomy.gov Vehicle Fuel Economy Dataset,https://www.fueleconomy.gov/feg/epadata/vehicles.csv,
1987,Audi,Coupe,GT,Trim,Fully Verified,EPA,EPA FuelEconomy.gov Vehicle Fuel Economy Dataset,https://www.fueleconomy.gov/feg/epadata/vehicles.csv,
1987,Chevrolet,Chevy Van (G-Series),G10,Trim,Government Verified,EPA,EPA FuelEconomy.gov Vehicle Fuel Economy Dataset,https://www.fueleconomy.gov/feg/epadata/vehicles.csv,
1987,Chevrolet,Chevy Van (G-Series),G30,Trim,Government Verified,EPA,EPA FuelEconomy.gov Vehicle Fuel Economy Dataset,https://www.fueleconomy.gov/feg/epadata/vehicles.csv,
1987,Chevrolet,Chevy Van (G-Series),Sport,Trim,Government Verified,EPA,EPA FuelEconomy.gov Vehicle Fuel Economy Dataset,https://www.fueleconomy.gov/feg/epadata/vehicles.csv,
1987,Chevrolet,S-10,T10,Trim,Government Verified,EPA,EPA FuelEconomy.gov Vehicle Fuel Economy Dataset,https://www.fueleconomy.gov/feg/epadata/vehicles.csv,
1987,Dodge,Ram 150-350 (D/W Series),D100,Trim,Government Verified,EPA,EPA FuelEconomy.gov Vehicle Fuel Economy Dataset,https://www.fueleconomy.gov/feg/epadata/vehicles.csv,
1987,Dodge,Ram 150-350 (D/W Series),D150,Trim,Government Verified,EPA,EPA FuelEconomy.gov Vehicle Fuel Economy Dataset,https://www.fueleconomy.gov/feg/epadata/vehicles.csv,
1987,Dodge,Ram 150-350 (D/W Series),D250,Trim,Government Verified,EPA,EPA FuelEconomy.gov Vehicle Fuel Economy Dataset,https://www.fueleconomy.gov/feg/epadata/vehicles.csv,
1987,Dodge,Ram 150-350 (D/W Series),W100,Trim,Government Verified,EPA,EPA FuelEconomy.gov Vehicle Fuel Economy Dataset,https://www.fueleconomy.gov/feg/epadata/vehicles.csv,
1987,Dodge,Ram 150-350 (D/W Series),W150,Trim,Government Verified,EPA,EPA FuelEconomy.gov Vehicle Fuel Economy Dataset,https://www.fueleconomy.gov/feg/epadata/vehicles.csv,
1987,Dodge,Ram 150-350 (D/W Series),W250,Trim,Government Verified,EPA,EPA FuelEconomy.gov Vehicle Fuel Economy Dataset,https://www.fueleconomy.gov/feg/epadata/vehicles.csv,
1987,Dodge,Ram 50,Power,Trim,Government Verified,EPA,EPA FuelEconomy.gov Vehicle Fuel Economy Dataset,https://www.fueleconomy.gov/feg/epadata/vehicles.csv,
1987,Dodge,Ram Van,B150,Trim,Government Verified,EPA,EPA FuelEconomy.gov Vehicle Fuel Economy Dataset,https://www.fueleconomy.gov/feg/epadata/vehicles.csv,
1987,Dodge,Ram Van,B250,Trim,Government Verified,EPA,EPA FuelEconomy.gov Vehicle Fuel Economy Dataset,https://www.fueleconomy.gov/feg/epadata/vehicles.csv,
1987,Dodge,Ram Van,B350,Trim,Government Verified,EPA,EPA FuelEconomy.gov Vehicle Fuel Economy Dataset,https://www.fueleconomy.gov/feg/epadata/vehicles.csv,
1987,Dodge,Ramcharger,Ad150,Trim,Government Verified,EPA,EPA FuelEconomy.gov Vehicle Fuel Economy Dataset,https://www.fueleconomy.gov/feg/epadata/vehicles.csv,
1987,GMC,Sonoma,S15,Trim,Government Verified,EPA,EPA FuelEconomy.gov Vehicle Fuel Economy Dataset,https://www.fueleconomy.gov/feg/epadata/vehicles.csv,
1987,GMC,Vandura,G35,Trim,Government Verified,EPA,EPA FuelEconomy.gov Vehicle Fuel Economy Dataset,https://www.fueleconomy.gov/feg/epadata/vehicles.csv,
1987,Mazda,B-Series,B-2200,Trim,Government Verified,EPA,EPA FuelEconomy.gov Vehicle Fuel Economy Dataset,https://www.fueleconomy.gov/feg/epadata/vehicles.csv,
1987,Mazda,B-Series,B2000,Trim,Government Verified,EPA,EPA FuelEconomy.gov Vehicle Fuel Economy Dataset,https://www.fueleconomy.gov/feg/epadata/vehicles.csv,
1987,Mazda,B-Series,B2600,Trim,Government Verified,EPA,EPA FuelEconomy.gov Vehicle Fuel Economy Dataset,https://www.fueleconomy.gov/feg/epadata/vehicles.csv,
1987,Porsche,911,Carrera,Trim,Government Verified,EPA,EPA FuelEconomy.gov Vehicle Fuel Economy Dataset,https://www.fueleconomy.gov/feg/epadata/vehicles.csv,
1987,Toyota,Corolla,Sport,Trim,Government Verified,EPA,EPA FuelEconomy.gov Vehicle Fuel Economy Dataset,https://www.fueleconomy.gov/feg/epadata/vehicles.csv,
1988,Chevrolet,Chevy Van (G-Series),G10,Trim,Government Verified,EPA,EPA FuelEconomy.gov Vehicle Fuel Economy Dataset,https://www.fueleconomy.gov/feg/epadata/vehicles.csv,
1988,Chevrolet,Chevy Van (G-Series),G30,Trim,Government Verified,EPA,EPA FuelEconomy.gov Vehicle Fuel Economy Dataset,https://www.fueleconomy.gov/feg/epadata/vehicles.csv,
1988,Chevrolet,Chevy Van (G-Series),Sport,Trim,Government Verified,EPA,EPA FuelEconomy.gov Vehicle Fuel Economy Dataset,https://www.fueleconomy.gov/feg/epadata/vehicles.csv,
1988,Chevrolet,S-10,T10,Trim,Government Verified,EPA,EPA FuelEconomy.gov Vehicle Fuel Economy Dataset,https://www.fueleconomy.gov/feg/epadata/vehicles.csv,
1988,Chrysler,Town & Country,AND,Trim,Government Verified,EPA,EPA FuelEconomy.gov Vehicle Fuel Economy Dataset,https://www.fueleconomy.gov/feg/epadata/vehicles.csv,
1988,Dodge,Ram 150-350 (D/W Series),D100,Trim,Government Verified,EPA,EPA FuelEconomy.gov Vehicle Fuel Economy Dataset,https://www.fueleconomy.gov/feg/epadata/vehicles.csv,
1988,Dodge,Ram 150-350 (D/W Series),D150,Trim,Government Verified,EPA,EPA FuelEconomy.gov Vehicle Fuel Economy Dataset,https://www.fueleconomy.gov/feg/epadata/vehicles.csv,
1988,Dodge,Ram 150-350 (D/W Series),D250,Trim,Government Verified,EPA,EPA FuelEconomy.gov Vehicle Fuel Economy Dataset,https://www.fueleconomy.gov/feg/epadata/vehicles.csv,
1988,Dodge,Ram 150-350 (D/W Series),W100,Trim,Government Verified,EPA,EPA FuelEconomy.gov Vehicle Fuel Economy Dataset,https://www.fueleconomy.gov/feg/epadata/vehicles.csv,
1988,Dodge,Ram 150-350 (D/W Series),W150,Trim,Government Verified,EPA,EPA FuelEconomy.gov Vehicle Fuel Economy Dataset,https://www.fueleconomy.gov/feg/epadata/vehicles.csv,
1988,Dodge,Ram 150-350 (D/W Series),W250,Trim,Government Verified,EPA,EPA FuelEconomy.gov Vehicle Fuel Economy Dataset,https://www.fueleconomy.gov/feg/epadata/vehicles.csv,
1988,Dodge,Ram 50,Power,Trim,Government Verified,EPA,EPA FuelEconomy.gov Vehicle Fuel Economy Dataset,https://www.fueleconomy.gov/feg/epadata/vehicles.csv,
1988,Dodge,Ram Van,B150,Trim,Government Verified,EPA,EPA FuelEconomy.gov Vehicle Fuel Economy Dataset,https://www.fueleconomy.gov/feg/epadata/vehicles.csv,
1988,Dodge,Ram Van,B250,Trim,Government Verified,EPA,EPA FuelEconomy.gov Vehicle Fuel Economy Dataset,https://www.fueleconomy.gov/feg/epadata/vehicles.csv,
1988,Dodge,Ram Van,B350,Trim,Government Verified,EPA,EPA FuelEconomy.gov Vehicle Fuel Economy Dataset,https://www.fueleconomy.gov/feg/epadata/vehicles.csv,
1988,Dodge,Ramcharger,Ad150,Trim,Government Verified,EPA,EPA FuelEconomy.gov Vehicle Fuel Economy Dataset,https://www.fueleconomy.gov/feg/epadata/vehicles.csv,
1988,GMC,C/K 1500-2500 (Sierra Classic era),C15,Trim,Government Verified,EPA,EPA FuelEconomy.gov Vehicle Fuel Economy Dataset,https://www.fueleconomy.gov/feg/epadata/vehicles.csv,
1988,GMC,C/K 1500-2500 (Sierra Classic era),C25,Trim,Government Verified,EPA,EPA FuelEconomy.gov Vehicle Fuel Economy Dataset,https://www.fueleconomy.gov/feg/epadata/vehicles.csv,
1988,GMC,C/K 1500-2500 (Sierra Classic era),K25,Trim,Government Verified,EPA,EPA FuelEconomy.gov Vehicle Fuel Economy Dataset,https://www.fueleconomy.gov/feg/epadata/vehicles.csv,
1988,GMC,Sonoma,S15,Trim,Government Verified,EPA,EPA FuelEconomy.gov Vehicle Fuel Economy Dataset,https://www.fueleconomy.gov/feg/epadata/vehicles.csv,
1988,GMC,Vandura,G35,Trim,Government Verified,EPA,EPA FuelEconomy.gov Vehicle Fuel Economy Dataset,https://www.fueleconomy.gov/feg/epadata/vehicles.csv,
1988,Mazda,B-Series,B-2200,Trim,Government Verified,EPA,EPA FuelEconomy.gov Vehicle Fuel Economy Dataset,https://www.fueleconomy.gov/feg/epadata/vehicles.csv,
1988,Mazda,B-Series,B2600,Trim,Government Verified,EPA,EPA FuelEconomy.gov Vehicle Fuel Economy Dataset,https://www.fueleconomy.gov/feg/epadata/vehicles.csv,
1988,Oldsmobile,Ninety-Eight,Touring,Trim,Government Verified,EPA,EPA FuelEconomy.gov Vehicle Fuel Economy Dataset,https://www.fueleconomy.gov/feg/epadata/vehicles.csv,
1988,Porsche,911,Carrera,Trim,Government Verified,EPA,EPA FuelEconomy.gov Vehicle Fuel Economy Dataset,https://www.fueleconomy.gov/feg/epadata/vehicles.csv,
1989,BMW,3 Series,325Ix,Trim,Government Verified,EPA,EPA FuelEconomy.gov Vehicle Fuel Economy Dataset,https://www.fueleconomy.gov/feg/epadata/vehicles.csv,
1989,BMW,7 Series,735Il,Trim,Government Verified,EPA,EPA FuelEconomy.gov Vehicle Fuel Economy Dataset,https://www.fueleconomy.gov/feg/epadata/vehicles.csv,
1989,BMW,7 Series,750Il,Trim,Government Verified,EPA,EPA FuelEconomy.gov Vehicle Fuel Economy Dataset,https://www.fueleconomy.gov/feg/epadata/vehicles.csv,
1989,Chevrolet,Chevy Van (G-Series),G10,Trim,Government Verified,EPA,EPA FuelEconomy.gov Vehicle Fuel Economy Dataset,https://www.fueleconomy.gov/feg/epadata/vehicles.csv,
1989,Chevrolet,Chevy Van (G-Series),G30,Trim,Government Verified,EPA,EPA FuelEconomy.gov Vehicle Fuel Economy Dataset,https://www.fueleconomy.gov/feg/epadata/vehicles.csv,
1989,Chevrolet,Chevy Van (G-Series),Sport,Trim,Government Verified,EPA,EPA FuelEconomy.gov Vehicle Fuel Economy Dataset,https://www.fueleconomy.gov/feg/epadata/vehicles.csv,
1989,Chrysler,Town & Country,AND,Trim,Government Verified,EPA,EPA FuelEconomy.gov Vehicle Fuel Economy Dataset,https://www.fueleconomy.gov/feg/epadata/vehicles.csv,
1989,Dodge,Ram 150-350 (D/W Series),D100,Trim,Government Verified,EPA,EPA FuelEconomy.gov Vehicle Fuel Economy Dataset,https://www.fueleconomy.gov/feg/epadata/vehicles.csv,
1989,Dodge,Ram 150-350 (D/W Series),D150,Trim,Government Verified,EPA,EPA FuelEconomy.gov Vehicle Fuel Economy Dataset,https://www.fueleconomy.gov/feg/epadata/vehicles.csv,
1989,Dodge,Ram 150-350 (D/W Series),D250,Trim,Government Verified,EPA,EPA FuelEconomy.gov Vehicle Fuel Economy Dataset,https://www.fueleconomy.gov/feg/epadata/vehicles.csv,
1989,Dodge,Ram 150-350 (D/W Series),W100,Trim,Government Verified,EPA,EPA FuelEconomy.gov Vehicle Fuel Economy Dataset,https://www.fueleconomy.gov/feg/epadata/vehicles.csv,
1989,Dodge,Ram 150-350 (D/W Series),W150,Trim,Government Verified,EPA,EPA FuelEconomy.gov Vehicle Fuel Economy Dataset,https://www.fueleconomy.gov/feg/epadata/vehicles.csv,
1989,Dodge,Ram 150-350 (D/W Series),W250,Trim,Government Verified,EPA,EPA FuelEconomy.gov Vehicle Fuel Economy Dataset,https://www.fueleconomy.gov/feg/epadata/vehicles.csv,
1989,Dodge,Ram 50,Power,Trim,Government Verified,EPA,EPA FuelEconomy.gov Vehicle Fuel Economy Dataset,https://www.fueleconomy.gov/feg/epadata/vehicles.csv,
1989,Dodge,Ram Van,B150,Trim,Government Verified,EPA,EPA FuelEconomy.gov Vehicle Fuel Economy Dataset,https://www.fueleconomy.gov/feg/epadata/vehicles.csv,
1989,Dodge,Ram Van,B250,Trim,Government Verified,EPA,EPA FuelEconomy.gov Vehicle Fuel Economy Dataset,https://www.fueleconomy.gov/feg/epadata/vehicles.csv,
1989,Dodge,Ram Van,B350,Trim,Government Verified,EPA,EPA FuelEconomy.gov Vehicle Fuel Economy Dataset,https://www.fueleconomy.gov/feg/epadata/vehicles.csv,
1989,Dodge,Ramcharger,Ad150,Trim,Government Verified,EPA,EPA FuelEconomy.gov Vehicle Fuel Economy Dataset,https://www.fueleconomy.gov/feg/epadata/vehicles.csv,
1989,GMC,C/K 1500-2500 (Sierra Classic era),C15,Trim,Government Verified,EPA,EPA FuelEconomy.gov Vehicle Fuel Economy Dataset,https://www.fueleconomy.gov/feg/epadata/vehicles.csv,
1989,GMC,C/K 1500-2500 (Sierra Classic era),K25,Trim,Government Verified,EPA,EPA FuelEconomy.gov Vehicle Fuel Economy Dataset,https://www.fueleconomy.gov/feg/epadata/vehicles.csv,
1989,GMC,Sonoma,S15,Trim,Government Verified,EPA,EPA FuelEconomy.gov Vehicle Fuel Economy Dataset,https://www.fueleconomy.gov/feg/epadata/vehicles.csv,
1989,GMC,Vandura,G35,Trim,Government Verified,EPA,EPA FuelEconomy.gov Vehicle Fuel Economy Dataset,https://www.fueleconomy.gov/feg/epadata/vehicles.csv,
1989,Jeep,Wagoneer,Limited,Trim,Government Verified,EPA,EPA FuelEconomy.gov Vehicle Fuel Economy Dataset,https://www.fueleconomy.gov/feg/epadata/vehicles.csv,
1989,Mazda,B-Series,B-2200,Trim,Government Verified,EPA,EPA FuelEconomy.gov Vehicle Fuel Economy Dataset,https://www.fueleconomy.gov/feg/epadata/vehicles.csv,
1989,Mazda,B-Series,B2600,Trim,Government Verified,EPA,EPA FuelEconomy.gov Vehicle Fuel Economy Dataset,https://www.fueleconomy.gov/feg/epadata/vehicles.csv,
1989,Oldsmobile,Ninety-Eight,Touring,Trim,Government Verified,EPA,EPA FuelEconomy.gov Vehicle Fuel Economy Dataset,https://www.fueleconomy.gov/feg/epadata/vehicles.csv,
1989,Porsche,911,Carrera,Trim,Government Verified,EPA,EPA FuelEconomy.gov Vehicle Fuel Economy Dataset,https://www.fueleconomy.gov/feg/epadata/vehicles.csv,
1990,BMW,3 Series,325Ix,Trim,Government Verified,EPA,EPA FuelEconomy.gov Vehicle Fuel Economy Dataset,https://www.fueleconomy.gov/feg/epadata/vehicles.csv,
1990,BMW,7 Series,735Il,Trim,Government Verified,EPA,EPA FuelEconomy.gov Vehicle Fuel Economy Dataset,https://www.fueleconomy.gov/feg/epadata/vehicles.csv,
1990,BMW,7 Series,750Il,Trim,Government Verified,EPA,EPA FuelEconomy.gov Vehicle Fuel Economy Dataset,https://www.fueleconomy.gov/feg/epadata/vehicles.csv,
1990,Cadillac,Fleetwood,Brougham,Trim,Government Verified,EPA,EPA FuelEconomy.gov Vehicle Fuel Economy Dataset,https://www.fueleconomy.gov/feg/epadata/vehicles.csv,
1990,Chevrolet,Chevy Van (G-Series),G10,Trim,Government Verified,EPA,EPA FuelEconomy.gov Vehicle Fuel Economy Dataset,https://www.fueleconomy.gov/feg/epadata/vehicles.csv,
1990,Chevrolet,Chevy Van (G-Series),G30,Trim,Government Verified,EPA,EPA FuelEconomy.gov Vehicle Fuel Economy Dataset,https://www.fueleconomy.gov/feg/epadata/vehicles.csv,
1990,Chevrolet,Chevy Van (G-Series),Sport,Trim,Government Verified,EPA,EPA FuelEconomy.gov Vehicle Fuel Economy Dataset,https://www.fueleconomy.gov/feg/epadata/vehicles.csv,
1990,Chrysler,Town & Country,AND,Trim,Government Verified,EPA,EPA FuelEconomy.gov Vehicle Fuel Economy Dataset,https://www.fueleconomy.gov/feg/epadata/vehicles.csv,
1990,Dodge,Ram 150-350 (D/W Series),D100,Trim,Government Verified,EPA,EPA FuelEconomy.gov Vehicle Fuel Economy Dataset,https://www.fueleconomy.gov/feg/epadata/vehicles.csv,
1990,Dodge,Ram 150-350 (D/W Series),D150,Trim,Government Verified,EPA,EPA FuelEconomy.gov Vehicle Fuel Economy Dataset,https://www.fueleconomy.gov/feg/epadata/vehicles.csv,
1990,Dodge,Ram 150-350 (D/W Series),D250,Trim,Government Verified,EPA,EPA FuelEconomy.gov Vehicle Fuel Economy Dataset,https://www.fueleconomy.gov/feg/epadata/vehicles.csv,
1990,Dodge,Ram 150-350 (D/W Series),W100,Trim,Government Verified,EPA,EPA FuelEconomy.gov Vehicle Fuel Economy Dataset,https://www.fueleconomy.gov/feg/epadata/vehicles.csv,
1990,Dodge,Ram 150-350 (D/W Series),W150,Trim,Government Verified,EPA,EPA FuelEconomy.gov Vehicle Fuel Economy Dataset,https://www.fueleconomy.gov/feg/epadata/vehicles.csv,
1990,Dodge,Ram 150-350 (D/W Series),W250,Trim,Government Verified,EPA,EPA FuelEconomy.gov Vehicle Fuel Economy Dataset,https://www.fueleconomy.gov/feg/epadata/vehicles.csv,
1990,Dodge,Ram 50,Power,Trim,Government Verified,EPA,EPA FuelEconomy.gov Vehicle Fuel Economy Dataset,https://www.fueleconomy.gov/feg/epadata/vehicles.csv,
1990,Dodge,Ram Van,B150,Trim,Government Verified,EPA,EPA FuelEconomy.gov Vehicle Fuel Economy Dataset,https://www.fueleconomy.gov/feg/epadata/vehicles.csv,
1990,Dodge,Ram Van,B250,Trim,Government Verified,EPA,EPA FuelEconomy.gov Vehicle Fuel Economy Dataset,https://www.fueleconomy.gov/feg/epadata/vehicles.csv,
1990,Dodge,Ram Van,B350,Trim,Government Verified,EPA,EPA FuelEconomy.gov Vehicle Fuel Economy Dataset,https://www.fueleconomy.gov/feg/epadata/vehicles.csv,
1990,Dodge,Ramcharger,Ad150,Trim,Government Verified,EPA,EPA FuelEconomy.gov Vehicle Fuel Economy Dataset,https://www.fueleconomy.gov/feg/epadata/vehicles.csv,
1990,Ford,Taurus,SHO,Trim,Government Verified,EPA,EPA FuelEconomy.gov Vehicle Fuel Economy Dataset,https://www.fueleconomy.gov/feg/epadata/vehicles.csv,
1990,GMC,C/K 1500-2500 (Sierra Classic era),C15,Trim,Government Verified,EPA,EPA FuelEconomy.gov Vehicle Fuel Economy Dataset,https://www.fueleconomy.gov/feg/epadata/vehicles.csv,
1990,GMC,Sonoma,S15,Trim,Government Verified,EPA,EPA FuelEconomy.gov Vehicle Fuel Economy Dataset,https://www.fueleconomy.gov/feg/epadata/vehicles.csv,
1990,GMC,Vandura,G35,Trim,Government Verified,EPA,EPA FuelEconomy.gov Vehicle Fuel Economy Dataset,https://www.fueleconomy.gov/feg/epadata/vehicles.csv,
1990,Mazda,B-Series,B-2200,Trim,Government Verified,EPA,EPA FuelEconomy.gov Vehicle Fuel Economy Dataset,https://www.fueleconomy.gov/feg/epadata/vehicles.csv,
1990,Mercedes-Benz,M-Class,Ml430,Trim,Government Verified,EPA,EPA FuelEconomy.gov Vehicle Fuel Economy Dataset,https://www.fueleconomy.gov/feg/epadata/vehicles.csv,
1990,Oldsmobile,Ninety-Eight,Touring,Trim,Government Verified,EPA,EPA FuelEconomy.gov Vehicle Fuel Economy Dataset,https://www.fueleconomy.gov/feg/epadata/vehicles.csv,
1990,Porsche,911,Carrera,Trim,Government Verified,EPA,EPA FuelEconomy.gov Vehicle Fuel Economy Dataset,https://www.fueleconomy.gov/feg/epadata/vehicles.csv,
1990,Suzuki,Swift,GT,Trim,Government Verified,EPA,EPA FuelEconomy.gov Vehicle Fuel Economy Dataset,https://www.fueleconomy.gov/feg/epadata/vehicles.csv,
1990,Volkswagen,Golf,GTI,Trim,Government Verified,EPA,EPA FuelEconomy.gov Vehicle Fuel Economy Dataset,https://www.fueleconomy.gov/feg/epadata/vehicles.csv,
1991,BMW,3 Series,318Is,Trim,Government Verified,EPA,EPA FuelEconomy.gov Vehicle Fuel Economy Dataset,https://www.fueleconomy.gov/feg/epadata/vehicles.csv,
1991,BMW,3 Series,325Ic,Trim,Government Verified,EPA,EPA FuelEconomy.gov Vehicle Fuel Economy Dataset,https://www.fueleconomy.gov/feg/epadata/vehicles.csv,
1991,BMW,3 Series,325Is,Trim,Government Verified,EPA,EPA FuelEconomy.gov Vehicle Fuel Economy Dataset,https://www.fueleconomy.gov/feg/epadata/vehicles.csv,
1991,BMW,3 Series,325Ix,Trim,Government Verified,EPA,EPA FuelEconomy.gov Vehicle Fuel Economy Dataset,https://www.fueleconomy.gov/feg/epadata/vehicles.csv,
1991,BMW,7 Series,735Il,Trim,Government Verified,EPA,EPA FuelEconomy.gov Vehicle Fuel Economy Dataset,https://www.fueleconomy.gov/feg/epadata/vehicles.csv,
1991,BMW,7 Series,750Il,Trim,Government Verified,EPA,EPA FuelEconomy.gov Vehicle Fuel Economy Dataset,https://www.fueleconomy.gov/feg/epadata/vehicles.csv,
1991,Chevrolet,Chevy Van (G-Series),G10,Trim,Government Verified,EPA,EPA FuelEconomy.gov Vehicle Fuel Economy Dataset,https://www.fueleconomy.gov/feg/epadata/vehicles.csv,
1991,Chevrolet,Chevy Van (G-Series),G30,Trim,Government Verified,EPA,EPA FuelEconomy.gov Vehicle Fuel Economy Dataset,https://www.fueleconomy.gov/feg/epadata/vehicles.csv,
1991,Chevrolet,Chevy Van (G-Series),Sport,Trim,Government Verified,EPA,EPA FuelEconomy.gov Vehicle Fuel Economy Dataset,https://www.fueleconomy.gov/feg/epadata/vehicles.csv,
1991,Chrysler,Town & Country,AND,Trim,Government Verified,EPA,EPA FuelEconomy.gov Vehicle Fuel Economy Dataset,https://www.fueleconomy.gov/feg/epadata/vehicles.csv,
1991,Dodge,Ram 150-350 (D/W Series),D100,Trim,Government Verified,EPA,EPA FuelEconomy.gov Vehicle Fuel Economy Dataset,https://www.fueleconomy.gov/feg/epadata/vehicles.csv,
1991,Dodge,Ram 150-350 (D/W Series),D150,Trim,Government Verified,EPA,EPA FuelEconomy.gov Vehicle Fuel Economy Dataset,https://www.fueleconomy.gov/feg/epadata/vehicles.csv,
1991,Dodge,Ram 150-350 (D/W Series),D250,Trim,Government Verified,EPA,EPA FuelEconomy.gov Vehicle Fuel Economy Dataset,https://www.fueleconomy.gov/feg/epadata/vehicles.csv,
1991,Dodge,Ram 150-350 (D/W Series),W100,Trim,Government Verified,EPA,EPA FuelEconomy.gov Vehicle Fuel Economy Dataset,https://www.fueleconomy.gov/feg/epadata/vehicles.csv,
1991,Dodge,Ram 150-350 (D/W Series),W150,Trim,Government Verified,EPA,EPA FuelEconomy.gov Vehicle Fuel Economy Dataset,https://www.fueleconomy.gov/feg/epadata/vehicles.csv,
1991,Dodge,Ram 150-350 (D/W Series),W250,Trim,Government Verified,EPA,EPA FuelEconomy.gov Vehicle Fuel Economy Dataset,https://www.fueleconomy.gov/feg/epadata/vehicles.csv,
1991,Dodge,Ram 50,Power,Trim,Government Verified,EPA,EPA FuelEconomy.gov Vehicle Fuel Economy Dataset,https://www.fueleconomy.gov/feg/epadata/vehicles.csv,
1991,Dodge,Ram Van,B150,Trim,Government Verified,EPA,EPA FuelEconomy.gov Vehicle Fuel Economy Dataset,https://www.fueleconomy.gov/feg/epadata/vehicles.csv,
1991,Dodge,Ram Van,B250,Trim,Government Verified,EPA,EPA FuelEconomy.gov Vehicle Fuel Economy Dataset,https://www.fueleconomy.gov/feg/epadata/vehicles.csv,
1991,Dodge,Ram Van,B350,Trim,Government Verified,EPA,EPA FuelEconomy.gov Vehicle Fuel Economy Dataset,https://www.fueleconomy.gov/feg/epadata/vehicles.csv,
1991,Dodge,Ramcharger,Ad150,Trim,Government Verified,EPA,EPA FuelEconomy.gov Vehicle Fuel Economy Dataset,https://www.fueleconomy.gov/feg/epadata/vehicles.csv,
1991,Ford,Taurus,SHO,Trim,Government Verified,EPA,EPA FuelEconomy.gov Vehicle Fuel Economy Dataset,https://www.fueleconomy.gov/feg/epadata/vehicles.csv,
1991,GMC,C/K 1500-2500 (Sierra Classic era),C15,Trim,Government Verified,EPA,EPA FuelEconomy.gov Vehicle Fuel Economy Dataset,https://www.fueleconomy.gov/feg/epadata/vehicles.csv,
1991,GMC,Sonoma,S15,Trim,Government Verified,EPA,EPA FuelEconomy.gov Vehicle Fuel Economy Dataset,https://www.fueleconomy.gov/feg/epadata/vehicles.csv,
1991,GMC,Vandura,G35,Trim,Government Verified,EPA,EPA FuelEconomy.gov Vehicle Fuel Economy Dataset,https://www.fueleconomy.gov/feg/epadata/vehicles.csv,
1991,Mazda,B-Series,B-2200,Trim,Government Verified,EPA,EPA FuelEconomy.gov Vehicle Fuel Economy Dataset,https://www.fueleconomy.gov/feg/epadata/vehicles.csv,
1991,Oldsmobile,Ninety-Eight,Touring,Trim,Government Verified,EPA,EPA FuelEconomy.gov Vehicle Fuel Economy Dataset,https://www.fueleconomy.gov/feg/epadata/vehicles.csv,
1991,Porsche,911,Carrera,Trim,Government Verified,EPA,EPA FuelEconomy.gov Vehicle Fuel Economy Dataset,https://www.fueleconomy.gov/feg/epadata/vehicles.csv,
1991,Suzuki,Swift,GT,Trim,Government Verified,EPA,EPA FuelEconomy.gov Vehicle Fuel Economy Dataset,https://www.fueleconomy.gov/feg/epadata/vehicles.csv,
1991,Volkswagen,Golf,GTI,Trim,Government Verified,EPA,EPA FuelEconomy.gov Vehicle Fuel Economy Dataset,https://www.fueleconomy.gov/feg/epadata/vehicles.csv,
1991,Volvo,940,SE,Trim,Government Verified,EPA,EPA FuelEconomy.gov Vehicle Fuel Economy Dataset,https://www.fueleconomy.gov/feg/epadata/vehicles.csv,
1992,BMW,3 Series,318Is,Trim,Government Verified,EPA,EPA FuelEconomy.gov Vehicle Fuel Economy Dataset,https://www.fueleconomy.gov/feg/epadata/vehicles.csv,
1992,BMW,5 Series,Touring,Trim,Government Verified,EPA,EPA FuelEconomy.gov Vehicle Fuel Economy Dataset,https://www.fueleconomy.gov/feg/epadata/vehicles.csv,
1992,BMW,7 Series,735Il,Trim,Government Verified,EPA,EPA FuelEconomy.gov Vehicle Fuel Economy Dataset,https://www.fueleconomy.gov/feg/epadata/vehicles.csv,
1992,BMW,7 Series,750Il,Trim,Government Verified,EPA,EPA FuelEconomy.gov Vehicle Fuel Economy Dataset,https://www.fueleconomy.gov/feg/epadata/vehicles.csv,
1992,BMW,8 Series,850Ci,Trim,Government Verified,EPA,EPA FuelEconomy.gov Vehicle Fuel Economy Dataset,https://www.fueleconomy.gov/feg/epadata/vehicles.csv,
1992,Chevrolet,Chevy Van (G-Series),G10,Trim,Government Verified,EPA,EPA FuelEconomy.gov Vehicle Fuel Economy Dataset,https://www.fueleconomy.gov/feg/epadata/vehicles.csv,
1992,Chevrolet,Chevy Van (G-Series),G30,Trim,Government Verified,EPA,EPA FuelEconomy.gov Vehicle Fuel Economy Dataset,https://www.fueleconomy.gov/feg/epadata/vehicles.csv,
1992,Chevrolet,Chevy Van (G-Series),Sport,Trim,Government Verified,EPA,EPA FuelEconomy.gov Vehicle Fuel Economy Dataset,https://www.fueleconomy.gov/feg/epadata/vehicles.csv,
1992,Dodge,Ram 150-350 (D/W Series),D100,Trim,Government Verified,EPA,EPA FuelEconomy.gov Vehicle Fuel Economy Dataset,https://www.fueleconomy.gov/feg/epadata/vehicles.csv,
1992,Dodge,Ram 150-350 (D/W Series),D150,Trim,Government Verified,EPA,EPA FuelEconomy.gov Vehicle Fuel Economy Dataset,https://www.fueleconomy.gov/feg/epadata/vehicles.csv,
1992,Dodge,Ram 150-350 (D/W Series),D250,Trim,Government Verified,EPA,EPA FuelEconomy.gov Vehicle Fuel Economy Dataset,https://www.fueleconomy.gov/feg/epadata/vehicles.csv,
1992,Dodge,Ram 150-350 (D/W Series),W100,Trim,Government Verified,EPA,EPA FuelEconomy.gov Vehicle Fuel Economy Dataset,https://www.fueleconomy.gov/feg/epadata/vehicles.csv,
1992,Dodge,Ram 150-350 (D/W Series),W150,Trim,Government Verified,EPA,EPA FuelEconomy.gov Vehicle Fuel Economy Dataset,https://www.fueleconomy.gov/feg/epadata/vehicles.csv,
1992,Dodge,Ram 150-350 (D/W Series),W250,Trim,Government Verified,EPA,EPA FuelEconomy.gov Vehicle Fuel Economy Dataset,https://www.fueleconomy.gov/feg/epadata/vehicles.csv,
1992,Dodge,Ram 50,Power,Trim,Government Verified,EPA,EPA FuelEconomy.gov Vehicle Fuel Economy Dataset,https://www.fueleconomy.gov/feg/epadata/vehicles.csv,
1992,Dodge,Ram Van,B150,Trim,Government Verified,EPA,EPA FuelEconomy.gov Vehicle Fuel Economy Dataset,https://www.fueleconomy.gov/feg/epadata/vehicles.csv,
1992,Dodge,Ram Van,B250,Trim,Government Verified,EPA,EPA FuelEconomy.gov Vehicle Fuel Economy Dataset,https://www.fueleconomy.gov/feg/epadata/vehicles.csv,
1992,Dodge,Ram Van,B350,Trim,Government Verified,EPA,EPA FuelEconomy.gov Vehicle Fuel Economy Dataset,https://www.fueleconomy.gov/feg/epadata/vehicles.csv,
1992,Ford,Taurus,SHO,Trim,Government Verified,EPA,EPA FuelEconomy.gov Vehicle Fuel Economy Dataset,https://www.fueleconomy.gov/feg/epadata/vehicles.csv,
1992,GMC,C/K 1500-2500 (Sierra Classic era),C15,Trim,Government Verified,EPA,EPA FuelEconomy.gov Vehicle Fuel Economy Dataset,https://www.fueleconomy.gov/feg/epadata/vehicles.csv,
1992,GMC,C/K 1500-2500 (Sierra Classic era),C25,Trim,Government Verified,EPA,EPA FuelEconomy.gov Vehicle Fuel Economy Dataset,https://www.fueleconomy.gov/feg/epadata/vehicles.csv,
1992,GMC,Sonoma,S15,Trim,Government Verified,EPA,EPA FuelEconomy.gov Vehicle Fuel Economy Dataset,https://www.fueleconomy.gov/feg/epadata/vehicles.csv,
1992,GMC,Vandura,G35,Trim,Government Verified,EPA,EPA FuelEconomy.gov Vehicle Fuel Economy Dataset,https://www.fueleconomy.gov/feg/epadata/vehicles.csv,
1992,Land Rover,Range Rover,Classic,Trim,Government Verified,EPA,EPA FuelEconomy.gov Vehicle Fuel Economy Dataset,https://www.fueleconomy.gov/feg/epadata/vehicles.csv,
1992,Mazda,B-Series,B-2200,Trim,Government Verified,EPA,EPA FuelEconomy.gov Vehicle Fuel Economy Dataset,https://www.fueleconomy.gov/feg/epadata/vehicles.csv,
1992,Mercedes-Benz,SL-Class,Sl500,Trim,Government Verified,EPA,EPA FuelEconomy.gov Vehicle Fuel Economy Dataset,https://www.fueleconomy.gov/feg/epadata/vehicles.csv,
1992,Porsche,911,Carrera,Trim,Government Verified,EPA,EPA FuelEconomy.gov Vehicle Fuel Economy Dataset,https://www.fueleconomy.gov/feg/epadata/vehicles.csv,
1992,Suzuki,Swift,GT,Trim,Government Verified,EPA,EPA FuelEconomy.gov Vehicle Fuel Economy Dataset,https://www.fueleconomy.gov/feg/epadata/vehicles.csv,
1992,Volkswagen,Golf,GTI,Trim,Government Verified,EPA,EPA FuelEconomy.gov Vehicle Fuel Economy Dataset,https://www.fueleconomy.gov/feg/epadata/vehicles.csv,
1993,BMW,3 Series,318Is,Trim,Government Verified,EPA,EPA FuelEconomy.gov Vehicle Fuel Economy Dataset,https://www.fueleconomy.gov/feg/epadata/vehicles.csv,
1993,BMW,5 Series,Touring,Trim,Government Verified,EPA,EPA FuelEconomy.gov Vehicle Fuel Economy Dataset,https://www.fueleconomy.gov/feg/epadata/vehicles.csv,
1993,BMW,7 Series,740Il,Trim,Government Verified,EPA,EPA FuelEconomy.gov Vehicle Fuel Economy Dataset,https://www.fueleconomy.gov/feg/epadata/vehicles.csv,
1993,BMW,7 Series,750Il,Trim,Government Verified,EPA,EPA FuelEconomy.gov Vehicle Fuel Economy Dataset,https://www.fueleconomy.gov/feg/epadata/vehicles.csv,
1993,BMW,8 Series,850Ci,Trim,Government Verified,EPA,EPA FuelEconomy.gov Vehicle Fuel Economy Dataset,https://www.fueleconomy.gov/feg/epadata/vehicles.csv,
1993,Chevrolet,Chevy Van (G-Series),G10,Trim,Government Verified,EPA,EPA FuelEconomy.gov Vehicle Fuel Economy Dataset,https://www.fueleconomy.gov/feg/epadata/vehicles.csv,
1993,Chevrolet,Chevy Van (G-Series),G30,Trim,Government Verified,EPA,EPA FuelEconomy.gov Vehicle Fuel Economy Dataset,https://www.fueleconomy.gov/feg/epadata/vehicles.csv,
1993,Chevrolet,Chevy Van (G-Series),Sport,Trim,Government Verified,EPA,EPA FuelEconomy.gov Vehicle Fuel Economy Dataset,https://www.fueleconomy.gov/feg/epadata/vehicles.csv,
1993,Dodge,Ram 150-350 (D/W Series),D100,Trim,Government Verified,EPA,EPA FuelEconomy.gov Vehicle Fuel Economy Dataset,https://www.fueleconomy.gov/feg/epadata/vehicles.csv,
1993,Dodge,Ram 150-350 (D/W Series),D150,Trim,Government Verified,EPA,EPA FuelEconomy.gov Vehicle Fuel Economy Dataset,https://www.fueleconomy.gov/feg/epadata/vehicles.csv,
1993,Dodge,Ram 150-350 (D/W Series),D250,Trim,Government Verified,EPA,EPA FuelEconomy.gov Vehicle Fuel Economy Dataset,https://www.fueleconomy.gov/feg/epadata/vehicles.csv,
1993,Dodge,Ram 150-350 (D/W Series),W100,Trim,Government Verified,EPA,EPA FuelEconomy.gov Vehicle Fuel Economy Dataset,https://www.fueleconomy.gov/feg/epadata/vehicles.csv,
1993,Dodge,Ram 150-350 (D/W Series),W150,Trim,Government Verified,EPA,EPA FuelEconomy.gov Vehicle Fuel Economy Dataset,https://www.fueleconomy.gov/feg/epadata/vehicles.csv,
1993,Dodge,Ram 150-350 (D/W Series),W250,Trim,Government Verified,EPA,EPA FuelEconomy.gov Vehicle Fuel Economy Dataset,https://www.fueleconomy.gov/feg/epadata/vehicles.csv,
1993,Dodge,Ram 50,Power,Trim,Government Verified,EPA,EPA FuelEconomy.gov Vehicle Fuel Economy Dataset,https://www.fueleconomy.gov/feg/epadata/vehicles.csv,
1993,Dodge,Ram Van,B150,Trim,Government Verified,EPA,EPA FuelEconomy.gov Vehicle Fuel Economy Dataset,https://www.fueleconomy.gov/feg/epadata/vehicles.csv,
1993,Dodge,Ram Van,B250,Trim,Government Verified,EPA,EPA FuelEconomy.gov Vehicle Fuel Economy Dataset,https://www.fueleconomy.gov/feg/epadata/vehicles.csv,
1993,Dodge,Ram Van,B350,Trim,Government Verified,EPA,EPA FuelEconomy.gov Vehicle Fuel Economy Dataset,https://www.fueleconomy.gov/feg/epadata/vehicles.csv,
1993,Dodge,Ramcharger,Ad150,Trim,Government Verified,EPA,EPA FuelEconomy.gov Vehicle Fuel Economy Dataset,https://www.fueleconomy.gov/feg/epadata/vehicles.csv,
1993,Ford,Taurus,SHO,Trim,Government Verified,EPA,EPA FuelEconomy.gov Vehicle Fuel Economy Dataset,https://www.fueleconomy.gov/feg/epadata/vehicles.csv,
1993,GMC,C/K 1500-2500 (Sierra Classic era),C15,Trim,Government Verified,EPA,EPA FuelEconomy.gov Vehicle Fuel Economy Dataset,https://www.fueleconomy.gov/feg/epadata/vehicles.csv,
1993,GMC,C/K 1500-2500 (Sierra Classic era),C25,Trim,Government Verified,EPA,EPA FuelEconomy.gov Vehicle Fuel Economy Dataset,https://www.fueleconomy.gov/feg/epadata/vehicles.csv,
1993,GMC,C/K 1500-2500 (Sierra Classic era),K25,Trim,Government Verified,EPA,EPA FuelEconomy.gov Vehicle Fuel Economy Dataset,https://www.fueleconomy.gov/feg/epadata/vehicles.csv,
1993,GMC,C/K 1500-2500 (Sierra Classic era),Suburban,Trim,Government Verified,EPA,EPA FuelEconomy.gov Vehicle Fuel Economy Dataset,https://www.fueleconomy.gov/feg/epadata/vehicles.csv,
1993,GMC,Sonoma,S15,Trim,Government Verified,EPA,EPA FuelEconomy.gov Vehicle Fuel Economy Dataset,https://www.fueleconomy.gov/feg/epadata/vehicles.csv,
1993,GMC,Vandura,G35,Trim,Government Verified,EPA,EPA FuelEconomy.gov Vehicle Fuel Economy Dataset,https://www.fueleconomy.gov/feg/epadata/vehicles.csv,
1993,Honda,Accord,SE,Trim,Fully Verified,EPA,EPA FuelEconomy.gov Vehicle Fuel Economy Dataset,https://www.fueleconomy.gov/feg/epadata/vehicles.csv,
1993,Land Rover,Range Rover,Classic,Trim,Government Verified,EPA,EPA FuelEconomy.gov Vehicle Fuel Economy Dataset,https://www.fueleconomy.gov/feg/epadata/vehicles.csv,
1993,Land Rover,Range Rover,County,Trim,Government Verified,EPA,EPA FuelEconomy.gov Vehicle Fuel Economy Dataset,https://www.fueleconomy.gov/feg/epadata/vehicles.csv,
1993,Mazda,B-Series,B-2200,Trim,Government Verified,EPA,EPA FuelEconomy.gov Vehicle Fuel Economy Dataset,https://www.fueleconomy.gov/feg/epadata/vehicles.csv,
1993,Mercedes-Benz,S-Class,S500,Trim,Government Verified,EPA,EPA FuelEconomy.gov Vehicle Fuel Economy Dataset,https://www.fueleconomy.gov/feg/epadata/vehicles.csv,
1993,Mercedes-Benz,S-Class,S600,Trim,Government Verified,EPA,EPA FuelEconomy.gov Vehicle Fuel Economy Dataset,https://www.fueleconomy.gov/feg/epadata/vehicles.csv,
1993,Mercedes-Benz,SL-Class,Sl500,Trim,Government Verified,EPA,EPA FuelEconomy.gov Vehicle Fuel Economy Dataset,https://www.fueleconomy.gov/feg/epadata/vehicles.csv,
1993,Mercedes-Benz,SL-Class,Sl600,Trim,Government Verified,EPA,EPA FuelEconomy.gov Vehicle Fuel Economy Dataset,https://www.fueleconomy.gov/feg/epadata/vehicles.csv,
1993,Porsche,911,Carrera,Trim,Government Verified,EPA,EPA FuelEconomy.gov Vehicle Fuel Economy Dataset,https://www.fueleconomy.gov/feg/epadata/vehicles.csv,
1993,Porsche,928,GTS,Trim,Government Verified,EPA,EPA FuelEconomy.gov Vehicle Fuel Economy Dataset,https://www.fueleconomy.gov/feg/epadata/vehicles.csv,
1993,Suzuki,Swift,GT,Trim,Government Verified,EPA,EPA FuelEconomy.gov Vehicle Fuel Economy Dataset,https://www.fueleconomy.gov/feg/epadata/vehicles.csv,
1993,Volkswagen,Golf,GTI,Trim,Government Verified,EPA,EPA FuelEconomy.gov Vehicle Fuel Economy Dataset,https://www.fueleconomy.gov/feg/epadata/vehicles.csv,
1994,BMW,3 Series,318Is,Trim,Government Verified,EPA,EPA FuelEconomy.gov Vehicle Fuel Economy Dataset,https://www.fueleconomy.gov/feg/epadata/vehicles.csv,
1994,BMW,3 Series,325Ic,Trim,Government Verified,EPA,EPA FuelEconomy.gov Vehicle Fuel Economy Dataset,https://www.fueleconomy.gov/feg/epadata/vehicles.csv,
1994,BMW,3 Series,325Is,Trim,Government Verified,EPA,EPA FuelEconomy.gov Vehicle Fuel Economy Dataset,https://www.fueleconomy.gov/feg/epadata/vehicles.csv,
1994,BMW,5 Series,Touring,Trim,Government Verified,EPA,EPA FuelEconomy.gov Vehicle Fuel Economy Dataset,https://www.fueleconomy.gov/feg/epadata/vehicles.csv,
1994,BMW,7 Series,740Il,Trim,Government Verified,EPA,EPA FuelEconomy.gov Vehicle Fuel Economy Dataset,https://www.fueleconomy.gov/feg/epadata/vehicles.csv,
1994,BMW,7 Series,750Il,Trim,Government Verified,EPA,EPA FuelEconomy.gov Vehicle Fuel Economy Dataset,https://www.fueleconomy.gov/feg/epadata/vehicles.csv,
1994,BMW,8 Series,840Ci,Trim,Government Verified,EPA,EPA FuelEconomy.gov Vehicle Fuel Economy Dataset,https://www.fueleconomy.gov/feg/epadata/vehicles.csv,
1994,BMW,8 Series,850Ci,Trim,Government Verified,EPA,EPA FuelEconomy.gov Vehicle Fuel Economy Dataset,https://www.fueleconomy.gov/feg/epadata/vehicles.csv,
1994,BMW,8 Series,850Csi,Trim,Government Verified,EPA,EPA FuelEconomy.gov Vehicle Fuel Economy Dataset,https://www.fueleconomy.gov/feg/epadata/vehicles.csv,
1994,Chevrolet,Chevy Van (G-Series),G10,Trim,Government Verified,EPA,EPA FuelEconomy.gov Vehicle Fuel Economy Dataset,https://www.fueleconomy.gov/feg/epadata/vehicles.csv,
1994,Chevrolet,Chevy Van (G-Series),G30,Trim,Government Verified,EPA,EPA FuelEconomy.gov Vehicle Fuel Economy Dataset,https://www.fueleconomy.gov/feg/epadata/vehicles.csv,
1994,Dodge,Ram 150-350 (D/W Series),W250,Trim,Government Verified,EPA,EPA FuelEconomy.gov Vehicle Fuel Economy Dataset,https://www.fueleconomy.gov/feg/epadata/vehicles.csv,
1994,Dodge,Ram Van,B150,Trim,Government Verified,EPA,EPA FuelEconomy.gov Vehicle Fuel Economy Dataset,https://www.fueleconomy.gov/feg/epadata/vehicles.csv,
1994,Dodge,Ram Van,B250,Trim,Government Verified,EPA,EPA FuelEconomy.gov Vehicle Fuel Economy Dataset,https://www.fueleconomy.gov/feg/epadata/vehicles.csv,
1994,Dodge,Ram Van,B350,Trim,Government Verified,EPA,EPA FuelEconomy.gov Vehicle Fuel Economy Dataset,https://www.fueleconomy.gov/feg/epadata/vehicles.csv,
1994,Ford,F-150,Lightning,Sub-model,Government Verified,EPA,EPA FuelEconomy.gov Vehicle Fuel Economy Dataset,https://www.fueleconomy.gov/feg/epadata/vehicles.csv,
1994,Ford,Taurus,SHO,Trim,Government Verified,EPA,EPA FuelEconomy.gov Vehicle Fuel Economy Dataset,https://www.fueleconomy.gov/feg/epadata/vehicles.csv,
1994,GMC,C/K 1500-2500 (Sierra Classic era),C15,Trim,Government Verified,EPA,EPA FuelEconomy.gov Vehicle Fuel Economy Dataset,https://www.fueleconomy.gov/feg/epadata/vehicles.csv,
1994,GMC,C/K 1500-2500 (Sierra Classic era),C25,Trim,Government Verified,EPA,EPA FuelEconomy.gov Vehicle Fuel Economy Dataset,https://www.fueleconomy.gov/feg/epadata/vehicles.csv,
1994,GMC,C/K 1500-2500 (Sierra Classic era),Suburban,Trim,Government Verified,EPA,EPA FuelEconomy.gov Vehicle Fuel Economy Dataset,https://www.fueleconomy.gov/feg/epadata/vehicles.csv,
1994,GMC,Sonoma,S15,Trim,Government Verified,EPA,EPA FuelEconomy.gov Vehicle Fuel Economy Dataset,https://www.fueleconomy.gov/feg/epadata/vehicles.csv,
1994,GMC,Vandura,G35,Trim,Government Verified,EPA,EPA FuelEconomy.gov Vehicle Fuel Economy Dataset,https://www.fueleconomy.gov/feg/epadata/vehicles.csv,
1994,Land Rover,Range Rover,County,Trim,Government Verified,EPA,EPA FuelEconomy.gov Vehicle Fuel Economy Dataset,https://www.fueleconomy.gov/feg/epadata/vehicles.csv,
1994,Mercedes-Benz,C-Class,C220,Trim,Government Verified,EPA,EPA FuelEconomy.gov Vehicle Fuel Economy Dataset,https://www.fueleconomy.gov/feg/epadata/vehicles.csv,
1994,Mercedes-Benz,C-Class,C280,Trim,Government Verified,EPA,EPA FuelEconomy.gov Vehicle Fuel Economy Dataset,https://www.fueleconomy.gov/feg/epadata/vehicles.csv,
1994,Mercedes-Benz,E-Class,E320,Trim,Government Verified,EPA,EPA FuelEconomy.gov Vehicle Fuel Economy Dataset,https://www.fueleconomy.gov/feg/epadata/vehicles.csv,
1994,Mercedes-Benz,E-Class,E420,Trim,Government Verified,EPA,EPA FuelEconomy.gov Vehicle Fuel Economy Dataset,https://www.fueleconomy.gov/feg/epadata/vehicles.csv,
1994,Mercedes-Benz,S-Class,S320,Trim,Government Verified,EPA,EPA FuelEconomy.gov Vehicle Fuel Economy Dataset,https://www.fueleconomy.gov/feg/epadata/vehicles.csv,
1994,Mercedes-Benz,S-Class,S420,Trim,Government Verified,EPA,EPA FuelEconomy.gov Vehicle Fuel Economy Dataset,https://www.fueleconomy.gov/feg/epadata/vehicles.csv,
1994,Mercedes-Benz,S-Class,S500,Trim,Government Verified,EPA,EPA FuelEconomy.gov Vehicle Fuel Economy Dataset,https://www.fueleconomy.gov/feg/epadata/vehicles.csv,
1994,Mercedes-Benz,S-Class,S600,Trim,Government Verified,EPA,EPA FuelEconomy.gov Vehicle Fuel Economy Dataset,https://www.fueleconomy.gov/feg/epadata/vehicles.csv,
1994,Mercedes-Benz,SL-Class,Sl320,Trim,Government Verified,EPA,EPA FuelEconomy.gov Vehicle Fuel Economy Dataset,https://www.fueleconomy.gov/feg/epadata/vehicles.csv,
1994,Mercedes-Benz,SL-Class,Sl500,Trim,Government Verified,EPA,EPA FuelEconomy.gov Vehicle Fuel Economy Dataset,https://www.fueleconomy.gov/feg/epadata/vehicles.csv,
1994,Mercedes-Benz,SL-Class,Sl600,Trim,Government Verified,EPA,EPA FuelEconomy.gov Vehicle Fuel Economy Dataset,https://www.fueleconomy.gov/feg/epadata/vehicles.csv,
1994,Porsche,911,Carrera,Trim,Government Verified,EPA,EPA FuelEconomy.gov Vehicle Fuel Economy Dataset,https://www.fueleconomy.gov/feg/epadata/vehicles.csv,
1994,Porsche,928,GTS,Trim,Government Verified,EPA,EPA FuelEconomy.gov Vehicle Fuel Economy Dataset,https://www.fueleconomy.gov/feg/epadata/vehicles.csv,
1994,Suzuki,Swift,GT,Trim,Government Verified,EPA,EPA FuelEconomy.gov Vehicle Fuel Economy Dataset,https://www.fueleconomy.gov/feg/epadata/vehicles.csv,
1995,BMW,3 Series,318Is,Trim,Government Verified,EPA,EPA FuelEconomy.gov Vehicle Fuel Economy Dataset,https://www.fueleconomy.gov/feg/epadata/vehicles.csv,
1995,BMW,3 Series,318Ti,Trim,Government Verified,EPA,EPA FuelEconomy.gov Vehicle Fuel Economy Dataset,https://www.fueleconomy.gov/feg/epadata/vehicles.csv,
1995,BMW,5 Series,Touring,Trim,Government Verified,EPA,EPA FuelEconomy.gov Vehicle Fuel Economy Dataset,https://www.fueleconomy.gov/feg/epadata/vehicles.csv,
1995,BMW,7 Series,740Il,Trim,Government Verified,EPA,EPA FuelEconomy.gov Vehicle Fuel Economy Dataset,https://www.fueleconomy.gov/feg/epadata/vehicles.csv,
1995,BMW,7 Series,750Il,Trim,Government Verified,EPA,EPA FuelEconomy.gov Vehicle Fuel Economy Dataset,https://www.fueleconomy.gov/feg/epadata/vehicles.csv,
1995,BMW,8 Series,840Ci,Trim,Government Verified,EPA,EPA FuelEconomy.gov Vehicle Fuel Economy Dataset,https://www.fueleconomy.gov/feg/epadata/vehicles.csv,
1995,BMW,8 Series,850Ci,Trim,Government Verified,EPA,EPA FuelEconomy.gov Vehicle Fuel Economy Dataset,https://www.fueleconomy.gov/feg/epadata/vehicles.csv,
1995,BMW,8 Series,850Csi,Trim,Government Verified,EPA,EPA FuelEconomy.gov Vehicle Fuel Economy Dataset,https://www.fueleconomy.gov/feg/epadata/vehicles.csv,
1995,Chevrolet,Chevy Van (G-Series),G10,Trim,Government Verified,EPA,EPA FuelEconomy.gov Vehicle Fuel Economy Dataset,https://www.fueleconomy.gov/feg/epadata/vehicles.csv,
1995,Chevrolet,Chevy Van (G-Series),G30,Trim,Government Verified,EPA,EPA FuelEconomy.gov Vehicle Fuel Economy Dataset,https://www.fueleconomy.gov/feg/epadata/vehicles.csv,
1995,Chevrolet,S-10,T10,Trim,Government Verified,EPA,EPA FuelEconomy.gov Vehicle Fuel Economy Dataset,https://www.fueleconomy.gov/feg/epadata/vehicles.csv,
1995,Dodge,Ram Van,B150,Trim,Government Verified,EPA,EPA FuelEconomy.gov Vehicle Fuel Economy Dataset,https://www.fueleconomy.gov/feg/epadata/vehicles.csv,
1995,Dodge,Ram Van,B250,Trim,Government Verified,EPA,EPA FuelEconomy.gov Vehicle Fuel Economy Dataset,https://www.fueleconomy.gov/feg/epadata/vehicles.csv,
1995,Ferrari,456,GT,Trim,Government Verified,EPA,EPA FuelEconomy.gov Vehicle Fuel Economy Dataset,https://www.fueleconomy.gov/feg/epadata/vehicles.csv,
1995,Ford,F-150,Lightning,Sub-model,Government Verified,EPA,EPA FuelEconomy.gov Vehicle Fuel Economy Dataset,https://www.fueleconomy.gov/feg/epadata/vehicles.csv,
1995,Ford,Taurus,SHO,Trim,Government Verified,EPA,EPA FuelEconomy.gov Vehicle Fuel Economy Dataset,https://www.fueleconomy.gov/feg/epadata/vehicles.csv,
1995,GMC,C/K 1500-2500 (Sierra Classic era),C15,Trim,Government Verified,EPA,EPA FuelEconomy.gov Vehicle Fuel Economy Dataset,https://www.fueleconomy.gov/feg/epadata/vehicles.csv,
1995,GMC,C/K 1500-2500 (Sierra Classic era),C25,Trim,Government Verified,EPA,EPA FuelEconomy.gov Vehicle Fuel Economy Dataset,https://www.fueleconomy.gov/feg/epadata/vehicles.csv,
1995,GMC,C/K 1500-2500 (Sierra Classic era),K25,Trim,Government Verified,EPA,EPA FuelEconomy.gov Vehicle Fuel Economy Dataset,https://www.fueleconomy.gov/feg/epadata/vehicles.csv,
1995,GMC,Sonoma,S15,Trim,Government Verified,EPA,EPA FuelEconomy.gov Vehicle Fuel Economy Dataset,https://www.fueleconomy.gov/feg/epadata/vehicles.csv,
1995,GMC,Vandura,G35,Trim,Government Verified,EPA,EPA FuelEconomy.gov Vehicle Fuel Economy Dataset,https://www.fueleconomy.gov/feg/epadata/vehicles.csv,
1995,Land Rover,Range Rover,Classic,Trim,Government Verified,EPA,EPA FuelEconomy.gov Vehicle Fuel Economy Dataset,https://www.fueleconomy.gov/feg/epadata/vehicles.csv,
1995,Land Rover,Range Rover,County,Trim,Government Verified,EPA,EPA FuelEconomy.gov Vehicle Fuel Economy Dataset,https://www.fueleconomy.gov/feg/epadata/vehicles.csv,
1995,Mercedes-Benz,C-Class,AMG,Series,Government Verified,EPA,EPA FuelEconomy.gov Vehicle Fuel Economy Dataset,https://www.fueleconomy.gov/feg/epadata/vehicles.csv,
1995,Mercedes-Benz,C-Class,C220,Trim,Government Verified,EPA,EPA FuelEconomy.gov Vehicle Fuel Economy Dataset,https://www.fueleconomy.gov/feg/epadata/vehicles.csv,
1995,Mercedes-Benz,C-Class,C280,Trim,Government Verified,EPA,EPA FuelEconomy.gov Vehicle Fuel Economy Dataset,https://www.fueleconomy.gov/feg/epadata/vehicles.csv,
1995,Mercedes-Benz,C-Class,C36,Trim,Government Verified,EPA,EPA FuelEconomy.gov Vehicle Fuel Economy Dataset,https://www.fueleconomy.gov/feg/epadata/vehicles.csv,
1995,Mercedes-Benz,E-Class,E300,Trim,Government Verified,EPA,EPA FuelEconomy.gov Vehicle Fuel Economy Dataset,https://www.fueleconomy.gov/feg/epadata/vehicles.csv,
1995,Mercedes-Benz,E-Class,E320,Trim,Government Verified,EPA,EPA FuelEconomy.gov Vehicle Fuel Economy Dataset,https://www.fueleconomy.gov/feg/epadata/vehicles.csv,
1995,Mercedes-Benz,E-Class,E420,Trim,Government Verified,EPA,EPA FuelEconomy.gov Vehicle Fuel Economy Dataset,https://www.fueleconomy.gov/feg/epadata/vehicles.csv,
1995,Mercedes-Benz,S-Class,S320,Trim,Government Verified,EPA,EPA FuelEconomy.gov Vehicle Fuel Economy Dataset,https://www.fueleconomy.gov/feg/epadata/vehicles.csv,
1995,Mercedes-Benz,S-Class,S420,Trim,Government Verified,EPA,EPA FuelEconomy.gov Vehicle Fuel Economy Dataset,https://www.fueleconomy.gov/feg/epadata/vehicles.csv,
1995,Mercedes-Benz,S-Class,S500,Trim,Government Verified,EPA,EPA FuelEconomy.gov Vehicle Fuel Economy Dataset,https://www.fueleconomy.gov/feg/epadata/vehicles.csv,
1995,Mercedes-Benz,S-Class,S600,Trim,Government Verified,EPA,EPA FuelEconomy.gov Vehicle Fuel Economy Dataset,https://www.fueleconomy.gov/feg/epadata/vehicles.csv,
1995,Mercedes-Benz,SL-Class,Sl320,Trim,Government Verified,EPA,EPA FuelEconomy.gov Vehicle Fuel Economy Dataset,https://www.fueleconomy.gov/feg/epadata/vehicles.csv,
1995,Mercedes-Benz,SL-Class,Sl500,Trim,Government Verified,EPA,EPA FuelEconomy.gov Vehicle Fuel Economy Dataset,https://www.fueleconomy.gov/feg/epadata/vehicles.csv,
1995,Mercedes-Benz,SL-Class,Sl600,Trim,Government Verified,EPA,EPA FuelEconomy.gov Vehicle Fuel Economy Dataset,https://www.fueleconomy.gov/feg/epadata/vehicles.csv,
1995,Porsche,911,Carrera,Trim,Government Verified,EPA,EPA FuelEconomy.gov Vehicle Fuel Economy Dataset,https://www.fueleconomy.gov/feg/epadata/vehicles.csv,
1995,Porsche,928,GTS,Trim,Government Verified,EPA,EPA FuelEconomy.gov Vehicle Fuel Economy Dataset,https://www.fueleconomy.gov/feg/epadata/vehicles.csv,
1996,BMW,3 Series,318Ti,Trim,Government Verified,EPA,EPA FuelEconomy.gov Vehicle Fuel Economy Dataset,https://www.fueleconomy.gov/feg/epadata/vehicles.csv,
1996,BMW,7 Series,740Il,Trim,Government Verified,EPA,EPA FuelEconomy.gov Vehicle Fuel Economy Dataset,https://www.fueleconomy.gov/feg/epadata/vehicles.csv,
1996,BMW,7 Series,750Il,Trim,Government Verified,EPA,EPA FuelEconomy.gov Vehicle Fuel Economy Dataset,https://www.fueleconomy.gov/feg/epadata/vehicles.csv,
1996,BMW,8 Series,840Ci,Trim,Government Verified,EPA,EPA FuelEconomy.gov Vehicle Fuel Economy Dataset,https://www.fueleconomy.gov/feg/epadata/vehicles.csv,
1996,BMW,8 Series,850Ci,Trim,Government Verified,EPA,EPA FuelEconomy.gov Vehicle Fuel Economy Dataset,https://www.fueleconomy.gov/feg/epadata/vehicles.csv,
1996,Chevrolet,Chevy Van (G-Series),G10,Trim,Government Verified,EPA,EPA FuelEconomy.gov Vehicle Fuel Economy Dataset,https://www.fueleconomy.gov/feg/epadata/vehicles.csv,
1996,Chevrolet,Chevy Van (G-Series),G30,Trim,Government Verified,EPA,EPA FuelEconomy.gov Vehicle Fuel Economy Dataset,https://www.fueleconomy.gov/feg/epadata/vehicles.csv,
1996,Dodge,Ram Van,B250,Trim,Government Verified,EPA,EPA FuelEconomy.gov Vehicle Fuel Economy Dataset,https://www.fueleconomy.gov/feg/epadata/vehicles.csv,
1996,Ford,Taurus,SHO,Trim,Government Verified,EPA,EPA FuelEconomy.gov Vehicle Fuel Economy Dataset,https://www.fueleconomy.gov/feg/epadata/vehicles.csv,
1996,GMC,C/K 1500-2500 (Sierra Classic era),C15,Trim,Government Verified,EPA,EPA FuelEconomy.gov Vehicle Fuel Economy Dataset,https://www.fueleconomy.gov/feg/epadata/vehicles.csv,
1996,GMC,C/K 1500-2500 (Sierra Classic era),C25,Trim,Government Verified,EPA,EPA FuelEconomy.gov Vehicle Fuel Economy Dataset,https://www.fueleconomy.gov/feg/epadata/vehicles.csv,
1996,GMC,C/K 1500-2500 (Sierra Classic era),K25,Trim,Government Verified,EPA,EPA FuelEconomy.gov Vehicle Fuel Economy Dataset,https://www.fueleconomy.gov/feg/epadata/vehicles.csv,
1996,GMC,C/K 1500-2500 (Sierra Classic era),Suburban,Trim,Government Verified,EPA,EPA FuelEconomy.gov Vehicle Fuel Economy Dataset,https://www.fueleconomy.gov/feg/epadata/vehicles.csv,
1996,GMC,Sonoma,S15,Trim,Government Verified,EPA,EPA FuelEconomy.gov Vehicle Fuel Economy Dataset,https://www.fueleconomy.gov/feg/epadata/vehicles.csv,
1996,GMC,Vandura,G35,Trim,Government Verified,EPA,EPA FuelEconomy.gov Vehicle Fuel Economy Dataset,https://www.fueleconomy.gov/feg/epadata/vehicles.csv,
1996,Mercedes-Benz,C-Class,AMG,Series,Government Verified,EPA,EPA FuelEconomy.gov Vehicle Fuel Economy Dataset,https://www.fueleconomy.gov/feg/epadata/vehicles.csv,
1996,Mercedes-Benz,C-Class,C220,Trim,Government Verified,EPA,EPA FuelEconomy.gov Vehicle Fuel Economy Dataset,https://www.fueleconomy.gov/feg/epadata/vehicles.csv,
1996,Mercedes-Benz,C-Class,C280,Trim,Government Verified,EPA,EPA FuelEconomy.gov Vehicle Fuel Economy Dataset,https://www.fueleconomy.gov/feg/epadata/vehicles.csv,
1996,Mercedes-Benz,C-Class,C36,Trim,Government Verified,EPA,EPA FuelEconomy.gov Vehicle Fuel Economy Dataset,https://www.fueleconomy.gov/feg/epadata/vehicles.csv,
1996,Mercedes-Benz,E-Class,E300,Trim,Government Verified,EPA,EPA FuelEconomy.gov Vehicle Fuel Economy Dataset,https://www.fueleconomy.gov/feg/epadata/vehicles.csv,
1996,Mercedes-Benz,E-Class,E320,Trim,Government Verified,EPA,EPA FuelEconomy.gov Vehicle Fuel Economy Dataset,https://www.fueleconomy.gov/feg/epadata/vehicles.csv,
1996,Mercedes-Benz,S-Class,S320,Trim,Government Verified,EPA,EPA FuelEconomy.gov Vehicle Fuel Economy Dataset,https://www.fueleconomy.gov/feg/epadata/vehicles.csv,
1996,Mercedes-Benz,S-Class,S420,Trim,Government Verified,EPA,EPA FuelEconomy.gov Vehicle Fuel Economy Dataset,https://www.fueleconomy.gov/feg/epadata/vehicles.csv,
1996,Mercedes-Benz,S-Class,S500,Trim,Government Verified,EPA,EPA FuelEconomy.gov Vehicle Fuel Economy Dataset,https://www.fueleconomy.gov/feg/epadata/vehicles.csv,
1996,Mercedes-Benz,S-Class,S600,Trim,Government Verified,EPA,EPA FuelEconomy.gov Vehicle Fuel Economy Dataset,https://www.fueleconomy.gov/feg/epadata/vehicles.csv,
1996,Mercedes-Benz,SL-Class,Sl320,Trim,Government Verified,EPA,EPA FuelEconomy.gov Vehicle Fuel Economy Dataset,https://www.fueleconomy.gov/feg/epadata/vehicles.csv,
1996,Mercedes-Benz,SL-Class,Sl500,Trim,Government Verified,EPA,EPA FuelEconomy.gov Vehicle Fuel Economy Dataset,https://www.fueleconomy.gov/feg/epadata/vehicles.csv,
1996,Mercedes-Benz,SL-Class,Sl600,Trim,Government Verified,EPA,EPA FuelEconomy.gov Vehicle Fuel Economy Dataset,https://www.fueleconomy.gov/feg/epadata/vehicles.csv,
1996,Porsche,911,Carrera,Trim,Government Verified,EPA,EPA FuelEconomy.gov Vehicle Fuel Economy Dataset,https://www.fueleconomy.gov/feg/epadata/vehicles.csv,
1996,Suzuki,Sidekick,Sport,Trim,Fully Verified,EPA,EPA FuelEconomy.gov Vehicle Fuel Economy Dataset,https://www.fueleconomy.gov/feg/epadata/vehicles.csv,
1996,Volkswagen,Golf,GTI,Trim,Government Verified,EPA,EPA FuelEconomy.gov Vehicle Fuel Economy Dataset,https://www.fueleconomy.gov/feg/epadata/vehicles.csv,
1997,BMW,3 Series,318Is,Trim,Government Verified,EPA,EPA FuelEconomy.gov Vehicle Fuel Economy Dataset,https://www.fueleconomy.gov/feg/epadata/vehicles.csv,
1997,BMW,3 Series,318Ti,Trim,Government Verified,EPA,EPA FuelEconomy.gov Vehicle Fuel Economy Dataset,https://www.fueleconomy.gov/feg/epadata/vehicles.csv,
1997,BMW,3 Series,328Ic,Trim,Government Verified,EPA,EPA FuelEconomy.gov Vehicle Fuel Economy Dataset,https://www.fueleconomy.gov/feg/epadata/vehicles.csv,
1997,BMW,7 Series,740Il,Trim,Government Verified,EPA,EPA FuelEconomy.gov Vehicle Fuel Economy Dataset,https://www.fueleconomy.gov/feg/epadata/vehicles.csv,
1997,BMW,7 Series,750Il,Trim,Government Verified,EPA,EPA FuelEconomy.gov Vehicle Fuel Economy Dataset,https://www.fueleconomy.gov/feg/epadata/vehicles.csv,
1997,BMW,8 Series,840Ci,Trim,Government Verified,EPA,EPA FuelEconomy.gov Vehicle Fuel Economy Dataset,https://www.fueleconomy.gov/feg/epadata/vehicles.csv,
1997,BMW,8 Series,850Ci,Trim,Government Verified,EPA,EPA FuelEconomy.gov Vehicle Fuel Economy Dataset,https://www.fueleconomy.gov/feg/epadata/vehicles.csv,
1997,Chevrolet,Chevy Van (G-Series),G10,Trim,Government Verified,EPA,EPA FuelEconomy.gov Vehicle Fuel Economy Dataset,https://www.fueleconomy.gov/feg/epadata/vehicles.csv,
1997,Chevrolet,Chevy Van (G-Series),G30,Trim,Government Verified,EPA,EPA FuelEconomy.gov Vehicle Fuel Economy Dataset,https://www.fueleconomy.gov/feg/epadata/vehicles.csv,
1997,Chevrolet,Express,3500-,Trim,Government Verified,EPA,EPA FuelEconomy.gov Vehicle Fuel Economy Dataset,https://www.fueleconomy.gov/feg/epadata/vehicles.csv,
1997,Dodge,Ram Van,B250,Trim,Government Verified,EPA,EPA FuelEconomy.gov Vehicle Fuel Economy Dataset,https://www.fueleconomy.gov/feg/epadata/vehicles.csv,
1997,Ford,Taurus,SHO,Trim,Government Verified,EPA,EPA FuelEconomy.gov Vehicle Fuel Economy Dataset,https://www.fueleconomy.gov/feg/epadata/vehicles.csv,
1997,GMC,C/K 1500-2500 (Sierra Classic era),Suburban,Trim,Government Verified,EPA,EPA FuelEconomy.gov Vehicle Fuel Economy Dataset,https://www.fueleconomy.gov/feg/epadata/vehicles.csv,
1997,GMC,Sonoma,S15,Trim,Government Verified,EPA,EPA FuelEconomy.gov Vehicle Fuel Economy Dataset,https://www.fueleconomy.gov/feg/epadata/vehicles.csv,
1997,GMC,Yukon,Denali,Trim,Fully Verified,EPA,EPA FuelEconomy.gov Vehicle Fuel Economy Dataset,https://www.fueleconomy.gov/feg/epadata/vehicles.csv,
1997,Mercedes-Benz,C-Class,AMG,Series,Government Verified,EPA,EPA FuelEconomy.gov Vehicle Fuel Economy Dataset,https://www.fueleconomy.gov/feg/epadata/vehicles.csv,
1997,Mercedes-Benz,C-Class,C230,Trim,Government Verified,EPA,EPA FuelEconomy.gov Vehicle Fuel Economy Dataset,https://www.fueleconomy.gov/feg/epadata/vehicles.csv,
1997,Mercedes-Benz,C-Class,C280,Trim,Government Verified,EPA,EPA FuelEconomy.gov Vehicle Fuel Economy Dataset,https://www.fueleconomy.gov/feg/epadata/vehicles.csv,
1997,Mercedes-Benz,C-Class,C36,Trim,Government Verified,EPA,EPA FuelEconomy.gov Vehicle Fuel Economy Dataset,https://www.fueleconomy.gov/feg/epadata/vehicles.csv,
1997,Mercedes-Benz,E-Class,E300,Trim,Government Verified,EPA,EPA FuelEconomy.gov Vehicle Fuel Economy Dataset,https://www.fueleconomy.gov/feg/epadata/vehicles.csv,
1997,Mercedes-Benz,E-Class,E320,Trim,Government Verified,EPA,EPA FuelEconomy.gov Vehicle Fuel Economy Dataset,https://www.fueleconomy.gov/feg/epadata/vehicles.csv,
1997,Mercedes-Benz,E-Class,E420,Trim,Government Verified,EPA,EPA FuelEconomy.gov Vehicle Fuel Economy Dataset,https://www.fueleconomy.gov/feg/epadata/vehicles.csv,
1997,Mercedes-Benz,S-Class,S320,Trim,Government Verified,EPA,EPA FuelEconomy.gov Vehicle Fuel Economy Dataset,https://www.fueleconomy.gov/feg/epadata/vehicles.csv,
1997,Mercedes-Benz,S-Class,S420,Trim,Government Verified,EPA,EPA FuelEconomy.gov Vehicle Fuel Economy Dataset,https://www.fueleconomy.gov/feg/epadata/vehicles.csv,
1997,Mercedes-Benz,S-Class,S500,Trim,Government Verified,EPA,EPA FuelEconomy.gov Vehicle Fuel Economy Dataset,https://www.fueleconomy.gov/feg/epadata/vehicles.csv,
1997,Mercedes-Benz,S-Class,S600,Trim,Government Verified,EPA,EPA FuelEconomy.gov Vehicle Fuel Economy Dataset,https://www.fueleconomy.gov/feg/epadata/vehicles.csv,
1997,Mercedes-Benz,SL-Class,Sl320,Trim,Government Verified,EPA,EPA FuelEconomy.gov Vehicle Fuel Economy Dataset,https://www.fueleconomy.gov/feg/epadata/vehicles.csv,
1997,Mercedes-Benz,SL-Class,Sl500,Trim,Government Verified,EPA,EPA FuelEconomy.gov Vehicle Fuel Economy Dataset,https://www.fueleconomy.gov/feg/epadata/vehicles.csv,
1997,Mercedes-Benz,SL-Class,Sl600,Trim,Government Verified,EPA,EPA FuelEconomy.gov Vehicle Fuel Economy Dataset,https://www.fueleconomy.gov/feg/epadata/vehicles.csv,
1997,Porsche,911,Carrera,Trim,Government Verified,EPA,EPA FuelEconomy.gov Vehicle Fuel Economy Dataset,https://www.fueleconomy.gov/feg/epadata/vehicles.csv,
1997,Suzuki,Sidekick,Sport,Trim,Fully Verified,EPA,EPA FuelEconomy.gov Vehicle Fuel Economy Dataset,https://www.fueleconomy.gov/feg/epadata/vehicles.csv,
1997,Volkswagen,Golf,GTI,Trim,Government Verified,EPA,EPA FuelEconomy.gov Vehicle Fuel Economy Dataset,https://www.fueleconomy.gov/feg/epadata/vehicles.csv,
1998,BMW,3 Series,318Ti,Trim,Government Verified,EPA,EPA FuelEconomy.gov Vehicle Fuel Economy Dataset,https://www.fueleconomy.gov/feg/epadata/vehicles.csv,
1998,BMW,7 Series,740Il,Trim,Government Verified,EPA,EPA FuelEconomy.gov Vehicle Fuel Economy Dataset,https://www.fueleconomy.gov/feg/epadata/vehicles.csv,
1998,BMW,7 Series,750Il,Trim,Government Verified,EPA,EPA FuelEconomy.gov Vehicle Fuel Economy Dataset,https://www.fueleconomy.gov/feg/epadata/vehicles.csv,
1998,Chevrolet,Chevy Van (G-Series),G10,Trim,Government Verified,EPA,EPA FuelEconomy.gov Vehicle Fuel Economy Dataset,https://www.fueleconomy.gov/feg/epadata/vehicles.csv,
1998,Chevrolet,Chevy Van (G-Series),G30,Trim,Government Verified,EPA,EPA FuelEconomy.gov Vehicle Fuel Economy Dataset,https://www.fueleconomy.gov/feg/epadata/vehicles.csv,
1998,Chevrolet,Express,3500-,Trim,Government Verified,EPA,EPA FuelEconomy.gov Vehicle Fuel Economy Dataset,https://www.fueleconomy.gov/feg/epadata/vehicles.csv,
1998,Dodge,Ram Van,B250,Trim,Government Verified,EPA,EPA FuelEconomy.gov Vehicle Fuel Economy Dataset,https://www.fueleconomy.gov/feg/epadata/vehicles.csv,
1998,Dodge,Ram Van,B350,Trim,Government Verified,EPA,EPA FuelEconomy.gov Vehicle Fuel Economy Dataset,https://www.fueleconomy.gov/feg/epadata/vehicles.csv,
1998,Ford,Escort,ZX2,Trim,Government Verified,EPA,EPA FuelEconomy.gov Vehicle Fuel Economy Dataset,https://www.fueleconomy.gov/feg/epadata/vehicles.csv,
1998,Ford,Taurus,SHO,Trim,Government Verified,EPA,EPA FuelEconomy.gov Vehicle Fuel Economy Dataset,https://www.fueleconomy.gov/feg/epadata/vehicles.csv,
1998,GMC,C/K 1500-2500 (Sierra Classic era),Suburban,Trim,Government Verified,EPA,EPA FuelEconomy.gov Vehicle Fuel Economy Dataset,https://www.fueleconomy.gov/feg/epadata/vehicles.csv,
1998,GMC,Sonoma,S15,Trim,Government Verified,EPA,EPA FuelEconomy.gov Vehicle Fuel Economy Dataset,https://www.fueleconomy.gov/feg/epadata/vehicles.csv,
1998,Honda,Civic,CNG,Trim,Government Verified,EPA,EPA FuelEconomy.gov Vehicle Fuel Economy Dataset,https://www.fueleconomy.gov/feg/epadata/vehicles.csv,
1998,Jaguar,XJ8,Xj8L,Trim,Government Verified,EPA,EPA FuelEconomy.gov Vehicle Fuel Economy Dataset,https://www.fueleconomy.gov/feg/epadata/vehicles.csv,
1998,Mercedes-Benz,C-Class,C220,Trim,Government Verified,EPA,EPA FuelEconomy.gov Vehicle Fuel Economy Dataset,https://www.fueleconomy.gov/feg/epadata/vehicles.csv,
1998,Mercedes-Benz,C-Class,C230,Trim,Government Verified,EPA,EPA FuelEconomy.gov Vehicle Fuel Economy Dataset,https://www.fueleconomy.gov/feg/epadata/vehicles.csv,
1998,Mercedes-Benz,C-Class,C280,Trim,Government Verified,EPA,EPA FuelEconomy.gov Vehicle Fuel Economy Dataset,https://www.fueleconomy.gov/feg/epadata/vehicles.csv,
1998,Mercedes-Benz,C-Class,C43,Trim,Government Verified,EPA,EPA FuelEconomy.gov Vehicle Fuel Economy Dataset,https://www.fueleconomy.gov/feg/epadata/vehicles.csv,
1998,Mercedes-Benz,CL-Class,Cl500,Trim,Government Verified,EPA,EPA FuelEconomy.gov Vehicle Fuel Economy Dataset,https://www.fueleconomy.gov/feg/epadata/vehicles.csv,
1998,Mercedes-Benz,CL-Class,Cl600,Trim,Government Verified,EPA,EPA FuelEconomy.gov Vehicle Fuel Economy Dataset,https://www.fueleconomy.gov/feg/epadata/vehicles.csv,
1998,Mercedes-Benz,CLK-Class,Clk320,Trim,Government Verified,EPA,EPA FuelEconomy.gov Vehicle Fuel Economy Dataset,https://www.fueleconomy.gov/feg/epadata/vehicles.csv,
1998,Mercedes-Benz,E-Class,E300,Trim,Government Verified,EPA,EPA FuelEconomy.gov Vehicle Fuel Economy Dataset,https://www.fueleconomy.gov/feg/epadata/vehicles.csv,
1998,Mercedes-Benz,E-Class,E320,Trim,Government Verified,EPA,EPA FuelEconomy.gov Vehicle Fuel Economy Dataset,https://www.fueleconomy.gov/feg/epadata/vehicles.csv,
1998,Mercedes-Benz,E-Class,E430,Trim,Government Verified,EPA,EPA FuelEconomy.gov Vehicle Fuel Economy Dataset,https://www.fueleconomy.gov/feg/epadata/vehicles.csv,
1998,Mercedes-Benz,M-Class,Ml320,Trim,Government Verified,EPA,EPA FuelEconomy.gov Vehicle Fuel Economy Dataset,https://www.fueleconomy.gov/feg/epadata/vehicles.csv,
1998,Mercedes-Benz,S-Class,S320,Trim,Government Verified,EPA,EPA FuelEconomy.gov Vehicle Fuel Economy Dataset,https://www.fueleconomy.gov/feg/epadata/vehicles.csv,
1998,Mercedes-Benz,S-Class,S420,Trim,Government Verified,EPA,EPA FuelEconomy.gov Vehicle Fuel Economy Dataset,https://www.fueleconomy.gov/feg/epadata/vehicles.csv,
1998,Mercedes-Benz,S-Class,S500,Trim,Government Verified,EPA,EPA FuelEconomy.gov Vehicle Fuel Economy Dataset,https://www.fueleconomy.gov/feg/epadata/vehicles.csv,
1998,Mercedes-Benz,S-Class,S600,Trim,Government Verified,EPA,EPA FuelEconomy.gov Vehicle Fuel Economy Dataset,https://www.fueleconomy.gov/feg/epadata/vehicles.csv,
1998,Mercedes-Benz,SL-Class,Sl320,Trim,Government Verified,EPA,EPA FuelEconomy.gov Vehicle Fuel Economy Dataset,https://www.fueleconomy.gov/feg/epadata/vehicles.csv,
1998,Mercedes-Benz,SL-Class,Sl500,Trim,Government Verified,EPA,EPA FuelEconomy.gov Vehicle Fuel Economy Dataset,https://www.fueleconomy.gov/feg/epadata/vehicles.csv,
1998,Mercedes-Benz,SL-Class,Sl600,Trim,Government Verified,EPA,EPA FuelEconomy.gov Vehicle Fuel Economy Dataset,https://www.fueleconomy.gov/feg/epadata/vehicles.csv,
1998,Mercedes-Benz,SLK-Class,Slk230,Trim,Government Verified,EPA,EPA FuelEconomy.gov Vehicle Fuel Economy Dataset,https://www.fueleconomy.gov/feg/epadata/vehicles.csv,
1998,Porsche,911,Carrera,Trim,Government Verified,EPA,EPA FuelEconomy.gov Vehicle Fuel Economy Dataset,https://www.fueleconomy.gov/feg/epadata/vehicles.csv,
1998,Suzuki,Sidekick,Sport,Trim,Fully Verified,EPA,EPA FuelEconomy.gov Vehicle Fuel Economy Dataset,https://www.fueleconomy.gov/feg/epadata/vehicles.csv,
1998,Volkswagen,Golf,GTI,Trim,Government Verified,EPA,EPA FuelEconomy.gov Vehicle Fuel Economy Dataset,https://www.fueleconomy.gov/feg/epadata/vehicles.csv,
1999,BMW,3 Series,318Ti,Trim,Government Verified,EPA,EPA FuelEconomy.gov Vehicle Fuel Economy Dataset,https://www.fueleconomy.gov/feg/epadata/vehicles.csv,
1999,BMW,3 Series,328Ic,Trim,Government Verified,EPA,EPA FuelEconomy.gov Vehicle Fuel Economy Dataset,https://www.fueleconomy.gov/feg/epadata/vehicles.csv,
1999,BMW,5 Series,Touring,Trim,Government Verified,EPA,EPA FuelEconomy.gov Vehicle Fuel Economy Dataset,https://www.fueleconomy.gov/feg/epadata/vehicles.csv,
1999,BMW,7 Series,740Il,Trim,Government Verified,EPA,EPA FuelEconomy.gov Vehicle Fuel Economy Dataset,https://www.fueleconomy.gov/feg/epadata/vehicles.csv,
1999,BMW,7 Series,750Il,Trim,Government Verified,EPA,EPA FuelEconomy.gov Vehicle Fuel Economy Dataset,https://www.fueleconomy.gov/feg/epadata/vehicles.csv,
1999,Chevrolet,Chevy Van (G-Series),G30,Trim,Government Verified,EPA,EPA FuelEconomy.gov Vehicle Fuel Economy Dataset,https://www.fueleconomy.gov/feg/epadata/vehicles.csv,
1999,Chevrolet,Express,3500-,Trim,Government Verified,EPA,EPA FuelEconomy.gov Vehicle Fuel Economy Dataset,https://www.fueleconomy.gov/feg/epadata/vehicles.csv,
1999,Dodge,Ram Van,B150,Trim,Government Verified,EPA,EPA FuelEconomy.gov Vehicle Fuel Economy Dataset,https://www.fueleconomy.gov/feg/epadata/vehicles.csv,
1999,Dodge,Ram Van,B350,Trim,Government Verified,EPA,EPA FuelEconomy.gov Vehicle Fuel Economy Dataset,https://www.fueleconomy.gov/feg/epadata/vehicles.csv,
1999,Ford,Escort,ZX2,Trim,Government Verified,EPA,EPA FuelEconomy.gov Vehicle Fuel Economy Dataset,https://www.fueleconomy.gov/feg/epadata/vehicles.csv,
1999,Ford,Taurus,SHO,Trim,Government Verified,EPA,EPA FuelEconomy.gov Vehicle Fuel Economy Dataset,https://www.fueleconomy.gov/feg/epadata/vehicles.csv,
1999,GMC,C/K 1500-2500 (Sierra Classic era),Suburban,Trim,Government Verified,EPA,EPA FuelEconomy.gov Vehicle Fuel Economy Dataset,https://www.fueleconomy.gov/feg/epadata/vehicles.csv,
1999,GMC,Sonoma,S15,Trim,Government Verified,EPA,EPA FuelEconomy.gov Vehicle Fuel Economy Dataset,https://www.fueleconomy.gov/feg/epadata/vehicles.csv,
1999,GMC,Yukon,Denali,Trim,Fully Verified,EPA,EPA FuelEconomy.gov Vehicle Fuel Economy Dataset,https://www.fueleconomy.gov/feg/epadata/vehicles.csv,
1999,Jaguar,XJ8,Xj8L,Trim,Government Verified,EPA,EPA FuelEconomy.gov Vehicle Fuel Economy Dataset,https://www.fueleconomy.gov/feg/epadata/vehicles.csv,
1999,Mercedes-Benz,C-Class,AMG,Series,Government Verified,EPA,EPA FuelEconomy.gov Vehicle Fuel Economy Dataset,https://www.fueleconomy.gov/feg/epadata/vehicles.csv,
1999,Mercedes-Benz,C-Class,C230,Trim,Government Verified,EPA,EPA FuelEconomy.gov Vehicle Fuel Economy Dataset,https://www.fueleconomy.gov/feg/epadata/vehicles.csv,
1999,Mercedes-Benz,C-Class,C280,Trim,Government Verified,EPA,EPA FuelEconomy.gov Vehicle Fuel Economy Dataset,https://www.fueleconomy.gov/feg/epadata/vehicles.csv,
1999,Mercedes-Benz,C-Class,C43,Trim,Government Verified,EPA,EPA FuelEconomy.gov Vehicle Fuel Economy Dataset,https://www.fueleconomy.gov/feg/epadata/vehicles.csv,
1999,Mercedes-Benz,CL-Class,Cl500,Trim,Government Verified,EPA,EPA FuelEconomy.gov Vehicle Fuel Economy Dataset,https://www.fueleconomy.gov/feg/epadata/vehicles.csv,
1999,Mercedes-Benz,CL-Class,Cl600,Trim,Government Verified,EPA,EPA FuelEconomy.gov Vehicle Fuel Economy Dataset,https://www.fueleconomy.gov/feg/epadata/vehicles.csv,
1999,Mercedes-Benz,CLK-Class,Clk320,Trim,Government Verified,EPA,EPA FuelEconomy.gov Vehicle Fuel Economy Dataset,https://www.fueleconomy.gov/feg/epadata/vehicles.csv,
1999,Mercedes-Benz,CLK-Class,Clk430,Trim,Government Verified,EPA,EPA FuelEconomy.gov Vehicle Fuel Economy Dataset,https://www.fueleconomy.gov/feg/epadata/vehicles.csv,
1999,Mercedes-Benz,E-Class,AMG,Series,Government Verified,EPA,EPA FuelEconomy.gov Vehicle Fuel Economy Dataset,https://www.fueleconomy.gov/feg/epadata/vehicles.csv,
1999,Mercedes-Benz,E-Class,E300,Trim,Government Verified,EPA,EPA FuelEconomy.gov Vehicle Fuel Economy Dataset,https://www.fueleconomy.gov/feg/epadata/vehicles.csv,
1999,Mercedes-Benz,E-Class,E320,Trim,Government Verified,EPA,EPA FuelEconomy.gov Vehicle Fuel Economy Dataset,https://www.fueleconomy.gov/feg/epadata/vehicles.csv,
1999,Mercedes-Benz,E-Class,E430,Trim,Government Verified,EPA,EPA FuelEconomy.gov Vehicle Fuel Economy Dataset,https://www.fueleconomy.gov/feg/epadata/vehicles.csv,
1999,Mercedes-Benz,E-Class,E55,Trim,Government Verified,EPA,EPA FuelEconomy.gov Vehicle Fuel Economy Dataset,https://www.fueleconomy.gov/feg/epadata/vehicles.csv,
1999,Mercedes-Benz,M-Class,Ml320,Trim,Government Verified,EPA,EPA FuelEconomy.gov Vehicle Fuel Economy Dataset,https://www.fueleconomy.gov/feg/epadata/vehicles.csv,
1999,Mercedes-Benz,M-Class,Ml430,Trim,Government Verified,EPA,EPA FuelEconomy.gov Vehicle Fuel Economy Dataset,https://www.fueleconomy.gov/feg/epadata/vehicles.csv,
1999,Mercedes-Benz,S-Class,S320,Trim,Government Verified,EPA,EPA FuelEconomy.gov Vehicle Fuel Economy Dataset,https://www.fueleconomy.gov/feg/epadata/vehicles.csv,
1999,Mercedes-Benz,S-Class,S420,Trim,Government Verified,EPA,EPA FuelEconomy.gov Vehicle Fuel Economy Dataset,https://www.fueleconomy.gov/feg/epadata/vehicles.csv,
1999,Mercedes-Benz,S-Class,S500,Trim,Government Verified,EPA,EPA FuelEconomy.gov Vehicle Fuel Economy Dataset,https://www.fueleconomy.gov/feg/epadata/vehicles.csv,
1999,Mercedes-Benz,S-Class,S600,Trim,Government Verified,EPA,EPA FuelEconomy.gov Vehicle Fuel Economy Dataset,https://www.fueleconomy.gov/feg/epadata/vehicles.csv,
1999,Mercedes-Benz,SL-Class,Sl320,Trim,Government Verified,EPA,EPA FuelEconomy.gov Vehicle Fuel Economy Dataset,https://www.fueleconomy.gov/feg/epadata/vehicles.csv,
1999,Mercedes-Benz,SL-Class,Sl500,Trim,Government Verified,EPA,EPA FuelEconomy.gov Vehicle Fuel Economy Dataset,https://www.fueleconomy.gov/feg/epadata/vehicles.csv,
1999,Mercedes-Benz,SL-Class,Sl600,Trim,Government Verified,EPA,EPA FuelEconomy.gov Vehicle Fuel Economy Dataset,https://www.fueleconomy.gov/feg/epadata/vehicles.csv,
1999,Mercedes-Benz,SLK-Class,Slk230,Trim,Government Verified,EPA,EPA FuelEconomy.gov Vehicle Fuel Economy Dataset,https://www.fueleconomy.gov/feg/epadata/vehicles.csv,
1999,Porsche,911,Carrera,Trim,Government Verified,EPA,EPA FuelEconomy.gov Vehicle Fuel Economy Dataset,https://www.fueleconomy.gov/feg/epadata/vehicles.csv,
2000,BMW,3 Series,325Ci,Trim,Government Verified,EPA,EPA FuelEconomy.gov Vehicle Fuel Economy Dataset,https://www.fueleconomy.gov/feg/epadata/vehicles.csv,
2000,BMW,3 Series,328Ci,Trim,Government Verified,EPA,EPA FuelEconomy.gov Vehicle Fuel Economy Dataset,https://www.fueleconomy.gov/feg/epadata/vehicles.csv,
2000,BMW,3 Series,328Ic,Trim,Government Verified,EPA,EPA FuelEconomy.gov Vehicle Fuel Economy Dataset,https://www.fueleconomy.gov/feg/epadata/vehicles.csv,
2000,BMW,3 Series,330Ci,Trim,Government Verified,EPA,EPA FuelEconomy.gov Vehicle Fuel Economy Dataset,https://www.fueleconomy.gov/feg/epadata/vehicles.csv,
2000,BMW,3 Series,Touring,Trim,Government Verified,EPA,EPA FuelEconomy.gov Vehicle Fuel Economy Dataset,https://www.fueleconomy.gov/feg/epadata/vehicles.csv,
2000,BMW,5 Series,Sport,Trim,Fully Verified,EPA,EPA FuelEconomy.gov Vehicle Fuel Economy Dataset,https://www.fueleconomy.gov/feg/epadata/vehicles.csv,
2000,BMW,7 Series,740Il,Trim,Government Verified,EPA,EPA FuelEconomy.gov Vehicle Fuel Economy Dataset,https://www.fueleconomy.gov/feg/epadata/vehicles.csv,
2000,BMW,7 Series,750Il,Trim,Government Verified,EPA,EPA FuelEconomy.gov Vehicle Fuel Economy Dataset,https://www.fueleconomy.gov/feg/epadata/vehicles.csv,
2000,Chevrolet,Express,3500-,Trim,Government Verified,EPA,EPA FuelEconomy.gov Vehicle Fuel Economy Dataset,https://www.fueleconomy.gov/feg/epadata/vehicles.csv,
2000,Chevrolet,S-10,T10,Trim,Government Verified,EPA,EPA FuelEconomy.gov Vehicle Fuel Economy Dataset,https://www.fueleconomy.gov/feg/epadata/vehicles.csv,
2000,Dodge,Ram Van,B350,Trim,Government Verified,EPA,EPA FuelEconomy.gov Vehicle Fuel Economy Dataset,https://www.fueleconomy.gov/feg/epadata/vehicles.csv,
2000,Ford,Escort,ZX2,Trim,Government Verified,EPA,EPA FuelEconomy.gov Vehicle Fuel Economy Dataset,https://www.fueleconomy.gov/feg/epadata/vehicles.csv,
2000,Ford,F-150,Lightning,Sub-model,Government Verified,EPA,EPA FuelEconomy.gov Vehicle Fuel Economy Dataset,https://www.fueleconomy.gov/feg/epadata/vehicles.csv,
2000,GMC,Vandura,G35,Trim,Government Verified,EPA,EPA FuelEconomy.gov Vehicle Fuel Economy Dataset,https://www.fueleconomy.gov/feg/epadata/vehicles.csv,
2000,Honda,Civic,CNG,Trim,Government Verified,EPA,EPA FuelEconomy.gov Vehicle Fuel Economy Dataset,https://www.fueleconomy.gov/feg/epadata/vehicles.csv,
2000,Jaguar,XJ8,Xj8L,Trim,Government Verified,EPA,EPA FuelEconomy.gov Vehicle Fuel Economy Dataset,https://www.fueleconomy.gov/feg/epadata/vehicles.csv,
2000,Mercedes-Benz,C-Class,AMG,Series,Government Verified,EPA,EPA FuelEconomy.gov Vehicle Fuel Economy Dataset,https://www.fueleconomy.gov/feg/epadata/vehicles.csv,
2000,Mercedes-Benz,C-Class,C230,Trim,Government Verified,EPA,EPA FuelEconomy.gov Vehicle Fuel Economy Dataset,https://www.fueleconomy.gov/feg/epadata/vehicles.csv,
2000,Mercedes-Benz,C-Class,C280,Trim,Government Verified,EPA,EPA FuelEconomy.gov Vehicle Fuel Economy Dataset,https://www.fueleconomy.gov/feg/epadata/vehicles.csv,
2000,Mercedes-Benz,C-Class,C43,Trim,Government Verified,EPA,EPA FuelEconomy.gov Vehicle Fuel Economy Dataset,https://www.fueleconomy.gov/feg/epadata/vehicles.csv,
2000,Mercedes-Benz,CL-Class,Cl500,Trim,Government Verified,EPA,EPA FuelEconomy.gov Vehicle Fuel Economy Dataset,https://www.fueleconomy.gov/feg/epadata/vehicles.csv,
2000,Mercedes-Benz,CLK-Class,Clk320,Trim,Government Verified,EPA,EPA FuelEconomy.gov Vehicle Fuel Economy Dataset,https://www.fueleconomy.gov/feg/epadata/vehicles.csv,
2000,Mercedes-Benz,CLK-Class,Clk430,Trim,Government Verified,EPA,EPA FuelEconomy.gov Vehicle Fuel Economy Dataset,https://www.fueleconomy.gov/feg/epadata/vehicles.csv,
2000,Mercedes-Benz,E-Class,AMG,Series,Government Verified,EPA,EPA FuelEconomy.gov Vehicle Fuel Economy Dataset,https://www.fueleconomy.gov/feg/epadata/vehicles.csv,
2000,Mercedes-Benz,E-Class,E320,Trim,Government Verified,EPA,EPA FuelEconomy.gov Vehicle Fuel Economy Dataset,https://www.fueleconomy.gov/feg/epadata/vehicles.csv,
2000,Mercedes-Benz,E-Class,E430,Trim,Government Verified,EPA,EPA FuelEconomy.gov Vehicle Fuel Economy Dataset,https://www.fueleconomy.gov/feg/epadata/vehicles.csv,
2000,Mercedes-Benz,E-Class,E55,Trim,Government Verified,EPA,EPA FuelEconomy.gov Vehicle Fuel Economy Dataset,https://www.fueleconomy.gov/feg/epadata/vehicles.csv,
2000,Mercedes-Benz,M-Class,Ml320,Trim,Government Verified,EPA,EPA FuelEconomy.gov Vehicle Fuel Economy Dataset,https://www.fueleconomy.gov/feg/epadata/vehicles.csv,
2000,Mercedes-Benz,M-Class,Ml430,Trim,Government Verified,EPA,EPA FuelEconomy.gov Vehicle Fuel Economy Dataset,https://www.fueleconomy.gov/feg/epadata/vehicles.csv,
2000,Mercedes-Benz,M-Class,Ml55,Trim,Government Verified,EPA,EPA FuelEconomy.gov Vehicle Fuel Economy Dataset,https://www.fueleconomy.gov/feg/epadata/vehicles.csv,
2000,Mercedes-Benz,S-Class,S430,Trim,Government Verified,EPA,EPA FuelEconomy.gov Vehicle Fuel Economy Dataset,https://www.fueleconomy.gov/feg/epadata/vehicles.csv,
2000,Mercedes-Benz,S-Class,S500,Trim,Government Verified,EPA,EPA FuelEconomy.gov Vehicle Fuel Economy Dataset,https://www.fueleconomy.gov/feg/epadata/vehicles.csv,
2000,Mercedes-Benz,SL-Class,Sl320,Trim,Government Verified,EPA,EPA FuelEconomy.gov Vehicle Fuel Economy Dataset,https://www.fueleconomy.gov/feg/epadata/vehicles.csv,
2000,Mercedes-Benz,SL-Class,Sl500,Trim,Government Verified,EPA,EPA FuelEconomy.gov Vehicle Fuel Economy Dataset,https://www.fueleconomy.gov/feg/epadata/vehicles.csv,
2000,Mercedes-Benz,SL-Class,Sl600,Trim,Government Verified,EPA,EPA FuelEconomy.gov Vehicle Fuel Economy Dataset,https://www.fueleconomy.gov/feg/epadata/vehicles.csv,
2000,Mercedes-Benz,SLK-Class,Slk230,Trim,Government Verified,EPA,EPA FuelEconomy.gov Vehicle Fuel Economy Dataset,https://www.fueleconomy.gov/feg/epadata/vehicles.csv,
2000,Porsche,911,Carrera,Trim,Government Verified,EPA,EPA FuelEconomy.gov Vehicle Fuel Economy Dataset,https://www.fueleconomy.gov/feg/epadata/vehicles.csv,
2000,Saturn,L-Series,Lw200,Trim,Government Verified,EPA,EPA FuelEconomy.gov Vehicle Fuel Economy Dataset,https://www.fueleconomy.gov/feg/epadata/vehicles.csv,
2001,BMW,3 Series,325Ci,Trim,Government Verified,EPA,EPA FuelEconomy.gov Vehicle Fuel Economy Dataset,https://www.fueleconomy.gov/feg/epadata/vehicles.csv,
2001,BMW,3 Series,325Ix,Trim,Government Verified,EPA,EPA FuelEconomy.gov Vehicle Fuel Economy Dataset,https://www.fueleconomy.gov/feg/epadata/vehicles.csv,
2001,BMW,3 Series,325Xi,Trim,Government Verified,EPA,EPA FuelEconomy.gov Vehicle Fuel Economy Dataset,https://www.fueleconomy.gov/feg/epadata/vehicles.csv,
2001,BMW,3 Series,330Ci,Trim,Government Verified,EPA,EPA FuelEconomy.gov Vehicle Fuel Economy Dataset,https://www.fueleconomy.gov/feg/epadata/vehicles.csv,
2001,BMW,3 Series,330Xi,Trim,Government Verified,EPA,EPA FuelEconomy.gov Vehicle Fuel Economy Dataset,https://www.fueleconomy.gov/feg/epadata/vehicles.csv,
2001,BMW,3 Series,Sport,Trim,Government Verified,EPA,EPA FuelEconomy.gov Vehicle Fuel Economy Dataset,https://www.fueleconomy.gov/feg/epadata/vehicles.csv,
2001,BMW,5 Series,Sport,Trim,Fully Verified,EPA,EPA FuelEconomy.gov Vehicle Fuel Economy Dataset,https://www.fueleconomy.gov/feg/epadata/vehicles.csv,
2001,BMW,7 Series,740Il,Trim,Government Verified,EPA,EPA FuelEconomy.gov Vehicle Fuel Economy Dataset,https://www.fueleconomy.gov/feg/epadata/vehicles.csv,
2001,BMW,7 Series,750Il,Trim,Government Verified,EPA,EPA FuelEconomy.gov Vehicle Fuel Economy Dataset,https://www.fueleconomy.gov/feg/epadata/vehicles.csv,
2001,Chevrolet,Chevy Van (G-Series),G30,Trim,Government Verified,EPA,EPA FuelEconomy.gov Vehicle Fuel Economy Dataset,https://www.fueleconomy.gov/feg/epadata/vehicles.csv,
2001,Chevrolet,Express,3500-,Trim,Government Verified,EPA,EPA FuelEconomy.gov Vehicle Fuel Economy Dataset,https://www.fueleconomy.gov/feg/epadata/vehicles.csv,
2001,Chevrolet,S-10,T10,Trim,Government Verified,EPA,EPA FuelEconomy.gov Vehicle Fuel Economy Dataset,https://www.fueleconomy.gov/feg/epadata/vehicles.csv,
2001,Chrysler,Town & Country,AND,Trim,Government Verified,EPA,EPA FuelEconomy.gov Vehicle Fuel Economy Dataset,https://www.fueleconomy.gov/feg/epadata/vehicles.csv,
2001,Dodge,Ram Van,B150,Trim,Government Verified,EPA,EPA FuelEconomy.gov Vehicle Fuel Economy Dataset,https://www.fueleconomy.gov/feg/epadata/vehicles.csv,
2001,Ford,Escort,ZX2,Trim,Government Verified,EPA,EPA FuelEconomy.gov Vehicle Fuel Economy Dataset,https://www.fueleconomy.gov/feg/epadata/vehicles.csv,
2001,GMC,Sonoma,S15,Trim,Government Verified,EPA,EPA FuelEconomy.gov Vehicle Fuel Economy Dataset,https://www.fueleconomy.gov/feg/epadata/vehicles.csv,
2001,Honda,Civic,CNG,Trim,Government Verified,EPA,EPA FuelEconomy.gov Vehicle Fuel Economy Dataset,https://www.fueleconomy.gov/feg/epadata/vehicles.csv,
2001,Jaguar,XJ8,Xj8L,Trim,Government Verified,EPA,EPA FuelEconomy.gov Vehicle Fuel Economy Dataset,https://www.fueleconomy.gov/feg/epadata/vehicles.csv,
2001,Mercedes-Benz,C-Class,C230,Trim,Government Verified,EPA,EPA FuelEconomy.gov Vehicle Fuel Economy Dataset,https://www.fueleconomy.gov/feg/epadata/vehicles.csv,
2001,Mercedes-Benz,C-Class,C240,Trim,Government Verified,EPA,EPA FuelEconomy.gov Vehicle Fuel Economy Dataset,https://www.fueleconomy.gov/feg/epadata/vehicles.csv,
2001,Mercedes-Benz,C-Class,C320,Trim,Government Verified,EPA,EPA FuelEconomy.gov Vehicle Fuel Economy Dataset,https://www.fueleconomy.gov/feg/epadata/vehicles.csv,
2001,Mercedes-Benz,CL-Class,AMG,Series,Government Verified,EPA,EPA FuelEconomy.gov Vehicle Fuel Economy Dataset,https://www.fueleconomy.gov/feg/epadata/vehicles.csv,
2001,Mercedes-Benz,CL-Class,Cl500,Trim,Government Verified,EPA,EPA FuelEconomy.gov Vehicle Fuel Economy Dataset,https://www.fueleconomy.gov/feg/epadata/vehicles.csv,
2001,Mercedes-Benz,CL-Class,Cl55,Trim,Government Verified,EPA,EPA FuelEconomy.gov Vehicle Fuel Economy Dataset,https://www.fueleconomy.gov/feg/epadata/vehicles.csv,
2001,Mercedes-Benz,CL-Class,Cl600,Trim,Government Verified,EPA,EPA FuelEconomy.gov Vehicle Fuel Economy Dataset,https://www.fueleconomy.gov/feg/epadata/vehicles.csv,
2001,Mercedes-Benz,CLK-Class,AMG,Series,Government Verified,EPA,EPA FuelEconomy.gov Vehicle Fuel Economy Dataset,https://www.fueleconomy.gov/feg/epadata/vehicles.csv,
2001,Mercedes-Benz,CLK-Class,Clk320,Trim,Government Verified,EPA,EPA FuelEconomy.gov Vehicle Fuel Economy Dataset,https://www.fueleconomy.gov/feg/epadata/vehicles.csv,
2001,Mercedes-Benz,CLK-Class,Clk430,Trim,Government Verified,EPA,EPA FuelEconomy.gov Vehicle Fuel Economy Dataset,https://www.fueleconomy.gov/feg/epadata/vehicles.csv,
2001,Mercedes-Benz,E-Class,AMG,Series,Government Verified,EPA,EPA FuelEconomy.gov Vehicle Fuel Economy Dataset,https://www.fueleconomy.gov/feg/epadata/vehicles.csv,
2001,Mercedes-Benz,E-Class,E300,Trim,Government Verified,EPA,EPA FuelEconomy.gov Vehicle Fuel Economy Dataset,https://www.fueleconomy.gov/feg/epadata/vehicles.csv,
2001,Mercedes-Benz,E-Class,E320,Trim,Government Verified,EPA,EPA FuelEconomy.gov Vehicle Fuel Economy Dataset,https://www.fueleconomy.gov/feg/epadata/vehicles.csv,
2001,Mercedes-Benz,E-Class,E430,Trim,Government Verified,EPA,EPA FuelEconomy.gov Vehicle Fuel Economy Dataset,https://www.fueleconomy.gov/feg/epadata/vehicles.csv,
2001,Mercedes-Benz,E-Class,E55,Trim,Government Verified,EPA,EPA FuelEconomy.gov Vehicle Fuel Economy Dataset,https://www.fueleconomy.gov/feg/epadata/vehicles.csv,
2001,Mercedes-Benz,M-Class,Ml320,Trim,Government Verified,EPA,EPA FuelEconomy.gov Vehicle Fuel Economy Dataset,https://www.fueleconomy.gov/feg/epadata/vehicles.csv,
2001,Mercedes-Benz,M-Class,Ml350,Trim,Government Verified,EPA,EPA FuelEconomy.gov Vehicle Fuel Economy Dataset,https://www.fueleconomy.gov/feg/epadata/vehicles.csv,
2001,Mercedes-Benz,M-Class,Ml430,Trim,Government Verified,EPA,EPA FuelEconomy.gov Vehicle Fuel Economy Dataset,https://www.fueleconomy.gov/feg/epadata/vehicles.csv,
2001,Mercedes-Benz,M-Class,Ml55,Trim,Government Verified,EPA,EPA FuelEconomy.gov Vehicle Fuel Economy Dataset,https://www.fueleconomy.gov/feg/epadata/vehicles.csv,
2001,Mercedes-Benz,S-Class,AMG,Series,Government Verified,EPA,EPA FuelEconomy.gov Vehicle Fuel Economy Dataset,https://www.fueleconomy.gov/feg/epadata/vehicles.csv,
2001,Mercedes-Benz,S-Class,S430,Trim,Government Verified,EPA,EPA FuelEconomy.gov Vehicle Fuel Economy Dataset,https://www.fueleconomy.gov/feg/epadata/vehicles.csv,
2001,Mercedes-Benz,S-Class,S500,Trim,Government Verified,EPA,EPA FuelEconomy.gov Vehicle Fuel Economy Dataset,https://www.fueleconomy.gov/feg/epadata/vehicles.csv,
2001,Mercedes-Benz,S-Class,S55,Trim,Government Verified,EPA,EPA FuelEconomy.gov Vehicle Fuel Economy Dataset,https://www.fueleconomy.gov/feg/epadata/vehicles.csv,
2001,Mercedes-Benz,S-Class,S600,Trim,Government Verified,EPA,EPA FuelEconomy.gov Vehicle Fuel Economy Dataset,https://www.fueleconomy.gov/feg/epadata/vehicles.csv,
2001,Mercedes-Benz,SL-Class,Sl500,Trim,Government Verified,EPA,EPA FuelEconomy.gov Vehicle Fuel Economy Dataset,https://www.fueleconomy.gov/feg/epadata/vehicles.csv,
2001,Mercedes-Benz,SL-Class,Sl600,Trim,Government Verified,EPA,EPA FuelEconomy.gov Vehicle Fuel Economy Dataset,https://www.fueleconomy.gov/feg/epadata/vehicles.csv,
2001,Mercedes-Benz,SLK-Class,Slk230,Trim,Government Verified,EPA,EPA FuelEconomy.gov Vehicle Fuel Economy Dataset,https://www.fueleconomy.gov/feg/epadata/vehicles.csv,
2001,Mercedes-Benz,SLK-Class,Slk320,Trim,Government Verified,EPA,EPA FuelEconomy.gov Vehicle Fuel Economy Dataset,https://www.fueleconomy.gov/feg/epadata/vehicles.csv,
2001,Porsche,911,Carrera,Trim,Government Verified,EPA,EPA FuelEconomy.gov Vehicle Fuel Economy Dataset,https://www.fueleconomy.gov/feg/epadata/vehicles.csv,
2001,Saturn,L-Series,Lw200,Trim,Government Verified,EPA,EPA FuelEconomy.gov Vehicle Fuel Economy Dataset,https://www.fueleconomy.gov/feg/epadata/vehicles.csv,
2001,Suzuki,Grand Vitara,Xl-7,Trim,Government Verified,EPA,EPA FuelEconomy.gov Vehicle Fuel Economy Dataset,https://www.fueleconomy.gov/feg/epadata/vehicles.csv,
2002,BMW,3 Series,325Ci,Trim,Government Verified,EPA,EPA FuelEconomy.gov Vehicle Fuel Economy Dataset,https://www.fueleconomy.gov/feg/epadata/vehicles.csv,
2002,BMW,3 Series,325Xi,Trim,Government Verified,EPA,EPA FuelEconomy.gov Vehicle Fuel Economy Dataset,https://www.fueleconomy.gov/feg/epadata/vehicles.csv,
2002,BMW,3 Series,330Ci,Trim,Government Verified,EPA,EPA FuelEconomy.gov Vehicle Fuel Economy Dataset,https://www.fueleconomy.gov/feg/epadata/vehicles.csv,
2002,BMW,3 Series,330Xi,Trim,Government Verified,EPA,EPA FuelEconomy.gov Vehicle Fuel Economy Dataset,https://www.fueleconomy.gov/feg/epadata/vehicles.csv,
2002,BMW,3 Series,Sport,Trim,Government Verified,EPA,EPA FuelEconomy.gov Vehicle Fuel Economy Dataset,https://www.fueleconomy.gov/feg/epadata/vehicles.csv,
2002,BMW,5 Series,Sport,Trim,Fully Verified,EPA,EPA FuelEconomy.gov Vehicle Fuel Economy Dataset,https://www.fueleconomy.gov/feg/epadata/vehicles.csv,
2002,Chevrolet,Chevy Van (G-Series),G30,Trim,Government Verified,EPA,EPA FuelEconomy.gov Vehicle Fuel Economy Dataset,https://www.fueleconomy.gov/feg/epadata/vehicles.csv,
2002,Ford,Escort,ZX2,Trim,Government Verified,EPA,EPA FuelEconomy.gov Vehicle Fuel Economy Dataset,https://www.fueleconomy.gov/feg/epadata/vehicles.csv,
2002,GMC,Yukon,Denali,Trim,Fully Verified,EPA,EPA FuelEconomy.gov Vehicle Fuel Economy Dataset,https://www.fueleconomy.gov/feg/epadata/vehicles.csv,
2002,Honda,Civic,CNG,Trim,Government Verified,EPA,EPA FuelEconomy.gov Vehicle Fuel Economy Dataset,https://www.fueleconomy.gov/feg/epadata/vehicles.csv,
2002,Honda,Civic,SI,Trim,Fully Verified,EPA,EPA FuelEconomy.gov Vehicle Fuel Economy Dataset,https://www.fueleconomy.gov/feg/epadata/vehicles.csv,
2002,Jaguar,Vanden Plas,VDP,Trim,Government Verified,EPA,EPA FuelEconomy.gov Vehicle Fuel Economy Dataset,https://www.fueleconomy.gov/feg/epadata/vehicles.csv,
2002,Jaguar,XJ,Sport,Trim,Government Verified,EPA,EPA FuelEconomy.gov Vehicle Fuel Economy Dataset,https://www.fueleconomy.gov/feg/epadata/vehicles.csv,
2002,Mercedes-Benz,C-Class,AMG,Series,Government Verified,EPA,EPA FuelEconomy.gov Vehicle Fuel Economy Dataset,https://www.fueleconomy.gov/feg/epadata/vehicles.csv,
2002,Mercedes-Benz,C-Class,C230,Trim,Government Verified,EPA,EPA FuelEconomy.gov Vehicle Fuel Economy Dataset,https://www.fueleconomy.gov/feg/epadata/vehicles.csv,
2002,Mercedes-Benz,C-Class,C240,Trim,Government Verified,EPA,EPA FuelEconomy.gov Vehicle Fuel Economy Dataset,https://www.fueleconomy.gov/feg/epadata/vehicles.csv,
2002,Mercedes-Benz,C-Class,C320,Trim,Government Verified,EPA,EPA FuelEconomy.gov Vehicle Fuel Economy Dataset,https://www.fueleconomy.gov/feg/epadata/vehicles.csv,
2002,Mercedes-Benz,CL-Class,AMG,Series,Government Verified,EPA,EPA FuelEconomy.gov Vehicle Fuel Economy Dataset,https://www.fueleconomy.gov/feg/epadata/vehicles.csv,
2002,Mercedes-Benz,CL-Class,Cl500,Trim,Government Verified,EPA,EPA FuelEconomy.gov Vehicle Fuel Economy Dataset,https://www.fueleconomy.gov/feg/epadata/vehicles.csv,
2002,Mercedes-Benz,CL-Class,Cl55,Trim,Government Verified,EPA,EPA FuelEconomy.gov Vehicle Fuel Economy Dataset,https://www.fueleconomy.gov/feg/epadata/vehicles.csv,
2002,Mercedes-Benz,CL-Class,Cl600,Trim,Government Verified,EPA,EPA FuelEconomy.gov Vehicle Fuel Economy Dataset,https://www.fueleconomy.gov/feg/epadata/vehicles.csv,
2002,Mercedes-Benz,CLK-Class,AMG,Series,Government Verified,EPA,EPA FuelEconomy.gov Vehicle Fuel Economy Dataset,https://www.fueleconomy.gov/feg/epadata/vehicles.csv,
2002,Mercedes-Benz,CLK-Class,Clk320,Trim,Government Verified,EPA,EPA FuelEconomy.gov Vehicle Fuel Economy Dataset,https://www.fueleconomy.gov/feg/epadata/vehicles.csv,
2002,Mercedes-Benz,CLK-Class,Clk430,Trim,Government Verified,EPA,EPA FuelEconomy.gov Vehicle Fuel Economy Dataset,https://www.fueleconomy.gov/feg/epadata/vehicles.csv,
2002,Mercedes-Benz,E-Class,AMG,Series,Government Verified,EPA,EPA FuelEconomy.gov Vehicle Fuel Economy Dataset,https://www.fueleconomy.gov/feg/epadata/vehicles.csv,
2002,Mercedes-Benz,E-Class,E320,Trim,Government Verified,EPA,EPA FuelEconomy.gov Vehicle Fuel Economy Dataset,https://www.fueleconomy.gov/feg/epadata/vehicles.csv,
2002,Mercedes-Benz,E-Class,E430,Trim,Government Verified,EPA,EPA FuelEconomy.gov Vehicle Fuel Economy Dataset,https://www.fueleconomy.gov/feg/epadata/vehicles.csv,
2002,Mercedes-Benz,E-Class,E55,Trim,Government Verified,EPA,EPA FuelEconomy.gov Vehicle Fuel Economy Dataset,https://www.fueleconomy.gov/feg/epadata/vehicles.csv,
2002,Mercedes-Benz,G-Class,G500,Trim,Government Verified,EPA,EPA FuelEconomy.gov Vehicle Fuel Economy Dataset,https://www.fueleconomy.gov/feg/epadata/vehicles.csv,
2002,Mercedes-Benz,M-Class,Ml320,Trim,Government Verified,EPA,EPA FuelEconomy.gov Vehicle Fuel Economy Dataset,https://www.fueleconomy.gov/feg/epadata/vehicles.csv,
2002,Mercedes-Benz,M-Class,Ml55,Trim,Government Verified,EPA,EPA FuelEconomy.gov Vehicle Fuel Economy Dataset,https://www.fueleconomy.gov/feg/epadata/vehicles.csv,
2002,Mercedes-Benz,S-Class,AMG,Series,Government Verified,EPA,EPA FuelEconomy.gov Vehicle Fuel Economy Dataset,https://www.fueleconomy.gov/feg/epadata/vehicles.csv,
2002,Mercedes-Benz,S-Class,S430,Trim,Government Verified,EPA,EPA FuelEconomy.gov Vehicle Fuel Economy Dataset,https://www.fueleconomy.gov/feg/epadata/vehicles.csv,
2002,Mercedes-Benz,S-Class,S500,Trim,Government Verified,EPA,EPA FuelEconomy.gov Vehicle Fuel Economy Dataset,https://www.fueleconomy.gov/feg/epadata/vehicles.csv,
2002,Mercedes-Benz,S-Class,S55,Trim,Government Verified,EPA,EPA FuelEconomy.gov Vehicle Fuel Economy Dataset,https://www.fueleconomy.gov/feg/epadata/vehicles.csv,
2002,Mercedes-Benz,S-Class,S600,Trim,Government Verified,EPA,EPA FuelEconomy.gov Vehicle Fuel Economy Dataset,https://www.fueleconomy.gov/feg/epadata/vehicles.csv,
2002,Mercedes-Benz,SL-Class,Sl500,Trim,Government Verified,EPA,EPA FuelEconomy.gov Vehicle Fuel Economy Dataset,https://www.fueleconomy.gov/feg/epadata/vehicles.csv,
2002,Mercedes-Benz,SL-Class,Sl600,Trim,Government Verified,EPA,EPA FuelEconomy.gov Vehicle Fuel Economy Dataset,https://www.fueleconomy.gov/feg/epadata/vehicles.csv,
2002,Mercedes-Benz,SLK-Class,Slk230,Trim,Government Verified,EPA,EPA FuelEconomy.gov Vehicle Fuel Economy Dataset,https://www.fueleconomy.gov/feg/epadata/vehicles.csv,
2002,Mercedes-Benz,SLK-Class,Slk320,Trim,Government Verified,EPA,EPA FuelEconomy.gov Vehicle Fuel Economy Dataset,https://www.fueleconomy.gov/feg/epadata/vehicles.csv,
2002,Porsche,911,Carrera,Trim,Government Verified,EPA,EPA FuelEconomy.gov Vehicle Fuel Economy Dataset,https://www.fueleconomy.gov/feg/epadata/vehicles.csv,
2002,Porsche,911,GT2,Trim,Government Verified,EPA,EPA FuelEconomy.gov Vehicle Fuel Economy Dataset,https://www.fueleconomy.gov/feg/epadata/vehicles.csv,
2002,Porsche,911,Targa,Trim,Government Verified,EPA,EPA FuelEconomy.gov Vehicle Fuel Economy Dataset,https://www.fueleconomy.gov/feg/epadata/vehicles.csv,
2002,Saturn,L-Series,Lw200,Trim,Government Verified,EPA,EPA FuelEconomy.gov Vehicle Fuel Economy Dataset,https://www.fueleconomy.gov/feg/epadata/vehicles.csv,
2002,Suzuki,Grand Vitara,Xl-7,Trim,Government Verified,EPA,EPA FuelEconomy.gov Vehicle Fuel Economy Dataset,https://www.fueleconomy.gov/feg/epadata/vehicles.csv,
2002,Volkswagen,Golf,GTI,Trim,Government Verified,EPA,EPA FuelEconomy.gov Vehicle Fuel Economy Dataset,https://www.fueleconomy.gov/feg/epadata/vehicles.csv,
2003,Aston Martin,DB-7,GT,Trim,Government Verified,EPA,EPA FuelEconomy.gov Vehicle Fuel Economy Dataset,https://www.fueleconomy.gov/feg/epadata/vehicles.csv,
2003,BMW,3 Series,325Ci,Trim,Government Verified,EPA,EPA FuelEconomy.gov Vehicle Fuel Economy Dataset,https://www.fueleconomy.gov/feg/epadata/vehicles.csv,
2003,BMW,3 Series,325Xi,Trim,Government Verified,EPA,EPA FuelEconomy.gov Vehicle Fuel Economy Dataset,https://www.fueleconomy.gov/feg/epadata/vehicles.csv,
2003,BMW,3 Series,330Ci,Trim,Government Verified,EPA,EPA FuelEconomy.gov Vehicle Fuel Economy Dataset,https://www.fueleconomy.gov/feg/epadata/vehicles.csv,
2003,BMW,3 Series,330Xi,Trim,Government Verified,EPA,EPA FuelEconomy.gov Vehicle Fuel Economy Dataset,https://www.fueleconomy.gov/feg/epadata/vehicles.csv,
2003,BMW,3 Series,Sport,Trim,Government Verified,EPA,EPA FuelEconomy.gov Vehicle Fuel Economy Dataset,https://www.fueleconomy.gov/feg/epadata/vehicles.csv,
2003,BMW,5 Series,Sport,Trim,Fully Verified,EPA,EPA FuelEconomy.gov Vehicle Fuel Economy Dataset,https://www.fueleconomy.gov/feg/epadata/vehicles.csv,
2003,BMW,7 Series,760Li,Trim,Government Verified,EPA,EPA FuelEconomy.gov Vehicle Fuel Economy Dataset,https://www.fueleconomy.gov/feg/epadata/vehicles.csv,
2003,Ford,Escort,ZX2,Trim,Government Verified,EPA,EPA FuelEconomy.gov Vehicle Fuel Economy Dataset,https://www.fueleconomy.gov/feg/epadata/vehicles.csv,
2003,GMC,Yukon,Denali,Trim,Fully Verified,EPA,EPA FuelEconomy.gov Vehicle Fuel Economy Dataset,https://www.fueleconomy.gov/feg/epadata/vehicles.csv,
2003,Honda,Civic,CNG,Trim,Government Verified,EPA,EPA FuelEconomy.gov Vehicle Fuel Economy Dataset,https://www.fueleconomy.gov/feg/epadata/vehicles.csv,
2003,Jaguar,Vanden Plas,VDP,Trim,Government Verified,EPA,EPA FuelEconomy.gov Vehicle Fuel Economy Dataset,https://www.fueleconomy.gov/feg/epadata/vehicles.csv,
2003,Jaguar,XJ,Sport,Trim,Government Verified,EPA,EPA FuelEconomy.gov Vehicle Fuel Economy Dataset,https://www.fueleconomy.gov/feg/epadata/vehicles.csv,
2003,Mercedes-Benz,C-Class,AMG,Series,Government Verified,EPA,EPA FuelEconomy.gov Vehicle Fuel Economy Dataset,https://www.fueleconomy.gov/feg/epadata/vehicles.csv,
2003,Mercedes-Benz,C-Class,C230,Trim,Government Verified,EPA,EPA FuelEconomy.gov Vehicle Fuel Economy Dataset,https://www.fueleconomy.gov/feg/epadata/vehicles.csv,
2003,Mercedes-Benz,C-Class,C240,Trim,Government Verified,EPA,EPA FuelEconomy.gov Vehicle Fuel Economy Dataset,https://www.fueleconomy.gov/feg/epadata/vehicles.csv,
2003,Mercedes-Benz,C-Class,C320,Trim,Government Verified,EPA,EPA FuelEconomy.gov Vehicle Fuel Economy Dataset,https://www.fueleconomy.gov/feg/epadata/vehicles.csv,
2003,Mercedes-Benz,CL-Class,AMG,Series,Government Verified,EPA,EPA FuelEconomy.gov Vehicle Fuel Economy Dataset,https://www.fueleconomy.gov/feg/epadata/vehicles.csv,
2003,Mercedes-Benz,CL-Class,Cl500,Trim,Government Verified,EPA,EPA FuelEconomy.gov Vehicle Fuel Economy Dataset,https://www.fueleconomy.gov/feg/epadata/vehicles.csv,
2003,Mercedes-Benz,CL-Class,Cl55,Trim,Government Verified,EPA,EPA FuelEconomy.gov Vehicle Fuel Economy Dataset,https://www.fueleconomy.gov/feg/epadata/vehicles.csv,
2003,Mercedes-Benz,CL-Class,Cl600,Trim,Government Verified,EPA,EPA FuelEconomy.gov Vehicle Fuel Economy Dataset,https://www.fueleconomy.gov/feg/epadata/vehicles.csv,
2003,Mercedes-Benz,CLK-Class,AMG,Series,Government Verified,EPA,EPA FuelEconomy.gov Vehicle Fuel Economy Dataset,https://www.fueleconomy.gov/feg/epadata/vehicles.csv,
2003,Mercedes-Benz,CLK-Class,Clk320,Trim,Government Verified,EPA,EPA FuelEconomy.gov Vehicle Fuel Economy Dataset,https://www.fueleconomy.gov/feg/epadata/vehicles.csv,
2003,Mercedes-Benz,CLK-Class,Clk430,Trim,Government Verified,EPA,EPA FuelEconomy.gov Vehicle Fuel Economy Dataset,https://www.fueleconomy.gov/feg/epadata/vehicles.csv,
2003,Mercedes-Benz,CLK-Class,Clk500,Trim,Government Verified,EPA,EPA FuelEconomy.gov Vehicle Fuel Economy Dataset,https://www.fueleconomy.gov/feg/epadata/vehicles.csv,
2003,Mercedes-Benz,E-Class,AMG,Series,Government Verified,EPA,EPA FuelEconomy.gov Vehicle Fuel Economy Dataset,https://www.fueleconomy.gov/feg/epadata/vehicles.csv,
2003,Mercedes-Benz,E-Class,E320,Trim,Government Verified,EPA,EPA FuelEconomy.gov Vehicle Fuel Economy Dataset,https://www.fueleconomy.gov/feg/epadata/vehicles.csv,
2003,Mercedes-Benz,E-Class,E55,Trim,Government Verified,EPA,EPA FuelEconomy.gov Vehicle Fuel Economy Dataset,https://www.fueleconomy.gov/feg/epadata/vehicles.csv,
2003,Mercedes-Benz,G-Class,AMG,Series,Government Verified,EPA,EPA FuelEconomy.gov Vehicle Fuel Economy Dataset,https://www.fueleconomy.gov/feg/epadata/vehicles.csv,
2003,Mercedes-Benz,G-Class,G500,Trim,Government Verified,EPA,EPA FuelEconomy.gov Vehicle Fuel Economy Dataset,https://www.fueleconomy.gov/feg/epadata/vehicles.csv,
2003,Mercedes-Benz,G-Class,G55,Trim,Government Verified,EPA,EPA FuelEconomy.gov Vehicle Fuel Economy Dataset,https://www.fueleconomy.gov/feg/epadata/vehicles.csv,
2003,Mercedes-Benz,M-Class,Ml320,Trim,Government Verified,EPA,EPA FuelEconomy.gov Vehicle Fuel Economy Dataset,https://www.fueleconomy.gov/feg/epadata/vehicles.csv,
2003,Mercedes-Benz,M-Class,Ml350,Trim,Government Verified,EPA,EPA FuelEconomy.gov Vehicle Fuel Economy Dataset,https://www.fueleconomy.gov/feg/epadata/vehicles.csv,
2003,Mercedes-Benz,M-Class,Ml55,Trim,Government Verified,EPA,EPA FuelEconomy.gov Vehicle Fuel Economy Dataset,https://www.fueleconomy.gov/feg/epadata/vehicles.csv,
2003,Mercedes-Benz,S-Class,AMG,Series,Government Verified,EPA,EPA FuelEconomy.gov Vehicle Fuel Economy Dataset,https://www.fueleconomy.gov/feg/epadata/vehicles.csv,
2003,Mercedes-Benz,S-Class,S430,Trim,Government Verified,EPA,EPA FuelEconomy.gov Vehicle Fuel Economy Dataset,https://www.fueleconomy.gov/feg/epadata/vehicles.csv,
2003,Mercedes-Benz,S-Class,S500,Trim,Government Verified,EPA,EPA FuelEconomy.gov Vehicle Fuel Economy Dataset,https://www.fueleconomy.gov/feg/epadata/vehicles.csv,
2003,Mercedes-Benz,S-Class,S55,Trim,Government Verified,EPA,EPA FuelEconomy.gov Vehicle Fuel Economy Dataset,https://www.fueleconomy.gov/feg/epadata/vehicles.csv,
2003,Mercedes-Benz,S-Class,S600,Trim,Government Verified,EPA,EPA FuelEconomy.gov Vehicle Fuel Economy Dataset,https://www.fueleconomy.gov/feg/epadata/vehicles.csv,
2003,Mercedes-Benz,SL-Class,Sl500,Trim,Government Verified,EPA,EPA FuelEconomy.gov Vehicle Fuel Economy Dataset,https://www.fueleconomy.gov/feg/epadata/vehicles.csv,
2003,Mercedes-Benz,SLK-Class,Slk230,Trim,Government Verified,EPA,EPA FuelEconomy.gov Vehicle Fuel Economy Dataset,https://www.fueleconomy.gov/feg/epadata/vehicles.csv,
2003,Mercedes-Benz,SLK-Class,Slk320,Trim,Government Verified,EPA,EPA FuelEconomy.gov Vehicle Fuel Economy Dataset,https://www.fueleconomy.gov/feg/epadata/vehicles.csv,
2003,Mitsubishi,Lancer,Evolution,Trim,Government Verified,EPA,EPA FuelEconomy.gov Vehicle Fuel Economy Dataset,https://www.fueleconomy.gov/feg/epadata/vehicles.csv,
2003,Porsche,911,Carrera,Trim,Government Verified,EPA,EPA FuelEconomy.gov Vehicle Fuel Economy Dataset,https://www.fueleconomy.gov/feg/epadata/vehicles.csv,
2003,Porsche,911,GT2,Trim,Government Verified,EPA,EPA FuelEconomy.gov Vehicle Fuel Economy Dataset,https://www.fueleconomy.gov/feg/epadata/vehicles.csv,
2003,Porsche,911,Targa,Trim,Government Verified,EPA,EPA FuelEconomy.gov Vehicle Fuel Economy Dataset,https://www.fueleconomy.gov/feg/epadata/vehicles.csv,
2003,Saab,9-3,Sport,Trim,Government Verified,EPA,EPA FuelEconomy.gov Vehicle Fuel Economy Dataset,https://www.fueleconomy.gov/feg/epadata/vehicles.csv,
2003,Saturn,L-Series,Lw200,Trim,Government Verified,EPA,EPA FuelEconomy.gov Vehicle Fuel Economy Dataset,https://www.fueleconomy.gov/feg/epadata/vehicles.csv,
2003,Suzuki,Grand Vitara,Xl-7,Trim,Government Verified,EPA,EPA FuelEconomy.gov Vehicle Fuel Economy Dataset,https://www.fueleconomy.gov/feg/epadata/vehicles.csv,
2003,Volkswagen,Golf,GTI,Trim,Government Verified,EPA,EPA FuelEconomy.gov Vehicle Fuel Economy Dataset,https://www.fueleconomy.gov/feg/epadata/vehicles.csv,
2004,BMW,3 Series,325Ci,Trim,Government Verified,EPA,EPA FuelEconomy.gov Vehicle Fuel Economy Dataset,https://www.fueleconomy.gov/feg/epadata/vehicles.csv,
2004,BMW,3 Series,325Xi,Trim,Government Verified,EPA,EPA FuelEconomy.gov Vehicle Fuel Economy Dataset,https://www.fueleconomy.gov/feg/epadata/vehicles.csv,
2004,BMW,3 Series,330Ci,Trim,Government Verified,EPA,EPA FuelEconomy.gov Vehicle Fuel Economy Dataset,https://www.fueleconomy.gov/feg/epadata/vehicles.csv,
2004,BMW,3 Series,330Xi,Trim,Government Verified,EPA,EPA FuelEconomy.gov Vehicle Fuel Economy Dataset,https://www.fueleconomy.gov/feg/epadata/vehicles.csv,
2004,BMW,3 Series,Sport,Trim,Government Verified,EPA,EPA FuelEconomy.gov Vehicle Fuel Economy Dataset,https://www.fueleconomy.gov/feg/epadata/vehicles.csv,
2004,BMW,7 Series,760Li,Trim,Government Verified,EPA,EPA FuelEconomy.gov Vehicle Fuel Economy Dataset,https://www.fueleconomy.gov/feg/epadata/vehicles.csv,
2004,Bentley,Continental,GT,Trim,Fully Verified,EPA,EPA FuelEconomy.gov Vehicle Fuel Economy Dataset,https://www.fueleconomy.gov/feg/epadata/vehicles.csv,
2004,Chevrolet,Express,3500-,Trim,Government Verified,EPA,EPA FuelEconomy.gov Vehicle Fuel Economy Dataset,https://www.fueleconomy.gov/feg/epadata/vehicles.csv,
2004,Chevrolet,Malibu,Maxx,Trim,Government Verified,EPA,EPA FuelEconomy.gov Vehicle Fuel Economy Dataset,https://www.fueleconomy.gov/feg/epadata/vehicles.csv,
2004,Honda,Civic,CNG,Trim,Government Verified,EPA,EPA FuelEconomy.gov Vehicle Fuel Economy Dataset,https://www.fueleconomy.gov/feg/epadata/vehicles.csv,
2004,Jaguar,Vanden Plas,VDP,Trim,Government Verified,EPA,EPA FuelEconomy.gov Vehicle Fuel Economy Dataset,https://www.fueleconomy.gov/feg/epadata/vehicles.csv,
2004,Mazda,Mazda6,Sport,Trim,Government Verified,EPA,EPA FuelEconomy.gov Vehicle Fuel Economy Dataset,https://www.fueleconomy.gov/feg/epadata/vehicles.csv,
2004,Mercedes-Benz,C-Class,AMG,Series,Government Verified,EPA,EPA FuelEconomy.gov Vehicle Fuel Economy Dataset,https://www.fueleconomy.gov/feg/epadata/vehicles.csv,
2004,Mercedes-Benz,C-Class,C230,Trim,Government Verified,EPA,EPA FuelEconomy.gov Vehicle Fuel Economy Dataset,https://www.fueleconomy.gov/feg/epadata/vehicles.csv,
2004,Mercedes-Benz,C-Class,C240,Trim,Government Verified,EPA,EPA FuelEconomy.gov Vehicle Fuel Economy Dataset,https://www.fueleconomy.gov/feg/epadata/vehicles.csv,
2004,Mercedes-Benz,C-Class,C320,Trim,Government Verified,EPA,EPA FuelEconomy.gov Vehicle Fuel Economy Dataset,https://www.fueleconomy.gov/feg/epadata/vehicles.csv,
2004,Mercedes-Benz,CL-Class,AMG,Series,Government Verified,EPA,EPA FuelEconomy.gov Vehicle Fuel Economy Dataset,https://www.fueleconomy.gov/feg/epadata/vehicles.csv,
2004,Mercedes-Benz,CL-Class,Cl500,Trim,Government Verified,EPA,EPA FuelEconomy.gov Vehicle Fuel Economy Dataset,https://www.fueleconomy.gov/feg/epadata/vehicles.csv,
2004,Mercedes-Benz,CL-Class,Cl55,Trim,Government Verified,EPA,EPA FuelEconomy.gov Vehicle Fuel Economy Dataset,https://www.fueleconomy.gov/feg/epadata/vehicles.csv,
2004,Mercedes-Benz,CL-Class,Cl600,Trim,Government Verified,EPA,EPA FuelEconomy.gov Vehicle Fuel Economy Dataset,https://www.fueleconomy.gov/feg/epadata/vehicles.csv,
2004,Mercedes-Benz,CLK-Class,AMG,Series,Government Verified,EPA,EPA FuelEconomy.gov Vehicle Fuel Economy Dataset,https://www.fueleconomy.gov/feg/epadata/vehicles.csv,
2004,Mercedes-Benz,CLK-Class,Clk320,Trim,Government Verified,EPA,EPA FuelEconomy.gov Vehicle Fuel Economy Dataset,https://www.fueleconomy.gov/feg/epadata/vehicles.csv,
2004,Mercedes-Benz,CLK-Class,Clk500,Trim,Government Verified,EPA,EPA FuelEconomy.gov Vehicle Fuel Economy Dataset,https://www.fueleconomy.gov/feg/epadata/vehicles.csv,
2004,Mercedes-Benz,CLS-Class,Cls500,Trim,Government Verified,EPA,EPA FuelEconomy.gov Vehicle Fuel Economy Dataset,https://www.fueleconomy.gov/feg/epadata/vehicles.csv,
2004,Mercedes-Benz,E-Class,AMG,Series,Government Verified,EPA,EPA FuelEconomy.gov Vehicle Fuel Economy Dataset,https://www.fueleconomy.gov/feg/epadata/vehicles.csv,
2004,Mercedes-Benz,E-Class,E320,Trim,Government Verified,EPA,EPA FuelEconomy.gov Vehicle Fuel Economy Dataset,https://www.fueleconomy.gov/feg/epadata/vehicles.csv,
2004,Mercedes-Benz,E-Class,E55,Trim,Government Verified,EPA,EPA FuelEconomy.gov Vehicle Fuel Economy Dataset,https://www.fueleconomy.gov/feg/epadata/vehicles.csv,
2004,Mercedes-Benz,G-Class,AMG,Series,Government Verified,EPA,EPA FuelEconomy.gov Vehicle Fuel Economy Dataset,https://www.fueleconomy.gov/feg/epadata/vehicles.csv,
2004,Mercedes-Benz,G-Class,G500,Trim,Government Verified,EPA,EPA FuelEconomy.gov Vehicle Fuel Economy Dataset,https://www.fueleconomy.gov/feg/epadata/vehicles.csv,
2004,Mercedes-Benz,G-Class,G55,Trim,Government Verified,EPA,EPA FuelEconomy.gov Vehicle Fuel Economy Dataset,https://www.fueleconomy.gov/feg/epadata/vehicles.csv,
2004,Mercedes-Benz,M-Class,Ml350,Trim,Government Verified,EPA,EPA FuelEconomy.gov Vehicle Fuel Economy Dataset,https://www.fueleconomy.gov/feg/epadata/vehicles.csv,
2004,Mercedes-Benz,S-Class,AMG,Series,Government Verified,EPA,EPA FuelEconomy.gov Vehicle Fuel Economy Dataset,https://www.fueleconomy.gov/feg/epadata/vehicles.csv,
2004,Mercedes-Benz,S-Class,S430,Trim,Government Verified,EPA,EPA FuelEconomy.gov Vehicle Fuel Economy Dataset,https://www.fueleconomy.gov/feg/epadata/vehicles.csv,
2004,Mercedes-Benz,S-Class,S500,Trim,Government Verified,EPA,EPA FuelEconomy.gov Vehicle Fuel Economy Dataset,https://www.fueleconomy.gov/feg/epadata/vehicles.csv,
2004,Mercedes-Benz,S-Class,S55,Trim,Government Verified,EPA,EPA FuelEconomy.gov Vehicle Fuel Economy Dataset,https://www.fueleconomy.gov/feg/epadata/vehicles.csv,
2004,Mercedes-Benz,S-Class,S600,Trim,Government Verified,EPA,EPA FuelEconomy.gov Vehicle Fuel Economy Dataset,https://www.fueleconomy.gov/feg/epadata/vehicles.csv,
2004,Mercedes-Benz,SL-Class,Sl500,Trim,Government Verified,EPA,EPA FuelEconomy.gov Vehicle Fuel Economy Dataset,https://www.fueleconomy.gov/feg/epadata/vehicles.csv,
2004,Mercedes-Benz,SL-Class,Sl600,Trim,Government Verified,EPA,EPA FuelEconomy.gov Vehicle Fuel Economy Dataset,https://www.fueleconomy.gov/feg/epadata/vehicles.csv,
2004,Mercedes-Benz,SLK-Class,Slk230,Trim,Government Verified,EPA,EPA FuelEconomy.gov Vehicle Fuel Economy Dataset,https://www.fueleconomy.gov/feg/epadata/vehicles.csv,
2004,Mercedes-Benz,SLK-Class,Slk320,Trim,Government Verified,EPA,EPA FuelEconomy.gov Vehicle Fuel Economy Dataset,https://www.fueleconomy.gov/feg/epadata/vehicles.csv,
2004,Mitsubishi,Lancer,Evolution,Trim,Government Verified,EPA,EPA FuelEconomy.gov Vehicle Fuel Economy Dataset,https://www.fueleconomy.gov/feg/epadata/vehicles.csv,
2004,Porsche,911,Carrera,Trim,Government Verified,EPA,EPA FuelEconomy.gov Vehicle Fuel Economy Dataset,https://www.fueleconomy.gov/feg/epadata/vehicles.csv,
2004,Porsche,911,GT3,Trim,Government Verified,EPA,EPA FuelEconomy.gov Vehicle Fuel Economy Dataset,https://www.fueleconomy.gov/feg/epadata/vehicles.csv,
2004,Porsche,911,Targa,Trim,Government Verified,EPA,EPA FuelEconomy.gov Vehicle Fuel Economy Dataset,https://www.fueleconomy.gov/feg/epadata/vehicles.csv,
2004,Saab,9-3,Sport,Trim,Government Verified,EPA,EPA FuelEconomy.gov Vehicle Fuel Economy Dataset,https://www.fueleconomy.gov/feg/epadata/vehicles.csv,
2004,Suzuki,Grand Vitara,Xl-7,Trim,Government Verified,EPA,EPA FuelEconomy.gov Vehicle Fuel Economy Dataset,https://www.fueleconomy.gov/feg/epadata/vehicles.csv,
2004,Volkswagen,Golf,GTI,Trim,Government Verified,EPA,EPA FuelEconomy.gov Vehicle Fuel Economy Dataset,https://www.fueleconomy.gov/feg/epadata/vehicles.csv,
2005,BMW,3 Series,325Ci,Trim,Government Verified,EPA,EPA FuelEconomy.gov Vehicle Fuel Economy Dataset,https://www.fueleconomy.gov/feg/epadata/vehicles.csv,
2005,BMW,3 Series,325Xi,Trim,Government Verified,EPA,EPA FuelEconomy.gov Vehicle Fuel Economy Dataset,https://www.fueleconomy.gov/feg/epadata/vehicles.csv,
2005,BMW,3 Series,330Ci,Trim,Government Verified,EPA,EPA FuelEconomy.gov Vehicle Fuel Economy Dataset,https://www.fueleconomy.gov/feg/epadata/vehicles.csv,
2005,BMW,3 Series,330Xi,Trim,Government Verified,EPA,EPA FuelEconomy.gov Vehicle Fuel Economy Dataset,https://www.fueleconomy.gov/feg/epadata/vehicles.csv,
2005,BMW,3 Series,Sport,Trim,Government Verified,EPA,EPA FuelEconomy.gov Vehicle Fuel Economy Dataset,https://www.fueleconomy.gov/feg/epadata/vehicles.csv,
2005,BMW,7 Series,760Li,Trim,Government Verified,EPA,EPA FuelEconomy.gov Vehicle Fuel Economy Dataset,https://www.fueleconomy.gov/feg/epadata/vehicles.csv,
2005,Bentley,Continental,GT,Trim,Fully Verified,EPA,EPA FuelEconomy.gov Vehicle Fuel Economy Dataset,https://www.fueleconomy.gov/feg/epadata/vehicles.csv,
2005,Chevrolet,Express,3500-,Trim,Government Verified,EPA,EPA FuelEconomy.gov Vehicle Fuel Economy Dataset,https://www.fueleconomy.gov/feg/epadata/vehicles.csv,
2005,Chevrolet,Malibu,Maxx,Trim,Government Verified,EPA,EPA FuelEconomy.gov Vehicle Fuel Economy Dataset,https://www.fueleconomy.gov/feg/epadata/vehicles.csv,
2005,Honda,Civic,CNG,Trim,Government Verified,EPA,EPA FuelEconomy.gov Vehicle Fuel Economy Dataset,https://www.fueleconomy.gov/feg/epadata/vehicles.csv,
2005,Jaguar,Vanden Plas,VDP,Trim,Government Verified,EPA,EPA FuelEconomy.gov Vehicle Fuel Economy Dataset,https://www.fueleconomy.gov/feg/epadata/vehicles.csv,
2005,Jaguar,X-Type,Sport,Trim,Government Verified,EPA,EPA FuelEconomy.gov Vehicle Fuel Economy Dataset,https://www.fueleconomy.gov/feg/epadata/vehicles.csv,
2005,Jaguar,XJ8,Xj8L,Trim,Government Verified,EPA,EPA FuelEconomy.gov Vehicle Fuel Economy Dataset,https://www.fueleconomy.gov/feg/epadata/vehicles.csv,
2005,Mazda,Mazda6,Sport,Trim,Government Verified,EPA,EPA FuelEconomy.gov Vehicle Fuel Economy Dataset,https://www.fueleconomy.gov/feg/epadata/vehicles.csv,
2005,Mercedes-Benz,C-Class,AMG,Series,Government Verified,EPA,EPA FuelEconomy.gov Vehicle Fuel Economy Dataset,https://www.fueleconomy.gov/feg/epadata/vehicles.csv,
2005,Mercedes-Benz,C-Class,C230,Trim,Government Verified,EPA,EPA FuelEconomy.gov Vehicle Fuel Economy Dataset,https://www.fueleconomy.gov/feg/epadata/vehicles.csv,
2005,Mercedes-Benz,C-Class,C240,Trim,Government Verified,EPA,EPA FuelEconomy.gov Vehicle Fuel Economy Dataset,https://www.fueleconomy.gov/feg/epadata/vehicles.csv,
2005,Mercedes-Benz,C-Class,C320,Trim,Government Verified,EPA,EPA FuelEconomy.gov Vehicle Fuel Economy Dataset,https://www.fueleconomy.gov/feg/epadata/vehicles.csv,
2005,Mercedes-Benz,CL-Class,AMG,Series,Government Verified,EPA,EPA FuelEconomy.gov Vehicle Fuel Economy Dataset,https://www.fueleconomy.gov/feg/epadata/vehicles.csv,
2005,Mercedes-Benz,CL-Class,Cl500,Trim,Government Verified,EPA,EPA FuelEconomy.gov Vehicle Fuel Economy Dataset,https://www.fueleconomy.gov/feg/epadata/vehicles.csv,
2005,Mercedes-Benz,CL-Class,Cl55,Trim,Government Verified,EPA,EPA FuelEconomy.gov Vehicle Fuel Economy Dataset,https://www.fueleconomy.gov/feg/epadata/vehicles.csv,
2005,Mercedes-Benz,CL-Class,Cl600,Trim,Government Verified,EPA,EPA FuelEconomy.gov Vehicle Fuel Economy Dataset,https://www.fueleconomy.gov/feg/epadata/vehicles.csv,
2005,Mercedes-Benz,CLK-Class,AMG,Series,Government Verified,EPA,EPA FuelEconomy.gov Vehicle Fuel Economy Dataset,https://www.fueleconomy.gov/feg/epadata/vehicles.csv,
2005,Mercedes-Benz,CLK-Class,Clk320,Trim,Government Verified,EPA,EPA FuelEconomy.gov Vehicle Fuel Economy Dataset,https://www.fueleconomy.gov/feg/epadata/vehicles.csv,
2005,Mercedes-Benz,CLK-Class,Clk500,Trim,Government Verified,EPA,EPA FuelEconomy.gov Vehicle Fuel Economy Dataset,https://www.fueleconomy.gov/feg/epadata/vehicles.csv,
2005,Mercedes-Benz,E-Class,AMG,Series,Government Verified,EPA,EPA FuelEconomy.gov Vehicle Fuel Economy Dataset,https://www.fueleconomy.gov/feg/epadata/vehicles.csv,
2005,Mercedes-Benz,E-Class,E320,Trim,Government Verified,EPA,EPA FuelEconomy.gov Vehicle Fuel Economy Dataset,https://www.fueleconomy.gov/feg/epadata/vehicles.csv,
2005,Mercedes-Benz,E-Class,E55,Trim,Government Verified,EPA,EPA FuelEconomy.gov Vehicle Fuel Economy Dataset,https://www.fueleconomy.gov/feg/epadata/vehicles.csv,
2005,Mercedes-Benz,G-Class,AMG,Series,Government Verified,EPA,EPA FuelEconomy.gov Vehicle Fuel Economy Dataset,https://www.fueleconomy.gov/feg/epadata/vehicles.csv,
2005,Mercedes-Benz,G-Class,G500,Trim,Government Verified,EPA,EPA FuelEconomy.gov Vehicle Fuel Economy Dataset,https://www.fueleconomy.gov/feg/epadata/vehicles.csv,
2005,Mercedes-Benz,G-Class,G55,Trim,Government Verified,EPA,EPA FuelEconomy.gov Vehicle Fuel Economy Dataset,https://www.fueleconomy.gov/feg/epadata/vehicles.csv,
2005,Mercedes-Benz,M-Class,Ml350,Trim,Government Verified,EPA,EPA FuelEconomy.gov Vehicle Fuel Economy Dataset,https://www.fueleconomy.gov/feg/epadata/vehicles.csv,
2005,Mercedes-Benz,S-Class,AMG,Series,Government Verified,EPA,EPA FuelEconomy.gov Vehicle Fuel Economy Dataset,https://www.fueleconomy.gov/feg/epadata/vehicles.csv,
2005,Mercedes-Benz,S-Class,S430,Trim,Government Verified,EPA,EPA FuelEconomy.gov Vehicle Fuel Economy Dataset,https://www.fueleconomy.gov/feg/epadata/vehicles.csv,
2005,Mercedes-Benz,S-Class,S500,Trim,Government Verified,EPA,EPA FuelEconomy.gov Vehicle Fuel Economy Dataset,https://www.fueleconomy.gov/feg/epadata/vehicles.csv,
2005,Mercedes-Benz,S-Class,S55,Trim,Government Verified,EPA,EPA FuelEconomy.gov Vehicle Fuel Economy Dataset,https://www.fueleconomy.gov/feg/epadata/vehicles.csv,
2005,Mercedes-Benz,S-Class,S600,Trim,Government Verified,EPA,EPA FuelEconomy.gov Vehicle Fuel Economy Dataset,https://www.fueleconomy.gov/feg/epadata/vehicles.csv,
2005,Mercedes-Benz,SL-Class,Sl500,Trim,Government Verified,EPA,EPA FuelEconomy.gov Vehicle Fuel Economy Dataset,https://www.fueleconomy.gov/feg/epadata/vehicles.csv,
2005,Mercedes-Benz,SL-Class,Sl600,Trim,Government Verified,EPA,EPA FuelEconomy.gov Vehicle Fuel Economy Dataset,https://www.fueleconomy.gov/feg/epadata/vehicles.csv,
2005,Mini,Convertible,Cooper,Trim,Government Verified,EPA,EPA FuelEconomy.gov Vehicle Fuel Economy Dataset,https://www.fueleconomy.gov/feg/epadata/vehicles.csv,
2005,Mitsubishi,Lancer,Evolution,Trim,Government Verified,EPA,EPA FuelEconomy.gov Vehicle Fuel Economy Dataset,https://www.fueleconomy.gov/feg/epadata/vehicles.csv,
2005,Porsche,911,Carrera,Trim,Government Verified,EPA,EPA FuelEconomy.gov Vehicle Fuel Economy Dataset,https://www.fueleconomy.gov/feg/epadata/vehicles.csv,
2005,Porsche,911,GT3,Trim,Government Verified,EPA,EPA FuelEconomy.gov Vehicle Fuel Economy Dataset,https://www.fueleconomy.gov/feg/epadata/vehicles.csv,
2005,Saab,9-3,Sport,Trim,Government Verified,EPA,EPA FuelEconomy.gov Vehicle Fuel Economy Dataset,https://www.fueleconomy.gov/feg/epadata/vehicles.csv,
2005,Suzuki,Grand Vitara,Xl-7,Trim,Government Verified,EPA,EPA FuelEconomy.gov Vehicle Fuel Economy Dataset,https://www.fueleconomy.gov/feg/epadata/vehicles.csv,
2005,Volkswagen,Golf,GTI,Trim,Government Verified,EPA,EPA FuelEconomy.gov Vehicle Fuel Economy Dataset,https://www.fueleconomy.gov/feg/epadata/vehicles.csv,
2006,BMW,3 Series,325Ci,Trim,Government Verified,EPA,EPA FuelEconomy.gov Vehicle Fuel Economy Dataset,https://www.fueleconomy.gov/feg/epadata/vehicles.csv,
2006,BMW,3 Series,325Xi,Trim,Government Verified,EPA,EPA FuelEconomy.gov Vehicle Fuel Economy Dataset,https://www.fueleconomy.gov/feg/epadata/vehicles.csv,
2006,BMW,3 Series,330Ci,Trim,Government Verified,EPA,EPA FuelEconomy.gov Vehicle Fuel Economy Dataset,https://www.fueleconomy.gov/feg/epadata/vehicles.csv,
2006,BMW,3 Series,330Xi,Trim,Government Verified,EPA,EPA FuelEconomy.gov Vehicle Fuel Economy Dataset,https://www.fueleconomy.gov/feg/epadata/vehicles.csv,
2006,BMW,3 Series,Sport,Trim,Government Verified,EPA,EPA FuelEconomy.gov Vehicle Fuel Economy Dataset,https://www.fueleconomy.gov/feg/epadata/vehicles.csv,
2006,BMW,5 Series,525Xi,Trim,Government Verified,EPA,EPA FuelEconomy.gov Vehicle Fuel Economy Dataset,https://www.fueleconomy.gov/feg/epadata/vehicles.csv,
2006,BMW,5 Series,Sport,Trim,Fully Verified,EPA,EPA FuelEconomy.gov Vehicle Fuel Economy Dataset,https://www.fueleconomy.gov/feg/epadata/vehicles.csv,
2006,BMW,7 Series,750Li,Trim,Government Verified,EPA,EPA FuelEconomy.gov Vehicle Fuel Economy Dataset,https://www.fueleconomy.gov/feg/epadata/vehicles.csv,
2006,BMW,7 Series,760Li,Trim,Government Verified,EPA,EPA FuelEconomy.gov Vehicle Fuel Economy Dataset,https://www.fueleconomy.gov/feg/epadata/vehicles.csv,
2006,Bentley,Continental,GT,Trim,Fully Verified,EPA,EPA FuelEconomy.gov Vehicle Fuel Economy Dataset,https://www.fueleconomy.gov/feg/epadata/vehicles.csv,
2006,Chevrolet,Corvette,Z06,Trim,Government Verified,EPA,EPA FuelEconomy.gov Vehicle Fuel Economy Dataset,https://www.fueleconomy.gov/feg/epadata/vehicles.csv,
2006,Chevrolet,Express,3500-,Trim,Government Verified,EPA,EPA FuelEconomy.gov Vehicle Fuel Economy Dataset,https://www.fueleconomy.gov/feg/epadata/vehicles.csv,
2006,Chevrolet,Malibu,Maxx,Trim,Government Verified,EPA,EPA FuelEconomy.gov Vehicle Fuel Economy Dataset,https://www.fueleconomy.gov/feg/epadata/vehicles.csv,
2006,Honda,Civic,CNG,Trim,Government Verified,EPA,EPA FuelEconomy.gov Vehicle Fuel Economy Dataset,https://www.fueleconomy.gov/feg/epadata/vehicles.csv,
2006,Honda,Civic,SI,Trim,Fully Verified,EPA,EPA FuelEconomy.gov Vehicle Fuel Economy Dataset,https://www.fueleconomy.gov/feg/epadata/vehicles.csv,
2006,Isuzu,i-Series,I-280,Trim,Government Verified,EPA,EPA FuelEconomy.gov Vehicle Fuel Economy Dataset,https://www.fueleconomy.gov/feg/epadata/vehicles.csv,
2006,Jaguar,Vanden Plas,VDP,Trim,Government Verified,EPA,EPA FuelEconomy.gov Vehicle Fuel Economy Dataset,https://www.fueleconomy.gov/feg/epadata/vehicles.csv,
2006,Jaguar,X-Type,Sport,Trim,Government Verified,EPA,EPA FuelEconomy.gov Vehicle Fuel Economy Dataset,https://www.fueleconomy.gov/feg/epadata/vehicles.csv,
2006,Jaguar,XJ8,Xj8L,Trim,Government Verified,EPA,EPA FuelEconomy.gov Vehicle Fuel Economy Dataset,https://www.fueleconomy.gov/feg/epadata/vehicles.csv,
2006,Mazda,Mazda6,Sport,Trim,Government Verified,EPA,EPA FuelEconomy.gov Vehicle Fuel Economy Dataset,https://www.fueleconomy.gov/feg/epadata/vehicles.csv,
2006,Mercedes-Benz,C-Class,AMG,Series,Government Verified,EPA,EPA FuelEconomy.gov Vehicle Fuel Economy Dataset,https://www.fueleconomy.gov/feg/epadata/vehicles.csv,
2006,Mercedes-Benz,C-Class,C230,Trim,Government Verified,EPA,EPA FuelEconomy.gov Vehicle Fuel Economy Dataset,https://www.fueleconomy.gov/feg/epadata/vehicles.csv,
2006,Mercedes-Benz,C-Class,C280,Trim,Government Verified,EPA,EPA FuelEconomy.gov Vehicle Fuel Economy Dataset,https://www.fueleconomy.gov/feg/epadata/vehicles.csv,
2006,Mercedes-Benz,CL-Class,AMG,Series,Government Verified,EPA,EPA FuelEconomy.gov Vehicle Fuel Economy Dataset,https://www.fueleconomy.gov/feg/epadata/vehicles.csv,
2006,Mercedes-Benz,CL-Class,Cl500,Trim,Government Verified,EPA,EPA FuelEconomy.gov Vehicle Fuel Economy Dataset,https://www.fueleconomy.gov/feg/epadata/vehicles.csv,
2006,Mercedes-Benz,CL-Class,Cl55,Trim,Government Verified,EPA,EPA FuelEconomy.gov Vehicle Fuel Economy Dataset,https://www.fueleconomy.gov/feg/epadata/vehicles.csv,
2006,Mercedes-Benz,CL-Class,Cl600,Trim,Government Verified,EPA,EPA FuelEconomy.gov Vehicle Fuel Economy Dataset,https://www.fueleconomy.gov/feg/epadata/vehicles.csv,
2006,Mercedes-Benz,CLK-Class,AMG,Series,Government Verified,EPA,EPA FuelEconomy.gov Vehicle Fuel Economy Dataset,https://www.fueleconomy.gov/feg/epadata/vehicles.csv,
2006,Mercedes-Benz,CLK-Class,Clk350,Trim,Government Verified,EPA,EPA FuelEconomy.gov Vehicle Fuel Economy Dataset,https://www.fueleconomy.gov/feg/epadata/vehicles.csv,
2006,Mercedes-Benz,CLK-Class,Clk500,Trim,Government Verified,EPA,EPA FuelEconomy.gov Vehicle Fuel Economy Dataset,https://www.fueleconomy.gov/feg/epadata/vehicles.csv,
2006,Mercedes-Benz,CLS-Class,AMG,Series,Government Verified,EPA,EPA FuelEconomy.gov Vehicle Fuel Economy Dataset,https://www.fueleconomy.gov/feg/epadata/vehicles.csv,
2006,Mercedes-Benz,CLS-Class,Cls500,Trim,Government Verified,EPA,EPA FuelEconomy.gov Vehicle Fuel Economy Dataset,https://www.fueleconomy.gov/feg/epadata/vehicles.csv,
2006,Mercedes-Benz,E-Class,AMG,Series,Government Verified,EPA,EPA FuelEconomy.gov Vehicle Fuel Economy Dataset,https://www.fueleconomy.gov/feg/epadata/vehicles.csv,
2006,Mercedes-Benz,E-Class,E320,Trim,Government Verified,EPA,EPA FuelEconomy.gov Vehicle Fuel Economy Dataset,https://www.fueleconomy.gov/feg/epadata/vehicles.csv,
2006,Mercedes-Benz,E-Class,E55,Trim,Government Verified,EPA,EPA FuelEconomy.gov Vehicle Fuel Economy Dataset,https://www.fueleconomy.gov/feg/epadata/vehicles.csv,
2006,Mercedes-Benz,G-Class,AMG,Series,Government Verified,EPA,EPA FuelEconomy.gov Vehicle Fuel Economy Dataset,https://www.fueleconomy.gov/feg/epadata/vehicles.csv,
2006,Mercedes-Benz,G-Class,G500,Trim,Government Verified,EPA,EPA FuelEconomy.gov Vehicle Fuel Economy Dataset,https://www.fueleconomy.gov/feg/epadata/vehicles.csv,
2006,Mercedes-Benz,G-Class,G55,Trim,Government Verified,EPA,EPA FuelEconomy.gov Vehicle Fuel Economy Dataset,https://www.fueleconomy.gov/feg/epadata/vehicles.csv,
2006,Mercedes-Benz,GL-Class,Gl320,Trim,Government Verified,EPA,EPA FuelEconomy.gov Vehicle Fuel Economy Dataset,https://www.fueleconomy.gov/feg/epadata/vehicles.csv,
2006,Mercedes-Benz,GLK-Class,Glk350,Trim,Government Verified,EPA,EPA FuelEconomy.gov Vehicle Fuel Economy Dataset,https://www.fueleconomy.gov/feg/epadata/vehicles.csv,
2006,Mercedes-Benz,M-Class,Ml350,Trim,Government Verified,EPA,EPA FuelEconomy.gov Vehicle Fuel Economy Dataset,https://www.fueleconomy.gov/feg/epadata/vehicles.csv,
2006,Mercedes-Benz,S-Class,AMG,Series,Government Verified,EPA,EPA FuelEconomy.gov Vehicle Fuel Economy Dataset,https://www.fueleconomy.gov/feg/epadata/vehicles.csv,
2006,Mercedes-Benz,S-Class,S430,Trim,Government Verified,EPA,EPA FuelEconomy.gov Vehicle Fuel Economy Dataset,https://www.fueleconomy.gov/feg/epadata/vehicles.csv,
2006,Mercedes-Benz,S-Class,S500,Trim,Government Verified,EPA,EPA FuelEconomy.gov Vehicle Fuel Economy Dataset,https://www.fueleconomy.gov/feg/epadata/vehicles.csv,
2006,Mercedes-Benz,S-Class,S55,Trim,Government Verified,EPA,EPA FuelEconomy.gov Vehicle Fuel Economy Dataset,https://www.fueleconomy.gov/feg/epadata/vehicles.csv,
2006,Mercedes-Benz,S-Class,S600,Trim,Government Verified,EPA,EPA FuelEconomy.gov Vehicle Fuel Economy Dataset,https://www.fueleconomy.gov/feg/epadata/vehicles.csv,
2006,Mercedes-Benz,SL-Class,Sl500,Trim,Government Verified,EPA,EPA FuelEconomy.gov Vehicle Fuel Economy Dataset,https://www.fueleconomy.gov/feg/epadata/vehicles.csv,
2006,Mercedes-Benz,SL-Class,Sl600,Trim,Government Verified,EPA,EPA FuelEconomy.gov Vehicle Fuel Economy Dataset,https://www.fueleconomy.gov/feg/epadata/vehicles.csv,
2006,Mini,Convertible,Cooper,Trim,Government Verified,EPA,EPA FuelEconomy.gov Vehicle Fuel Economy Dataset,https://www.fueleconomy.gov/feg/epadata/vehicles.csv,
2006,Mitsubishi,Lancer,Evolution,Trim,Government Verified,EPA,EPA FuelEconomy.gov Vehicle Fuel Economy Dataset,https://www.fueleconomy.gov/feg/epadata/vehicles.csv,
2006,Porsche,911,Carrera,Trim,Government Verified,EPA,EPA FuelEconomy.gov Vehicle Fuel Economy Dataset,https://www.fueleconomy.gov/feg/epadata/vehicles.csv,
2006,Saab,9-3,Sport,Trim,Government Verified,EPA,EPA FuelEconomy.gov Vehicle Fuel Economy Dataset,https://www.fueleconomy.gov/feg/epadata/vehicles.csv,
2006,Suzuki,Grand Vitara,Xl-7,Trim,Government Verified,EPA,EPA FuelEconomy.gov Vehicle Fuel Economy Dataset,https://www.fueleconomy.gov/feg/epadata/vehicles.csv,
2006,Volkswagen,Golf,GTI,Trim,Government Verified,EPA,EPA FuelEconomy.gov Vehicle Fuel Economy Dataset,https://www.fueleconomy.gov/feg/epadata/vehicles.csv,
2007,BMW,3 Series,328Ci,Trim,Government Verified,EPA,EPA FuelEconomy.gov Vehicle Fuel Economy Dataset,https://www.fueleconomy.gov/feg/epadata/vehicles.csv,
2007,BMW,3 Series,328Xi,Trim,Government Verified,EPA,EPA FuelEconomy.gov Vehicle Fuel Economy Dataset,https://www.fueleconomy.gov/feg/epadata/vehicles.csv,
2007,BMW,3 Series,335Xi,Trim,Government Verified,EPA,EPA FuelEconomy.gov Vehicle Fuel Economy Dataset,https://www.fueleconomy.gov/feg/epadata/vehicles.csv,
2007,BMW,3 Series,Sport,Trim,Government Verified,EPA,EPA FuelEconomy.gov Vehicle Fuel Economy Dataset,https://www.fueleconomy.gov/feg/epadata/vehicles.csv,
2007,BMW,5 Series,525Xi,Trim,Government Verified,EPA,EPA FuelEconomy.gov Vehicle Fuel Economy Dataset,https://www.fueleconomy.gov/feg/epadata/vehicles.csv,
2007,BMW,5 Series,Sport,Trim,Fully Verified,EPA,EPA FuelEconomy.gov Vehicle Fuel Economy Dataset,https://www.fueleconomy.gov/feg/epadata/vehicles.csv,
2007,BMW,7 Series,750Li,Trim,Government Verified,EPA,EPA FuelEconomy.gov Vehicle Fuel Economy Dataset,https://www.fueleconomy.gov/feg/epadata/vehicles.csv,
2007,BMW,7 Series,760Li,Trim,Government Verified,EPA,EPA FuelEconomy.gov Vehicle Fuel Economy Dataset,https://www.fueleconomy.gov/feg/epadata/vehicles.csv,
2007,Bentley,Continental,GT,Trim,Fully Verified,EPA,EPA FuelEconomy.gov Vehicle Fuel Economy Dataset,https://www.fueleconomy.gov/feg/epadata/vehicles.csv,
2007,Chevrolet,Corvette,Z06,Trim,Government Verified,EPA,EPA FuelEconomy.gov Vehicle Fuel Economy Dataset,https://www.fueleconomy.gov/feg/epadata/vehicles.csv,
2007,Chevrolet,Express,3500-,Trim,Government Verified,EPA,EPA FuelEconomy.gov Vehicle Fuel Economy Dataset,https://www.fueleconomy.gov/feg/epadata/vehicles.csv,
2007,Chevrolet,HHR,Panel,Trim,Government Verified,EPA,EPA FuelEconomy.gov Vehicle Fuel Economy Dataset,https://www.fueleconomy.gov/feg/epadata/vehicles.csv,
2007,Chevrolet,Malibu,Maxx,Trim,Government Verified,EPA,EPA FuelEconomy.gov Vehicle Fuel Economy Dataset,https://www.fueleconomy.gov/feg/epadata/vehicles.csv,
2007,Ford,F-150,SE,Trim,Government Verified,EPA,EPA FuelEconomy.gov Vehicle Fuel Economy Dataset,https://www.fueleconomy.gov/feg/epadata/vehicles.csv,
2007,Ford,F-150,STX,Trim,Government Verified,EPA,EPA FuelEconomy.gov Vehicle Fuel Economy Dataset,https://www.fueleconomy.gov/feg/epadata/vehicles.csv,
2007,GMC,Yukon,Denali,Trim,Fully Verified,EPA,EPA FuelEconomy.gov Vehicle Fuel Economy Dataset,https://www.fueleconomy.gov/feg/epadata/vehicles.csv,
2007,Honda,Civic,CNG,Trim,Government Verified,EPA,EPA FuelEconomy.gov Vehicle Fuel Economy Dataset,https://www.fueleconomy.gov/feg/epadata/vehicles.csv,
2007,Honda,Civic,SI,Trim,Fully Verified,EPA,EPA FuelEconomy.gov Vehicle Fuel Economy Dataset,https://www.fueleconomy.gov/feg/epadata/vehicles.csv,
2007,Isuzu,i-Series,I-280,Trim,Government Verified,EPA,EPA FuelEconomy.gov Vehicle Fuel Economy Dataset,https://www.fueleconomy.gov/feg/epadata/vehicles.csv,
2007,Isuzu,i-Series,I-290,Trim,Government Verified,EPA,EPA FuelEconomy.gov Vehicle Fuel Economy Dataset,https://www.fueleconomy.gov/feg/epadata/vehicles.csv,
2007,Isuzu,i-Series,I-370,Trim,Government Verified,EPA,EPA FuelEconomy.gov Vehicle Fuel Economy Dataset,https://www.fueleconomy.gov/feg/epadata/vehicles.csv,
2007,Jaguar,Vanden Plas,VDP,Trim,Government Verified,EPA,EPA FuelEconomy.gov Vehicle Fuel Economy Dataset,https://www.fueleconomy.gov/feg/epadata/vehicles.csv,
2007,Jaguar,X-Type,Sport,Trim,Government Verified,EPA,EPA FuelEconomy.gov Vehicle Fuel Economy Dataset,https://www.fueleconomy.gov/feg/epadata/vehicles.csv,
2007,Jaguar,XJ8,Xj8L,Trim,Government Verified,EPA,EPA FuelEconomy.gov Vehicle Fuel Economy Dataset,https://www.fueleconomy.gov/feg/epadata/vehicles.csv,
2007,Mazda,Mazda6,Sport,Trim,Government Verified,EPA,EPA FuelEconomy.gov Vehicle Fuel Economy Dataset,https://www.fueleconomy.gov/feg/epadata/vehicles.csv,
2007,Mercedes-Benz,C-Class,C230,Trim,Government Verified,EPA,EPA FuelEconomy.gov Vehicle Fuel Economy Dataset,https://www.fueleconomy.gov/feg/epadata/vehicles.csv,
2007,Mercedes-Benz,C-Class,C280,Trim,Government Verified,EPA,EPA FuelEconomy.gov Vehicle Fuel Economy Dataset,https://www.fueleconomy.gov/feg/epadata/vehicles.csv,
2007,Mercedes-Benz,CL-Class,Cl600,Trim,Government Verified,EPA,EPA FuelEconomy.gov Vehicle Fuel Economy Dataset,https://www.fueleconomy.gov/feg/epadata/vehicles.csv,
2007,Mercedes-Benz,CLK-Class,AMG,Series,Government Verified,EPA,EPA FuelEconomy.gov Vehicle Fuel Economy Dataset,https://www.fueleconomy.gov/feg/epadata/vehicles.csv,
2007,Mercedes-Benz,CLK-Class,Clk350,Trim,Government Verified,EPA,EPA FuelEconomy.gov Vehicle Fuel Economy Dataset,https://www.fueleconomy.gov/feg/epadata/vehicles.csv,
2007,Mercedes-Benz,CLK-Class,Clk63,Trim,Government Verified,EPA,EPA FuelEconomy.gov Vehicle Fuel Economy Dataset,https://www.fueleconomy.gov/feg/epadata/vehicles.csv,
2007,Mercedes-Benz,CLS-Class,AMG,Series,Government Verified,EPA,EPA FuelEconomy.gov Vehicle Fuel Economy Dataset,https://www.fueleconomy.gov/feg/epadata/vehicles.csv,
2007,Mercedes-Benz,E-Class,AMG,Series,Government Verified,EPA,EPA FuelEconomy.gov Vehicle Fuel Economy Dataset,https://www.fueleconomy.gov/feg/epadata/vehicles.csv,
2007,Mercedes-Benz,E-Class,E320,Trim,Government Verified,EPA,EPA FuelEconomy.gov Vehicle Fuel Economy Dataset,https://www.fueleconomy.gov/feg/epadata/vehicles.csv,
2007,Mercedes-Benz,G-Class,AMG,Series,Government Verified,EPA,EPA FuelEconomy.gov Vehicle Fuel Economy Dataset,https://www.fueleconomy.gov/feg/epadata/vehicles.csv,
2007,Mercedes-Benz,G-Class,G500,Trim,Government Verified,EPA,EPA FuelEconomy.gov Vehicle Fuel Economy Dataset,https://www.fueleconomy.gov/feg/epadata/vehicles.csv,
2007,Mercedes-Benz,G-Class,G55,Trim,Government Verified,EPA,EPA FuelEconomy.gov Vehicle Fuel Economy Dataset,https://www.fueleconomy.gov/feg/epadata/vehicles.csv,
2007,Mercedes-Benz,GL-Class,Gl320,Trim,Government Verified,EPA,EPA FuelEconomy.gov Vehicle Fuel Economy Dataset,https://www.fueleconomy.gov/feg/epadata/vehicles.csv,
2007,Mercedes-Benz,GL-Class,Gl450,Trim,Government Verified,EPA,EPA FuelEconomy.gov Vehicle Fuel Economy Dataset,https://www.fueleconomy.gov/feg/epadata/vehicles.csv,
2007,Mercedes-Benz,GLK-Class,Glk350,Trim,Government Verified,EPA,EPA FuelEconomy.gov Vehicle Fuel Economy Dataset,https://www.fueleconomy.gov/feg/epadata/vehicles.csv,
2007,Mercedes-Benz,M-Class,Ml320,Trim,Government Verified,EPA,EPA FuelEconomy.gov Vehicle Fuel Economy Dataset,https://www.fueleconomy.gov/feg/epadata/vehicles.csv,
2007,Mercedes-Benz,M-Class,Ml350,Trim,Government Verified,EPA,EPA FuelEconomy.gov Vehicle Fuel Economy Dataset,https://www.fueleconomy.gov/feg/epadata/vehicles.csv,
2007,Mercedes-Benz,S-Class,AMG,Series,Government Verified,EPA,EPA FuelEconomy.gov Vehicle Fuel Economy Dataset,https://www.fueleconomy.gov/feg/epadata/vehicles.csv,
2007,Mercedes-Benz,S-Class,S600,Trim,Government Verified,EPA,EPA FuelEconomy.gov Vehicle Fuel Economy Dataset,https://www.fueleconomy.gov/feg/epadata/vehicles.csv,
2007,Mercedes-Benz,SL-Class,Sl600,Trim,Government Verified,EPA,EPA FuelEconomy.gov Vehicle Fuel Economy Dataset,https://www.fueleconomy.gov/feg/epadata/vehicles.csv,
2007,Mini,Convertible,Cooper,Trim,Government Verified,EPA,EPA FuelEconomy.gov Vehicle Fuel Economy Dataset,https://www.fueleconomy.gov/feg/epadata/vehicles.csv,
2007,Porsche,911,Carrera,Trim,Government Verified,EPA,EPA FuelEconomy.gov Vehicle Fuel Economy Dataset,https://www.fueleconomy.gov/feg/epadata/vehicles.csv,
2007,Porsche,911,GT3,Trim,Government Verified,EPA,EPA FuelEconomy.gov Vehicle Fuel Economy Dataset,https://www.fueleconomy.gov/feg/epadata/vehicles.csv,
2007,Porsche,911,RS,Trim,Fully Verified,EPA,EPA FuelEconomy.gov Vehicle Fuel Economy Dataset,https://www.fueleconomy.gov/feg/epadata/vehicles.csv,
2007,Porsche,911,Targa,Trim,Government Verified,EPA,EPA FuelEconomy.gov Vehicle Fuel Economy Dataset,https://www.fueleconomy.gov/feg/epadata/vehicles.csv,
2007,Saab,9-3,Sport,Trim,Government Verified,EPA,EPA FuelEconomy.gov Vehicle Fuel Economy Dataset,https://www.fueleconomy.gov/feg/epadata/vehicles.csv,
2008,BMW,3 Series,328Ci,Trim,Government Verified,EPA,EPA FuelEconomy.gov Vehicle Fuel Economy Dataset,https://www.fueleconomy.gov/feg/epadata/vehicles.csv,
2008,BMW,3 Series,328Xi,Trim,Government Verified,EPA,EPA FuelEconomy.gov Vehicle Fuel Economy Dataset,https://www.fueleconomy.gov/feg/epadata/vehicles.csv,
2008,BMW,3 Series,335Xi,Trim,Government Verified,EPA,EPA FuelEconomy.gov Vehicle Fuel Economy Dataset,https://www.fueleconomy.gov/feg/epadata/vehicles.csv,
2008,BMW,3 Series,Sport,Trim,Government Verified,EPA,EPA FuelEconomy.gov Vehicle Fuel Economy Dataset,https://www.fueleconomy.gov/feg/epadata/vehicles.csv,
2008,BMW,5 Series,528Xi,Trim,Government Verified,EPA,EPA FuelEconomy.gov Vehicle Fuel Economy Dataset,https://www.fueleconomy.gov/feg/epadata/vehicles.csv,
2008,BMW,5 Series,535Xi,Trim,Government Verified,EPA,EPA FuelEconomy.gov Vehicle Fuel Economy Dataset,https://www.fueleconomy.gov/feg/epadata/vehicles.csv,
2008,BMW,5 Series,Sport,Trim,Fully Verified,EPA,EPA FuelEconomy.gov Vehicle Fuel Economy Dataset,https://www.fueleconomy.gov/feg/epadata/vehicles.csv,
2008,BMW,7 Series,750Li,Trim,Government Verified,EPA,EPA FuelEconomy.gov Vehicle Fuel Economy Dataset,https://www.fueleconomy.gov/feg/epadata/vehicles.csv,
2008,BMW,7 Series,760Li,Trim,Government Verified,EPA,EPA FuelEconomy.gov Vehicle Fuel Economy Dataset,https://www.fueleconomy.gov/feg/epadata/vehicles.csv,
2008,Bentley,Continental,GT,Trim,Fully Verified,EPA,EPA FuelEconomy.gov Vehicle Fuel Economy Dataset,https://www.fueleconomy.gov/feg/epadata/vehicles.csv,
2008,Chevrolet,Corvette,Z06,Trim,Government Verified,EPA,EPA FuelEconomy.gov Vehicle Fuel Economy Dataset,https://www.fueleconomy.gov/feg/epadata/vehicles.csv,
2008,Chevrolet,Express,3500-,Trim,Government Verified,EPA,EPA FuelEconomy.gov Vehicle Fuel Economy Dataset,https://www.fueleconomy.gov/feg/epadata/vehicles.csv,
2008,Chevrolet,HHR,Panel,Trim,Government Verified,EPA,EPA FuelEconomy.gov Vehicle Fuel Economy Dataset,https://www.fueleconomy.gov/feg/epadata/vehicles.csv,
2008,Ford,F-150,SE,Trim,Government Verified,EPA,EPA FuelEconomy.gov Vehicle Fuel Economy Dataset,https://www.fueleconomy.gov/feg/epadata/vehicles.csv,
2008,Ford,F-150,STX,Trim,Government Verified,EPA,EPA FuelEconomy.gov Vehicle Fuel Economy Dataset,https://www.fueleconomy.gov/feg/epadata/vehicles.csv,
2008,GMC,Yukon,Denali,Trim,Fully Verified,EPA,EPA FuelEconomy.gov Vehicle Fuel Economy Dataset,https://www.fueleconomy.gov/feg/epadata/vehicles.csv,
2008,Honda,Civic,CNG,Trim,Government Verified,EPA,EPA FuelEconomy.gov Vehicle Fuel Economy Dataset,https://www.fueleconomy.gov/feg/epadata/vehicles.csv,
2008,Honda,Civic,SI,Trim,Fully Verified,EPA,EPA FuelEconomy.gov Vehicle Fuel Economy Dataset,https://www.fueleconomy.gov/feg/epadata/vehicles.csv,
2008,Isuzu,i-Series,I-290,Trim,Government Verified,EPA,EPA FuelEconomy.gov Vehicle Fuel Economy Dataset,https://www.fueleconomy.gov/feg/epadata/vehicles.csv,
2008,Isuzu,i-Series,I-370,Trim,Government Verified,EPA,EPA FuelEconomy.gov Vehicle Fuel Economy Dataset,https://www.fueleconomy.gov/feg/epadata/vehicles.csv,
2008,Jaguar,Vanden Plas,VDP,Trim,Government Verified,EPA,EPA FuelEconomy.gov Vehicle Fuel Economy Dataset,https://www.fueleconomy.gov/feg/epadata/vehicles.csv,
2008,Jaguar,X-Type,Sport,Trim,Government Verified,EPA,EPA FuelEconomy.gov Vehicle Fuel Economy Dataset,https://www.fueleconomy.gov/feg/epadata/vehicles.csv,
2008,Jaguar,XJ8,Xj8L,Trim,Government Verified,EPA,EPA FuelEconomy.gov Vehicle Fuel Economy Dataset,https://www.fueleconomy.gov/feg/epadata/vehicles.csv,
2008,Mercedes-Benz,C-Class,AMG,Series,Government Verified,EPA,EPA FuelEconomy.gov Vehicle Fuel Economy Dataset,https://www.fueleconomy.gov/feg/epadata/vehicles.csv,
2008,Mercedes-Benz,CL-Class,AMG,Series,Government Verified,EPA,EPA FuelEconomy.gov Vehicle Fuel Economy Dataset,https://www.fueleconomy.gov/feg/epadata/vehicles.csv,
2008,Mercedes-Benz,CL-Class,Cl600,Trim,Government Verified,EPA,EPA FuelEconomy.gov Vehicle Fuel Economy Dataset,https://www.fueleconomy.gov/feg/epadata/vehicles.csv,
2008,Mercedes-Benz,CLK-Class,AMG,Series,Government Verified,EPA,EPA FuelEconomy.gov Vehicle Fuel Economy Dataset,https://www.fueleconomy.gov/feg/epadata/vehicles.csv,
2008,Mercedes-Benz,CLK-Class,Clk350,Trim,Government Verified,EPA,EPA FuelEconomy.gov Vehicle Fuel Economy Dataset,https://www.fueleconomy.gov/feg/epadata/vehicles.csv,
2008,Mercedes-Benz,CLK-Class,Clk63,Trim,Government Verified,EPA,EPA FuelEconomy.gov Vehicle Fuel Economy Dataset,https://www.fueleconomy.gov/feg/epadata/vehicles.csv,
2008,Mercedes-Benz,CLS-Class,AMG,Series,Government Verified,EPA,EPA FuelEconomy.gov Vehicle Fuel Economy Dataset,https://www.fueleconomy.gov/feg/epadata/vehicles.csv,
2008,Mercedes-Benz,E-Class,AMG,Series,Government Verified,EPA,EPA FuelEconomy.gov Vehicle Fuel Economy Dataset,https://www.fueleconomy.gov/feg/epadata/vehicles.csv,
2008,Mercedes-Benz,E-Class,E320,Trim,Government Verified,EPA,EPA FuelEconomy.gov Vehicle Fuel Economy Dataset,https://www.fueleconomy.gov/feg/epadata/vehicles.csv,
2008,Mercedes-Benz,G-Class,AMG,Series,Government Verified,EPA,EPA FuelEconomy.gov Vehicle Fuel Economy Dataset,https://www.fueleconomy.gov/feg/epadata/vehicles.csv,
2008,Mercedes-Benz,G-Class,G500,Trim,Government Verified,EPA,EPA FuelEconomy.gov Vehicle Fuel Economy Dataset,https://www.fueleconomy.gov/feg/epadata/vehicles.csv,
2008,Mercedes-Benz,G-Class,G55,Trim,Government Verified,EPA,EPA FuelEconomy.gov Vehicle Fuel Economy Dataset,https://www.fueleconomy.gov/feg/epadata/vehicles.csv,
2008,Mercedes-Benz,GL-Class,Gl320,Trim,Government Verified,EPA,EPA FuelEconomy.gov Vehicle Fuel Economy Dataset,https://www.fueleconomy.gov/feg/epadata/vehicles.csv,
2008,Mercedes-Benz,GL-Class,Gl450,Trim,Government Verified,EPA,EPA FuelEconomy.gov Vehicle Fuel Economy Dataset,https://www.fueleconomy.gov/feg/epadata/vehicles.csv,
2008,Mercedes-Benz,M-Class,Ml320,Trim,Government Verified,EPA,EPA FuelEconomy.gov Vehicle Fuel Economy Dataset,https://www.fueleconomy.gov/feg/epadata/vehicles.csv,
2008,Mercedes-Benz,M-Class,Ml350,Trim,Government Verified,EPA,EPA FuelEconomy.gov Vehicle Fuel Economy Dataset,https://www.fueleconomy.gov/feg/epadata/vehicles.csv,
2008,Mercedes-Benz,S-Class,AMG,Series,Government Verified,EPA,EPA FuelEconomy.gov Vehicle Fuel Economy Dataset,https://www.fueleconomy.gov/feg/epadata/vehicles.csv,
2008,Mercedes-Benz,S-Class,S600,Trim,Government Verified,EPA,EPA FuelEconomy.gov Vehicle Fuel Economy Dataset,https://www.fueleconomy.gov/feg/epadata/vehicles.csv,
2008,Mercedes-Benz,SL-Class,Sl600,Trim,Government Verified,EPA,EPA FuelEconomy.gov Vehicle Fuel Economy Dataset,https://www.fueleconomy.gov/feg/epadata/vehicles.csv,
2008,Mini,Convertible,Cooper,Trim,Government Verified,EPA,EPA FuelEconomy.gov Vehicle Fuel Economy Dataset,https://www.fueleconomy.gov/feg/epadata/vehicles.csv,
2008,Mitsubishi,Lancer,Evolution,Trim,Government Verified,EPA,EPA FuelEconomy.gov Vehicle Fuel Economy Dataset,https://www.fueleconomy.gov/feg/epadata/vehicles.csv,
2008,Porsche,911,Carrera,Trim,Government Verified,EPA,EPA FuelEconomy.gov Vehicle Fuel Economy Dataset,https://www.fueleconomy.gov/feg/epadata/vehicles.csv,
2008,Porsche,911,GT2,Trim,Government Verified,EPA,EPA FuelEconomy.gov Vehicle Fuel Economy Dataset,https://www.fueleconomy.gov/feg/epadata/vehicles.csv,
2008,Porsche,911,GT3,Trim,Government Verified,EPA,EPA FuelEconomy.gov Vehicle Fuel Economy Dataset,https://www.fueleconomy.gov/feg/epadata/vehicles.csv,
2008,Porsche,911,RS,Trim,Fully Verified,EPA,EPA FuelEconomy.gov Vehicle Fuel Economy Dataset,https://www.fueleconomy.gov/feg/epadata/vehicles.csv,
2008,Porsche,911,Targa,Trim,Government Verified,EPA,EPA FuelEconomy.gov Vehicle Fuel Economy Dataset,https://www.fueleconomy.gov/feg/epadata/vehicles.csv,
2008,Porsche,Cayenne,GTS,Trim,Fully Verified,EPA,EPA FuelEconomy.gov Vehicle Fuel Economy Dataset,https://www.fueleconomy.gov/feg/epadata/vehicles.csv,
2008,Saab,9-3,Sport,Trim,Government Verified,EPA,EPA FuelEconomy.gov Vehicle Fuel Economy Dataset,https://www.fueleconomy.gov/feg/epadata/vehicles.csv,
2009,BMW,3 Series,328Ci,Trim,Government Verified,EPA,EPA FuelEconomy.gov Vehicle Fuel Economy Dataset,https://www.fueleconomy.gov/feg/epadata/vehicles.csv,
2009,BMW,3 Series,335D,Trim,Government Verified,EPA,EPA FuelEconomy.gov Vehicle Fuel Economy Dataset,https://www.fueleconomy.gov/feg/epadata/vehicles.csv,
2009,BMW,3 Series,Sport,Trim,Government Verified,EPA,EPA FuelEconomy.gov Vehicle Fuel Economy Dataset,https://www.fueleconomy.gov/feg/epadata/vehicles.csv,
2009,BMW,5 Series,Sport,Trim,Fully Verified,EPA,EPA FuelEconomy.gov Vehicle Fuel Economy Dataset,https://www.fueleconomy.gov/feg/epadata/vehicles.csv,
2009,BMW,7 Series,750Li,Trim,Government Verified,EPA,EPA FuelEconomy.gov Vehicle Fuel Economy Dataset,https://www.fueleconomy.gov/feg/epadata/vehicles.csv,
2009,Bentley,Continental,GT,Trim,Fully Verified,EPA,EPA FuelEconomy.gov Vehicle Fuel Economy Dataset,https://www.fueleconomy.gov/feg/epadata/vehicles.csv,
2009,Chevrolet,Corvette,Z06,Trim,Government Verified,EPA,EPA FuelEconomy.gov Vehicle Fuel Economy Dataset,https://www.fueleconomy.gov/feg/epadata/vehicles.csv,
2009,Chevrolet,Corvette,ZR1,Trim,Government Verified,EPA,EPA FuelEconomy.gov Vehicle Fuel Economy Dataset,https://www.fueleconomy.gov/feg/epadata/vehicles.csv,
2009,Chevrolet,Express,3500-,Trim,Government Verified,EPA,EPA FuelEconomy.gov Vehicle Fuel Economy Dataset,https://www.fueleconomy.gov/feg/epadata/vehicles.csv,
2009,Chevrolet,HHR,Panel,Trim,Government Verified,EPA,EPA FuelEconomy.gov Vehicle Fuel Economy Dataset,https://www.fueleconomy.gov/feg/epadata/vehicles.csv,
2009,Chrysler,Town & Country,AND,Trim,Government Verified,EPA,EPA FuelEconomy.gov Vehicle Fuel Economy Dataset,https://www.fueleconomy.gov/feg/epadata/vehicles.csv,
2009,GMC,Yukon,Denali,Trim,Fully Verified,EPA,EPA FuelEconomy.gov Vehicle Fuel Economy Dataset,https://www.fueleconomy.gov/feg/epadata/vehicles.csv,
2009,Honda,Civic,CNG,Trim,Government Verified,EPA,EPA FuelEconomy.gov Vehicle Fuel Economy Dataset,https://www.fueleconomy.gov/feg/epadata/vehicles.csv,
2009,Honda,Civic,SI,Trim,Fully Verified,EPA,EPA FuelEconomy.gov Vehicle Fuel Economy Dataset,https://www.fueleconomy.gov/feg/epadata/vehicles.csv,
2009,Hyundai,Elantra,Touring,Trim,Fully Verified,EPA,EPA FuelEconomy.gov Vehicle Fuel Economy Dataset,https://www.fueleconomy.gov/feg/epadata/vehicles.csv,
2009,Jaguar,Vanden Plas,VDP,Trim,Government Verified,EPA,EPA FuelEconomy.gov Vehicle Fuel Economy Dataset,https://www.fueleconomy.gov/feg/epadata/vehicles.csv,
2009,Jaguar,XJ8,Xj8L,Trim,Government Verified,EPA,EPA FuelEconomy.gov Vehicle Fuel Economy Dataset,https://www.fueleconomy.gov/feg/epadata/vehicles.csv,
2009,Jeep,Wrangler,Unlimited,Trim,Government Verified,EPA,EPA FuelEconomy.gov Vehicle Fuel Economy Dataset,https://www.fueleconomy.gov/feg/epadata/vehicles.csv,
2009,Mercedes-Benz,C-Class,AMG,Series,Government Verified,EPA,EPA FuelEconomy.gov Vehicle Fuel Economy Dataset,https://www.fueleconomy.gov/feg/epadata/vehicles.csv,
2009,Mercedes-Benz,CL-Class,AMG,Series,Government Verified,EPA,EPA FuelEconomy.gov Vehicle Fuel Economy Dataset,https://www.fueleconomy.gov/feg/epadata/vehicles.csv,
2009,Mercedes-Benz,CL-Class,Cl600,Trim,Government Verified,EPA,EPA FuelEconomy.gov Vehicle Fuel Economy Dataset,https://www.fueleconomy.gov/feg/epadata/vehicles.csv,
2009,Mercedes-Benz,CLK-Class,Clk350,Trim,Government Verified,EPA,EPA FuelEconomy.gov Vehicle Fuel Economy Dataset,https://www.fueleconomy.gov/feg/epadata/vehicles.csv,
2009,Mercedes-Benz,CLS-Class,AMG,Series,Government Verified,EPA,EPA FuelEconomy.gov Vehicle Fuel Economy Dataset,https://www.fueleconomy.gov/feg/epadata/vehicles.csv,
2009,Mercedes-Benz,E-Class,AMG,Series,Government Verified,EPA,EPA FuelEconomy.gov Vehicle Fuel Economy Dataset,https://www.fueleconomy.gov/feg/epadata/vehicles.csv,
2009,Mercedes-Benz,E-Class,E320,Trim,Government Verified,EPA,EPA FuelEconomy.gov Vehicle Fuel Economy Dataset,https://www.fueleconomy.gov/feg/epadata/vehicles.csv,
2009,Mercedes-Benz,G-Class,AMG,Series,Government Verified,EPA,EPA FuelEconomy.gov Vehicle Fuel Economy Dataset,https://www.fueleconomy.gov/feg/epadata/vehicles.csv,
2009,Mercedes-Benz,G-Class,G55,Trim,Government Verified,EPA,EPA FuelEconomy.gov Vehicle Fuel Economy Dataset,https://www.fueleconomy.gov/feg/epadata/vehicles.csv,
2009,Mercedes-Benz,GL-Class,Gl450,Trim,Government Verified,EPA,EPA FuelEconomy.gov Vehicle Fuel Economy Dataset,https://www.fueleconomy.gov/feg/epadata/vehicles.csv,
2009,Mercedes-Benz,M-Class,Ml350,Trim,Government Verified,EPA,EPA FuelEconomy.gov Vehicle Fuel Economy Dataset,https://www.fueleconomy.gov/feg/epadata/vehicles.csv,
2009,Mercedes-Benz,S-Class,AMG,Series,Government Verified,EPA,EPA FuelEconomy.gov Vehicle Fuel Economy Dataset,https://www.fueleconomy.gov/feg/epadata/vehicles.csv,
2009,Mercedes-Benz,S-Class,S600,Trim,Government Verified,EPA,EPA FuelEconomy.gov Vehicle Fuel Economy Dataset,https://www.fueleconomy.gov/feg/epadata/vehicles.csv,
2009,Mercedes-Benz,SL-Class,Sl600,Trim,Government Verified,EPA,EPA FuelEconomy.gov Vehicle Fuel Economy Dataset,https://www.fueleconomy.gov/feg/epadata/vehicles.csv,
2009,Mini,Clubman,John Cooper Works,Trim,Government Verified,EPA,EPA FuelEconomy.gov Vehicle Fuel Economy Dataset,https://www.fueleconomy.gov/feg/epadata/vehicles.csv,
2009,Mini,Convertible,Cooper,Trim,Government Verified,EPA,EPA FuelEconomy.gov Vehicle Fuel Economy Dataset,https://www.fueleconomy.gov/feg/epadata/vehicles.csv,
2009,Mini,Convertible,John Cooper Works,Trim,Government Verified,EPA,EPA FuelEconomy.gov Vehicle Fuel Economy Dataset,https://www.fueleconomy.gov/feg/epadata/vehicles.csv,
2009,Mitsubishi,Lancer,Evolution,Trim,Government Verified,EPA,EPA FuelEconomy.gov Vehicle Fuel Economy Dataset,https://www.fueleconomy.gov/feg/epadata/vehicles.csv,
2009,Pontiac,G5,GT,Trim,Government Verified,EPA,EPA FuelEconomy.gov Vehicle Fuel Economy Dataset,https://www.fueleconomy.gov/feg/epadata/vehicles.csv,
2009,Porsche,911,Carrera,Trim,Government Verified,EPA,EPA FuelEconomy.gov Vehicle Fuel Economy Dataset,https://www.fueleconomy.gov/feg/epadata/vehicles.csv,
2009,Porsche,911,GT2,Trim,Government Verified,EPA,EPA FuelEconomy.gov Vehicle Fuel Economy Dataset,https://www.fueleconomy.gov/feg/epadata/vehicles.csv,
2009,Porsche,911,Targa,Trim,Government Verified,EPA,EPA FuelEconomy.gov Vehicle Fuel Economy Dataset,https://www.fueleconomy.gov/feg/epadata/vehicles.csv,
2009,Porsche,Cayenne,GTS,Trim,Fully Verified,EPA,EPA FuelEconomy.gov Vehicle Fuel Economy Dataset,https://www.fueleconomy.gov/feg/epadata/vehicles.csv,
2009,Saab,9-3,Sport,Trim,Government Verified,EPA,EPA FuelEconomy.gov Vehicle Fuel Economy Dataset,https://www.fueleconomy.gov/feg/epadata/vehicles.csv,
2009,Suzuki,SX4,Sport,Trim,Government Verified,EPA,EPA FuelEconomy.gov Vehicle Fuel Economy Dataset,https://www.fueleconomy.gov/feg/epadata/vehicles.csv,
2010,BMW,3 Series,328Ci,Trim,Government Verified,EPA,EPA FuelEconomy.gov Vehicle Fuel Economy Dataset,https://www.fueleconomy.gov/feg/epadata/vehicles.csv,
2010,BMW,3 Series,335D,Trim,Government Verified,EPA,EPA FuelEconomy.gov Vehicle Fuel Economy Dataset,https://www.fueleconomy.gov/feg/epadata/vehicles.csv,
2010,BMW,3 Series,Sport,Trim,Government Verified,EPA,EPA FuelEconomy.gov Vehicle Fuel Economy Dataset,https://www.fueleconomy.gov/feg/epadata/vehicles.csv,
2010,BMW,5 Series,GT,Trim,Fully Verified,EPA,EPA FuelEconomy.gov Vehicle Fuel Economy Dataset,https://www.fueleconomy.gov/feg/epadata/vehicles.csv,
2010,BMW,5 Series,Sport,Trim,Fully Verified,EPA,EPA FuelEconomy.gov Vehicle Fuel Economy Dataset,https://www.fueleconomy.gov/feg/epadata/vehicles.csv,
2010,BMW,7 Series,750Li,Trim,Government Verified,EPA,EPA FuelEconomy.gov Vehicle Fuel Economy Dataset,https://www.fueleconomy.gov/feg/epadata/vehicles.csv,
2010,BMW,7 Series,760Li,Trim,Government Verified,EPA,EPA FuelEconomy.gov Vehicle Fuel Economy Dataset,https://www.fueleconomy.gov/feg/epadata/vehicles.csv,
2010,Bentley,Continental,GT,Trim,Fully Verified,EPA,EPA FuelEconomy.gov Vehicle Fuel Economy Dataset,https://www.fueleconomy.gov/feg/epadata/vehicles.csv,
2010,Chevrolet,Cobalt,SS,Trim,Government Verified,EPA,EPA FuelEconomy.gov Vehicle Fuel Economy Dataset,https://www.fueleconomy.gov/feg/epadata/vehicles.csv,
2010,Chevrolet,Corvette,Z06,Trim,Government Verified,EPA,EPA FuelEconomy.gov Vehicle Fuel Economy Dataset,https://www.fueleconomy.gov/feg/epadata/vehicles.csv,
2010,Chevrolet,Corvette,ZR1,Trim,Government Verified,EPA,EPA FuelEconomy.gov Vehicle Fuel Economy Dataset,https://www.fueleconomy.gov/feg/epadata/vehicles.csv,
2010,Chevrolet,Express,3500-,Trim,Government Verified,EPA,EPA FuelEconomy.gov Vehicle Fuel Economy Dataset,https://www.fueleconomy.gov/feg/epadata/vehicles.csv,
2010,Chevrolet,HHR,Panel,Trim,Government Verified,EPA,EPA FuelEconomy.gov Vehicle Fuel Economy Dataset,https://www.fueleconomy.gov/feg/epadata/vehicles.csv,
2010,Chrysler,Town & Country,AND,Trim,Government Verified,EPA,EPA FuelEconomy.gov Vehicle Fuel Economy Dataset,https://www.fueleconomy.gov/feg/epadata/vehicles.csv,
2010,GMC,Yukon,Denali,Trim,Fully Verified,EPA,EPA FuelEconomy.gov Vehicle Fuel Economy Dataset,https://www.fueleconomy.gov/feg/epadata/vehicles.csv,
2010,Honda,Civic,CNG,Trim,Government Verified,EPA,EPA FuelEconomy.gov Vehicle Fuel Economy Dataset,https://www.fueleconomy.gov/feg/epadata/vehicles.csv,
2010,Honda,Civic,SI,Trim,Fully Verified,EPA,EPA FuelEconomy.gov Vehicle Fuel Economy Dataset,https://www.fueleconomy.gov/feg/epadata/vehicles.csv,
2010,Hyundai,Elantra,Touring,Trim,Fully Verified,EPA,EPA FuelEconomy.gov Vehicle Fuel Economy Dataset,https://www.fueleconomy.gov/feg/epadata/vehicles.csv,
2010,Jeep,Wrangler,Unlimited,Trim,Government Verified,EPA,EPA FuelEconomy.gov Vehicle Fuel Economy Dataset,https://www.fueleconomy.gov/feg/epadata/vehicles.csv,
2010,Mercedes-Benz,C-Class,AMG,Series,Government Verified,EPA,EPA FuelEconomy.gov Vehicle Fuel Economy Dataset,https://www.fueleconomy.gov/feg/epadata/vehicles.csv,
2010,Mercedes-Benz,CL-Class,AMG,Series,Government Verified,EPA,EPA FuelEconomy.gov Vehicle Fuel Economy Dataset,https://www.fueleconomy.gov/feg/epadata/vehicles.csv,
2010,Mercedes-Benz,CL-Class,Cl600,Trim,Government Verified,EPA,EPA FuelEconomy.gov Vehicle Fuel Economy Dataset,https://www.fueleconomy.gov/feg/epadata/vehicles.csv,
2010,Mercedes-Benz,CLK-Class,Clk350,Trim,Government Verified,EPA,EPA FuelEconomy.gov Vehicle Fuel Economy Dataset,https://www.fueleconomy.gov/feg/epadata/vehicles.csv,
2010,Mercedes-Benz,CLS-Class,AMG,Series,Government Verified,EPA,EPA FuelEconomy.gov Vehicle Fuel Economy Dataset,https://www.fueleconomy.gov/feg/epadata/vehicles.csv,
2010,Mercedes-Benz,E-Class,AMG,Series,Government Verified,EPA,EPA FuelEconomy.gov Vehicle Fuel Economy Dataset,https://www.fueleconomy.gov/feg/epadata/vehicles.csv,
2010,Mercedes-Benz,G-Class,AMG,Series,Government Verified,EPA,EPA FuelEconomy.gov Vehicle Fuel Economy Dataset,https://www.fueleconomy.gov/feg/epadata/vehicles.csv,
2010,Mercedes-Benz,G-Class,G55,Trim,Government Verified,EPA,EPA FuelEconomy.gov Vehicle Fuel Economy Dataset,https://www.fueleconomy.gov/feg/epadata/vehicles.csv,
2010,Mercedes-Benz,GL-Class,Gl450,Trim,Government Verified,EPA,EPA FuelEconomy.gov Vehicle Fuel Economy Dataset,https://www.fueleconomy.gov/feg/epadata/vehicles.csv,
2010,Mercedes-Benz,GLK-Class,Glk350,Trim,Government Verified,EPA,EPA FuelEconomy.gov Vehicle Fuel Economy Dataset,https://www.fueleconomy.gov/feg/epadata/vehicles.csv,
2010,Mercedes-Benz,M-Class,Ml350,Trim,Government Verified,EPA,EPA FuelEconomy.gov Vehicle Fuel Economy Dataset,https://www.fueleconomy.gov/feg/epadata/vehicles.csv,
2010,Mercedes-Benz,S-Class,AMG,Series,Government Verified,EPA,EPA FuelEconomy.gov Vehicle Fuel Economy Dataset,https://www.fueleconomy.gov/feg/epadata/vehicles.csv,
2010,Mercedes-Benz,S-Class,S600,Trim,Government Verified,EPA,EPA FuelEconomy.gov Vehicle Fuel Economy Dataset,https://www.fueleconomy.gov/feg/epadata/vehicles.csv,
2010,Mini,Clubman,John Cooper Works,Trim,Government Verified,EPA,EPA FuelEconomy.gov Vehicle Fuel Economy Dataset,https://www.fueleconomy.gov/feg/epadata/vehicles.csv,
2010,Mini,Convertible,Cooper,Trim,Government Verified,EPA,EPA FuelEconomy.gov Vehicle Fuel Economy Dataset,https://www.fueleconomy.gov/feg/epadata/vehicles.csv,
2010,Mini,Convertible,John Cooper Works,Trim,Government Verified,EPA,EPA FuelEconomy.gov Vehicle Fuel Economy Dataset,https://www.fueleconomy.gov/feg/epadata/vehicles.csv,
2010,Mitsubishi,Lancer,Evolution,Trim,Government Verified,EPA,EPA FuelEconomy.gov Vehicle Fuel Economy Dataset,https://www.fueleconomy.gov/feg/epadata/vehicles.csv,
2010,Pontiac,G5,GT,Trim,Government Verified,EPA,EPA FuelEconomy.gov Vehicle Fuel Economy Dataset,https://www.fueleconomy.gov/feg/epadata/vehicles.csv,
2010,Porsche,911,Carrera,Trim,Government Verified,EPA,EPA FuelEconomy.gov Vehicle Fuel Economy Dataset,https://www.fueleconomy.gov/feg/epadata/vehicles.csv,
2010,Porsche,911,GT3,Trim,Government Verified,EPA,EPA FuelEconomy.gov Vehicle Fuel Economy Dataset,https://www.fueleconomy.gov/feg/epadata/vehicles.csv,
2010,Porsche,911,RS,Trim,Fully Verified,EPA,EPA FuelEconomy.gov Vehicle Fuel Economy Dataset,https://www.fueleconomy.gov/feg/epadata/vehicles.csv,
2010,Porsche,911,Targa,Trim,Government Verified,EPA,EPA FuelEconomy.gov Vehicle Fuel Economy Dataset,https://www.fueleconomy.gov/feg/epadata/vehicles.csv,
2010,Porsche,Cayenne,GTS,Trim,Fully Verified,EPA,EPA FuelEconomy.gov Vehicle Fuel Economy Dataset,https://www.fueleconomy.gov/feg/epadata/vehicles.csv,
2010,Saab,9-3,Sport,Trim,Government Verified,EPA,EPA FuelEconomy.gov Vehicle Fuel Economy Dataset,https://www.fueleconomy.gov/feg/epadata/vehicles.csv,
2010,Suzuki,SX4,Sport,Trim,Government Verified,EPA,EPA FuelEconomy.gov Vehicle Fuel Economy Dataset,https://www.fueleconomy.gov/feg/epadata/vehicles.csv,
2011,Acura,TSX,Sport Wagon,Sub-model,Manufacturer Verified,"Acura (American Honda Motor Co., Inc.)",Acura TSX Receives Numerous Updates and All-New Sport Wagon Model for 2011 (official press release),https://acuranews.com/en-US/releases/release-164e42d0f9a640e79f8dee69077ba28a-acura-tsx-receives-numerous-updates-and-all-new-sport-wagon-model-for,
2011,BMW,3 Series,328Ci,Trim,Government Verified,EPA,EPA FuelEconomy.gov Vehicle Fuel Economy Dataset,https://www.fueleconomy.gov/feg/epadata/vehicles.csv,
2011,BMW,3 Series,335D,Trim,Government Verified,EPA,EPA FuelEconomy.gov Vehicle Fuel Economy Dataset,https://www.fueleconomy.gov/feg/epadata/vehicles.csv,
2011,BMW,3 Series,335Is,Trim,Government Verified,EPA,EPA FuelEconomy.gov Vehicle Fuel Economy Dataset,https://www.fueleconomy.gov/feg/epadata/vehicles.csv,
2011,BMW,5 Series,525Xi,Trim,Government Verified,EPA,EPA FuelEconomy.gov Vehicle Fuel Economy Dataset,https://www.fueleconomy.gov/feg/epadata/vehicles.csv,
2011,BMW,5 Series,GT,Trim,Fully Verified,EPA,EPA FuelEconomy.gov Vehicle Fuel Economy Dataset,https://www.fueleconomy.gov/feg/epadata/vehicles.csv,
2011,BMW,7 Series,740Li,Trim,Government Verified,EPA,EPA FuelEconomy.gov Vehicle Fuel Economy Dataset,https://www.fueleconomy.gov/feg/epadata/vehicles.csv,
2011,BMW,7 Series,750Li,Trim,Government Verified,EPA,EPA FuelEconomy.gov Vehicle Fuel Economy Dataset,https://www.fueleconomy.gov/feg/epadata/vehicles.csv,
2011,BMW,7 Series,760Li,Trim,Government Verified,EPA,EPA FuelEconomy.gov Vehicle Fuel Economy Dataset,https://www.fueleconomy.gov/feg/epadata/vehicles.csv,
2011,BMW,7 Series,Activehybrid,Trim,Government Verified,EPA,EPA FuelEconomy.gov Vehicle Fuel Economy Dataset,https://www.fueleconomy.gov/feg/epadata/vehicles.csv,
2011,Chevrolet,Corvette,Z06,Trim,Government Verified,EPA,EPA FuelEconomy.gov Vehicle Fuel Economy Dataset,https://www.fueleconomy.gov/feg/epadata/vehicles.csv,
2011,Chevrolet,Express,3500-,Trim,Government Verified,EPA,EPA FuelEconomy.gov Vehicle Fuel Economy Dataset,https://www.fueleconomy.gov/feg/epadata/vehicles.csv,
2011,Chevrolet,HHR,Panel,Trim,Government Verified,EPA,EPA FuelEconomy.gov Vehicle Fuel Economy Dataset,https://www.fueleconomy.gov/feg/epadata/vehicles.csv,
2011,Chrysler,Town & Country,AND,Trim,Government Verified,EPA,EPA FuelEconomy.gov Vehicle Fuel Economy Dataset,https://www.fueleconomy.gov/feg/epadata/vehicles.csv,
2011,Ford,F-150,Raptor,Sub-model,Government Verified,EPA,EPA FuelEconomy.gov Vehicle Fuel Economy Dataset,https://www.fueleconomy.gov/feg/epadata/vehicles.csv,
2011,GMC,Yukon,Denali,Trim,Fully Verified,EPA,EPA FuelEconomy.gov Vehicle Fuel Economy Dataset,https://www.fueleconomy.gov/feg/epadata/vehicles.csv,
2011,Honda,Civic,CNG,Trim,Government Verified,EPA,EPA FuelEconomy.gov Vehicle Fuel Economy Dataset,https://www.fueleconomy.gov/feg/epadata/vehicles.csv,
2011,Honda,Civic,SI,Trim,Fully Verified,EPA,EPA FuelEconomy.gov Vehicle Fuel Economy Dataset,https://www.fueleconomy.gov/feg/epadata/vehicles.csv,
2011,Hyundai,Elantra,Touring,Trim,Fully Verified,EPA,EPA FuelEconomy.gov Vehicle Fuel Economy Dataset,https://www.fueleconomy.gov/feg/epadata/vehicles.csv,
2011,Jaguar,XJ,XJL,Trim,Government Verified,EPA,EPA FuelEconomy.gov Vehicle Fuel Economy Dataset,https://www.fueleconomy.gov/feg/epadata/vehicles.csv,
2011,Jeep,Wrangler,Unlimited,Trim,Government Verified,EPA,EPA FuelEconomy.gov Vehicle Fuel Economy Dataset,https://www.fueleconomy.gov/feg/epadata/vehicles.csv,
2011,Kia,Forte,Koup,Trim,Government Verified,EPA,EPA FuelEconomy.gov Vehicle Fuel Economy Dataset,https://www.fueleconomy.gov/feg/epadata/vehicles.csv,
2011,Mercedes-Benz,C-Class,AMG,Series,Government Verified,EPA,EPA FuelEconomy.gov Vehicle Fuel Economy Dataset,https://www.fueleconomy.gov/feg/epadata/vehicles.csv,
2011,Mercedes-Benz,CL-Class,AMG,Series,Government Verified,EPA,EPA FuelEconomy.gov Vehicle Fuel Economy Dataset,https://www.fueleconomy.gov/feg/epadata/vehicles.csv,
2011,Mercedes-Benz,CL-Class,Cl600,Trim,Government Verified,EPA,EPA FuelEconomy.gov Vehicle Fuel Economy Dataset,https://www.fueleconomy.gov/feg/epadata/vehicles.csv,
2011,Mercedes-Benz,CLS-Class,AMG,Series,Government Verified,EPA,EPA FuelEconomy.gov Vehicle Fuel Economy Dataset,https://www.fueleconomy.gov/feg/epadata/vehicles.csv,
2011,Mercedes-Benz,E-Class,AMG,Series,Government Verified,EPA,EPA FuelEconomy.gov Vehicle Fuel Economy Dataset,https://www.fueleconomy.gov/feg/epadata/vehicles.csv,
2011,Mercedes-Benz,G-Class,AMG,Series,Government Verified,EPA,EPA FuelEconomy.gov Vehicle Fuel Economy Dataset,https://www.fueleconomy.gov/feg/epadata/vehicles.csv,
2011,Mercedes-Benz,G-Class,G55,Trim,Government Verified,EPA,EPA FuelEconomy.gov Vehicle Fuel Economy Dataset,https://www.fueleconomy.gov/feg/epadata/vehicles.csv,
2011,Mercedes-Benz,GL-Class,Gl450,Trim,Government Verified,EPA,EPA FuelEconomy.gov Vehicle Fuel Economy Dataset,https://www.fueleconomy.gov/feg/epadata/vehicles.csv,
2011,Mercedes-Benz,GLK-Class,Glk350,Trim,Government Verified,EPA,EPA FuelEconomy.gov Vehicle Fuel Economy Dataset,https://www.fueleconomy.gov/feg/epadata/vehicles.csv,
2011,Mercedes-Benz,M-Class,Ml350,Trim,Government Verified,EPA,EPA FuelEconomy.gov Vehicle Fuel Economy Dataset,https://www.fueleconomy.gov/feg/epadata/vehicles.csv,
2011,Mercedes-Benz,S-Class,AMG,Series,Government Verified,EPA,EPA FuelEconomy.gov Vehicle Fuel Economy Dataset,https://www.fueleconomy.gov/feg/epadata/vehicles.csv,
2011,Mercedes-Benz,S-Class,S600,Trim,Government Verified,EPA,EPA FuelEconomy.gov Vehicle Fuel Economy Dataset,https://www.fueleconomy.gov/feg/epadata/vehicles.csv,
2011,Mini,Clubman,Cooper,Trim,Government Verified,EPA,EPA FuelEconomy.gov Vehicle Fuel Economy Dataset,https://www.fueleconomy.gov/feg/epadata/vehicles.csv,
2011,Mini,Clubman,John Cooper Works,Trim,Government Verified,EPA,EPA FuelEconomy.gov Vehicle Fuel Economy Dataset,https://www.fueleconomy.gov/feg/epadata/vehicles.csv,
2011,Mini,Convertible,Cooper,Trim,Government Verified,EPA,EPA FuelEconomy.gov Vehicle Fuel Economy Dataset,https://www.fueleconomy.gov/feg/epadata/vehicles.csv,
2011,Mini,Convertible,JCW,Trim,Fully Verified,EPA,EPA FuelEconomy.gov Vehicle Fuel Economy Dataset,https://www.fueleconomy.gov/feg/epadata/vehicles.csv,
2011,Mini,Convertible,John Cooper Works,Trim,Government Verified,EPA,EPA FuelEconomy.gov Vehicle Fuel Economy Dataset,https://www.fueleconomy.gov/feg/epadata/vehicles.csv,
2011,Mini,Countryman,Cooper,Trim,Government Verified,EPA,EPA FuelEconomy.gov Vehicle Fuel Economy Dataset,https://www.fueleconomy.gov/feg/epadata/vehicles.csv,
2011,Mini,Hardtop,Cooper,Trim,Government Verified,EPA,EPA FuelEconomy.gov Vehicle Fuel Economy Dataset,https://www.fueleconomy.gov/feg/epadata/vehicles.csv,
2011,Mini,Hardtop,JCW,Trim,Fully Verified,EPA,EPA FuelEconomy.gov Vehicle Fuel Economy Dataset,https://www.fueleconomy.gov/feg/epadata/vehicles.csv,
2011,Mitsubishi,Lancer,Evolution,Trim,Government Verified,EPA,EPA FuelEconomy.gov Vehicle Fuel Economy Dataset,https://www.fueleconomy.gov/feg/epadata/vehicles.csv,
2011,Nissan,Murano,Crosscabriolet,Trim,Government Verified,EPA,EPA FuelEconomy.gov Vehicle Fuel Economy Dataset,https://www.fueleconomy.gov/feg/epadata/vehicles.csv,
2011,Porsche,911,Carrera,Trim,Government Verified,EPA,EPA FuelEconomy.gov Vehicle Fuel Economy Dataset,https://www.fueleconomy.gov/feg/epadata/vehicles.csv,
2011,Porsche,911,GT2,Trim,Government Verified,EPA,EPA FuelEconomy.gov Vehicle Fuel Economy Dataset,https://www.fueleconomy.gov/feg/epadata/vehicles.csv,
2011,Porsche,911,GT3,Trim,Government Verified,EPA,EPA FuelEconomy.gov Vehicle Fuel Economy Dataset,https://www.fueleconomy.gov/feg/epadata/vehicles.csv,
2011,Porsche,911,GTS,Trim,Fully Verified,EPA,EPA FuelEconomy.gov Vehicle Fuel Economy Dataset,https://www.fueleconomy.gov/feg/epadata/vehicles.csv,
2011,Porsche,911,RS,Trim,Fully Verified,EPA,EPA FuelEconomy.gov Vehicle Fuel Economy Dataset,https://www.fueleconomy.gov/feg/epadata/vehicles.csv,
2011,Porsche,911,Targa,Trim,Government Verified,EPA,EPA FuelEconomy.gov Vehicle Fuel Economy Dataset,https://www.fueleconomy.gov/feg/epadata/vehicles.csv,
2011,Saab,9-3,Sport,Trim,Government Verified,EPA,EPA FuelEconomy.gov Vehicle Fuel Economy Dataset,https://www.fueleconomy.gov/feg/epadata/vehicles.csv,
2011,Suzuki,SX4,Anniversary,Edition,Government Verified,EPA,EPA FuelEconomy.gov Vehicle Fuel Economy Dataset,https://www.fueleconomy.gov/feg/epadata/vehicles.csv,
2011,Suzuki,SX4,Sport,Trim,Government Verified,EPA,EPA FuelEconomy.gov Vehicle Fuel Economy Dataset,https://www.fueleconomy.gov/feg/epadata/vehicles.csv,
2012,Acura,TSX,Sport Wagon,Sub-model,Manufacturer Verified,"Acura (American Honda Motor Co., Inc.)",Acura TSX Receives Numerous Updates and All-New Sport Wagon Model for 2011 (official press release),https://acuranews.com/en-US/releases/release-164e42d0f9a640e79f8dee69077ba28a-acura-tsx-receives-numerous-updates-and-all-new-sport-wagon-model-for,
2012,BMW,3 Series,328Ci,Trim,Government Verified,EPA,EPA FuelEconomy.gov Vehicle Fuel Economy Dataset,https://www.fueleconomy.gov/feg/epadata/vehicles.csv,
2012,BMW,3 Series,335Is,Trim,Government Verified,EPA,EPA FuelEconomy.gov Vehicle Fuel Economy Dataset,https://www.fueleconomy.gov/feg/epadata/vehicles.csv,
2012,BMW,3 Series,Sport,Trim,Government Verified,EPA,EPA FuelEconomy.gov Vehicle Fuel Economy Dataset,https://www.fueleconomy.gov/feg/epadata/vehicles.csv,
2012,BMW,5 Series,528Xi,Trim,Government Verified,EPA,EPA FuelEconomy.gov Vehicle Fuel Economy Dataset,https://www.fueleconomy.gov/feg/epadata/vehicles.csv,
2012,BMW,5 Series,535Xi,Trim,Government Verified,EPA,EPA FuelEconomy.gov Vehicle Fuel Economy Dataset,https://www.fueleconomy.gov/feg/epadata/vehicles.csv,
2012,BMW,5 Series,GT,Trim,Fully Verified,EPA,EPA FuelEconomy.gov Vehicle Fuel Economy Dataset,https://www.fueleconomy.gov/feg/epadata/vehicles.csv,
2012,BMW,7 Series,740Li,Trim,Government Verified,EPA,EPA FuelEconomy.gov Vehicle Fuel Economy Dataset,https://www.fueleconomy.gov/feg/epadata/vehicles.csv,
2012,BMW,7 Series,750Li,Trim,Government Verified,EPA,EPA FuelEconomy.gov Vehicle Fuel Economy Dataset,https://www.fueleconomy.gov/feg/epadata/vehicles.csv,
2012,BMW,7 Series,760Li,Trim,Government Verified,EPA,EPA FuelEconomy.gov Vehicle Fuel Economy Dataset,https://www.fueleconomy.gov/feg/epadata/vehicles.csv,
2012,BMW,7 Series,Activehybrid,Trim,Government Verified,EPA,EPA FuelEconomy.gov Vehicle Fuel Economy Dataset,https://www.fueleconomy.gov/feg/epadata/vehicles.csv,
2012,Bentley,Continental,GT,Trim,Fully Verified,EPA,EPA FuelEconomy.gov Vehicle Fuel Economy Dataset,https://www.fueleconomy.gov/feg/epadata/vehicles.csv,
2012,Chevrolet,Corvette,Z06,Trim,Government Verified,EPA,EPA FuelEconomy.gov Vehicle Fuel Economy Dataset,https://www.fueleconomy.gov/feg/epadata/vehicles.csv,
2012,Chevrolet,Corvette,ZR1,Trim,Government Verified,EPA,EPA FuelEconomy.gov Vehicle Fuel Economy Dataset,https://www.fueleconomy.gov/feg/epadata/vehicles.csv,
2012,Chevrolet,Express,3500-,Trim,Government Verified,EPA,EPA FuelEconomy.gov Vehicle Fuel Economy Dataset,https://www.fueleconomy.gov/feg/epadata/vehicles.csv,
2012,Chrysler,Town & Country,AND,Trim,Government Verified,EPA,EPA FuelEconomy.gov Vehicle Fuel Economy Dataset,https://www.fueleconomy.gov/feg/epadata/vehicles.csv,
2012,Ford,F-150,Raptor,Sub-model,Government Verified,EPA,EPA FuelEconomy.gov Vehicle Fuel Economy Dataset,https://www.fueleconomy.gov/feg/epadata/vehicles.csv,
2012,GMC,Yukon,Denali,Trim,Fully Verified,EPA,EPA FuelEconomy.gov Vehicle Fuel Economy Dataset,https://www.fueleconomy.gov/feg/epadata/vehicles.csv,
2012,Honda,Civic,CNG,Trim,Government Verified,EPA,EPA FuelEconomy.gov Vehicle Fuel Economy Dataset,https://www.fueleconomy.gov/feg/epadata/vehicles.csv,
2012,Honda,Civic,SI,Trim,Fully Verified,EPA,EPA FuelEconomy.gov Vehicle Fuel Economy Dataset,https://www.fueleconomy.gov/feg/epadata/vehicles.csv,
2012,Hyundai,Elantra,Touring,Trim,Fully Verified,EPA,EPA FuelEconomy.gov Vehicle Fuel Economy Dataset,https://www.fueleconomy.gov/feg/epadata/vehicles.csv,
2012,Jeep,Wrangler,Unlimited,Trim,Government Verified,EPA,EPA FuelEconomy.gov Vehicle Fuel Economy Dataset,https://www.fueleconomy.gov/feg/epadata/vehicles.csv,
2012,Kia,Forte,Koup,Trim,Government Verified,EPA,EPA FuelEconomy.gov Vehicle Fuel Economy Dataset,https://www.fueleconomy.gov/feg/epadata/vehicles.csv,
2012,Mercedes-Benz,C-Class,AMG,Series,Government Verified,EPA,EPA FuelEconomy.gov Vehicle Fuel Economy Dataset,https://www.fueleconomy.gov/feg/epadata/vehicles.csv,
2012,Mercedes-Benz,CL-Class,AMG,Series,Government Verified,EPA,EPA FuelEconomy.gov Vehicle Fuel Economy Dataset,https://www.fueleconomy.gov/feg/epadata/vehicles.csv,
2012,Mercedes-Benz,CL-Class,Cl600,Trim,Government Verified,EPA,EPA FuelEconomy.gov Vehicle Fuel Economy Dataset,https://www.fueleconomy.gov/feg/epadata/vehicles.csv,
2012,Mercedes-Benz,CLA-Class,Cla250,Trim,Government Verified,EPA,EPA FuelEconomy.gov Vehicle Fuel Economy Dataset,https://www.fueleconomy.gov/feg/epadata/vehicles.csv,
2012,Mercedes-Benz,CLS-Class,AMG,Series,Government Verified,EPA,EPA FuelEconomy.gov Vehicle Fuel Economy Dataset,https://www.fueleconomy.gov/feg/epadata/vehicles.csv,
2012,Mercedes-Benz,E-Class,AMG,Series,Government Verified,EPA,EPA FuelEconomy.gov Vehicle Fuel Economy Dataset,https://www.fueleconomy.gov/feg/epadata/vehicles.csv,
2012,Mercedes-Benz,GL-Class,Gl450,Trim,Government Verified,EPA,EPA FuelEconomy.gov Vehicle Fuel Economy Dataset,https://www.fueleconomy.gov/feg/epadata/vehicles.csv,
2012,Mercedes-Benz,GLK-Class,Glk350,Trim,Government Verified,EPA,EPA FuelEconomy.gov Vehicle Fuel Economy Dataset,https://www.fueleconomy.gov/feg/epadata/vehicles.csv,
2012,Mercedes-Benz,M-Class,Ml350,Trim,Government Verified,EPA,EPA FuelEconomy.gov Vehicle Fuel Economy Dataset,https://www.fueleconomy.gov/feg/epadata/vehicles.csv,
2012,Mercedes-Benz,S-Class,AMG,Series,Government Verified,EPA,EPA FuelEconomy.gov Vehicle Fuel Economy Dataset,https://www.fueleconomy.gov/feg/epadata/vehicles.csv,
2012,Mercedes-Benz,S-Class,S600,Trim,Government Verified,EPA,EPA FuelEconomy.gov Vehicle Fuel Economy Dataset,https://www.fueleconomy.gov/feg/epadata/vehicles.csv,
2012,Mini,Clubman,Cooper,Trim,Government Verified,EPA,EPA FuelEconomy.gov Vehicle Fuel Economy Dataset,https://www.fueleconomy.gov/feg/epadata/vehicles.csv,
2012,Mini,Clubman,John Cooper Works,Trim,Government Verified,EPA,EPA FuelEconomy.gov Vehicle Fuel Economy Dataset,https://www.fueleconomy.gov/feg/epadata/vehicles.csv,
2012,Mini,Convertible,Cooper,Trim,Government Verified,EPA,EPA FuelEconomy.gov Vehicle Fuel Economy Dataset,https://www.fueleconomy.gov/feg/epadata/vehicles.csv,
2012,Mini,Convertible,JCW,Trim,Fully Verified,EPA,EPA FuelEconomy.gov Vehicle Fuel Economy Dataset,https://www.fueleconomy.gov/feg/epadata/vehicles.csv,
2012,Mini,Convertible,John Cooper Works,Trim,Government Verified,EPA,EPA FuelEconomy.gov Vehicle Fuel Economy Dataset,https://www.fueleconomy.gov/feg/epadata/vehicles.csv,
2012,Mini,Countryman,Cooper,Trim,Government Verified,EPA,EPA FuelEconomy.gov Vehicle Fuel Economy Dataset,https://www.fueleconomy.gov/feg/epadata/vehicles.csv,
2012,Mini,Coupe,Cooper,Trim,Government Verified,EPA,EPA FuelEconomy.gov Vehicle Fuel Economy Dataset,https://www.fueleconomy.gov/feg/epadata/vehicles.csv,
2012,Mini,Coupe,John Cooper Works,Trim,Government Verified,EPA,EPA FuelEconomy.gov Vehicle Fuel Economy Dataset,https://www.fueleconomy.gov/feg/epadata/vehicles.csv,
2012,Mini,Hardtop,Cooper,Trim,Government Verified,EPA,EPA FuelEconomy.gov Vehicle Fuel Economy Dataset,https://www.fueleconomy.gov/feg/epadata/vehicles.csv,
2012,Mini,Hardtop,JCW,Trim,Fully Verified,EPA,EPA FuelEconomy.gov Vehicle Fuel Economy Dataset,https://www.fueleconomy.gov/feg/epadata/vehicles.csv,
2012,Mini,Roadster,Cooper,Trim,Government Verified,EPA,EPA FuelEconomy.gov Vehicle Fuel Economy Dataset,https://www.fueleconomy.gov/feg/epadata/vehicles.csv,
2012,Mini,Roadster,John Cooper Works,Trim,Government Verified,EPA,EPA FuelEconomy.gov Vehicle Fuel Economy Dataset,https://www.fueleconomy.gov/feg/epadata/vehicles.csv,
2012,Mitsubishi,Lancer,Evolution,Trim,Government Verified,EPA,EPA FuelEconomy.gov Vehicle Fuel Economy Dataset,https://www.fueleconomy.gov/feg/epadata/vehicles.csv,
2012,Nissan,Murano,Crosscabriolet,Trim,Government Verified,EPA,EPA FuelEconomy.gov Vehicle Fuel Economy Dataset,https://www.fueleconomy.gov/feg/epadata/vehicles.csv,
2012,Porsche,911,Carrera,Trim,Government Verified,EPA,EPA FuelEconomy.gov Vehicle Fuel Economy Dataset,https://www.fueleconomy.gov/feg/epadata/vehicles.csv,
2012,Porsche,911,GTS,Trim,Fully Verified,EPA,EPA FuelEconomy.gov Vehicle Fuel Economy Dataset,https://www.fueleconomy.gov/feg/epadata/vehicles.csv,
2012,Porsche,911,Targa,Trim,Government Verified,EPA,EPA FuelEconomy.gov Vehicle Fuel Economy Dataset,https://www.fueleconomy.gov/feg/epadata/vehicles.csv,
2012,Porsche,Cayenne,GTS,Trim,Fully Verified,EPA,EPA FuelEconomy.gov Vehicle Fuel Economy Dataset,https://www.fueleconomy.gov/feg/epadata/vehicles.csv,
2012,Saab,9-3,Sport,Trim,Government Verified,EPA,EPA FuelEconomy.gov Vehicle Fuel Economy Dataset,https://www.fueleconomy.gov/feg/epadata/vehicles.csv,
2012,Suzuki,SX4,Sport,Trim,Government Verified,EPA,EPA FuelEconomy.gov Vehicle Fuel Economy Dataset,https://www.fueleconomy.gov/feg/epadata/vehicles.csv,
2012,Toyota,Camry,LE,Trim,Government Verified,EPA,EPA FuelEconomy.gov Vehicle Fuel Economy Dataset,https://www.fueleconomy.gov/feg/epadata/vehicles.csv,
2012,Toyota,Camry,XLE,Trim,Government Verified,EPA,EPA FuelEconomy.gov Vehicle Fuel Economy Dataset,https://www.fueleconomy.gov/feg/epadata/vehicles.csv,
2013,BMW,3 Series,335Is,Trim,Government Verified,EPA,EPA FuelEconomy.gov Vehicle Fuel Economy Dataset,https://www.fueleconomy.gov/feg/epadata/vehicles.csv,
2013,BMW,3 Series,335Xi,Trim,Government Verified,EPA,EPA FuelEconomy.gov Vehicle Fuel Economy Dataset,https://www.fueleconomy.gov/feg/epadata/vehicles.csv,
2013,BMW,5 Series,528Xi,Trim,Government Verified,EPA,EPA FuelEconomy.gov Vehicle Fuel Economy Dataset,https://www.fueleconomy.gov/feg/epadata/vehicles.csv,
2013,BMW,5 Series,535Xi,Trim,Government Verified,EPA,EPA FuelEconomy.gov Vehicle Fuel Economy Dataset,https://www.fueleconomy.gov/feg/epadata/vehicles.csv,
2013,BMW,5 Series,GT,Trim,Fully Verified,EPA,EPA FuelEconomy.gov Vehicle Fuel Economy Dataset,https://www.fueleconomy.gov/feg/epadata/vehicles.csv,
2013,BMW,7 Series,740Li,Trim,Government Verified,EPA,EPA FuelEconomy.gov Vehicle Fuel Economy Dataset,https://www.fueleconomy.gov/feg/epadata/vehicles.csv,
2013,BMW,7 Series,750Li,Trim,Government Verified,EPA,EPA FuelEconomy.gov Vehicle Fuel Economy Dataset,https://www.fueleconomy.gov/feg/epadata/vehicles.csv,
2013,BMW,7 Series,760Li,Trim,Government Verified,EPA,EPA FuelEconomy.gov Vehicle Fuel Economy Dataset,https://www.fueleconomy.gov/feg/epadata/vehicles.csv,
2013,BMW,7 Series,Activehybrid,Trim,Government Verified,EPA,EPA FuelEconomy.gov Vehicle Fuel Economy Dataset,https://www.fueleconomy.gov/feg/epadata/vehicles.csv,
2013,Bentley,Continental,GT,Trim,Fully Verified,EPA,EPA FuelEconomy.gov Vehicle Fuel Economy Dataset,https://www.fueleconomy.gov/feg/epadata/vehicles.csv,
2013,Chevrolet,Corvette,Z06,Trim,Government Verified,EPA,EPA FuelEconomy.gov Vehicle Fuel Economy Dataset,https://www.fueleconomy.gov/feg/epadata/vehicles.csv,
2013,Chevrolet,Corvette,ZR1,Trim,Government Verified,EPA,EPA FuelEconomy.gov Vehicle Fuel Economy Dataset,https://www.fueleconomy.gov/feg/epadata/vehicles.csv,
2013,Chevrolet,Express,3500-,Trim,Government Verified,EPA,EPA FuelEconomy.gov Vehicle Fuel Economy Dataset,https://www.fueleconomy.gov/feg/epadata/vehicles.csv,
2013,Chevrolet,Sonic,RS,Trim,Government Verified,EPA,EPA FuelEconomy.gov Vehicle Fuel Economy Dataset,https://www.fueleconomy.gov/feg/epadata/vehicles.csv,
2013,Chrysler,Town & Country,AND,Trim,Government Verified,EPA,EPA FuelEconomy.gov Vehicle Fuel Economy Dataset,https://www.fueleconomy.gov/feg/epadata/vehicles.csv,
2013,Ford,F-150,Raptor,Sub-model,Government Verified,EPA,EPA FuelEconomy.gov Vehicle Fuel Economy Dataset,https://www.fueleconomy.gov/feg/epadata/vehicles.csv,
2013,GMC,Acadia,Denali,Trim,Manufacturer Verified,GMC (General Motors),GMC Newsroom: 'GMC celebrates 25 years of Denali as sales reach 2 million vehicles' - Denali described as GMC's premium trim level (newsroom inspected 2026-07-18); Acadia Denali lineage confirmed by 'GMC introduces first ever Acadia Denali Ultimate for 2026',https://news.gmc.com,
2013,GMC,Yukon,Denali,Trim,Fully Verified,EPA,EPA FuelEconomy.gov Vehicle Fuel Economy Dataset,https://www.fueleconomy.gov/feg/epadata/vehicles.csv,
2013,Honda,Civic,CNG,Trim,Government Verified,EPA,EPA FuelEconomy.gov Vehicle Fuel Economy Dataset,https://www.fueleconomy.gov/feg/epadata/vehicles.csv,
2013,Honda,Civic,SI,Trim,Fully Verified,EPA,EPA FuelEconomy.gov Vehicle Fuel Economy Dataset,https://www.fueleconomy.gov/feg/epadata/vehicles.csv,
2013,Hyundai,Sonata,Limited,Trim,Government Verified,EPA,EPA FuelEconomy.gov Vehicle Fuel Economy Dataset,https://www.fueleconomy.gov/feg/epadata/vehicles.csv,
2013,Jaguar,XJ,XJL,Trim,Government Verified,EPA,EPA FuelEconomy.gov Vehicle Fuel Economy Dataset,https://www.fueleconomy.gov/feg/epadata/vehicles.csv,
2013,Jeep,Wrangler,Unlimited,Trim,Government Verified,EPA,EPA FuelEconomy.gov Vehicle Fuel Economy Dataset,https://www.fueleconomy.gov/feg/epadata/vehicles.csv,
2013,Kia,Forte,Koup,Trim,Government Verified,EPA,EPA FuelEconomy.gov Vehicle Fuel Economy Dataset,https://www.fueleconomy.gov/feg/epadata/vehicles.csv,
2013,Mercedes-Benz,C-Class,AMG,Series,Government Verified,EPA,EPA FuelEconomy.gov Vehicle Fuel Economy Dataset,https://www.fueleconomy.gov/feg/epadata/vehicles.csv,
2013,Mercedes-Benz,CL-Class,AMG,Series,Government Verified,EPA,EPA FuelEconomy.gov Vehicle Fuel Economy Dataset,https://www.fueleconomy.gov/feg/epadata/vehicles.csv,
2013,Mercedes-Benz,CL-Class,Cl600,Trim,Government Verified,EPA,EPA FuelEconomy.gov Vehicle Fuel Economy Dataset,https://www.fueleconomy.gov/feg/epadata/vehicles.csv,
2013,Mercedes-Benz,CLA-Class,Cla250,Trim,Government Verified,EPA,EPA FuelEconomy.gov Vehicle Fuel Economy Dataset,https://www.fueleconomy.gov/feg/epadata/vehicles.csv,
2013,Mercedes-Benz,CLS-Class,AMG,Series,Government Verified,EPA,EPA FuelEconomy.gov Vehicle Fuel Economy Dataset,https://www.fueleconomy.gov/feg/epadata/vehicles.csv,
2013,Mercedes-Benz,E-Class,AMG,Series,Government Verified,EPA,EPA FuelEconomy.gov Vehicle Fuel Economy Dataset,https://www.fueleconomy.gov/feg/epadata/vehicles.csv,
2013,Mercedes-Benz,G-Class,AMG,Series,Government Verified,EPA,EPA FuelEconomy.gov Vehicle Fuel Economy Dataset,https://www.fueleconomy.gov/feg/epadata/vehicles.csv,
2013,Mercedes-Benz,G-Class,G63,Trim,Government Verified,EPA,EPA FuelEconomy.gov Vehicle Fuel Economy Dataset,https://www.fueleconomy.gov/feg/epadata/vehicles.csv,
2013,Mercedes-Benz,GL-Class,Gl450,Trim,Government Verified,EPA,EPA FuelEconomy.gov Vehicle Fuel Economy Dataset,https://www.fueleconomy.gov/feg/epadata/vehicles.csv,
2013,Mercedes-Benz,GLK-Class,Glk350,Trim,Government Verified,EPA,EPA FuelEconomy.gov Vehicle Fuel Economy Dataset,https://www.fueleconomy.gov/feg/epadata/vehicles.csv,
2013,Mercedes-Benz,M-Class,Ml350,Trim,Government Verified,EPA,EPA FuelEconomy.gov Vehicle Fuel Economy Dataset,https://www.fueleconomy.gov/feg/epadata/vehicles.csv,
2013,Mercedes-Benz,S-Class,AMG,Series,Government Verified,EPA,EPA FuelEconomy.gov Vehicle Fuel Economy Dataset,https://www.fueleconomy.gov/feg/epadata/vehicles.csv,
2013,Mercedes-Benz,S-Class,S600,Trim,Government Verified,EPA,EPA FuelEconomy.gov Vehicle Fuel Economy Dataset,https://www.fueleconomy.gov/feg/epadata/vehicles.csv,
2013,Mercedes-Benz,SLS AMG,GT,Trim,Government Verified,EPA,EPA FuelEconomy.gov Vehicle Fuel Economy Dataset,https://www.fueleconomy.gov/feg/epadata/vehicles.csv,
2013,Mini,Clubman,Cooper,Trim,Government Verified,EPA,EPA FuelEconomy.gov Vehicle Fuel Economy Dataset,https://www.fueleconomy.gov/feg/epadata/vehicles.csv,
2013,Mini,Clubman,John Cooper Works,Trim,Government Verified,EPA,EPA FuelEconomy.gov Vehicle Fuel Economy Dataset,https://www.fueleconomy.gov/feg/epadata/vehicles.csv,
2013,Mini,Convertible,Cooper,Trim,Government Verified,EPA,EPA FuelEconomy.gov Vehicle Fuel Economy Dataset,https://www.fueleconomy.gov/feg/epadata/vehicles.csv,
2013,Mini,Convertible,JCW,Trim,Fully Verified,EPA,EPA FuelEconomy.gov Vehicle Fuel Economy Dataset,https://www.fueleconomy.gov/feg/epadata/vehicles.csv,
2013,Mini,Convertible,John Cooper Works,Trim,Government Verified,EPA,EPA FuelEconomy.gov Vehicle Fuel Economy Dataset,https://www.fueleconomy.gov/feg/epadata/vehicles.csv,
2013,Mini,Countryman,Cooper,Trim,Government Verified,EPA,EPA FuelEconomy.gov Vehicle Fuel Economy Dataset,https://www.fueleconomy.gov/feg/epadata/vehicles.csv,
2013,Mini,Countryman,JCW,Trim,Fully Verified,EPA,EPA FuelEconomy.gov Vehicle Fuel Economy Dataset,https://www.fueleconomy.gov/feg/epadata/vehicles.csv,
2013,Mini,Coupe,Cooper,Trim,Government Verified,EPA,EPA FuelEconomy.gov Vehicle Fuel Economy Dataset,https://www.fueleconomy.gov/feg/epadata/vehicles.csv,
2013,Mini,Coupe,John Cooper Works,Trim,Government Verified,EPA,EPA FuelEconomy.gov Vehicle Fuel Economy Dataset,https://www.fueleconomy.gov/feg/epadata/vehicles.csv,
2013,Mini,Hardtop,Cooper,Trim,Government Verified,EPA,EPA FuelEconomy.gov Vehicle Fuel Economy Dataset,https://www.fueleconomy.gov/feg/epadata/vehicles.csv,
2013,Mini,Hardtop,JCW,Trim,Fully Verified,EPA,EPA FuelEconomy.gov Vehicle Fuel Economy Dataset,https://www.fueleconomy.gov/feg/epadata/vehicles.csv,
2013,Mini,Paceman,Cooper,Trim,Government Verified,EPA,EPA FuelEconomy.gov Vehicle Fuel Economy Dataset,https://www.fueleconomy.gov/feg/epadata/vehicles.csv,
2013,Mini,Paceman,JCW,Trim,Fully Verified,EPA,EPA FuelEconomy.gov Vehicle Fuel Economy Dataset,https://www.fueleconomy.gov/feg/epadata/vehicles.csv,
2013,Mini,Roadster,Cooper,Trim,Government Verified,EPA,EPA FuelEconomy.gov Vehicle Fuel Economy Dataset,https://www.fueleconomy.gov/feg/epadata/vehicles.csv,
2013,Mini,Roadster,John Cooper Works,Trim,Government Verified,EPA,EPA FuelEconomy.gov Vehicle Fuel Economy Dataset,https://www.fueleconomy.gov/feg/epadata/vehicles.csv,
2013,Mitsubishi,Lancer,Evolution,Trim,Government Verified,EPA,EPA FuelEconomy.gov Vehicle Fuel Economy Dataset,https://www.fueleconomy.gov/feg/epadata/vehicles.csv,
2013,Nissan,Murano,Crosscabriolet,Trim,Government Verified,EPA,EPA FuelEconomy.gov Vehicle Fuel Economy Dataset,https://www.fueleconomy.gov/feg/epadata/vehicles.csv,
2013,Porsche,911,Carrera,Trim,Government Verified,EPA,EPA FuelEconomy.gov Vehicle Fuel Economy Dataset,https://www.fueleconomy.gov/feg/epadata/vehicles.csv,
2013,Porsche,Cayenne,GTS,Trim,Fully Verified,EPA,EPA FuelEconomy.gov Vehicle Fuel Economy Dataset,https://www.fueleconomy.gov/feg/epadata/vehicles.csv,
2013,Porsche,Panamera,GTS,Trim,Fully Verified,EPA,EPA FuelEconomy.gov Vehicle Fuel Economy Dataset,https://www.fueleconomy.gov/feg/epadata/vehicles.csv,
2013,Suzuki,SX4,Sport,Trim,Government Verified,EPA,EPA FuelEconomy.gov Vehicle Fuel Economy Dataset,https://www.fueleconomy.gov/feg/epadata/vehicles.csv,
2013,Toyota,Camry,LE,Trim,Government Verified,EPA,EPA FuelEconomy.gov Vehicle Fuel Economy Dataset,https://www.fueleconomy.gov/feg/epadata/vehicles.csv,
2013,Toyota,Camry,XLE,Trim,Government Verified,EPA,EPA FuelEconomy.gov Vehicle Fuel Economy Dataset,https://www.fueleconomy.gov/feg/epadata/vehicles.csv,
2013,Toyota,RAV4,Limited,Trim,Government Verified,EPA,EPA FuelEconomy.gov Vehicle Fuel Economy Dataset,https://www.fueleconomy.gov/feg/epadata/vehicles.csv,
2014,Acura,RLX,Sport Hybrid,Sub-model,Manufacturer Verified,"Acura (American Honda Motor Co., Inc.)","2017 MDX Sport Hybrid press release, which documents the Sport Hybrid SH-AWD system as 'first offered in the RLX Sport Hybrid' (inspected 2026-07-18)",https://acuranews.com/en-US/releases/release-ecb7d1f3ec084c759f624ced3dcc1d43-acura-electrifies-suv-lineup-with-powerful-and-efficient-2017-mdx-sport-hybrid,
2014,BMW,2 Series,M235I,Trim,Government Verified,EPA,EPA FuelEconomy.gov Vehicle Fuel Economy Dataset,https://www.fueleconomy.gov/feg/epadata/vehicles.csv,
2014,BMW,3 Series,328D,Trim,Government Verified,EPA,EPA FuelEconomy.gov Vehicle Fuel Economy Dataset,https://www.fueleconomy.gov/feg/epadata/vehicles.csv,
2014,BMW,3 Series,328Xi,Trim,Government Verified,EPA,EPA FuelEconomy.gov Vehicle Fuel Economy Dataset,https://www.fueleconomy.gov/feg/epadata/vehicles.csv,
2014,BMW,3 Series,335Xi,Trim,Government Verified,EPA,EPA FuelEconomy.gov Vehicle Fuel Economy Dataset,https://www.fueleconomy.gov/feg/epadata/vehicles.csv,
2014,BMW,5 Series,528Xi,Trim,Government Verified,EPA,EPA FuelEconomy.gov Vehicle Fuel Economy Dataset,https://www.fueleconomy.gov/feg/epadata/vehicles.csv,
2014,BMW,5 Series,535D,Trim,Government Verified,EPA,EPA FuelEconomy.gov Vehicle Fuel Economy Dataset,https://www.fueleconomy.gov/feg/epadata/vehicles.csv,
2014,BMW,5 Series,GT,Trim,Fully Verified,EPA,EPA FuelEconomy.gov Vehicle Fuel Economy Dataset,https://www.fueleconomy.gov/feg/epadata/vehicles.csv,
2014,BMW,7 Series,740Li,Trim,Government Verified,EPA,EPA FuelEconomy.gov Vehicle Fuel Economy Dataset,https://www.fueleconomy.gov/feg/epadata/vehicles.csv,
2014,BMW,7 Series,750Li,Trim,Government Verified,EPA,EPA FuelEconomy.gov Vehicle Fuel Economy Dataset,https://www.fueleconomy.gov/feg/epadata/vehicles.csv,
2014,BMW,7 Series,760Li,Trim,Government Verified,EPA,EPA FuelEconomy.gov Vehicle Fuel Economy Dataset,https://www.fueleconomy.gov/feg/epadata/vehicles.csv,
2014,BMW,7 Series,Activehybrid,Trim,Government Verified,EPA,EPA FuelEconomy.gov Vehicle Fuel Economy Dataset,https://www.fueleconomy.gov/feg/epadata/vehicles.csv,
2014,BMW,i3,REX,Trim,Government Verified,EPA,EPA FuelEconomy.gov Vehicle Fuel Economy Dataset,https://www.fueleconomy.gov/feg/epadata/vehicles.csv,
2014,Bentley,Continental,GT,Trim,Fully Verified,EPA,EPA FuelEconomy.gov Vehicle Fuel Economy Dataset,https://www.fueleconomy.gov/feg/epadata/vehicles.csv,
2014,Chevrolet,Express,3500-,Trim,Government Verified,EPA,EPA FuelEconomy.gov Vehicle Fuel Economy Dataset,https://www.fueleconomy.gov/feg/epadata/vehicles.csv,
2014,Chevrolet,Impala,Limited,Trim,Fully Verified,EPA,EPA FuelEconomy.gov Vehicle Fuel Economy Dataset,https://www.fueleconomy.gov/feg/epadata/vehicles.csv,
2014,Chevrolet,Sonic,RS,Trim,Government Verified,EPA,EPA FuelEconomy.gov Vehicle Fuel Economy Dataset,https://www.fueleconomy.gov/feg/epadata/vehicles.csv,
2014,Chrysler,Town & Country,AND,Trim,Government Verified,EPA,EPA FuelEconomy.gov Vehicle Fuel Economy Dataset,https://www.fueleconomy.gov/feg/epadata/vehicles.csv,
2014,Dodge,Dart,GT,Trim,Government Verified,EPA,EPA FuelEconomy.gov Vehicle Fuel Economy Dataset,https://www.fueleconomy.gov/feg/epadata/vehicles.csv,
2014,Ford,F-150,Raptor,Sub-model,Government Verified,EPA,EPA FuelEconomy.gov Vehicle Fuel Economy Dataset,https://www.fueleconomy.gov/feg/epadata/vehicles.csv,
2014,GMC,Acadia,Denali,Trim,Manufacturer Verified,GMC (General Motors),GMC Newsroom: 'GMC celebrates 25 years of Denali as sales reach 2 million vehicles' - Denali described as GMC's premium trim level (newsroom inspected 2026-07-18); Acadia Denali lineage confirmed by 'GMC introduces first ever Acadia Denali Ultimate for 2026',https://news.gmc.com,
2014,GMC,Yukon,Denali,Trim,Fully Verified,EPA,EPA FuelEconomy.gov Vehicle Fuel Economy Dataset,https://www.fueleconomy.gov/feg/epadata/vehicles.csv,
2014,Honda,Civic,CNG,Trim,Government Verified,EPA,EPA FuelEconomy.gov Vehicle Fuel Economy Dataset,https://www.fueleconomy.gov/feg/epadata/vehicles.csv,
2014,Hyundai,Elantra,Limited,Trim,Government Verified,EPA,EPA FuelEconomy.gov Vehicle Fuel Economy Dataset,https://www.fueleconomy.gov/feg/epadata/vehicles.csv,
2014,Hyundai,Santa Fe,Ultimate,Trim,Government Verified,EPA,EPA FuelEconomy.gov Vehicle Fuel Economy Dataset,https://www.fueleconomy.gov/feg/epadata/vehicles.csv,
2014,Hyundai,Sonata,Limited,Trim,Government Verified,EPA,EPA FuelEconomy.gov Vehicle Fuel Economy Dataset,https://www.fueleconomy.gov/feg/epadata/vehicles.csv,
2014,Jaguar,XJ,XJL,Trim,Government Verified,EPA,EPA FuelEconomy.gov Vehicle Fuel Economy Dataset,https://www.fueleconomy.gov/feg/epadata/vehicles.csv,
2014,Jeep,Cherokee,Trailhawk,Trim,Government Verified,EPA,EPA FuelEconomy.gov Vehicle Fuel Economy Dataset,https://www.fueleconomy.gov/feg/epadata/vehicles.csv,
2014,Jeep,Wrangler,Unlimited,Trim,Government Verified,EPA,EPA FuelEconomy.gov Vehicle Fuel Economy Dataset,https://www.fueleconomy.gov/feg/epadata/vehicles.csv,
2014,Kia,Forte,Koup,Trim,Government Verified,EPA,EPA FuelEconomy.gov Vehicle Fuel Economy Dataset,https://www.fueleconomy.gov/feg/epadata/vehicles.csv,
2014,Mercedes-Benz,C-Class,AMG,Series,Government Verified,EPA,EPA FuelEconomy.gov Vehicle Fuel Economy Dataset,https://www.fueleconomy.gov/feg/epadata/vehicles.csv,
2014,Mercedes-Benz,CL-Class,AMG,Series,Government Verified,EPA,EPA FuelEconomy.gov Vehicle Fuel Economy Dataset,https://www.fueleconomy.gov/feg/epadata/vehicles.csv,
2014,Mercedes-Benz,CL-Class,Cl600,Trim,Government Verified,EPA,EPA FuelEconomy.gov Vehicle Fuel Economy Dataset,https://www.fueleconomy.gov/feg/epadata/vehicles.csv,
2014,Mercedes-Benz,CLA-Class,AMG,Series,Government Verified,EPA,EPA FuelEconomy.gov Vehicle Fuel Economy Dataset,https://www.fueleconomy.gov/feg/epadata/vehicles.csv,
2014,Mercedes-Benz,CLA-Class,Cla250,Trim,Government Verified,EPA,EPA FuelEconomy.gov Vehicle Fuel Economy Dataset,https://www.fueleconomy.gov/feg/epadata/vehicles.csv,
2014,Mercedes-Benz,CLA-Class,Cla45,Trim,Government Verified,EPA,EPA FuelEconomy.gov Vehicle Fuel Economy Dataset,https://www.fueleconomy.gov/feg/epadata/vehicles.csv,
2014,Mercedes-Benz,CLS-Class,AMG,Series,Government Verified,EPA,EPA FuelEconomy.gov Vehicle Fuel Economy Dataset,https://www.fueleconomy.gov/feg/epadata/vehicles.csv,
2014,Mercedes-Benz,E-Class,AMG,Series,Government Verified,EPA,EPA FuelEconomy.gov Vehicle Fuel Economy Dataset,https://www.fueleconomy.gov/feg/epadata/vehicles.csv,
2014,Mercedes-Benz,G-Class,AMG,Series,Government Verified,EPA,EPA FuelEconomy.gov Vehicle Fuel Economy Dataset,https://www.fueleconomy.gov/feg/epadata/vehicles.csv,
2014,Mercedes-Benz,G-Class,G63,Trim,Government Verified,EPA,EPA FuelEconomy.gov Vehicle Fuel Economy Dataset,https://www.fueleconomy.gov/feg/epadata/vehicles.csv,
2014,Mercedes-Benz,GL-Class,Gl450,Trim,Government Verified,EPA,EPA FuelEconomy.gov Vehicle Fuel Economy Dataset,https://www.fueleconomy.gov/feg/epadata/vehicles.csv,
2014,Mercedes-Benz,GLA-Class,AMG,Series,Government Verified,EPA,EPA FuelEconomy.gov Vehicle Fuel Economy Dataset,https://www.fueleconomy.gov/feg/epadata/vehicles.csv,
2014,Mercedes-Benz,GLA-Class,Gla45,Trim,Government Verified,EPA,EPA FuelEconomy.gov Vehicle Fuel Economy Dataset,https://www.fueleconomy.gov/feg/epadata/vehicles.csv,
2014,Mercedes-Benz,GLK-Class,Glk350,Trim,Government Verified,EPA,EPA FuelEconomy.gov Vehicle Fuel Economy Dataset,https://www.fueleconomy.gov/feg/epadata/vehicles.csv,
2014,Mercedes-Benz,M-Class,Ml350,Trim,Government Verified,EPA,EPA FuelEconomy.gov Vehicle Fuel Economy Dataset,https://www.fueleconomy.gov/feg/epadata/vehicles.csv,
2014,Mercedes-Benz,S-Class,AMG,Series,Government Verified,EPA,EPA FuelEconomy.gov Vehicle Fuel Economy Dataset,https://www.fueleconomy.gov/feg/epadata/vehicles.csv,
2014,Mercedes-Benz,SLS AMG,GT,Trim,Government Verified,EPA,EPA FuelEconomy.gov Vehicle Fuel Economy Dataset,https://www.fueleconomy.gov/feg/epadata/vehicles.csv,
2014,Mini,Clubman,Cooper,Trim,Government Verified,EPA,EPA FuelEconomy.gov Vehicle Fuel Economy Dataset,https://www.fueleconomy.gov/feg/epadata/vehicles.csv,
2014,Mini,Clubman,John Cooper Works,Trim,Government Verified,EPA,EPA FuelEconomy.gov Vehicle Fuel Economy Dataset,https://www.fueleconomy.gov/feg/epadata/vehicles.csv,
2014,Mini,Convertible,Cooper,Trim,Government Verified,EPA,EPA FuelEconomy.gov Vehicle Fuel Economy Dataset,https://www.fueleconomy.gov/feg/epadata/vehicles.csv,
2014,Mini,Convertible,JCW,Trim,Fully Verified,EPA,EPA FuelEconomy.gov Vehicle Fuel Economy Dataset,https://www.fueleconomy.gov/feg/epadata/vehicles.csv,
2014,Mini,Convertible,John Cooper Works,Trim,Government Verified,EPA,EPA FuelEconomy.gov Vehicle Fuel Economy Dataset,https://www.fueleconomy.gov/feg/epadata/vehicles.csv,
2014,Mini,Countryman,Cooper,Trim,Government Verified,EPA,EPA FuelEconomy.gov Vehicle Fuel Economy Dataset,https://www.fueleconomy.gov/feg/epadata/vehicles.csv,
2014,Mini,Countryman,JCW,Trim,Fully Verified,EPA,EPA FuelEconomy.gov Vehicle Fuel Economy Dataset,https://www.fueleconomy.gov/feg/epadata/vehicles.csv,
2014,Mini,Coupe,Cooper,Trim,Government Verified,EPA,EPA FuelEconomy.gov Vehicle Fuel Economy Dataset,https://www.fueleconomy.gov/feg/epadata/vehicles.csv,
2014,Mini,Coupe,John Cooper Works,Trim,Government Verified,EPA,EPA FuelEconomy.gov Vehicle Fuel Economy Dataset,https://www.fueleconomy.gov/feg/epadata/vehicles.csv,
2014,Mini,Hardtop,Cooper,Trim,Government Verified,EPA,EPA FuelEconomy.gov Vehicle Fuel Economy Dataset,https://www.fueleconomy.gov/feg/epadata/vehicles.csv,
2014,Mini,Paceman,Cooper,Trim,Government Verified,EPA,EPA FuelEconomy.gov Vehicle Fuel Economy Dataset,https://www.fueleconomy.gov/feg/epadata/vehicles.csv,
2014,Mini,Paceman,JCW,Trim,Fully Verified,EPA,EPA FuelEconomy.gov Vehicle Fuel Economy Dataset,https://www.fueleconomy.gov/feg/epadata/vehicles.csv,
2014,Mini,Roadster,Cooper,Trim,Government Verified,EPA,EPA FuelEconomy.gov Vehicle Fuel Economy Dataset,https://www.fueleconomy.gov/feg/epadata/vehicles.csv,
2014,Mini,Roadster,John Cooper Works,Trim,Government Verified,EPA,EPA FuelEconomy.gov Vehicle Fuel Economy Dataset,https://www.fueleconomy.gov/feg/epadata/vehicles.csv,
2014,Mitsubishi,Lancer,Evolution,Trim,Government Verified,EPA,EPA FuelEconomy.gov Vehicle Fuel Economy Dataset,https://www.fueleconomy.gov/feg/epadata/vehicles.csv,
2014,Nissan,Murano,Crosscabriolet,Trim,Government Verified,EPA,EPA FuelEconomy.gov Vehicle Fuel Economy Dataset,https://www.fueleconomy.gov/feg/epadata/vehicles.csv,
2014,Nissan,Rogue,Select,Trim,Government Verified,EPA,EPA FuelEconomy.gov Vehicle Fuel Economy Dataset,https://www.fueleconomy.gov/feg/epadata/vehicles.csv,
2014,Porsche,911,Carrera,Trim,Government Verified,EPA,EPA FuelEconomy.gov Vehicle Fuel Economy Dataset,https://www.fueleconomy.gov/feg/epadata/vehicles.csv,
2014,Porsche,911,GT3,Trim,Government Verified,EPA,EPA FuelEconomy.gov Vehicle Fuel Economy Dataset,https://www.fueleconomy.gov/feg/epadata/vehicles.csv,
2014,Porsche,911,Targa,Trim,Government Verified,EPA,EPA FuelEconomy.gov Vehicle Fuel Economy Dataset,https://www.fueleconomy.gov/feg/epadata/vehicles.csv,
2014,Porsche,Cayenne,GTS,Trim,Fully Verified,EPA,EPA FuelEconomy.gov Vehicle Fuel Economy Dataset,https://www.fueleconomy.gov/feg/epadata/vehicles.csv,
2014,Porsche,Panamera,Executive,Trim,Government Verified,EPA,EPA FuelEconomy.gov Vehicle Fuel Economy Dataset,https://www.fueleconomy.gov/feg/epadata/vehicles.csv,
2014,Porsche,Panamera,GTS,Trim,Fully Verified,EPA,EPA FuelEconomy.gov Vehicle Fuel Economy Dataset,https://www.fueleconomy.gov/feg/epadata/vehicles.csv,
2014,Toyota,Camry,LE,Trim,Government Verified,EPA,EPA FuelEconomy.gov Vehicle Fuel Economy Dataset,https://www.fueleconomy.gov/feg/epadata/vehicles.csv,
2014,Toyota,Camry,SE,Trim,Government Verified,EPA,EPA FuelEconomy.gov Vehicle Fuel Economy Dataset,https://www.fueleconomy.gov/feg/epadata/vehicles.csv,
2014,Toyota,Camry,XLE,Trim,Government Verified,EPA,EPA FuelEconomy.gov Vehicle Fuel Economy Dataset,https://www.fueleconomy.gov/feg/epadata/vehicles.csv,
2014,Toyota,Corolla,LE,Trim,Government Verified,EPA,EPA FuelEconomy.gov Vehicle Fuel Economy Dataset,https://www.fueleconomy.gov/feg/epadata/vehicles.csv,
2014,Toyota,Highlander,LE,Trim,Government Verified,EPA,EPA FuelEconomy.gov Vehicle Fuel Economy Dataset,https://www.fueleconomy.gov/feg/epadata/vehicles.csv,
2014,Toyota,RAV4,Limited,Trim,Government Verified,EPA,EPA FuelEconomy.gov Vehicle Fuel Economy Dataset,https://www.fueleconomy.gov/feg/epadata/vehicles.csv,
2015,Aston Martin,Vantage,GT,Trim,Government Verified,EPA,EPA FuelEconomy.gov Vehicle Fuel Economy Dataset,https://www.fueleconomy.gov/feg/epadata/vehicles.csv,
2015,BMW,2 Series,M235I,Trim,Government Verified,EPA,EPA FuelEconomy.gov Vehicle Fuel Economy Dataset,https://www.fueleconomy.gov/feg/epadata/vehicles.csv,
2015,BMW,3 Series,328D,Trim,Government Verified,EPA,EPA FuelEconomy.gov Vehicle Fuel Economy Dataset,https://www.fueleconomy.gov/feg/epadata/vehicles.csv,
2015,BMW,3 Series,328Xi,Trim,Government Verified,EPA,EPA FuelEconomy.gov Vehicle Fuel Economy Dataset,https://www.fueleconomy.gov/feg/epadata/vehicles.csv,
2015,BMW,3 Series,335Xi,Trim,Government Verified,EPA,EPA FuelEconomy.gov Vehicle Fuel Economy Dataset,https://www.fueleconomy.gov/feg/epadata/vehicles.csv,
2015,BMW,5 Series,535D,Trim,Government Verified,EPA,EPA FuelEconomy.gov Vehicle Fuel Economy Dataset,https://www.fueleconomy.gov/feg/epadata/vehicles.csv,
2015,BMW,5 Series,GT,Trim,Fully Verified,EPA,EPA FuelEconomy.gov Vehicle Fuel Economy Dataset,https://www.fueleconomy.gov/feg/epadata/vehicles.csv,
2015,BMW,7 Series,740Li,Trim,Government Verified,EPA,EPA FuelEconomy.gov Vehicle Fuel Economy Dataset,https://www.fueleconomy.gov/feg/epadata/vehicles.csv,
2015,BMW,7 Series,750Li,Trim,Government Verified,EPA,EPA FuelEconomy.gov Vehicle Fuel Economy Dataset,https://www.fueleconomy.gov/feg/epadata/vehicles.csv,
2015,BMW,7 Series,760Li,Trim,Government Verified,EPA,EPA FuelEconomy.gov Vehicle Fuel Economy Dataset,https://www.fueleconomy.gov/feg/epadata/vehicles.csv,
2015,BMW,7 Series,Activehybrid,Trim,Government Verified,EPA,EPA FuelEconomy.gov Vehicle Fuel Economy Dataset,https://www.fueleconomy.gov/feg/epadata/vehicles.csv,
2015,BMW,i3,REX,Trim,Government Verified,EPA,EPA FuelEconomy.gov Vehicle Fuel Economy Dataset,https://www.fueleconomy.gov/feg/epadata/vehicles.csv,
2015,Bentley,Continental,GT,Trim,Fully Verified,EPA,EPA FuelEconomy.gov Vehicle Fuel Economy Dataset,https://www.fueleconomy.gov/feg/epadata/vehicles.csv,
2015,Chevrolet,Express,3500-,Trim,Government Verified,EPA,EPA FuelEconomy.gov Vehicle Fuel Economy Dataset,https://www.fueleconomy.gov/feg/epadata/vehicles.csv,
2015,Chevrolet,Impala,Limited,Trim,Fully Verified,EPA,EPA FuelEconomy.gov Vehicle Fuel Economy Dataset,https://www.fueleconomy.gov/feg/epadata/vehicles.csv,
2015,Chevrolet,Sonic,RS,Trim,Government Verified,EPA,EPA FuelEconomy.gov Vehicle Fuel Economy Dataset,https://www.fueleconomy.gov/feg/epadata/vehicles.csv,
2015,Chrysler,Town & Country,AND,Trim,Government Verified,EPA,EPA FuelEconomy.gov Vehicle Fuel Economy Dataset,https://www.fueleconomy.gov/feg/epadata/vehicles.csv,
2015,Dodge,Dart,GT,Trim,Government Verified,EPA,EPA FuelEconomy.gov Vehicle Fuel Economy Dataset,https://www.fueleconomy.gov/feg/epadata/vehicles.csv,
2015,GMC,Acadia,Denali,Trim,Manufacturer Verified,GMC (General Motors),GMC Newsroom: 'GMC celebrates 25 years of Denali as sales reach 2 million vehicles' - Denali described as GMC's premium trim level (newsroom inspected 2026-07-18); Acadia Denali lineage confirmed by 'GMC introduces first ever Acadia Denali Ultimate for 2026',https://news.gmc.com,
2015,GMC,Yukon,Denali,Trim,Fully Verified,EPA,EPA FuelEconomy.gov Vehicle Fuel Economy Dataset,https://www.fueleconomy.gov/feg/epadata/vehicles.csv,
2015,Honda,Civic,CNG,Trim,Government Verified,EPA,EPA FuelEconomy.gov Vehicle Fuel Economy Dataset,https://www.fueleconomy.gov/feg/epadata/vehicles.csv,
2015,Honda,Civic,SI,Trim,Fully Verified,EPA,EPA FuelEconomy.gov Vehicle Fuel Economy Dataset,https://www.fueleconomy.gov/feg/epadata/vehicles.csv,
2015,Hyundai,Azera,Limited,Trim,Government Verified,EPA,EPA FuelEconomy.gov Vehicle Fuel Economy Dataset,https://www.fueleconomy.gov/feg/epadata/vehicles.csv,
2015,Hyundai,Elantra,Limited,Trim,Government Verified,EPA,EPA FuelEconomy.gov Vehicle Fuel Economy Dataset,https://www.fueleconomy.gov/feg/epadata/vehicles.csv,
2015,Hyundai,Santa Fe,Ultimate,Trim,Government Verified,EPA,EPA FuelEconomy.gov Vehicle Fuel Economy Dataset,https://www.fueleconomy.gov/feg/epadata/vehicles.csv,
2015,Hyundai,Santa Fe Sport,Ultimate,Trim,Government Verified,EPA,EPA FuelEconomy.gov Vehicle Fuel Economy Dataset,https://www.fueleconomy.gov/feg/epadata/vehicles.csv,
2015,Hyundai,Sonata,Limited,Trim,Government Verified,EPA,EPA FuelEconomy.gov Vehicle Fuel Economy Dataset,https://www.fueleconomy.gov/feg/epadata/vehicles.csv,
2015,Hyundai,Sonata Sport,Limited,Trim,Government Verified,EPA,EPA FuelEconomy.gov Vehicle Fuel Economy Dataset,https://www.fueleconomy.gov/feg/epadata/vehicles.csv,
2015,Jaguar,XJ,XJL,Trim,Government Verified,EPA,EPA FuelEconomy.gov Vehicle Fuel Economy Dataset,https://www.fueleconomy.gov/feg/epadata/vehicles.csv,
2015,Jeep,Cherokee,Trailhawk,Trim,Government Verified,EPA,EPA FuelEconomy.gov Vehicle Fuel Economy Dataset,https://www.fueleconomy.gov/feg/epadata/vehicles.csv,
2015,Jeep,Wrangler,Unlimited,Trim,Government Verified,EPA,EPA FuelEconomy.gov Vehicle Fuel Economy Dataset,https://www.fueleconomy.gov/feg/epadata/vehicles.csv,
2015,Kia,Forte,Koup,Trim,Government Verified,EPA,EPA FuelEconomy.gov Vehicle Fuel Economy Dataset,https://www.fueleconomy.gov/feg/epadata/vehicles.csv,
2015,Mercedes-Benz,C-Class,AMG,Series,Government Verified,EPA,EPA FuelEconomy.gov Vehicle Fuel Economy Dataset,https://www.fueleconomy.gov/feg/epadata/vehicles.csv,
2015,Mercedes-Benz,CLA-Class,AMG,Series,Government Verified,EPA,EPA FuelEconomy.gov Vehicle Fuel Economy Dataset,https://www.fueleconomy.gov/feg/epadata/vehicles.csv,
2015,Mercedes-Benz,CLA-Class,Cla250,Trim,Government Verified,EPA,EPA FuelEconomy.gov Vehicle Fuel Economy Dataset,https://www.fueleconomy.gov/feg/epadata/vehicles.csv,
2015,Mercedes-Benz,CLA-Class,Cla45,Trim,Government Verified,EPA,EPA FuelEconomy.gov Vehicle Fuel Economy Dataset,https://www.fueleconomy.gov/feg/epadata/vehicles.csv,
2015,Mercedes-Benz,CLS-Class,AMG,Series,Government Verified,EPA,EPA FuelEconomy.gov Vehicle Fuel Economy Dataset,https://www.fueleconomy.gov/feg/epadata/vehicles.csv,
2015,Mercedes-Benz,E-Class,AMG,Series,Government Verified,EPA,EPA FuelEconomy.gov Vehicle Fuel Economy Dataset,https://www.fueleconomy.gov/feg/epadata/vehicles.csv,
2015,Mercedes-Benz,E-Class,Station,Trim,Government Verified,EPA,EPA FuelEconomy.gov Vehicle Fuel Economy Dataset,https://www.fueleconomy.gov/feg/epadata/vehicles.csv,
2015,Mercedes-Benz,G-Class,AMG,Series,Government Verified,EPA,EPA FuelEconomy.gov Vehicle Fuel Economy Dataset,https://www.fueleconomy.gov/feg/epadata/vehicles.csv,
2015,Mercedes-Benz,G-Class,G63,Trim,Government Verified,EPA,EPA FuelEconomy.gov Vehicle Fuel Economy Dataset,https://www.fueleconomy.gov/feg/epadata/vehicles.csv,
2015,Mercedes-Benz,GL-Class,Gl450,Trim,Government Verified,EPA,EPA FuelEconomy.gov Vehicle Fuel Economy Dataset,https://www.fueleconomy.gov/feg/epadata/vehicles.csv,
2015,Mercedes-Benz,GLA-Class,AMG,Series,Government Verified,EPA,EPA FuelEconomy.gov Vehicle Fuel Economy Dataset,https://www.fueleconomy.gov/feg/epadata/vehicles.csv,
2015,Mercedes-Benz,GLA-Class,Gla45,Trim,Government Verified,EPA,EPA FuelEconomy.gov Vehicle Fuel Economy Dataset,https://www.fueleconomy.gov/feg/epadata/vehicles.csv,
2015,Mercedes-Benz,GLK-Class,Glk350,Trim,Government Verified,EPA,EPA FuelEconomy.gov Vehicle Fuel Economy Dataset,https://www.fueleconomy.gov/feg/epadata/vehicles.csv,
2015,Mercedes-Benz,M-Class,Ml350,Trim,Government Verified,EPA,EPA FuelEconomy.gov Vehicle Fuel Economy Dataset,https://www.fueleconomy.gov/feg/epadata/vehicles.csv,
2015,Mercedes-Benz,S-Class,AMG,Series,Government Verified,EPA,EPA FuelEconomy.gov Vehicle Fuel Economy Dataset,https://www.fueleconomy.gov/feg/epadata/vehicles.csv,
2015,Mercedes-Benz,S-Class,S600,Trim,Government Verified,EPA,EPA FuelEconomy.gov Vehicle Fuel Economy Dataset,https://www.fueleconomy.gov/feg/epadata/vehicles.csv,
2015,Mercedes-Benz,SLS AMG,GT,Trim,Government Verified,EPA,EPA FuelEconomy.gov Vehicle Fuel Economy Dataset,https://www.fueleconomy.gov/feg/epadata/vehicles.csv,
2015,Mini,Convertible,Cooper,Trim,Government Verified,EPA,EPA FuelEconomy.gov Vehicle Fuel Economy Dataset,https://www.fueleconomy.gov/feg/epadata/vehicles.csv,
2015,Mini,Convertible,John Cooper Works,Trim,Government Verified,EPA,EPA FuelEconomy.gov Vehicle Fuel Economy Dataset,https://www.fueleconomy.gov/feg/epadata/vehicles.csv,
2015,Mini,Cooper,JCW,Trim,Fully Verified,EPA,EPA FuelEconomy.gov Vehicle Fuel Economy Dataset,https://www.fueleconomy.gov/feg/epadata/vehicles.csv,
2015,Mini,Countryman,Cooper,Trim,Government Verified,EPA,EPA FuelEconomy.gov Vehicle Fuel Economy Dataset,https://www.fueleconomy.gov/feg/epadata/vehicles.csv,
2015,Mini,Countryman,JCW,Trim,Fully Verified,EPA,EPA FuelEconomy.gov Vehicle Fuel Economy Dataset,https://www.fueleconomy.gov/feg/epadata/vehicles.csv,
2015,Mini,Coupe,Cooper,Trim,Government Verified,EPA,EPA FuelEconomy.gov Vehicle Fuel Economy Dataset,https://www.fueleconomy.gov/feg/epadata/vehicles.csv,
2015,Mini,Coupe,John Cooper Works,Trim,Government Verified,EPA,EPA FuelEconomy.gov Vehicle Fuel Economy Dataset,https://www.fueleconomy.gov/feg/epadata/vehicles.csv,
2015,Mini,Hardtop,Cooper,Trim,Government Verified,EPA,EPA FuelEconomy.gov Vehicle Fuel Economy Dataset,https://www.fueleconomy.gov/feg/epadata/vehicles.csv,
2015,Mini,Hardtop,John Cooper Works,Trim,Government Verified,EPA,EPA FuelEconomy.gov Vehicle Fuel Economy Dataset,https://www.fueleconomy.gov/feg/epadata/vehicles.csv,
2015,Mini,Paceman,Cooper,Trim,Government Verified,EPA,EPA FuelEconomy.gov Vehicle Fuel Economy Dataset,https://www.fueleconomy.gov/feg/epadata/vehicles.csv,
2015,Mini,Paceman,JCW,Trim,Fully Verified,EPA,EPA FuelEconomy.gov Vehicle Fuel Economy Dataset,https://www.fueleconomy.gov/feg/epadata/vehicles.csv,
2015,Mini,Roadster,Cooper,Trim,Government Verified,EPA,EPA FuelEconomy.gov Vehicle Fuel Economy Dataset,https://www.fueleconomy.gov/feg/epadata/vehicles.csv,
2015,Mini,Roadster,John Cooper Works,Trim,Government Verified,EPA,EPA FuelEconomy.gov Vehicle Fuel Economy Dataset,https://www.fueleconomy.gov/feg/epadata/vehicles.csv,
2015,Mitsubishi,Lancer,Evolution,Trim,Government Verified,EPA,EPA FuelEconomy.gov Vehicle Fuel Economy Dataset,https://www.fueleconomy.gov/feg/epadata/vehicles.csv,
2015,Nissan,JUKE,Nismo,Trim,Government Verified,EPA,EPA FuelEconomy.gov Vehicle Fuel Economy Dataset,https://www.fueleconomy.gov/feg/epadata/vehicles.csv,
2015,Nissan,JUKE,RS,Trim,Government Verified,EPA,EPA FuelEconomy.gov Vehicle Fuel Economy Dataset,https://www.fueleconomy.gov/feg/epadata/vehicles.csv,
2015,Nissan,Pathfinder,Platinum,Trim,Government Verified,EPA,EPA FuelEconomy.gov Vehicle Fuel Economy Dataset,https://www.fueleconomy.gov/feg/epadata/vehicles.csv,
2015,Nissan,Rogue,Select,Trim,Government Verified,EPA,EPA FuelEconomy.gov Vehicle Fuel Economy Dataset,https://www.fueleconomy.gov/feg/epadata/vehicles.csv,
2015,Porsche,911,Carrera,Trim,Government Verified,EPA,EPA FuelEconomy.gov Vehicle Fuel Economy Dataset,https://www.fueleconomy.gov/feg/epadata/vehicles.csv,
2015,Porsche,911,GT3,Trim,Government Verified,EPA,EPA FuelEconomy.gov Vehicle Fuel Economy Dataset,https://www.fueleconomy.gov/feg/epadata/vehicles.csv,
2015,Porsche,911,GTS,Trim,Fully Verified,EPA,EPA FuelEconomy.gov Vehicle Fuel Economy Dataset,https://www.fueleconomy.gov/feg/epadata/vehicles.csv,
2015,Porsche,911,RS,Trim,Fully Verified,EPA,EPA FuelEconomy.gov Vehicle Fuel Economy Dataset,https://www.fueleconomy.gov/feg/epadata/vehicles.csv,
2015,Porsche,911,Targa,Trim,Government Verified,EPA,EPA FuelEconomy.gov Vehicle Fuel Economy Dataset,https://www.fueleconomy.gov/feg/epadata/vehicles.csv,
2015,Porsche,Boxster,GTS,Trim,Fully Verified,EPA,EPA FuelEconomy.gov Vehicle Fuel Economy Dataset,https://www.fueleconomy.gov/feg/epadata/vehicles.csv,
2015,Porsche,Cayenne,GTS,Trim,Fully Verified,EPA,EPA FuelEconomy.gov Vehicle Fuel Economy Dataset,https://www.fueleconomy.gov/feg/epadata/vehicles.csv,
2015,Porsche,Cayman,GT4,Trim,Government Verified,EPA,EPA FuelEconomy.gov Vehicle Fuel Economy Dataset,https://www.fueleconomy.gov/feg/epadata/vehicles.csv,
2015,Porsche,Cayman,GTS,Trim,Fully Verified,EPA,EPA FuelEconomy.gov Vehicle Fuel Economy Dataset,https://www.fueleconomy.gov/feg/epadata/vehicles.csv,
2015,Porsche,Panamera,Executive,Trim,Government Verified,EPA,EPA FuelEconomy.gov Vehicle Fuel Economy Dataset,https://www.fueleconomy.gov/feg/epadata/vehicles.csv,
2015,Porsche,Panamera,GTS,Trim,Fully Verified,EPA,EPA FuelEconomy.gov Vehicle Fuel Economy Dataset,https://www.fueleconomy.gov/feg/epadata/vehicles.csv,
2015,Toyota,Camry,LE,Trim,Government Verified,EPA,EPA FuelEconomy.gov Vehicle Fuel Economy Dataset,https://www.fueleconomy.gov/feg/epadata/vehicles.csv,
2015,Toyota,Camry,SE,Trim,Government Verified,EPA,EPA FuelEconomy.gov Vehicle Fuel Economy Dataset,https://www.fueleconomy.gov/feg/epadata/vehicles.csv,
2015,Toyota,Camry,XLE,Trim,Government Verified,EPA,EPA FuelEconomy.gov Vehicle Fuel Economy Dataset,https://www.fueleconomy.gov/feg/epadata/vehicles.csv,
2015,Toyota,Corolla,LE,Trim,Government Verified,EPA,EPA FuelEconomy.gov Vehicle Fuel Economy Dataset,https://www.fueleconomy.gov/feg/epadata/vehicles.csv,
2015,Toyota,Highlander,LE,Trim,Government Verified,EPA,EPA FuelEconomy.gov Vehicle Fuel Economy Dataset,https://www.fueleconomy.gov/feg/epadata/vehicles.csv,
2015,Toyota,RAV4,LE,Trim,Government Verified,EPA,EPA FuelEconomy.gov Vehicle Fuel Economy Dataset,https://www.fueleconomy.gov/feg/epadata/vehicles.csv,
2015,Toyota,RAV4,Limited,Trim,Government Verified,EPA,EPA FuelEconomy.gov Vehicle Fuel Economy Dataset,https://www.fueleconomy.gov/feg/epadata/vehicles.csv,
2015,Toyota,RAV4,XLE,Trim,Government Verified,EPA,EPA FuelEconomy.gov Vehicle Fuel Economy Dataset,https://www.fueleconomy.gov/feg/epadata/vehicles.csv,
2016,Acura,RLX,Sport Hybrid,Sub-model,Manufacturer Verified,"Acura (American Honda Motor Co., Inc.)","2017 MDX Sport Hybrid press release, which documents the Sport Hybrid SH-AWD system as 'first offered in the RLX Sport Hybrid' (inspected 2026-07-18)",https://acuranews.com/en-US/releases/release-ecb7d1f3ec084c759f624ced3dcc1d43-acura-electrifies-suv-lineup-with-powerful-and-efficient-2017-mdx-sport-hybrid,
2016,Aston Martin,Vantage,GT,Trim,Government Verified,EPA,EPA FuelEconomy.gov Vehicle Fuel Economy Dataset,https://www.fueleconomy.gov/feg/epadata/vehicles.csv,
2016,BMW,2 Series,M235I,Trim,Government Verified,EPA,EPA FuelEconomy.gov Vehicle Fuel Economy Dataset,https://www.fueleconomy.gov/feg/epadata/vehicles.csv,
2016,BMW,3 Series,328D,Trim,Government Verified,EPA,EPA FuelEconomy.gov Vehicle Fuel Economy Dataset,https://www.fueleconomy.gov/feg/epadata/vehicles.csv,
2016,BMW,3 Series,330E,Trim,Government Verified,EPA,EPA FuelEconomy.gov Vehicle Fuel Economy Dataset,https://www.fueleconomy.gov/feg/epadata/vehicles.csv,
2016,BMW,5 Series,535D,Trim,Government Verified,EPA,EPA FuelEconomy.gov Vehicle Fuel Economy Dataset,https://www.fueleconomy.gov/feg/epadata/vehicles.csv,
2016,BMW,5 Series,GT,Trim,Fully Verified,EPA,EPA FuelEconomy.gov Vehicle Fuel Economy Dataset,https://www.fueleconomy.gov/feg/epadata/vehicles.csv,
2016,BMW,7 Series,740Li,Trim,Government Verified,EPA,EPA FuelEconomy.gov Vehicle Fuel Economy Dataset,https://www.fueleconomy.gov/feg/epadata/vehicles.csv,
2016,BMW,7 Series,750Li,Trim,Government Verified,EPA,EPA FuelEconomy.gov Vehicle Fuel Economy Dataset,https://www.fueleconomy.gov/feg/epadata/vehicles.csv,
2016,BMW,M4,GTS,Trim,Government Verified,EPA,EPA FuelEconomy.gov Vehicle Fuel Economy Dataset,https://www.fueleconomy.gov/feg/epadata/vehicles.csv,
2016,BMW,i3,REX,Trim,Government Verified,EPA,EPA FuelEconomy.gov Vehicle Fuel Economy Dataset,https://www.fueleconomy.gov/feg/epadata/vehicles.csv,
2016,Bentley,Continental,GT,Trim,Fully Verified,EPA,EPA FuelEconomy.gov Vehicle Fuel Economy Dataset,https://www.fueleconomy.gov/feg/epadata/vehicles.csv,
2016,Chevrolet,Cruze,Limited,Trim,Fully Verified,EPA,EPA FuelEconomy.gov Vehicle Fuel Economy Dataset,https://www.fueleconomy.gov/feg/epadata/vehicles.csv,
2016,Chevrolet,Express,3500-,Trim,Government Verified,EPA,EPA FuelEconomy.gov Vehicle Fuel Economy Dataset,https://www.fueleconomy.gov/feg/epadata/vehicles.csv,
2016,Chevrolet,Impala,Limited,Trim,Fully Verified,EPA,EPA FuelEconomy.gov Vehicle Fuel Economy Dataset,https://www.fueleconomy.gov/feg/epadata/vehicles.csv,
2016,Chevrolet,Malibu,Limited,Trim,Fully Verified,EPA,EPA FuelEconomy.gov Vehicle Fuel Economy Dataset,https://www.fueleconomy.gov/feg/epadata/vehicles.csv,
2016,Chevrolet,Sonic,RS,Trim,Government Verified,EPA,EPA FuelEconomy.gov Vehicle Fuel Economy Dataset,https://www.fueleconomy.gov/feg/epadata/vehicles.csv,
2016,Chrysler,Town & Country,AND,Trim,Government Verified,EPA,EPA FuelEconomy.gov Vehicle Fuel Economy Dataset,https://www.fueleconomy.gov/feg/epadata/vehicles.csv,
2016,Dodge,Challenger,SRT,Series,Government Verified,EPA,EPA FuelEconomy.gov Vehicle Fuel Economy Dataset,https://www.fueleconomy.gov/feg/epadata/vehicles.csv,
2016,Dodge,Charger,SRT,Series,Government Verified,EPA,EPA FuelEconomy.gov Vehicle Fuel Economy Dataset,https://www.fueleconomy.gov/feg/epadata/vehicles.csv,
2016,Dodge,Dart,GT,Trim,Government Verified,EPA,EPA FuelEconomy.gov Vehicle Fuel Economy Dataset,https://www.fueleconomy.gov/feg/epadata/vehicles.csv,
2016,Ferrari,488,GTB,Trim,Government Verified,EPA,EPA FuelEconomy.gov Vehicle Fuel Economy Dataset,https://www.fueleconomy.gov/feg/epadata/vehicles.csv,
2016,Ford,Focus,RS,Trim,Fully Verified,EPA,EPA FuelEconomy.gov Vehicle Fuel Economy Dataset,https://www.fueleconomy.gov/feg/epadata/vehicles.csv,
2016,Ford,Mustang,Shelby,Sub-model,Government Verified,EPA,EPA FuelEconomy.gov Vehicle Fuel Economy Dataset,https://www.fueleconomy.gov/feg/epadata/vehicles.csv,
2016,GMC,Acadia,Denali,Trim,Manufacturer Verified,GMC (General Motors),GMC Newsroom: 'GMC celebrates 25 years of Denali as sales reach 2 million vehicles' - Denali described as GMC's premium trim level (newsroom inspected 2026-07-18); Acadia Denali lineage confirmed by 'GMC introduces first ever Acadia Denali Ultimate for 2026',https://news.gmc.com,
2016,GMC,Yukon,Denali,Trim,Fully Verified,EPA,EPA FuelEconomy.gov Vehicle Fuel Economy Dataset,https://www.fueleconomy.gov/feg/epadata/vehicles.csv,
2016,Honda,Civic,SI,Trim,Fully Verified,EPA,EPA FuelEconomy.gov Vehicle Fuel Economy Dataset,https://www.fueleconomy.gov/feg/epadata/vehicles.csv,
2016,Hyundai,Azera,Limited,Trim,Government Verified,EPA,EPA FuelEconomy.gov Vehicle Fuel Economy Dataset,https://www.fueleconomy.gov/feg/epadata/vehicles.csv,
2016,Hyundai,Elantra,Limited,Trim,Government Verified,EPA,EPA FuelEconomy.gov Vehicle Fuel Economy Dataset,https://www.fueleconomy.gov/feg/epadata/vehicles.csv,
2016,Hyundai,Santa Fe,Ultimate,Trim,Government Verified,EPA,EPA FuelEconomy.gov Vehicle Fuel Economy Dataset,https://www.fueleconomy.gov/feg/epadata/vehicles.csv,
2016,Hyundai,Santa Fe Sport,Ultimate,Trim,Government Verified,EPA,EPA FuelEconomy.gov Vehicle Fuel Economy Dataset,https://www.fueleconomy.gov/feg/epadata/vehicles.csv,
2016,Hyundai,Sonata,Limited,Trim,Government Verified,EPA,EPA FuelEconomy.gov Vehicle Fuel Economy Dataset,https://www.fueleconomy.gov/feg/epadata/vehicles.csv,
2016,Hyundai,Sonata,SE,Trim,Government Verified,EPA,EPA FuelEconomy.gov Vehicle Fuel Economy Dataset,https://www.fueleconomy.gov/feg/epadata/vehicles.csv,
2016,Hyundai,Sonata Sport,Limited,Trim,Government Verified,EPA,EPA FuelEconomy.gov Vehicle Fuel Economy Dataset,https://www.fueleconomy.gov/feg/epadata/vehicles.csv,
2016,Jaguar,XJ,XJL,Trim,Government Verified,EPA,EPA FuelEconomy.gov Vehicle Fuel Economy Dataset,https://www.fueleconomy.gov/feg/epadata/vehicles.csv,
2016,Jeep,Cherokee,Trailhawk,Trim,Government Verified,EPA,EPA FuelEconomy.gov Vehicle Fuel Economy Dataset,https://www.fueleconomy.gov/feg/epadata/vehicles.csv,
2016,Jeep,Grand Cherokee,SRT,Series,Government Verified,EPA,EPA FuelEconomy.gov Vehicle Fuel Economy Dataset,https://www.fueleconomy.gov/feg/epadata/vehicles.csv,
2016,Jeep,Wrangler,Unlimited,Trim,Government Verified,EPA,EPA FuelEconomy.gov Vehicle Fuel Economy Dataset,https://www.fueleconomy.gov/feg/epadata/vehicles.csv,
2016,Kia,Forte,Koup,Trim,Government Verified,EPA,EPA FuelEconomy.gov Vehicle Fuel Economy Dataset,https://www.fueleconomy.gov/feg/epadata/vehicles.csv,
2016,Mercedes-Benz,C-Class,AMG,Series,Government Verified,EPA,EPA FuelEconomy.gov Vehicle Fuel Economy Dataset,https://www.fueleconomy.gov/feg/epadata/vehicles.csv,
2016,Mercedes-Benz,CLA-Class,AMG,Series,Government Verified,EPA,EPA FuelEconomy.gov Vehicle Fuel Economy Dataset,https://www.fueleconomy.gov/feg/epadata/vehicles.csv,
2016,Mercedes-Benz,CLA-Class,Cla250,Trim,Government Verified,EPA,EPA FuelEconomy.gov Vehicle Fuel Economy Dataset,https://www.fueleconomy.gov/feg/epadata/vehicles.csv,
2016,Mercedes-Benz,CLA-Class,Cla45,Trim,Government Verified,EPA,EPA FuelEconomy.gov Vehicle Fuel Economy Dataset,https://www.fueleconomy.gov/feg/epadata/vehicles.csv,
2016,Mercedes-Benz,CLS-Class,AMG,Series,Government Verified,EPA,EPA FuelEconomy.gov Vehicle Fuel Economy Dataset,https://www.fueleconomy.gov/feg/epadata/vehicles.csv,
2016,Mercedes-Benz,E-Class,AMG,Series,Government Verified,EPA,EPA FuelEconomy.gov Vehicle Fuel Economy Dataset,https://www.fueleconomy.gov/feg/epadata/vehicles.csv,
2016,Mercedes-Benz,G-Class,AMG,Series,Government Verified,EPA,EPA FuelEconomy.gov Vehicle Fuel Economy Dataset,https://www.fueleconomy.gov/feg/epadata/vehicles.csv,
2016,Mercedes-Benz,G-Class,G63,Trim,Government Verified,EPA,EPA FuelEconomy.gov Vehicle Fuel Economy Dataset,https://www.fueleconomy.gov/feg/epadata/vehicles.csv,
2016,Mercedes-Benz,GL-Class,Gl450,Trim,Government Verified,EPA,EPA FuelEconomy.gov Vehicle Fuel Economy Dataset,https://www.fueleconomy.gov/feg/epadata/vehicles.csv,
2016,Mercedes-Benz,GLA-Class,AMG,Series,Government Verified,EPA,EPA FuelEconomy.gov Vehicle Fuel Economy Dataset,https://www.fueleconomy.gov/feg/epadata/vehicles.csv,
2016,Mercedes-Benz,GLA-Class,Gla45,Trim,Government Verified,EPA,EPA FuelEconomy.gov Vehicle Fuel Economy Dataset,https://www.fueleconomy.gov/feg/epadata/vehicles.csv,
2016,Mercedes-Benz,GLE-Class,AMG,Series,Government Verified,EPA,EPA FuelEconomy.gov Vehicle Fuel Economy Dataset,https://www.fueleconomy.gov/feg/epadata/vehicles.csv,
2016,Mercedes-Benz,S-Class,AMG,Series,Government Verified,EPA,EPA FuelEconomy.gov Vehicle Fuel Economy Dataset,https://www.fueleconomy.gov/feg/epadata/vehicles.csv,
2016,Mercedes-Benz,S-Class,S600,Trim,Government Verified,EPA,EPA FuelEconomy.gov Vehicle Fuel Economy Dataset,https://www.fueleconomy.gov/feg/epadata/vehicles.csv,
2016,Mini,Clubman,Cooper,Trim,Government Verified,EPA,EPA FuelEconomy.gov Vehicle Fuel Economy Dataset,https://www.fueleconomy.gov/feg/epadata/vehicles.csv,
2016,Mini,Convertible,Cooper,Trim,Government Verified,EPA,EPA FuelEconomy.gov Vehicle Fuel Economy Dataset,https://www.fueleconomy.gov/feg/epadata/vehicles.csv,
2016,Mini,Countryman,Cooper,Trim,Government Verified,EPA,EPA FuelEconomy.gov Vehicle Fuel Economy Dataset,https://www.fueleconomy.gov/feg/epadata/vehicles.csv,
2016,Mini,Countryman,JCW,Trim,Fully Verified,EPA,EPA FuelEconomy.gov Vehicle Fuel Economy Dataset,https://www.fueleconomy.gov/feg/epadata/vehicles.csv,
2016,Mini,Hardtop,Cooper,Trim,Government Verified,EPA,EPA FuelEconomy.gov Vehicle Fuel Economy Dataset,https://www.fueleconomy.gov/feg/epadata/vehicles.csv,
2016,Mini,Hardtop,JCW,Trim,Fully Verified,EPA,EPA FuelEconomy.gov Vehicle Fuel Economy Dataset,https://www.fueleconomy.gov/feg/epadata/vehicles.csv,
2016,Mini,Hardtop,John Cooper Works,Trim,Government Verified,EPA,EPA FuelEconomy.gov Vehicle Fuel Economy Dataset,https://www.fueleconomy.gov/feg/epadata/vehicles.csv,
2016,Mini,Paceman,Cooper,Trim,Government Verified,EPA,EPA FuelEconomy.gov Vehicle Fuel Economy Dataset,https://www.fueleconomy.gov/feg/epadata/vehicles.csv,
2016,Mini,Paceman,JCW,Trim,Fully Verified,EPA,EPA FuelEconomy.gov Vehicle Fuel Economy Dataset,https://www.fueleconomy.gov/feg/epadata/vehicles.csv,
2016,Nissan,Altima,SR,Trim,Government Verified,EPA,EPA FuelEconomy.gov Vehicle Fuel Economy Dataset,https://www.fueleconomy.gov/feg/epadata/vehicles.csv,
2016,Nissan,JUKE,Nismo,Trim,Government Verified,EPA,EPA FuelEconomy.gov Vehicle Fuel Economy Dataset,https://www.fueleconomy.gov/feg/epadata/vehicles.csv,
2016,Nissan,JUKE,RS,Trim,Government Verified,EPA,EPA FuelEconomy.gov Vehicle Fuel Economy Dataset,https://www.fueleconomy.gov/feg/epadata/vehicles.csv,
2016,Nissan,LEAF,Battery,Trim,Government Verified,EPA,EPA FuelEconomy.gov Vehicle Fuel Economy Dataset,https://www.fueleconomy.gov/feg/epadata/vehicles.csv,
2016,Nissan,Pathfinder,Platinum,Trim,Government Verified,EPA,EPA FuelEconomy.gov Vehicle Fuel Economy Dataset,https://www.fueleconomy.gov/feg/epadata/vehicles.csv,
2016,Porsche,911,Carrera,Trim,Government Verified,EPA,EPA FuelEconomy.gov Vehicle Fuel Economy Dataset,https://www.fueleconomy.gov/feg/epadata/vehicles.csv,
2016,Porsche,911,GT3,Trim,Government Verified,EPA,EPA FuelEconomy.gov Vehicle Fuel Economy Dataset,https://www.fueleconomy.gov/feg/epadata/vehicles.csv,
2016,Porsche,911,GTS,Trim,Fully Verified,EPA,EPA FuelEconomy.gov Vehicle Fuel Economy Dataset,https://www.fueleconomy.gov/feg/epadata/vehicles.csv,
2016,Porsche,911,RS,Trim,Fully Verified,EPA,EPA FuelEconomy.gov Vehicle Fuel Economy Dataset,https://www.fueleconomy.gov/feg/epadata/vehicles.csv,
2016,Porsche,911,Targa,Trim,Government Verified,EPA,EPA FuelEconomy.gov Vehicle Fuel Economy Dataset,https://www.fueleconomy.gov/feg/epadata/vehicles.csv,
2016,Porsche,Boxster,GTS,Trim,Fully Verified,EPA,EPA FuelEconomy.gov Vehicle Fuel Economy Dataset,https://www.fueleconomy.gov/feg/epadata/vehicles.csv,
2016,Porsche,Cayenne,GTS,Trim,Fully Verified,EPA,EPA FuelEconomy.gov Vehicle Fuel Economy Dataset,https://www.fueleconomy.gov/feg/epadata/vehicles.csv,
2016,Porsche,Cayman,GT4,Trim,Government Verified,EPA,EPA FuelEconomy.gov Vehicle Fuel Economy Dataset,https://www.fueleconomy.gov/feg/epadata/vehicles.csv,
2016,Porsche,Cayman,GTS,Trim,Fully Verified,EPA,EPA FuelEconomy.gov Vehicle Fuel Economy Dataset,https://www.fueleconomy.gov/feg/epadata/vehicles.csv,
2016,Porsche,Panamera,Executive,Trim,Government Verified,EPA,EPA FuelEconomy.gov Vehicle Fuel Economy Dataset,https://www.fueleconomy.gov/feg/epadata/vehicles.csv,
2016,Porsche,Panamera,GTS,Trim,Fully Verified,EPA,EPA FuelEconomy.gov Vehicle Fuel Economy Dataset,https://www.fueleconomy.gov/feg/epadata/vehicles.csv,
2016,Toyota,Camry,LE,Trim,Government Verified,EPA,EPA FuelEconomy.gov Vehicle Fuel Economy Dataset,https://www.fueleconomy.gov/feg/epadata/vehicles.csv,
2016,Toyota,Camry,SE,Trim,Government Verified,EPA,EPA FuelEconomy.gov Vehicle Fuel Economy Dataset,https://www.fueleconomy.gov/feg/epadata/vehicles.csv,
2016,Toyota,Camry,XLE,Trim,Government Verified,EPA,EPA FuelEconomy.gov Vehicle Fuel Economy Dataset,https://www.fueleconomy.gov/feg/epadata/vehicles.csv,
2016,Toyota,Corolla,LE,Trim,Government Verified,EPA,EPA FuelEconomy.gov Vehicle Fuel Economy Dataset,https://www.fueleconomy.gov/feg/epadata/vehicles.csv,
2016,Toyota,Highlander,LE,Trim,Government Verified,EPA,EPA FuelEconomy.gov Vehicle Fuel Economy Dataset,https://www.fueleconomy.gov/feg/epadata/vehicles.csv,
2016,Toyota,RAV4,LE,Trim,Government Verified,EPA,EPA FuelEconomy.gov Vehicle Fuel Economy Dataset,https://www.fueleconomy.gov/feg/epadata/vehicles.csv,
2016,Toyota,RAV4,Limited,Trim,Government Verified,EPA,EPA FuelEconomy.gov Vehicle Fuel Economy Dataset,https://www.fueleconomy.gov/feg/epadata/vehicles.csv,
2016,Toyota,RAV4,SE,Trim,Government Verified,EPA,EPA FuelEconomy.gov Vehicle Fuel Economy Dataset,https://www.fueleconomy.gov/feg/epadata/vehicles.csv,
2016,Toyota,RAV4,XLE,Trim,Government Verified,EPA,EPA FuelEconomy.gov Vehicle Fuel Economy Dataset,https://www.fueleconomy.gov/feg/epadata/vehicles.csv,
2017,Acura,MDX,Sport Hybrid,Sub-model,Manufacturer Verified,"Acura (American Honda Motor Co., Inc.)",Acura Electrifies SUV Lineup with Powerful and Efficient 2017 MDX Sport Hybrid (official press release; inspected 2026-07-18),https://acuranews.com/en-US/releases/release-ecb7d1f3ec084c759f624ced3dcc1d43-acura-electrifies-suv-lineup-with-powerful-and-efficient-2017-mdx-sport-hybrid,
2017,BMW,2 Series,M240I,Trim,Government Verified,EPA,EPA FuelEconomy.gov Vehicle Fuel Economy Dataset,https://www.fueleconomy.gov/feg/epadata/vehicles.csv,
2017,BMW,3 Series,328D,Trim,Government Verified,EPA,EPA FuelEconomy.gov Vehicle Fuel Economy Dataset,https://www.fueleconomy.gov/feg/epadata/vehicles.csv,
2017,BMW,3 Series,330E,Trim,Government Verified,EPA,EPA FuelEconomy.gov Vehicle Fuel Economy Dataset,https://www.fueleconomy.gov/feg/epadata/vehicles.csv,
2017,BMW,7 Series,M760I,Trim,Government Verified,EPA,EPA FuelEconomy.gov Vehicle Fuel Economy Dataset,https://www.fueleconomy.gov/feg/epadata/vehicles.csv,
2017,BMW,i3,REX,Trim,Government Verified,EPA,EPA FuelEconomy.gov Vehicle Fuel Economy Dataset,https://www.fueleconomy.gov/feg/epadata/vehicles.csv,
2017,Bentley,Continental,GT,Trim,Fully Verified,EPA,EPA FuelEconomy.gov Vehicle Fuel Economy Dataset,https://www.fueleconomy.gov/feg/epadata/vehicles.csv,
2017,Chevrolet,Express,3500-,Trim,Government Verified,EPA,EPA FuelEconomy.gov Vehicle Fuel Economy Dataset,https://www.fueleconomy.gov/feg/epadata/vehicles.csv,
2017,Chrysler,Town & Country,AND,Trim,Government Verified,EPA,EPA FuelEconomy.gov Vehicle Fuel Economy Dataset,https://www.fueleconomy.gov/feg/epadata/vehicles.csv,
2017,Dodge,Challenger,GT,Trim,Government Verified,EPA,EPA FuelEconomy.gov Vehicle Fuel Economy Dataset,https://www.fueleconomy.gov/feg/epadata/vehicles.csv,
2017,Dodge,Challenger,SRT,Series,Government Verified,EPA,EPA FuelEconomy.gov Vehicle Fuel Economy Dataset,https://www.fueleconomy.gov/feg/epadata/vehicles.csv,
2017,Dodge,Charger,SRT,Series,Government Verified,EPA,EPA FuelEconomy.gov Vehicle Fuel Economy Dataset,https://www.fueleconomy.gov/feg/epadata/vehicles.csv,
2017,Ferrari,488,GTB,Trim,Government Verified,EPA,EPA FuelEconomy.gov Vehicle Fuel Economy Dataset,https://www.fueleconomy.gov/feg/epadata/vehicles.csv,
2017,Ford,F-150,Raptor,Sub-model,Government Verified,EPA,EPA FuelEconomy.gov Vehicle Fuel Economy Dataset,https://www.fueleconomy.gov/feg/epadata/vehicles.csv,
2017,Ford,Focus,RS,Trim,Fully Verified,EPA,EPA FuelEconomy.gov Vehicle Fuel Economy Dataset,https://www.fueleconomy.gov/feg/epadata/vehicles.csv,
2017,Ford,Mustang,Shelby,Sub-model,Government Verified,EPA,EPA FuelEconomy.gov Vehicle Fuel Economy Dataset,https://www.fueleconomy.gov/feg/epadata/vehicles.csv,
2017,GMC,Acadia,Denali,Trim,Manufacturer Verified,GMC (General Motors),GMC Newsroom: 'GMC celebrates 25 years of Denali as sales reach 2 million vehicles' - Denali described as GMC's premium trim level (newsroom inspected 2026-07-18); Acadia Denali lineage confirmed by 'GMC introduces first ever Acadia Denali Ultimate for 2026',https://news.gmc.com,
2017,GMC,Acadia,Limited,Trim,Fully Verified,EPA,EPA FuelEconomy.gov Vehicle Fuel Economy Dataset,https://www.fueleconomy.gov/feg/epadata/vehicles.csv,
2017,GMC,Yukon,Denali,Trim,Fully Verified,EPA,EPA FuelEconomy.gov Vehicle Fuel Economy Dataset,https://www.fueleconomy.gov/feg/epadata/vehicles.csv,
2017,Honda,Civic,SI,Trim,Fully Verified,EPA,EPA FuelEconomy.gov Vehicle Fuel Economy Dataset,https://www.fueleconomy.gov/feg/epadata/vehicles.csv,
2017,Honda,Civic,Sport,Trim,Government Verified,EPA,EPA FuelEconomy.gov Vehicle Fuel Economy Dataset,https://www.fueleconomy.gov/feg/epadata/vehicles.csv,
2017,Honda,Civic,Type R,Trim,Fully Verified,EPA,EPA FuelEconomy.gov Vehicle Fuel Economy Dataset,https://www.fueleconomy.gov/feg/epadata/vehicles.csv,
2017,Hyundai,Azera,Limited,Trim,Government Verified,EPA,EPA FuelEconomy.gov Vehicle Fuel Economy Dataset,https://www.fueleconomy.gov/feg/epadata/vehicles.csv,
2017,Hyundai,Elantra,SE,Trim,Government Verified,EPA,EPA FuelEconomy.gov Vehicle Fuel Economy Dataset,https://www.fueleconomy.gov/feg/epadata/vehicles.csv,
2017,Hyundai,Santa Fe,Ultimate,Trim,Government Verified,EPA,EPA FuelEconomy.gov Vehicle Fuel Economy Dataset,https://www.fueleconomy.gov/feg/epadata/vehicles.csv,
2017,Hyundai,Santa Fe Sport,Ultimate,Trim,Government Verified,EPA,EPA FuelEconomy.gov Vehicle Fuel Economy Dataset,https://www.fueleconomy.gov/feg/epadata/vehicles.csv,
2017,Hyundai,Sonata,Limited,Trim,Government Verified,EPA,EPA FuelEconomy.gov Vehicle Fuel Economy Dataset,https://www.fueleconomy.gov/feg/epadata/vehicles.csv,
2017,Hyundai,Sonata,SE,Trim,Government Verified,EPA,EPA FuelEconomy.gov Vehicle Fuel Economy Dataset,https://www.fueleconomy.gov/feg/epadata/vehicles.csv,
2017,Hyundai,Sonata Sport,Limited,Trim,Government Verified,EPA,EPA FuelEconomy.gov Vehicle Fuel Economy Dataset,https://www.fueleconomy.gov/feg/epadata/vehicles.csv,
2017,Jaguar,XJ,XJL,Trim,Government Verified,EPA,EPA FuelEconomy.gov Vehicle Fuel Economy Dataset,https://www.fueleconomy.gov/feg/epadata/vehicles.csv,
2017,Jeep,Cherokee,Trailhawk,Trim,Government Verified,EPA,EPA FuelEconomy.gov Vehicle Fuel Economy Dataset,https://www.fueleconomy.gov/feg/epadata/vehicles.csv,
2017,Jeep,Grand Cherokee,SRT,Series,Government Verified,EPA,EPA FuelEconomy.gov Vehicle Fuel Economy Dataset,https://www.fueleconomy.gov/feg/epadata/vehicles.csv,
2017,Jeep,Wrangler,Unlimited,Trim,Government Verified,EPA,EPA FuelEconomy.gov Vehicle Fuel Economy Dataset,https://www.fueleconomy.gov/feg/epadata/vehicles.csv,
2017,Kia,Forte,Koup,Trim,Government Verified,EPA,EPA FuelEconomy.gov Vehicle Fuel Economy Dataset,https://www.fueleconomy.gov/feg/epadata/vehicles.csv,
2017,Kia,Niro,Touring,Trim,Government Verified,EPA,EPA FuelEconomy.gov Vehicle Fuel Economy Dataset,https://www.fueleconomy.gov/feg/epadata/vehicles.csv,
2017,Mercedes-Benz,C-Class,AMG,Series,Government Verified,EPA,EPA FuelEconomy.gov Vehicle Fuel Economy Dataset,https://www.fueleconomy.gov/feg/epadata/vehicles.csv,
2017,Mercedes-Benz,C-Class,C43,Trim,Government Verified,EPA,EPA FuelEconomy.gov Vehicle Fuel Economy Dataset,https://www.fueleconomy.gov/feg/epadata/vehicles.csv,
2017,Mercedes-Benz,CLA-Class,AMG,Series,Government Verified,EPA,EPA FuelEconomy.gov Vehicle Fuel Economy Dataset,https://www.fueleconomy.gov/feg/epadata/vehicles.csv,
2017,Mercedes-Benz,CLA-Class,Cla250,Trim,Government Verified,EPA,EPA FuelEconomy.gov Vehicle Fuel Economy Dataset,https://www.fueleconomy.gov/feg/epadata/vehicles.csv,
2017,Mercedes-Benz,CLA-Class,Cla45,Trim,Government Verified,EPA,EPA FuelEconomy.gov Vehicle Fuel Economy Dataset,https://www.fueleconomy.gov/feg/epadata/vehicles.csv,
2017,Mercedes-Benz,CLS-Class,AMG,Series,Government Verified,EPA,EPA FuelEconomy.gov Vehicle Fuel Economy Dataset,https://www.fueleconomy.gov/feg/epadata/vehicles.csv,
2017,Mercedes-Benz,E-Class,AMG,Series,Government Verified,EPA,EPA FuelEconomy.gov Vehicle Fuel Economy Dataset,https://www.fueleconomy.gov/feg/epadata/vehicles.csv,
2017,Mercedes-Benz,E-Class,E300,Trim,Government Verified,EPA,EPA FuelEconomy.gov Vehicle Fuel Economy Dataset,https://www.fueleconomy.gov/feg/epadata/vehicles.csv,
2017,Mercedes-Benz,E-Class,Station,Trim,Government Verified,EPA,EPA FuelEconomy.gov Vehicle Fuel Economy Dataset,https://www.fueleconomy.gov/feg/epadata/vehicles.csv,
2017,Mercedes-Benz,G-Class,AMG,Series,Government Verified,EPA,EPA FuelEconomy.gov Vehicle Fuel Economy Dataset,https://www.fueleconomy.gov/feg/epadata/vehicles.csv,
2017,Mercedes-Benz,G-Class,G63,Trim,Government Verified,EPA,EPA FuelEconomy.gov Vehicle Fuel Economy Dataset,https://www.fueleconomy.gov/feg/epadata/vehicles.csv,
2017,Mercedes-Benz,GL-Class,Gl450,Trim,Government Verified,EPA,EPA FuelEconomy.gov Vehicle Fuel Economy Dataset,https://www.fueleconomy.gov/feg/epadata/vehicles.csv,
2017,Mercedes-Benz,GLA-Class,AMG,Series,Government Verified,EPA,EPA FuelEconomy.gov Vehicle Fuel Economy Dataset,https://www.fueleconomy.gov/feg/epadata/vehicles.csv,
2017,Mercedes-Benz,GLA-Class,Gla45,Trim,Government Verified,EPA,EPA FuelEconomy.gov Vehicle Fuel Economy Dataset,https://www.fueleconomy.gov/feg/epadata/vehicles.csv,
2017,Mercedes-Benz,GLC-Class,AMG,Series,Government Verified,EPA,EPA FuelEconomy.gov Vehicle Fuel Economy Dataset,https://www.fueleconomy.gov/feg/epadata/vehicles.csv,
2017,Mercedes-Benz,GLC-Class,Glc43,Trim,Government Verified,EPA,EPA FuelEconomy.gov Vehicle Fuel Economy Dataset,https://www.fueleconomy.gov/feg/epadata/vehicles.csv,
2017,Mercedes-Benz,GLE-Class,AMG,Series,Government Verified,EPA,EPA FuelEconomy.gov Vehicle Fuel Economy Dataset,https://www.fueleconomy.gov/feg/epadata/vehicles.csv,
2017,Mercedes-Benz,GLS-Class,AMG,Series,Government Verified,EPA,EPA FuelEconomy.gov Vehicle Fuel Economy Dataset,https://www.fueleconomy.gov/feg/epadata/vehicles.csv,
2017,Mercedes-Benz,GLS-Class,Gls63,Trim,Government Verified,EPA,EPA FuelEconomy.gov Vehicle Fuel Economy Dataset,https://www.fueleconomy.gov/feg/epadata/vehicles.csv,
2017,Mercedes-Benz,S-Class,AMG,Series,Government Verified,EPA,EPA FuelEconomy.gov Vehicle Fuel Economy Dataset,https://www.fueleconomy.gov/feg/epadata/vehicles.csv,
2017,Mercedes-Benz,S-Class,S600,Trim,Government Verified,EPA,EPA FuelEconomy.gov Vehicle Fuel Economy Dataset,https://www.fueleconomy.gov/feg/epadata/vehicles.csv,
2017,Mini,Clubman,Cooper,Trim,Government Verified,EPA,EPA FuelEconomy.gov Vehicle Fuel Economy Dataset,https://www.fueleconomy.gov/feg/epadata/vehicles.csv,
2017,Mini,Clubman,John Cooper Works,Trim,Government Verified,EPA,EPA FuelEconomy.gov Vehicle Fuel Economy Dataset,https://www.fueleconomy.gov/feg/epadata/vehicles.csv,
2017,Mini,Convertible,Cooper,Trim,Government Verified,EPA,EPA FuelEconomy.gov Vehicle Fuel Economy Dataset,https://www.fueleconomy.gov/feg/epadata/vehicles.csv,
2017,Mini,Convertible,John Cooper Works,Trim,Government Verified,EPA,EPA FuelEconomy.gov Vehicle Fuel Economy Dataset,https://www.fueleconomy.gov/feg/epadata/vehicles.csv,
2017,Mini,Cooper,JCW,Trim,Fully Verified,EPA,EPA FuelEconomy.gov Vehicle Fuel Economy Dataset,https://www.fueleconomy.gov/feg/epadata/vehicles.csv,
2017,Mini,Countryman,Cooper,Trim,Government Verified,EPA,EPA FuelEconomy.gov Vehicle Fuel Economy Dataset,https://www.fueleconomy.gov/feg/epadata/vehicles.csv,
2017,Mini,Hardtop,Cooper,Trim,Government Verified,EPA,EPA FuelEconomy.gov Vehicle Fuel Economy Dataset,https://www.fueleconomy.gov/feg/epadata/vehicles.csv,
2017,Mini,Hardtop,John Cooper Works,Trim,Government Verified,EPA,EPA FuelEconomy.gov Vehicle Fuel Economy Dataset,https://www.fueleconomy.gov/feg/epadata/vehicles.csv,
2017,Nissan,Altima,SR,Trim,Government Verified,EPA,EPA FuelEconomy.gov Vehicle Fuel Economy Dataset,https://www.fueleconomy.gov/feg/epadata/vehicles.csv,
2017,Nissan,JUKE,Nismo,Trim,Government Verified,EPA,EPA FuelEconomy.gov Vehicle Fuel Economy Dataset,https://www.fueleconomy.gov/feg/epadata/vehicles.csv,
2017,Nissan,JUKE,RS,Trim,Government Verified,EPA,EPA FuelEconomy.gov Vehicle Fuel Economy Dataset,https://www.fueleconomy.gov/feg/epadata/vehicles.csv,
2017,Nissan,Pathfinder,Platinum,Trim,Government Verified,EPA,EPA FuelEconomy.gov Vehicle Fuel Economy Dataset,https://www.fueleconomy.gov/feg/epadata/vehicles.csv,
2017,Nissan,Sentra,Nismo,Trim,Fully Verified,EPA,EPA FuelEconomy.gov Vehicle Fuel Economy Dataset,https://www.fueleconomy.gov/feg/epadata/vehicles.csv,
2017,Porsche,911,Carrera,Trim,Government Verified,EPA,EPA FuelEconomy.gov Vehicle Fuel Economy Dataset,https://www.fueleconomy.gov/feg/epadata/vehicles.csv,
2017,Porsche,911,GTS,Trim,Fully Verified,EPA,EPA FuelEconomy.gov Vehicle Fuel Economy Dataset,https://www.fueleconomy.gov/feg/epadata/vehicles.csv,
2017,Porsche,911,Targa,Trim,Government Verified,EPA,EPA FuelEconomy.gov Vehicle Fuel Economy Dataset,https://www.fueleconomy.gov/feg/epadata/vehicles.csv,
2017,Porsche,Cayenne,GTS,Trim,Fully Verified,EPA,EPA FuelEconomy.gov Vehicle Fuel Economy Dataset,https://www.fueleconomy.gov/feg/epadata/vehicles.csv,
2017,Porsche,Cayenne,Platinum,Trim,Fully Verified,EPA,EPA FuelEconomy.gov Vehicle Fuel Economy Dataset,https://www.fueleconomy.gov/feg/epadata/vehicles.csv,
2017,Porsche,Macan,GTS,Trim,Fully Verified,EPA,EPA FuelEconomy.gov Vehicle Fuel Economy Dataset,https://www.fueleconomy.gov/feg/epadata/vehicles.csv,
2017,Porsche,Panamera,Executive,Trim,Government Verified,EPA,EPA FuelEconomy.gov Vehicle Fuel Economy Dataset,https://www.fueleconomy.gov/feg/epadata/vehicles.csv,
2017,Toyota,Camry,LE,Trim,Government Verified,EPA,EPA FuelEconomy.gov Vehicle Fuel Economy Dataset,https://www.fueleconomy.gov/feg/epadata/vehicles.csv,
2017,Toyota,Camry,SE,Trim,Government Verified,EPA,EPA FuelEconomy.gov Vehicle Fuel Economy Dataset,https://www.fueleconomy.gov/feg/epadata/vehicles.csv,
2017,Toyota,Camry,XLE,Trim,Government Verified,EPA,EPA FuelEconomy.gov Vehicle Fuel Economy Dataset,https://www.fueleconomy.gov/feg/epadata/vehicles.csv,
2017,Toyota,Corolla,LE,Trim,Government Verified,EPA,EPA FuelEconomy.gov Vehicle Fuel Economy Dataset,https://www.fueleconomy.gov/feg/epadata/vehicles.csv,
2017,Toyota,Highlander,LE,Trim,Government Verified,EPA,EPA FuelEconomy.gov Vehicle Fuel Economy Dataset,https://www.fueleconomy.gov/feg/epadata/vehicles.csv,
2017,Toyota,Highlander,SE,Trim,Government Verified,EPA,EPA FuelEconomy.gov Vehicle Fuel Economy Dataset,https://www.fueleconomy.gov/feg/epadata/vehicles.csv,
2017,Toyota,Highlander,XLE,Trim,Government Verified,EPA,EPA FuelEconomy.gov Vehicle Fuel Economy Dataset,https://www.fueleconomy.gov/feg/epadata/vehicles.csv,
2017,Toyota,RAV4,LE,Trim,Government Verified,EPA,EPA FuelEconomy.gov Vehicle Fuel Economy Dataset,https://www.fueleconomy.gov/feg/epadata/vehicles.csv,
2017,Toyota,RAV4,Limited,Trim,Government Verified,EPA,EPA FuelEconomy.gov Vehicle Fuel Economy Dataset,https://www.fueleconomy.gov/feg/epadata/vehicles.csv,
2017,Toyota,RAV4,SE,Trim,Government Verified,EPA,EPA FuelEconomy.gov Vehicle Fuel Economy Dataset,https://www.fueleconomy.gov/feg/epadata/vehicles.csv,
2017,Toyota,RAV4,XLE,Trim,Government Verified,EPA,EPA FuelEconomy.gov Vehicle Fuel Economy Dataset,https://www.fueleconomy.gov/feg/epadata/vehicles.csv,
2018,Acura,MDX,Sport Hybrid,Sub-model,Manufacturer Verified,"Acura (American Honda Motor Co., Inc.)",Acura Electrifies SUV Lineup with Powerful and Efficient 2017 MDX Sport Hybrid (official press release; inspected 2026-07-18),https://acuranews.com/en-US/releases/release-ecb7d1f3ec084c759f624ced3dcc1d43-acura-electrifies-suv-lineup-with-powerful-and-efficient-2017-mdx-sport-hybrid,
2018,Acura,RLX,Sport Hybrid,Sub-model,Manufacturer Verified,"Acura (American Honda Motor Co., Inc.)","2017 MDX Sport Hybrid press release, which documents the Sport Hybrid SH-AWD system as 'first offered in the RLX Sport Hybrid' (inspected 2026-07-18)",https://acuranews.com/en-US/releases/release-ecb7d1f3ec084c759f624ced3dcc1d43-acura-electrifies-suv-lineup-with-powerful-and-efficient-2017-mdx-sport-hybrid,
2018,Acura,TLX,A-Spec,Trim,Government Verified,EPA,EPA FuelEconomy.gov Vehicle Fuel Economy Dataset,https://www.fueleconomy.gov/feg/epadata/vehicles.csv,
2018,BMW,2 Series,M240I,Trim,Government Verified,EPA,EPA FuelEconomy.gov Vehicle Fuel Economy Dataset,https://www.fueleconomy.gov/feg/epadata/vehicles.csv,
2018,BMW,3 Series,328D,Trim,Government Verified,EPA,EPA FuelEconomy.gov Vehicle Fuel Economy Dataset,https://www.fueleconomy.gov/feg/epadata/vehicles.csv,
2018,BMW,3 Series,330E,Trim,Government Verified,EPA,EPA FuelEconomy.gov Vehicle Fuel Economy Dataset,https://www.fueleconomy.gov/feg/epadata/vehicles.csv,
2018,BMW,5 Series,530E,Trim,Government Verified,EPA,EPA FuelEconomy.gov Vehicle Fuel Economy Dataset,https://www.fueleconomy.gov/feg/epadata/vehicles.csv,
2018,BMW,5 Series,M550I,Trim,Government Verified,EPA,EPA FuelEconomy.gov Vehicle Fuel Economy Dataset,https://www.fueleconomy.gov/feg/epadata/vehicles.csv,
2018,BMW,7 Series,M760I,Trim,Government Verified,EPA,EPA FuelEconomy.gov Vehicle Fuel Economy Dataset,https://www.fueleconomy.gov/feg/epadata/vehicles.csv,
2018,BMW,i3,REX,Trim,Government Verified,EPA,EPA FuelEconomy.gov Vehicle Fuel Economy Dataset,https://www.fueleconomy.gov/feg/epadata/vehicles.csv,
2018,Bentley,Continental,GT,Trim,Fully Verified,EPA,EPA FuelEconomy.gov Vehicle Fuel Economy Dataset,https://www.fueleconomy.gov/feg/epadata/vehicles.csv,
2018,Chevrolet,Express,3500-,Trim,Government Verified,EPA,EPA FuelEconomy.gov Vehicle Fuel Economy Dataset,https://www.fueleconomy.gov/feg/epadata/vehicles.csv,
2018,Dodge,Challenger,Demon,Trim,Government Verified,EPA,EPA FuelEconomy.gov Vehicle Fuel Economy Dataset,https://www.fueleconomy.gov/feg/epadata/vehicles.csv,
2018,Dodge,Challenger,GT,Trim,Government Verified,EPA,EPA FuelEconomy.gov Vehicle Fuel Economy Dataset,https://www.fueleconomy.gov/feg/epadata/vehicles.csv,
2018,Dodge,Challenger,SRT,Series,Government Verified,EPA,EPA FuelEconomy.gov Vehicle Fuel Economy Dataset,https://www.fueleconomy.gov/feg/epadata/vehicles.csv,
2018,Dodge,Charger,SRT,Series,Government Verified,EPA,EPA FuelEconomy.gov Vehicle Fuel Economy Dataset,https://www.fueleconomy.gov/feg/epadata/vehicles.csv,
2018,Dodge,Durango,SRT,Series,Government Verified,EPA,EPA FuelEconomy.gov Vehicle Fuel Economy Dataset,https://www.fueleconomy.gov/feg/epadata/vehicles.csv,
2018,Ferrari,488,GTB,Trim,Government Verified,EPA,EPA FuelEconomy.gov Vehicle Fuel Economy Dataset,https://www.fueleconomy.gov/feg/epadata/vehicles.csv,
2018,Ford,F-150,Raptor,Sub-model,Government Verified,EPA,EPA FuelEconomy.gov Vehicle Fuel Economy Dataset,https://www.fueleconomy.gov/feg/epadata/vehicles.csv,
2018,Ford,F-150,XL,Trim,Government Verified,EPA,EPA FuelEconomy.gov Vehicle Fuel Economy Dataset,https://www.fueleconomy.gov/feg/epadata/vehicles.csv,
2018,Ford,F-150,XLT,Trim,Government Verified,EPA,EPA FuelEconomy.gov Vehicle Fuel Economy Dataset,https://www.fueleconomy.gov/feg/epadata/vehicles.csv,
2018,Ford,Focus,RS,Trim,Fully Verified,EPA,EPA FuelEconomy.gov Vehicle Fuel Economy Dataset,https://www.fueleconomy.gov/feg/epadata/vehicles.csv,
2018,Ford,Mustang,Shelby,Sub-model,Government Verified,EPA,EPA FuelEconomy.gov Vehicle Fuel Economy Dataset,https://www.fueleconomy.gov/feg/epadata/vehicles.csv,
2018,GMC,Yukon,Denali,Trim,Fully Verified,EPA,EPA FuelEconomy.gov Vehicle Fuel Economy Dataset,https://www.fueleconomy.gov/feg/epadata/vehicles.csv,
2018,Genesis,G80,Sport,Trim,Manufacturer Verified,Genesis Motor America,Genesis Debuts 2018 G80 Sport Trim with 3.3-Liter Turbocharged Engine and Performance Styling (official Genesis newsroom),https://www.genesisnewsusa.com/en-us/releases/18,
2018,Honda,Accord,Sport,Trim,Government Verified,EPA,EPA FuelEconomy.gov Vehicle Fuel Economy Dataset,https://www.fueleconomy.gov/feg/epadata/vehicles.csv,
2018,Honda,Accord,Touring,Trim,Government Verified,EPA,EPA FuelEconomy.gov Vehicle Fuel Economy Dataset,https://www.fueleconomy.gov/feg/epadata/vehicles.csv,
2018,Honda,Civic,SI,Trim,Fully Verified,EPA,EPA FuelEconomy.gov Vehicle Fuel Economy Dataset,https://www.fueleconomy.gov/feg/epadata/vehicles.csv,
2018,Honda,Civic,Sport,Trim,Government Verified,EPA,EPA FuelEconomy.gov Vehicle Fuel Economy Dataset,https://www.fueleconomy.gov/feg/epadata/vehicles.csv,
2018,Honda,Civic,Type R,Trim,Fully Verified,EPA,EPA FuelEconomy.gov Vehicle Fuel Economy Dataset,https://www.fueleconomy.gov/feg/epadata/vehicles.csv,
2018,Hyundai,Elantra,SE,Trim,Government Verified,EPA,EPA FuelEconomy.gov Vehicle Fuel Economy Dataset,https://www.fueleconomy.gov/feg/epadata/vehicles.csv,
2018,Hyundai,Santa Fe,Ultimate,Trim,Government Verified,EPA,EPA FuelEconomy.gov Vehicle Fuel Economy Dataset,https://www.fueleconomy.gov/feg/epadata/vehicles.csv,
2018,Hyundai,Santa Fe Sport,Ultimate,Trim,Government Verified,EPA,EPA FuelEconomy.gov Vehicle Fuel Economy Dataset,https://www.fueleconomy.gov/feg/epadata/vehicles.csv,
2018,Hyundai,Sonata,SE,Trim,Government Verified,EPA,EPA FuelEconomy.gov Vehicle Fuel Economy Dataset,https://www.fueleconomy.gov/feg/epadata/vehicles.csv,
2018,Jaguar,XJ,XJL,Trim,Government Verified,EPA,EPA FuelEconomy.gov Vehicle Fuel Economy Dataset,https://www.fueleconomy.gov/feg/epadata/vehicles.csv,
2018,Jeep,Cherokee,Trailhawk,Trim,Government Verified,EPA,EPA FuelEconomy.gov Vehicle Fuel Economy Dataset,https://www.fueleconomy.gov/feg/epadata/vehicles.csv,
2018,Jeep,Grand Cherokee,SRT,Series,Government Verified,EPA,EPA FuelEconomy.gov Vehicle Fuel Economy Dataset,https://www.fueleconomy.gov/feg/epadata/vehicles.csv,
2018,Jeep,Grand Cherokee,Trackhawk,Trim,Fully Verified,EPA,EPA FuelEconomy.gov Vehicle Fuel Economy Dataset,https://www.fueleconomy.gov/feg/epadata/vehicles.csv,
2018,Jeep,Wrangler,Unlimited,Trim,Government Verified,EPA,EPA FuelEconomy.gov Vehicle Fuel Economy Dataset,https://www.fueleconomy.gov/feg/epadata/vehicles.csv,
2018,Kia,Niro,Touring,Trim,Government Verified,EPA,EPA FuelEconomy.gov Vehicle Fuel Economy Dataset,https://www.fueleconomy.gov/feg/epadata/vehicles.csv,
2018,Land Rover,Range Rover Sport,SVR,Trim,Government Verified,EPA,EPA FuelEconomy.gov Vehicle Fuel Economy Dataset,https://www.fueleconomy.gov/feg/epadata/vehicles.csv,
2018,Mercedes-Benz,C-Class,AMG,Series,Government Verified,EPA,EPA FuelEconomy.gov Vehicle Fuel Economy Dataset,https://www.fueleconomy.gov/feg/epadata/vehicles.csv,
2018,Mercedes-Benz,C-Class,C43,Trim,Government Verified,EPA,EPA FuelEconomy.gov Vehicle Fuel Economy Dataset,https://www.fueleconomy.gov/feg/epadata/vehicles.csv,
2018,Mercedes-Benz,CLA-Class,AMG,Series,Government Verified,EPA,EPA FuelEconomy.gov Vehicle Fuel Economy Dataset,https://www.fueleconomy.gov/feg/epadata/vehicles.csv,
2018,Mercedes-Benz,CLA-Class,Cla250,Trim,Government Verified,EPA,EPA FuelEconomy.gov Vehicle Fuel Economy Dataset,https://www.fueleconomy.gov/feg/epadata/vehicles.csv,
2018,Mercedes-Benz,CLA-Class,Cla45,Trim,Government Verified,EPA,EPA FuelEconomy.gov Vehicle Fuel Economy Dataset,https://www.fueleconomy.gov/feg/epadata/vehicles.csv,
2018,Mercedes-Benz,CLS-Class,AMG,Series,Government Verified,EPA,EPA FuelEconomy.gov Vehicle Fuel Economy Dataset,https://www.fueleconomy.gov/feg/epadata/vehicles.csv,
2018,Mercedes-Benz,E-Class,AMG,Series,Government Verified,EPA,EPA FuelEconomy.gov Vehicle Fuel Economy Dataset,https://www.fueleconomy.gov/feg/epadata/vehicles.csv,
2018,Mercedes-Benz,E-Class,E300,Trim,Government Verified,EPA,EPA FuelEconomy.gov Vehicle Fuel Economy Dataset,https://www.fueleconomy.gov/feg/epadata/vehicles.csv,
2018,Mercedes-Benz,E-Class,Station,Trim,Government Verified,EPA,EPA FuelEconomy.gov Vehicle Fuel Economy Dataset,https://www.fueleconomy.gov/feg/epadata/vehicles.csv,
2018,Mercedes-Benz,G-Class,AMG,Series,Government Verified,EPA,EPA FuelEconomy.gov Vehicle Fuel Economy Dataset,https://www.fueleconomy.gov/feg/epadata/vehicles.csv,
2018,Mercedes-Benz,G-Class,G63,Trim,Government Verified,EPA,EPA FuelEconomy.gov Vehicle Fuel Economy Dataset,https://www.fueleconomy.gov/feg/epadata/vehicles.csv,
2018,Mercedes-Benz,GLA-Class,AMG,Series,Government Verified,EPA,EPA FuelEconomy.gov Vehicle Fuel Economy Dataset,https://www.fueleconomy.gov/feg/epadata/vehicles.csv,
2018,Mercedes-Benz,GLA-Class,Gla45,Trim,Government Verified,EPA,EPA FuelEconomy.gov Vehicle Fuel Economy Dataset,https://www.fueleconomy.gov/feg/epadata/vehicles.csv,
2018,Mercedes-Benz,GLC-Class,AMG,Series,Government Verified,EPA,EPA FuelEconomy.gov Vehicle Fuel Economy Dataset,https://www.fueleconomy.gov/feg/epadata/vehicles.csv,
2018,Mercedes-Benz,GLC-Class,Glc350E,Trim,Government Verified,EPA,EPA FuelEconomy.gov Vehicle Fuel Economy Dataset,https://www.fueleconomy.gov/feg/epadata/vehicles.csv,
2018,Mercedes-Benz,GLC-Class,Glc43,Trim,Government Verified,EPA,EPA FuelEconomy.gov Vehicle Fuel Economy Dataset,https://www.fueleconomy.gov/feg/epadata/vehicles.csv,
2018,Mercedes-Benz,GLC-Class,Glc63,Trim,Government Verified,EPA,EPA FuelEconomy.gov Vehicle Fuel Economy Dataset,https://www.fueleconomy.gov/feg/epadata/vehicles.csv,
2018,Mercedes-Benz,GLE-Class,AMG,Series,Government Verified,EPA,EPA FuelEconomy.gov Vehicle Fuel Economy Dataset,https://www.fueleconomy.gov/feg/epadata/vehicles.csv,
2018,Mercedes-Benz,GLS-Class,AMG,Series,Government Verified,EPA,EPA FuelEconomy.gov Vehicle Fuel Economy Dataset,https://www.fueleconomy.gov/feg/epadata/vehicles.csv,
2018,Mercedes-Benz,GLS-Class,Gls63,Trim,Government Verified,EPA,EPA FuelEconomy.gov Vehicle Fuel Economy Dataset,https://www.fueleconomy.gov/feg/epadata/vehicles.csv,
2018,Mercedes-Benz,S-Class,AMG,Series,Government Verified,EPA,EPA FuelEconomy.gov Vehicle Fuel Economy Dataset,https://www.fueleconomy.gov/feg/epadata/vehicles.csv,
2018,Mini,Clubman,Cooper,Trim,Government Verified,EPA,EPA FuelEconomy.gov Vehicle Fuel Economy Dataset,https://www.fueleconomy.gov/feg/epadata/vehicles.csv,
2018,Mini,Clubman,John Cooper Works,Trim,Government Verified,EPA,EPA FuelEconomy.gov Vehicle Fuel Economy Dataset,https://www.fueleconomy.gov/feg/epadata/vehicles.csv,
2018,Mini,Convertible,Cooper,Trim,Government Verified,EPA,EPA FuelEconomy.gov Vehicle Fuel Economy Dataset,https://www.fueleconomy.gov/feg/epadata/vehicles.csv,
2018,Mini,Convertible,John Cooper Works,Trim,Government Verified,EPA,EPA FuelEconomy.gov Vehicle Fuel Economy Dataset,https://www.fueleconomy.gov/feg/epadata/vehicles.csv,
2018,Mini,Countryman,Cooper,Trim,Government Verified,EPA,EPA FuelEconomy.gov Vehicle Fuel Economy Dataset,https://www.fueleconomy.gov/feg/epadata/vehicles.csv,
2018,Mini,Countryman,JCW,Trim,Fully Verified,EPA,EPA FuelEconomy.gov Vehicle Fuel Economy Dataset,https://www.fueleconomy.gov/feg/epadata/vehicles.csv,
2018,Mini,Countryman,SE,Trim,Fully Verified,EPA,EPA FuelEconomy.gov Vehicle Fuel Economy Dataset,https://www.fueleconomy.gov/feg/epadata/vehicles.csv,
2018,Mini,Hardtop,Cooper,Trim,Government Verified,EPA,EPA FuelEconomy.gov Vehicle Fuel Economy Dataset,https://www.fueleconomy.gov/feg/epadata/vehicles.csv,
2018,Mini,Hardtop,John Cooper Works,Trim,Government Verified,EPA,EPA FuelEconomy.gov Vehicle Fuel Economy Dataset,https://www.fueleconomy.gov/feg/epadata/vehicles.csv,
2018,Nissan,Altima,SR,Trim,Government Verified,EPA,EPA FuelEconomy.gov Vehicle Fuel Economy Dataset,https://www.fueleconomy.gov/feg/epadata/vehicles.csv,
2018,Nissan,Pathfinder,Platinum,Trim,Government Verified,EPA,EPA FuelEconomy.gov Vehicle Fuel Economy Dataset,https://www.fueleconomy.gov/feg/epadata/vehicles.csv,
2018,Nissan,Sentra,Nismo,Trim,Fully Verified,EPA,EPA FuelEconomy.gov Vehicle Fuel Economy Dataset,https://www.fueleconomy.gov/feg/epadata/vehicles.csv,
2018,Porsche,911,Carrera,Trim,Government Verified,EPA,EPA FuelEconomy.gov Vehicle Fuel Economy Dataset,https://www.fueleconomy.gov/feg/epadata/vehicles.csv,
2018,Porsche,911,Exclusive,Trim,Government Verified,EPA,EPA FuelEconomy.gov Vehicle Fuel Economy Dataset,https://www.fueleconomy.gov/feg/epadata/vehicles.csv,
2018,Porsche,911,GT2,Trim,Government Verified,EPA,EPA FuelEconomy.gov Vehicle Fuel Economy Dataset,https://www.fueleconomy.gov/feg/epadata/vehicles.csv,
2018,Porsche,911,GT3,Trim,Government Verified,EPA,EPA FuelEconomy.gov Vehicle Fuel Economy Dataset,https://www.fueleconomy.gov/feg/epadata/vehicles.csv,
2018,Porsche,911,GTS,Trim,Fully Verified,EPA,EPA FuelEconomy.gov Vehicle Fuel Economy Dataset,https://www.fueleconomy.gov/feg/epadata/vehicles.csv,
2018,Porsche,911,RS,Trim,Fully Verified,EPA,EPA FuelEconomy.gov Vehicle Fuel Economy Dataset,https://www.fueleconomy.gov/feg/epadata/vehicles.csv,
2018,Porsche,911,Targa,Trim,Government Verified,EPA,EPA FuelEconomy.gov Vehicle Fuel Economy Dataset,https://www.fueleconomy.gov/feg/epadata/vehicles.csv,
2018,Porsche,911,Touring,Trim,Fully Verified,EPA,EPA FuelEconomy.gov Vehicle Fuel Economy Dataset,https://www.fueleconomy.gov/feg/epadata/vehicles.csv,
2018,Porsche,Boxster,GTS,Trim,Fully Verified,EPA,EPA FuelEconomy.gov Vehicle Fuel Economy Dataset,https://www.fueleconomy.gov/feg/epadata/vehicles.csv,
2018,Porsche,Cayenne,GTS,Trim,Fully Verified,EPA,EPA FuelEconomy.gov Vehicle Fuel Economy Dataset,https://www.fueleconomy.gov/feg/epadata/vehicles.csv,
2018,Porsche,Cayenne,Platinum,Trim,Fully Verified,EPA,EPA FuelEconomy.gov Vehicle Fuel Economy Dataset,https://www.fueleconomy.gov/feg/epadata/vehicles.csv,
2018,Porsche,Cayman,GTS,Trim,Fully Verified,EPA,EPA FuelEconomy.gov Vehicle Fuel Economy Dataset,https://www.fueleconomy.gov/feg/epadata/vehicles.csv,
2018,Porsche,Macan,GTS,Trim,Fully Verified,EPA,EPA FuelEconomy.gov Vehicle Fuel Economy Dataset,https://www.fueleconomy.gov/feg/epadata/vehicles.csv,
2018,Porsche,Panamera,Executive,Trim,Government Verified,EPA,EPA FuelEconomy.gov Vehicle Fuel Economy Dataset,https://www.fueleconomy.gov/feg/epadata/vehicles.csv,
2018,Toyota,Camry,LE,Trim,Government Verified,EPA,EPA FuelEconomy.gov Vehicle Fuel Economy Dataset,https://www.fueleconomy.gov/feg/epadata/vehicles.csv,
2018,Toyota,Camry,SE,Trim,Government Verified,EPA,EPA FuelEconomy.gov Vehicle Fuel Economy Dataset,https://www.fueleconomy.gov/feg/epadata/vehicles.csv,
2018,Toyota,Camry,XLE,Trim,Government Verified,EPA,EPA FuelEconomy.gov Vehicle Fuel Economy Dataset,https://www.fueleconomy.gov/feg/epadata/vehicles.csv,
2018,Toyota,Camry,XSE,Trim,Government Verified,EPA,EPA FuelEconomy.gov Vehicle Fuel Economy Dataset,https://www.fueleconomy.gov/feg/epadata/vehicles.csv,
2018,Toyota,Corolla,LE,Trim,Government Verified,EPA,EPA FuelEconomy.gov Vehicle Fuel Economy Dataset,https://www.fueleconomy.gov/feg/epadata/vehicles.csv,
2018,Toyota,Highlander,LE,Trim,Government Verified,EPA,EPA FuelEconomy.gov Vehicle Fuel Economy Dataset,https://www.fueleconomy.gov/feg/epadata/vehicles.csv,
2018,Toyota,Highlander,SE,Trim,Government Verified,EPA,EPA FuelEconomy.gov Vehicle Fuel Economy Dataset,https://www.fueleconomy.gov/feg/epadata/vehicles.csv,
2018,Toyota,Highlander,XLE,Trim,Government Verified,EPA,EPA FuelEconomy.gov Vehicle Fuel Economy Dataset,https://www.fueleconomy.gov/feg/epadata/vehicles.csv,
2018,Toyota,RAV4,LE,Trim,Government Verified,EPA,EPA FuelEconomy.gov Vehicle Fuel Economy Dataset,https://www.fueleconomy.gov/feg/epadata/vehicles.csv,
2018,Toyota,RAV4,Limited,Trim,Government Verified,EPA,EPA FuelEconomy.gov Vehicle Fuel Economy Dataset,https://www.fueleconomy.gov/feg/epadata/vehicles.csv,
2018,Toyota,RAV4,SE,Trim,Government Verified,EPA,EPA FuelEconomy.gov Vehicle Fuel Economy Dataset,https://www.fueleconomy.gov/feg/epadata/vehicles.csv,
2018,Toyota,RAV4,XLE,Trim,Government Verified,EPA,EPA FuelEconomy.gov Vehicle Fuel Economy Dataset,https://www.fueleconomy.gov/feg/epadata/vehicles.csv,
2018,Volkswagen,Tiguan,Limited,Trim,Fully Verified,EPA,EPA FuelEconomy.gov Vehicle Fuel Economy Dataset,https://www.fueleconomy.gov/feg/epadata/vehicles.csv,
2019,Acura,MDX,A-Spec,Trim,Government Verified,EPA,EPA FuelEconomy.gov Vehicle Fuel Economy Dataset,https://www.fueleconomy.gov/feg/epadata/vehicles.csv,
2019,Acura,MDX,Sport Hybrid,Sub-model,Manufacturer Verified,"Acura (American Honda Motor Co., Inc.)",Acura Electrifies SUV Lineup with Powerful and Efficient 2017 MDX Sport Hybrid (official press release; inspected 2026-07-18),https://acuranews.com/en-US/releases/release-ecb7d1f3ec084c759f624ced3dcc1d43-acura-electrifies-suv-lineup-with-powerful-and-efficient-2017-mdx-sport-hybrid,
2019,Acura,RDX,A-Spec,Trim,Government Verified,EPA,EPA FuelEconomy.gov Vehicle Fuel Economy Dataset,https://www.fueleconomy.gov/feg/epadata/vehicles.csv,
2019,Acura,TLX,A-Spec,Trim,Government Verified,EPA,EPA FuelEconomy.gov Vehicle Fuel Economy Dataset,https://www.fueleconomy.gov/feg/epadata/vehicles.csv,
2019,BMW,2 Series,M240I,Trim,Government Verified,EPA,EPA FuelEconomy.gov Vehicle Fuel Economy Dataset,https://www.fueleconomy.gov/feg/epadata/vehicles.csv,
2019,BMW,5 Series,530E,Trim,Government Verified,EPA,EPA FuelEconomy.gov Vehicle Fuel Economy Dataset,https://www.fueleconomy.gov/feg/epadata/vehicles.csv,
2019,BMW,5 Series,M550I,Trim,Government Verified,EPA,EPA FuelEconomy.gov Vehicle Fuel Economy Dataset,https://www.fueleconomy.gov/feg/epadata/vehicles.csv,
2019,BMW,7 Series,M760I,Trim,Government Verified,EPA,EPA FuelEconomy.gov Vehicle Fuel Economy Dataset,https://www.fueleconomy.gov/feg/epadata/vehicles.csv,
2019,BMW,8 Series,M850I,Trim,Government Verified,EPA,EPA FuelEconomy.gov Vehicle Fuel Economy Dataset,https://www.fueleconomy.gov/feg/epadata/vehicles.csv,
2019,BMW,M2,Competition,Trim,Government Verified,EPA,EPA FuelEconomy.gov Vehicle Fuel Economy Dataset,https://www.fueleconomy.gov/feg/epadata/vehicles.csv,
2019,BMW,i3,REX,Trim,Government Verified,EPA,EPA FuelEconomy.gov Vehicle Fuel Economy Dataset,https://www.fueleconomy.gov/feg/epadata/vehicles.csv,
2019,Chevrolet,Corvette,Z06,Trim,Government Verified,EPA,EPA FuelEconomy.gov Vehicle Fuel Economy Dataset,https://www.fueleconomy.gov/feg/epadata/vehicles.csv,
2019,Chevrolet,Corvette,ZR1,Trim,Government Verified,EPA,EPA FuelEconomy.gov Vehicle Fuel Economy Dataset,https://www.fueleconomy.gov/feg/epadata/vehicles.csv,
2019,Chevrolet,Express,3500-,Trim,Government Verified,EPA,EPA FuelEconomy.gov Vehicle Fuel Economy Dataset,https://www.fueleconomy.gov/feg/epadata/vehicles.csv,
2019,Dodge,Challenger,GT,Trim,Government Verified,EPA,EPA FuelEconomy.gov Vehicle Fuel Economy Dataset,https://www.fueleconomy.gov/feg/epadata/vehicles.csv,
2019,Dodge,Challenger,SRT,Series,Government Verified,EPA,EPA FuelEconomy.gov Vehicle Fuel Economy Dataset,https://www.fueleconomy.gov/feg/epadata/vehicles.csv,
2019,Dodge,Charger,SRT,Series,Government Verified,EPA,EPA FuelEconomy.gov Vehicle Fuel Economy Dataset,https://www.fueleconomy.gov/feg/epadata/vehicles.csv,
2019,Dodge,Durango,SRT,Series,Government Verified,EPA,EPA FuelEconomy.gov Vehicle Fuel Economy Dataset,https://www.fueleconomy.gov/feg/epadata/vehicles.csv,
2019,Ferrari,488,GTB,Trim,Government Verified,EPA,EPA FuelEconomy.gov Vehicle Fuel Economy Dataset,https://www.fueleconomy.gov/feg/epadata/vehicles.csv,
2019,Ford,F-150,Limited,Trim,Government Verified,EPA,EPA FuelEconomy.gov Vehicle Fuel Economy Dataset,https://www.fueleconomy.gov/feg/epadata/vehicles.csv,
2019,Ford,F-150,Raptor,Sub-model,Government Verified,EPA,EPA FuelEconomy.gov Vehicle Fuel Economy Dataset,https://www.fueleconomy.gov/feg/epadata/vehicles.csv,
2019,Ford,F-150,XL,Trim,Government Verified,EPA,EPA FuelEconomy.gov Vehicle Fuel Economy Dataset,https://www.fueleconomy.gov/feg/epadata/vehicles.csv,
2019,Ford,F-150,XLT,Trim,Government Verified,EPA,EPA FuelEconomy.gov Vehicle Fuel Economy Dataset,https://www.fueleconomy.gov/feg/epadata/vehicles.csv,
2019,Ford,Mustang,Shelby,Sub-model,Government Verified,EPA,EPA FuelEconomy.gov Vehicle Fuel Economy Dataset,https://www.fueleconomy.gov/feg/epadata/vehicles.csv,
2019,GMC,Yukon,Denali,Trim,Fully Verified,EPA,EPA FuelEconomy.gov Vehicle Fuel Economy Dataset,https://www.fueleconomy.gov/feg/epadata/vehicles.csv,
2019,Genesis,G80,Sport,Trim,Manufacturer Verified,Genesis Motor America,Genesis Debuts 2018 G80 Sport Trim with 3.3-Liter Turbocharged Engine and Performance Styling (official Genesis newsroom),https://www.genesisnewsusa.com/en-us/releases/18,
2019,Honda,Accord,Sport,Trim,Government Verified,EPA,EPA FuelEconomy.gov Vehicle Fuel Economy Dataset,https://www.fueleconomy.gov/feg/epadata/vehicles.csv,
2019,Honda,Accord,Touring,Trim,Government Verified,EPA,EPA FuelEconomy.gov Vehicle Fuel Economy Dataset,https://www.fueleconomy.gov/feg/epadata/vehicles.csv,
2019,Honda,Civic,SI,Trim,Fully Verified,EPA,EPA FuelEconomy.gov Vehicle Fuel Economy Dataset,https://www.fueleconomy.gov/feg/epadata/vehicles.csv,
2019,Honda,Civic,Type R,Trim,Fully Verified,EPA,EPA FuelEconomy.gov Vehicle Fuel Economy Dataset,https://www.fueleconomy.gov/feg/epadata/vehicles.csv,
2019,Honda,Insight,Touring,Trim,Government Verified,EPA,EPA FuelEconomy.gov Vehicle Fuel Economy Dataset,https://www.fueleconomy.gov/feg/epadata/vehicles.csv,
2019,Hyundai,Elantra,SE,Trim,Government Verified,EPA,EPA FuelEconomy.gov Vehicle Fuel Economy Dataset,https://www.fueleconomy.gov/feg/epadata/vehicles.csv,
2019,Hyundai,Santa Fe XL,Ultimate,Trim,Government Verified,EPA,EPA FuelEconomy.gov Vehicle Fuel Economy Dataset,https://www.fueleconomy.gov/feg/epadata/vehicles.csv,
2019,Hyundai,Sonata,SE,Trim,Government Verified,EPA,EPA FuelEconomy.gov Vehicle Fuel Economy Dataset,https://www.fueleconomy.gov/feg/epadata/vehicles.csv,
2019,Jaguar,F-TYPE,SVR,Trim,Government Verified,EPA,EPA FuelEconomy.gov Vehicle Fuel Economy Dataset,https://www.fueleconomy.gov/feg/epadata/vehicles.csv,
2019,Jaguar,XJ,XJL,Trim,Government Verified,EPA,EPA FuelEconomy.gov Vehicle Fuel Economy Dataset,https://www.fueleconomy.gov/feg/epadata/vehicles.csv,
2019,Jeep,Cherokee,Trailhawk,Trim,Government Verified,EPA,EPA FuelEconomy.gov Vehicle Fuel Economy Dataset,https://www.fueleconomy.gov/feg/epadata/vehicles.csv,
2019,Jeep,Grand Cherokee,SRT,Series,Government Verified,EPA,EPA FuelEconomy.gov Vehicle Fuel Economy Dataset,https://www.fueleconomy.gov/feg/epadata/vehicles.csv,
2019,Jeep,Grand Cherokee,Trackhawk,Trim,Fully Verified,EPA,EPA FuelEconomy.gov Vehicle Fuel Economy Dataset,https://www.fueleconomy.gov/feg/epadata/vehicles.csv,
2019,Jeep,Renegade,Trailhawk,Trim,Government Verified,EPA,EPA FuelEconomy.gov Vehicle Fuel Economy Dataset,https://www.fueleconomy.gov/feg/epadata/vehicles.csv,
2019,Jeep,Wrangler,Unlimited,Trim,Government Verified,EPA,EPA FuelEconomy.gov Vehicle Fuel Economy Dataset,https://www.fueleconomy.gov/feg/epadata/vehicles.csv,
2019,Kia,Niro,Touring,Trim,Government Verified,EPA,EPA FuelEconomy.gov Vehicle Fuel Economy Dataset,https://www.fueleconomy.gov/feg/epadata/vehicles.csv,
2019,Land Rover,Range Rover Sport,SVR,Trim,Government Verified,EPA,EPA FuelEconomy.gov Vehicle Fuel Economy Dataset,https://www.fueleconomy.gov/feg/epadata/vehicles.csv,
2019,Mercedes-Benz,C-Class,AMG,Series,Government Verified,EPA,EPA FuelEconomy.gov Vehicle Fuel Economy Dataset,https://www.fueleconomy.gov/feg/epadata/vehicles.csv,
2019,Mercedes-Benz,C-Class,C43,Trim,Government Verified,EPA,EPA FuelEconomy.gov Vehicle Fuel Economy Dataset,https://www.fueleconomy.gov/feg/epadata/vehicles.csv,
2019,Mercedes-Benz,CLA-Class,AMG,Series,Government Verified,EPA,EPA FuelEconomy.gov Vehicle Fuel Economy Dataset,https://www.fueleconomy.gov/feg/epadata/vehicles.csv,
2019,Mercedes-Benz,CLA-Class,Cla250,Trim,Government Verified,EPA,EPA FuelEconomy.gov Vehicle Fuel Economy Dataset,https://www.fueleconomy.gov/feg/epadata/vehicles.csv,
2019,Mercedes-Benz,CLA-Class,Cla45,Trim,Government Verified,EPA,EPA FuelEconomy.gov Vehicle Fuel Economy Dataset,https://www.fueleconomy.gov/feg/epadata/vehicles.csv,
2019,Mercedes-Benz,CLS-Class,AMG,Series,Government Verified,EPA,EPA FuelEconomy.gov Vehicle Fuel Economy Dataset,https://www.fueleconomy.gov/feg/epadata/vehicles.csv,
2019,Mercedes-Benz,CLS-Class,Cls53,Trim,Government Verified,EPA,EPA FuelEconomy.gov Vehicle Fuel Economy Dataset,https://www.fueleconomy.gov/feg/epadata/vehicles.csv,
2019,Mercedes-Benz,E-Class,AMG,Series,Government Verified,EPA,EPA FuelEconomy.gov Vehicle Fuel Economy Dataset,https://www.fueleconomy.gov/feg/epadata/vehicles.csv,
2019,Mercedes-Benz,E-Class,E300,Trim,Government Verified,EPA,EPA FuelEconomy.gov Vehicle Fuel Economy Dataset,https://www.fueleconomy.gov/feg/epadata/vehicles.csv,
2019,Mercedes-Benz,E-Class,E53,Trim,Government Verified,EPA,EPA FuelEconomy.gov Vehicle Fuel Economy Dataset,https://www.fueleconomy.gov/feg/epadata/vehicles.csv,
2019,Mercedes-Benz,G-Class,AMG,Series,Government Verified,EPA,EPA FuelEconomy.gov Vehicle Fuel Economy Dataset,https://www.fueleconomy.gov/feg/epadata/vehicles.csv,
2019,Mercedes-Benz,G-Class,G63,Trim,Government Verified,EPA,EPA FuelEconomy.gov Vehicle Fuel Economy Dataset,https://www.fueleconomy.gov/feg/epadata/vehicles.csv,
2019,Mercedes-Benz,GLA-Class,AMG,Series,Government Verified,EPA,EPA FuelEconomy.gov Vehicle Fuel Economy Dataset,https://www.fueleconomy.gov/feg/epadata/vehicles.csv,
2019,Mercedes-Benz,GLA-Class,Gla45,Trim,Government Verified,EPA,EPA FuelEconomy.gov Vehicle Fuel Economy Dataset,https://www.fueleconomy.gov/feg/epadata/vehicles.csv,
2019,Mercedes-Benz,GLC-Class,AMG,Series,Government Verified,EPA,EPA FuelEconomy.gov Vehicle Fuel Economy Dataset,https://www.fueleconomy.gov/feg/epadata/vehicles.csv,
2019,Mercedes-Benz,GLC-Class,Glc350E,Trim,Government Verified,EPA,EPA FuelEconomy.gov Vehicle Fuel Economy Dataset,https://www.fueleconomy.gov/feg/epadata/vehicles.csv,
2019,Mercedes-Benz,GLC-Class,Glc43,Trim,Government Verified,EPA,EPA FuelEconomy.gov Vehicle Fuel Economy Dataset,https://www.fueleconomy.gov/feg/epadata/vehicles.csv,
2019,Mercedes-Benz,GLC-Class,Glc63,Trim,Government Verified,EPA,EPA FuelEconomy.gov Vehicle Fuel Economy Dataset,https://www.fueleconomy.gov/feg/epadata/vehicles.csv,
2019,Mercedes-Benz,GLE-Class,AMG,Series,Government Verified,EPA,EPA FuelEconomy.gov Vehicle Fuel Economy Dataset,https://www.fueleconomy.gov/feg/epadata/vehicles.csv,
2019,Mercedes-Benz,GLS-Class,AMG,Series,Government Verified,EPA,EPA FuelEconomy.gov Vehicle Fuel Economy Dataset,https://www.fueleconomy.gov/feg/epadata/vehicles.csv,
2019,Mercedes-Benz,GLS-Class,Gls63,Trim,Government Verified,EPA,EPA FuelEconomy.gov Vehicle Fuel Economy Dataset,https://www.fueleconomy.gov/feg/epadata/vehicles.csv,
2019,Mercedes-Benz,S-Class,AMG,Series,Government Verified,EPA,EPA FuelEconomy.gov Vehicle Fuel Economy Dataset,https://www.fueleconomy.gov/feg/epadata/vehicles.csv,
2019,Mercedes-Benz,S-Class,S560E,Trim,Government Verified,EPA,EPA FuelEconomy.gov Vehicle Fuel Economy Dataset,https://www.fueleconomy.gov/feg/epadata/vehicles.csv,
2019,Mini,Clubman,Cooper,Trim,Government Verified,EPA,EPA FuelEconomy.gov Vehicle Fuel Economy Dataset,https://www.fueleconomy.gov/feg/epadata/vehicles.csv,
2019,Mini,Clubman,John Cooper Works,Trim,Government Verified,EPA,EPA FuelEconomy.gov Vehicle Fuel Economy Dataset,https://www.fueleconomy.gov/feg/epadata/vehicles.csv,
2019,Mini,Convertible,Cooper,Trim,Government Verified,EPA,EPA FuelEconomy.gov Vehicle Fuel Economy Dataset,https://www.fueleconomy.gov/feg/epadata/vehicles.csv,
2019,Mini,Convertible,John Cooper Works,Trim,Government Verified,EPA,EPA FuelEconomy.gov Vehicle Fuel Economy Dataset,https://www.fueleconomy.gov/feg/epadata/vehicles.csv,
2019,Mini,Countryman,Cooper,Trim,Government Verified,EPA,EPA FuelEconomy.gov Vehicle Fuel Economy Dataset,https://www.fueleconomy.gov/feg/epadata/vehicles.csv,
2019,Mini,Countryman,JCW,Trim,Fully Verified,EPA,EPA FuelEconomy.gov Vehicle Fuel Economy Dataset,https://www.fueleconomy.gov/feg/epadata/vehicles.csv,
2019,Mini,Countryman,SE,Trim,Fully Verified,EPA,EPA FuelEconomy.gov Vehicle Fuel Economy Dataset,https://www.fueleconomy.gov/feg/epadata/vehicles.csv,
2019,Mini,Hardtop,Cooper,Trim,Government Verified,EPA,EPA FuelEconomy.gov Vehicle Fuel Economy Dataset,https://www.fueleconomy.gov/feg/epadata/vehicles.csv,
2019,Mini,Hardtop,John Cooper Works,Trim,Government Verified,EPA,EPA FuelEconomy.gov Vehicle Fuel Economy Dataset,https://www.fueleconomy.gov/feg/epadata/vehicles.csv,
2019,Nissan,Altima,Platinum,Trim,Government Verified,EPA,EPA FuelEconomy.gov Vehicle Fuel Economy Dataset,https://www.fueleconomy.gov/feg/epadata/vehicles.csv,
2019,Nissan,Altima,SR,Trim,Government Verified,EPA,EPA FuelEconomy.gov Vehicle Fuel Economy Dataset,https://www.fueleconomy.gov/feg/epadata/vehicles.csv,
2019,Nissan,LEAF,Battery,Trim,Government Verified,EPA,EPA FuelEconomy.gov Vehicle Fuel Economy Dataset,https://www.fueleconomy.gov/feg/epadata/vehicles.csv,
2019,Nissan,Pathfinder,Platinum,Trim,Government Verified,EPA,EPA FuelEconomy.gov Vehicle Fuel Economy Dataset,https://www.fueleconomy.gov/feg/epadata/vehicles.csv,
2019,Nissan,Sentra,Nismo,Trim,Fully Verified,EPA,EPA FuelEconomy.gov Vehicle Fuel Economy Dataset,https://www.fueleconomy.gov/feg/epadata/vehicles.csv,
2019,Nissan,Sentra,SR,Trim,Fully Verified,EPA,EPA FuelEconomy.gov Vehicle Fuel Economy Dataset,https://www.fueleconomy.gov/feg/epadata/vehicles.csv,
2019,Porsche,718 Cayman,GTS,Trim,Fully Verified,EPA,EPA FuelEconomy.gov Vehicle Fuel Economy Dataset,https://www.fueleconomy.gov/feg/epadata/vehicles.csv,
2019,Porsche,911,Carrera,Trim,Government Verified,EPA,EPA FuelEconomy.gov Vehicle Fuel Economy Dataset,https://www.fueleconomy.gov/feg/epadata/vehicles.csv,
2019,Porsche,911,Exclusive,Trim,Government Verified,EPA,EPA FuelEconomy.gov Vehicle Fuel Economy Dataset,https://www.fueleconomy.gov/feg/epadata/vehicles.csv,
2019,Porsche,911,GT2,Trim,Government Verified,EPA,EPA FuelEconomy.gov Vehicle Fuel Economy Dataset,https://www.fueleconomy.gov/feg/epadata/vehicles.csv,
2019,Porsche,911,GT3,Trim,Government Verified,EPA,EPA FuelEconomy.gov Vehicle Fuel Economy Dataset,https://www.fueleconomy.gov/feg/epadata/vehicles.csv,
2019,Porsche,911,GTS,Trim,Fully Verified,EPA,EPA FuelEconomy.gov Vehicle Fuel Economy Dataset,https://www.fueleconomy.gov/feg/epadata/vehicles.csv,
2019,Porsche,911,RS,Trim,Fully Verified,EPA,EPA FuelEconomy.gov Vehicle Fuel Economy Dataset,https://www.fueleconomy.gov/feg/epadata/vehicles.csv,
2019,Porsche,911,Targa,Trim,Government Verified,EPA,EPA FuelEconomy.gov Vehicle Fuel Economy Dataset,https://www.fueleconomy.gov/feg/epadata/vehicles.csv,
2019,Porsche,911,Touring,Trim,Fully Verified,EPA,EPA FuelEconomy.gov Vehicle Fuel Economy Dataset,https://www.fueleconomy.gov/feg/epadata/vehicles.csv,
2019,Porsche,Boxster,GTS,Trim,Fully Verified,EPA,EPA FuelEconomy.gov Vehicle Fuel Economy Dataset,https://www.fueleconomy.gov/feg/epadata/vehicles.csv,
2019,Porsche,Cayman,GTS,Trim,Fully Verified,EPA,EPA FuelEconomy.gov Vehicle Fuel Economy Dataset,https://www.fueleconomy.gov/feg/epadata/vehicles.csv,
2019,Porsche,Panamera,Executive,Trim,Government Verified,EPA,EPA FuelEconomy.gov Vehicle Fuel Economy Dataset,https://www.fueleconomy.gov/feg/epadata/vehicles.csv,
2019,Porsche,Panamera,GTS,Trim,Fully Verified,EPA,EPA FuelEconomy.gov Vehicle Fuel Economy Dataset,https://www.fueleconomy.gov/feg/epadata/vehicles.csv,
2019,Toyota,Avalon,XLE,Trim,Government Verified,EPA,EPA FuelEconomy.gov Vehicle Fuel Economy Dataset,https://www.fueleconomy.gov/feg/epadata/vehicles.csv,
2019,Toyota,Camry,LE,Trim,Government Verified,EPA,EPA FuelEconomy.gov Vehicle Fuel Economy Dataset,https://www.fueleconomy.gov/feg/epadata/vehicles.csv,
2019,Toyota,Camry,SE,Trim,Government Verified,EPA,EPA FuelEconomy.gov Vehicle Fuel Economy Dataset,https://www.fueleconomy.gov/feg/epadata/vehicles.csv,
2019,Toyota,Camry,XLE,Trim,Government Verified,EPA,EPA FuelEconomy.gov Vehicle Fuel Economy Dataset,https://www.fueleconomy.gov/feg/epadata/vehicles.csv,
2019,Toyota,Camry,XSE,Trim,Government Verified,EPA,EPA FuelEconomy.gov Vehicle Fuel Economy Dataset,https://www.fueleconomy.gov/feg/epadata/vehicles.csv,
2019,Toyota,Corolla,LE,Trim,Government Verified,EPA,EPA FuelEconomy.gov Vehicle Fuel Economy Dataset,https://www.fueleconomy.gov/feg/epadata/vehicles.csv,
2019,Toyota,Corolla,XSE,Trim,Government Verified,EPA,EPA FuelEconomy.gov Vehicle Fuel Economy Dataset,https://www.fueleconomy.gov/feg/epadata/vehicles.csv,
2019,Toyota,Highlander,LE,Trim,Government Verified,EPA,EPA FuelEconomy.gov Vehicle Fuel Economy Dataset,https://www.fueleconomy.gov/feg/epadata/vehicles.csv,
2019,Toyota,Highlander,SE,Trim,Government Verified,EPA,EPA FuelEconomy.gov Vehicle Fuel Economy Dataset,https://www.fueleconomy.gov/feg/epadata/vehicles.csv,
2019,Toyota,Highlander,XLE,Trim,Government Verified,EPA,EPA FuelEconomy.gov Vehicle Fuel Economy Dataset,https://www.fueleconomy.gov/feg/epadata/vehicles.csv,
2020,Acura,MDX,A-Spec,Trim,Government Verified,EPA,EPA FuelEconomy.gov Vehicle Fuel Economy Dataset,https://www.fueleconomy.gov/feg/epadata/vehicles.csv,
2020,Acura,MDX,Sport Hybrid,Sub-model,Manufacturer Verified,"Acura (American Honda Motor Co., Inc.)",Acura Electrifies SUV Lineup with Powerful and Efficient 2017 MDX Sport Hybrid (official press release; inspected 2026-07-18),https://acuranews.com/en-US/releases/release-ecb7d1f3ec084c759f624ced3dcc1d43-acura-electrifies-suv-lineup-with-powerful-and-efficient-2017-mdx-sport-hybrid,
2020,Acura,RDX,A-Spec,Trim,Government Verified,EPA,EPA FuelEconomy.gov Vehicle Fuel Economy Dataset,https://www.fueleconomy.gov/feg/epadata/vehicles.csv,
2020,Acura,TLX,A-Spec,Trim,Government Verified,EPA,EPA FuelEconomy.gov Vehicle Fuel Economy Dataset,https://www.fueleconomy.gov/feg/epadata/vehicles.csv,
2020,BMW,2 Series,M235I,Trim,Government Verified,EPA,EPA FuelEconomy.gov Vehicle Fuel Economy Dataset,https://www.fueleconomy.gov/feg/epadata/vehicles.csv,
2020,BMW,2 Series,M240I,Trim,Government Verified,EPA,EPA FuelEconomy.gov Vehicle Fuel Economy Dataset,https://www.fueleconomy.gov/feg/epadata/vehicles.csv,
2020,BMW,3 Series,M340I,Trim,Government Verified,EPA,EPA FuelEconomy.gov Vehicle Fuel Economy Dataset,https://www.fueleconomy.gov/feg/epadata/vehicles.csv,
2020,BMW,5 Series,530E,Trim,Government Verified,EPA,EPA FuelEconomy.gov Vehicle Fuel Economy Dataset,https://www.fueleconomy.gov/feg/epadata/vehicles.csv,
2020,BMW,5 Series,M550I,Trim,Government Verified,EPA,EPA FuelEconomy.gov Vehicle Fuel Economy Dataset,https://www.fueleconomy.gov/feg/epadata/vehicles.csv,
2020,BMW,7 Series,M760I,Trim,Government Verified,EPA,EPA FuelEconomy.gov Vehicle Fuel Economy Dataset,https://www.fueleconomy.gov/feg/epadata/vehicles.csv,
2020,BMW,8 Series,M850I,Trim,Government Verified,EPA,EPA FuelEconomy.gov Vehicle Fuel Economy Dataset,https://www.fueleconomy.gov/feg/epadata/vehicles.csv,
2020,BMW,M2,Competition,Trim,Government Verified,EPA,EPA FuelEconomy.gov Vehicle Fuel Economy Dataset,https://www.fueleconomy.gov/feg/epadata/vehicles.csv,
2020,BMW,Z4,M40I,Trim,Government Verified,EPA,EPA FuelEconomy.gov Vehicle Fuel Economy Dataset,https://www.fueleconomy.gov/feg/epadata/vehicles.csv,
2020,Bentley,Continental,GT,Trim,Fully Verified,EPA,EPA FuelEconomy.gov Vehicle Fuel Economy Dataset,https://www.fueleconomy.gov/feg/epadata/vehicles.csv,
2020,Chevrolet,Express,3500-,Trim,Government Verified,EPA,EPA FuelEconomy.gov Vehicle Fuel Economy Dataset,https://www.fueleconomy.gov/feg/epadata/vehicles.csv,
2020,Dodge,Challenger,SRT,Series,Government Verified,EPA,EPA FuelEconomy.gov Vehicle Fuel Economy Dataset,https://www.fueleconomy.gov/feg/epadata/vehicles.csv,
2020,Dodge,Charger,SRT,Series,Government Verified,EPA,EPA FuelEconomy.gov Vehicle Fuel Economy Dataset,https://www.fueleconomy.gov/feg/epadata/vehicles.csv,
2020,Dodge,Durango,SRT,Series,Government Verified,EPA,EPA FuelEconomy.gov Vehicle Fuel Economy Dataset,https://www.fueleconomy.gov/feg/epadata/vehicles.csv,
2020,Ford,F-150,Limited,Trim,Government Verified,EPA,EPA FuelEconomy.gov Vehicle Fuel Economy Dataset,https://www.fueleconomy.gov/feg/epadata/vehicles.csv,
2020,Ford,F-150,Raptor,Sub-model,Government Verified,EPA,EPA FuelEconomy.gov Vehicle Fuel Economy Dataset,https://www.fueleconomy.gov/feg/epadata/vehicles.csv,
2020,Ford,F-150,XL,Trim,Government Verified,EPA,EPA FuelEconomy.gov Vehicle Fuel Economy Dataset,https://www.fueleconomy.gov/feg/epadata/vehicles.csv,
2020,Ford,F-150,XLT,Trim,Government Verified,EPA,EPA FuelEconomy.gov Vehicle Fuel Economy Dataset,https://www.fueleconomy.gov/feg/epadata/vehicles.csv,
2020,Ford,Mustang,Gt500,Trim,Government Verified,EPA,EPA FuelEconomy.gov Vehicle Fuel Economy Dataset,https://www.fueleconomy.gov/feg/epadata/vehicles.csv,
2020,Ford,Mustang,Shelby,Sub-model,Government Verified,EPA,EPA FuelEconomy.gov Vehicle Fuel Economy Dataset,https://www.fueleconomy.gov/feg/epadata/vehicles.csv,
2020,Honda,Accord,Sport,Trim,Government Verified,EPA,EPA FuelEconomy.gov Vehicle Fuel Economy Dataset,https://www.fueleconomy.gov/feg/epadata/vehicles.csv,
2020,Honda,Accord,Touring,Trim,Government Verified,EPA,EPA FuelEconomy.gov Vehicle Fuel Economy Dataset,https://www.fueleconomy.gov/feg/epadata/vehicles.csv,
2020,Honda,Civic,SI,Trim,Fully Verified,EPA,EPA FuelEconomy.gov Vehicle Fuel Economy Dataset,https://www.fueleconomy.gov/feg/epadata/vehicles.csv,
2020,Honda,Civic,Type R,Trim,Fully Verified,EPA,EPA FuelEconomy.gov Vehicle Fuel Economy Dataset,https://www.fueleconomy.gov/feg/epadata/vehicles.csv,
2020,Honda,Insight,Touring,Trim,Government Verified,EPA,EPA FuelEconomy.gov Vehicle Fuel Economy Dataset,https://www.fueleconomy.gov/feg/epadata/vehicles.csv,
2020,Hyundai,Elantra,SE,Trim,Government Verified,EPA,EPA FuelEconomy.gov Vehicle Fuel Economy Dataset,https://www.fueleconomy.gov/feg/epadata/vehicles.csv,
2020,Jaguar,F-TYPE,SVR,Trim,Government Verified,EPA,EPA FuelEconomy.gov Vehicle Fuel Economy Dataset,https://www.fueleconomy.gov/feg/epadata/vehicles.csv,
2020,Jeep,Cherokee,Trailhawk,Trim,Government Verified,EPA,EPA FuelEconomy.gov Vehicle Fuel Economy Dataset,https://www.fueleconomy.gov/feg/epadata/vehicles.csv,
2020,Jeep,Grand Cherokee,SRT,Series,Government Verified,EPA,EPA FuelEconomy.gov Vehicle Fuel Economy Dataset,https://www.fueleconomy.gov/feg/epadata/vehicles.csv,
2020,Jeep,Grand Cherokee,Trackhawk,Trim,Fully Verified,EPA,EPA FuelEconomy.gov Vehicle Fuel Economy Dataset,https://www.fueleconomy.gov/feg/epadata/vehicles.csv,
2020,Jeep,Renegade,Trailhawk,Trim,Government Verified,EPA,EPA FuelEconomy.gov Vehicle Fuel Economy Dataset,https://www.fueleconomy.gov/feg/epadata/vehicles.csv,
2020,Jeep,Wrangler,Unlimited,Trim,Government Verified,EPA,EPA FuelEconomy.gov Vehicle Fuel Economy Dataset,https://www.fueleconomy.gov/feg/epadata/vehicles.csv,
2020,Karma,Revero,GT,Trim,Government Verified,EPA,EPA FuelEconomy.gov Vehicle Fuel Economy Dataset,https://www.fueleconomy.gov/feg/epadata/vehicles.csv,
2020,Kia,Niro,Touring,Trim,Government Verified,EPA,EPA FuelEconomy.gov Vehicle Fuel Economy Dataset,https://www.fueleconomy.gov/feg/epadata/vehicles.csv,
2020,Land Rover,Range Rover Sport,SVR,Trim,Government Verified,EPA,EPA FuelEconomy.gov Vehicle Fuel Economy Dataset,https://www.fueleconomy.gov/feg/epadata/vehicles.csv,
2020,Lotus,Evora,GT,Trim,Government Verified,EPA,EPA FuelEconomy.gov Vehicle Fuel Economy Dataset,https://www.fueleconomy.gov/feg/epadata/vehicles.csv,
2020,Mercedes-Benz,A-Class,A35,Trim,Government Verified,EPA,EPA FuelEconomy.gov Vehicle Fuel Economy Dataset,https://www.fueleconomy.gov/feg/epadata/vehicles.csv,
2020,Mercedes-Benz,A-Class,AMG,Series,Government Verified,EPA,EPA FuelEconomy.gov Vehicle Fuel Economy Dataset,https://www.fueleconomy.gov/feg/epadata/vehicles.csv,
2020,Mercedes-Benz,C-Class,AMG,Series,Government Verified,EPA,EPA FuelEconomy.gov Vehicle Fuel Economy Dataset,https://www.fueleconomy.gov/feg/epadata/vehicles.csv,
2020,Mercedes-Benz,C-Class,C43,Trim,Government Verified,EPA,EPA FuelEconomy.gov Vehicle Fuel Economy Dataset,https://www.fueleconomy.gov/feg/epadata/vehicles.csv,
2020,Mercedes-Benz,CLA-Class,AMG,Series,Government Verified,EPA,EPA FuelEconomy.gov Vehicle Fuel Economy Dataset,https://www.fueleconomy.gov/feg/epadata/vehicles.csv,
2020,Mercedes-Benz,CLA-Class,Cla250,Trim,Government Verified,EPA,EPA FuelEconomy.gov Vehicle Fuel Economy Dataset,https://www.fueleconomy.gov/feg/epadata/vehicles.csv,
2020,Mercedes-Benz,CLA-Class,Cla35,Trim,Government Verified,EPA,EPA FuelEconomy.gov Vehicle Fuel Economy Dataset,https://www.fueleconomy.gov/feg/epadata/vehicles.csv,
2020,Mercedes-Benz,CLA-Class,Cla45,Trim,Government Verified,EPA,EPA FuelEconomy.gov Vehicle Fuel Economy Dataset,https://www.fueleconomy.gov/feg/epadata/vehicles.csv,
2020,Mercedes-Benz,CLS-Class,AMG,Series,Government Verified,EPA,EPA FuelEconomy.gov Vehicle Fuel Economy Dataset,https://www.fueleconomy.gov/feg/epadata/vehicles.csv,
2020,Mercedes-Benz,CLS-Class,Cls53,Trim,Government Verified,EPA,EPA FuelEconomy.gov Vehicle Fuel Economy Dataset,https://www.fueleconomy.gov/feg/epadata/vehicles.csv,
2020,Mercedes-Benz,E-Class,AMG,Series,Government Verified,EPA,EPA FuelEconomy.gov Vehicle Fuel Economy Dataset,https://www.fueleconomy.gov/feg/epadata/vehicles.csv,
2020,Mercedes-Benz,E-Class,E53,Trim,Government Verified,EPA,EPA FuelEconomy.gov Vehicle Fuel Economy Dataset,https://www.fueleconomy.gov/feg/epadata/vehicles.csv,
2020,Mercedes-Benz,E-Class,Station,Trim,Government Verified,EPA,EPA FuelEconomy.gov Vehicle Fuel Economy Dataset,https://www.fueleconomy.gov/feg/epadata/vehicles.csv,
2020,Mercedes-Benz,G-Class,AMG,Series,Government Verified,EPA,EPA FuelEconomy.gov Vehicle Fuel Economy Dataset,https://www.fueleconomy.gov/feg/epadata/vehicles.csv,
2020,Mercedes-Benz,G-Class,G63,Trim,Government Verified,EPA,EPA FuelEconomy.gov Vehicle Fuel Economy Dataset,https://www.fueleconomy.gov/feg/epadata/vehicles.csv,
2020,Mercedes-Benz,GLC-Class,AMG,Series,Government Verified,EPA,EPA FuelEconomy.gov Vehicle Fuel Economy Dataset,https://www.fueleconomy.gov/feg/epadata/vehicles.csv,
2020,Mercedes-Benz,GLC-Class,Glc350E,Trim,Government Verified,EPA,EPA FuelEconomy.gov Vehicle Fuel Economy Dataset,https://www.fueleconomy.gov/feg/epadata/vehicles.csv,
2020,Mercedes-Benz,GLC-Class,Glc43,Trim,Government Verified,EPA,EPA FuelEconomy.gov Vehicle Fuel Economy Dataset,https://www.fueleconomy.gov/feg/epadata/vehicles.csv,
2020,Mercedes-Benz,GLC-Class,Glc63,Trim,Government Verified,EPA,EPA FuelEconomy.gov Vehicle Fuel Economy Dataset,https://www.fueleconomy.gov/feg/epadata/vehicles.csv,
2020,Mercedes-Benz,S-Class,AMG,Series,Government Verified,EPA,EPA FuelEconomy.gov Vehicle Fuel Economy Dataset,https://www.fueleconomy.gov/feg/epadata/vehicles.csv,
2020,Mercedes-Benz,S-Class,S560E,Trim,Government Verified,EPA,EPA FuelEconomy.gov Vehicle Fuel Economy Dataset,https://www.fueleconomy.gov/feg/epadata/vehicles.csv,
2020,Mini,Clubman,Cooper,Trim,Government Verified,EPA,EPA FuelEconomy.gov Vehicle Fuel Economy Dataset,https://www.fueleconomy.gov/feg/epadata/vehicles.csv,
2020,Mini,Clubman,John Cooper Works,Trim,Government Verified,EPA,EPA FuelEconomy.gov Vehicle Fuel Economy Dataset,https://www.fueleconomy.gov/feg/epadata/vehicles.csv,
2020,Mini,Convertible,Cooper,Trim,Government Verified,EPA,EPA FuelEconomy.gov Vehicle Fuel Economy Dataset,https://www.fueleconomy.gov/feg/epadata/vehicles.csv,
2020,Mini,Convertible,John Cooper Works,Trim,Government Verified,EPA,EPA FuelEconomy.gov Vehicle Fuel Economy Dataset,https://www.fueleconomy.gov/feg/epadata/vehicles.csv,
2020,Mini,Countryman,Cooper,Trim,Government Verified,EPA,EPA FuelEconomy.gov Vehicle Fuel Economy Dataset,https://www.fueleconomy.gov/feg/epadata/vehicles.csv,
2020,Mini,Countryman,JCW,Trim,Fully Verified,EPA,EPA FuelEconomy.gov Vehicle Fuel Economy Dataset,https://www.fueleconomy.gov/feg/epadata/vehicles.csv,
2020,Mini,Countryman,SE,Trim,Fully Verified,EPA,EPA FuelEconomy.gov Vehicle Fuel Economy Dataset,https://www.fueleconomy.gov/feg/epadata/vehicles.csv,
2020,Mini,Hardtop,Cooper,Trim,Government Verified,EPA,EPA FuelEconomy.gov Vehicle Fuel Economy Dataset,https://www.fueleconomy.gov/feg/epadata/vehicles.csv,
2020,Mini,Hardtop,John Cooper Works,Trim,Government Verified,EPA,EPA FuelEconomy.gov Vehicle Fuel Economy Dataset,https://www.fueleconomy.gov/feg/epadata/vehicles.csv,
2020,Mini,Hardtop,SE,Trim,Government Verified,EPA,EPA FuelEconomy.gov Vehicle Fuel Economy Dataset,https://www.fueleconomy.gov/feg/epadata/vehicles.csv,
2020,Nissan,Altima,Platinum,Trim,Government Verified,EPA,EPA FuelEconomy.gov Vehicle Fuel Economy Dataset,https://www.fueleconomy.gov/feg/epadata/vehicles.csv,
2020,Nissan,Altima,SR,Trim,Government Verified,EPA,EPA FuelEconomy.gov Vehicle Fuel Economy Dataset,https://www.fueleconomy.gov/feg/epadata/vehicles.csv,
2020,Nissan,LEAF,Battery,Trim,Government Verified,EPA,EPA FuelEconomy.gov Vehicle Fuel Economy Dataset,https://www.fueleconomy.gov/feg/epadata/vehicles.csv,
2020,Nissan,Pathfinder,Platinum,Trim,Government Verified,EPA,EPA FuelEconomy.gov Vehicle Fuel Economy Dataset,https://www.fueleconomy.gov/feg/epadata/vehicles.csv,
2020,Nissan,Sentra,SR,Trim,Fully Verified,EPA,EPA FuelEconomy.gov Vehicle Fuel Economy Dataset,https://www.fueleconomy.gov/feg/epadata/vehicles.csv,
2020,Porsche,911,Carrera,Trim,Government Verified,EPA,EPA FuelEconomy.gov Vehicle Fuel Economy Dataset,https://www.fueleconomy.gov/feg/epadata/vehicles.csv,
2020,Porsche,911,Targa,Trim,Government Verified,EPA,EPA FuelEconomy.gov Vehicle Fuel Economy Dataset,https://www.fueleconomy.gov/feg/epadata/vehicles.csv,
2020,Porsche,Macan,GTS,Trim,Fully Verified,EPA,EPA FuelEconomy.gov Vehicle Fuel Economy Dataset,https://www.fueleconomy.gov/feg/epadata/vehicles.csv,
2020,Porsche,Panamera,Executive,Trim,Government Verified,EPA,EPA FuelEconomy.gov Vehicle Fuel Economy Dataset,https://www.fueleconomy.gov/feg/epadata/vehicles.csv,
2020,Porsche,Panamera,GTS,Trim,Fully Verified,EPA,EPA FuelEconomy.gov Vehicle Fuel Economy Dataset,https://www.fueleconomy.gov/feg/epadata/vehicles.csv,
2020,Porsche,Taycan,Performance,Trim,Government Verified,EPA,EPA FuelEconomy.gov Vehicle Fuel Economy Dataset,https://www.fueleconomy.gov/feg/epadata/vehicles.csv,
2020,Porsche,Taycan,With,Trim,Government Verified,EPA,EPA FuelEconomy.gov Vehicle Fuel Economy Dataset,https://www.fueleconomy.gov/feg/epadata/vehicles.csv,
2020,Toyota,Avalon,XLE,Trim,Government Verified,EPA,EPA FuelEconomy.gov Vehicle Fuel Economy Dataset,https://www.fueleconomy.gov/feg/epadata/vehicles.csv,
2020,Toyota,Camry,LE,Trim,Government Verified,EPA,EPA FuelEconomy.gov Vehicle Fuel Economy Dataset,https://www.fueleconomy.gov/feg/epadata/vehicles.csv,
2020,Toyota,Camry,SE,Trim,Government Verified,EPA,EPA FuelEconomy.gov Vehicle Fuel Economy Dataset,https://www.fueleconomy.gov/feg/epadata/vehicles.csv,
2020,Toyota,Camry,XLE,Trim,Government Verified,EPA,EPA FuelEconomy.gov Vehicle Fuel Economy Dataset,https://www.fueleconomy.gov/feg/epadata/vehicles.csv,
2020,Toyota,Camry,XSE,Trim,Government Verified,EPA,EPA FuelEconomy.gov Vehicle Fuel Economy Dataset,https://www.fueleconomy.gov/feg/epadata/vehicles.csv,
2020,Toyota,Corolla,XLE,Trim,Government Verified,EPA,EPA FuelEconomy.gov Vehicle Fuel Economy Dataset,https://www.fueleconomy.gov/feg/epadata/vehicles.csv,
2020,Toyota,Corolla,XSE,Trim,Government Verified,EPA,EPA FuelEconomy.gov Vehicle Fuel Economy Dataset,https://www.fueleconomy.gov/feg/epadata/vehicles.csv,
2020,Toyota,RAV4,LE,Trim,Government Verified,EPA,EPA FuelEconomy.gov Vehicle Fuel Economy Dataset,https://www.fueleconomy.gov/feg/epadata/vehicles.csv,
2021,Acura,RDX,A-Spec,Trim,Government Verified,EPA,EPA FuelEconomy.gov Vehicle Fuel Economy Dataset,https://www.fueleconomy.gov/feg/epadata/vehicles.csv,
2021,Acura,TLX,A-Spec,Trim,Government Verified,EPA,EPA FuelEconomy.gov Vehicle Fuel Economy Dataset,https://www.fueleconomy.gov/feg/epadata/vehicles.csv,
2021,Acura,TLX,Type S,Trim,Fully Verified,EPA,EPA FuelEconomy.gov Vehicle Fuel Economy Dataset,https://www.fueleconomy.gov/feg/epadata/vehicles.csv,
2021,BMW,2 Series,M235I,Trim,Government Verified,EPA,EPA FuelEconomy.gov Vehicle Fuel Economy Dataset,https://www.fueleconomy.gov/feg/epadata/vehicles.csv,
2021,BMW,2 Series,M240I,Trim,Government Verified,EPA,EPA FuelEconomy.gov Vehicle Fuel Economy Dataset,https://www.fueleconomy.gov/feg/epadata/vehicles.csv,
2021,BMW,3 Series,330E,Trim,Government Verified,EPA,EPA FuelEconomy.gov Vehicle Fuel Economy Dataset,https://www.fueleconomy.gov/feg/epadata/vehicles.csv,
2021,BMW,3 Series,M340I,Trim,Government Verified,EPA,EPA FuelEconomy.gov Vehicle Fuel Economy Dataset,https://www.fueleconomy.gov/feg/epadata/vehicles.csv,
2021,BMW,4 Series,M440I,Trim,Government Verified,EPA,EPA FuelEconomy.gov Vehicle Fuel Economy Dataset,https://www.fueleconomy.gov/feg/epadata/vehicles.csv,
2021,BMW,5 Series,530E,Trim,Government Verified,EPA,EPA FuelEconomy.gov Vehicle Fuel Economy Dataset,https://www.fueleconomy.gov/feg/epadata/vehicles.csv,
2021,BMW,5 Series,M550I,Trim,Government Verified,EPA,EPA FuelEconomy.gov Vehicle Fuel Economy Dataset,https://www.fueleconomy.gov/feg/epadata/vehicles.csv,
2021,BMW,7 Series,M760I,Trim,Government Verified,EPA,EPA FuelEconomy.gov Vehicle Fuel Economy Dataset,https://www.fueleconomy.gov/feg/epadata/vehicles.csv,
2021,BMW,8 Series,M850I,Trim,Government Verified,EPA,EPA FuelEconomy.gov Vehicle Fuel Economy Dataset,https://www.fueleconomy.gov/feg/epadata/vehicles.csv,
2021,BMW,M2,Competition,Trim,Government Verified,EPA,EPA FuelEconomy.gov Vehicle Fuel Economy Dataset,https://www.fueleconomy.gov/feg/epadata/vehicles.csv,
2021,BMW,Z4,M40I,Trim,Government Verified,EPA,EPA FuelEconomy.gov Vehicle Fuel Economy Dataset,https://www.fueleconomy.gov/feg/epadata/vehicles.csv,
2021,Bentley,Continental,GT,Trim,Fully Verified,EPA,EPA FuelEconomy.gov Vehicle Fuel Economy Dataset,https://www.fueleconomy.gov/feg/epadata/vehicles.csv,
2021,Chevrolet,Express,3500-,Trim,Government Verified,EPA,EPA FuelEconomy.gov Vehicle Fuel Economy Dataset,https://www.fueleconomy.gov/feg/epadata/vehicles.csv,
2021,Dodge,Challenger,SRT,Series,Government Verified,EPA,EPA FuelEconomy.gov Vehicle Fuel Economy Dataset,https://www.fueleconomy.gov/feg/epadata/vehicles.csv,
2021,Dodge,Charger,SRT,Series,Government Verified,EPA,EPA FuelEconomy.gov Vehicle Fuel Economy Dataset,https://www.fueleconomy.gov/feg/epadata/vehicles.csv,
2021,Dodge,Durango,SRT,Series,Government Verified,EPA,EPA FuelEconomy.gov Vehicle Fuel Economy Dataset,https://www.fueleconomy.gov/feg/epadata/vehicles.csv,
2021,Ford,Bronco,Badlands,Trim,Government Verified,EPA,EPA FuelEconomy.gov Vehicle Fuel Economy Dataset,https://www.fueleconomy.gov/feg/epadata/vehicles.csv,
2021,Ford,Bronco,Black Diamond,Trim,Government Verified,EPA,EPA FuelEconomy.gov Vehicle Fuel Economy Dataset,https://www.fueleconomy.gov/feg/epadata/vehicles.csv,
2021,Ford,Explorer,Timberline,Trim,Government Verified,EPA,EPA FuelEconomy.gov Vehicle Fuel Economy Dataset,https://www.fueleconomy.gov/feg/epadata/vehicles.csv,
2021,Ford,F-150,Raptor,Sub-model,Government Verified,EPA,EPA FuelEconomy.gov Vehicle Fuel Economy Dataset,https://www.fueleconomy.gov/feg/epadata/vehicles.csv,
2021,Ford,Mustang,Gt500,Trim,Government Verified,EPA,EPA FuelEconomy.gov Vehicle Fuel Economy Dataset,https://www.fueleconomy.gov/feg/epadata/vehicles.csv,
2021,Ford,Mustang,Mach 1,Sub-model,Government Verified,EPA,EPA FuelEconomy.gov Vehicle Fuel Economy Dataset,https://www.fueleconomy.gov/feg/epadata/vehicles.csv,
2021,Ford,Mustang,Shelby,Sub-model,Government Verified,EPA,EPA FuelEconomy.gov Vehicle Fuel Economy Dataset,https://www.fueleconomy.gov/feg/epadata/vehicles.csv,
2021,Ford,Mustang Mach-E,GT,Trim,Government Verified,EPA,EPA FuelEconomy.gov Vehicle Fuel Economy Dataset,https://www.fueleconomy.gov/feg/epadata/vehicles.csv,
2021,Honda,Accord,Sport,Trim,Government Verified,EPA,EPA FuelEconomy.gov Vehicle Fuel Economy Dataset,https://www.fueleconomy.gov/feg/epadata/vehicles.csv,
2021,Honda,Accord,Touring,Trim,Government Verified,EPA,EPA FuelEconomy.gov Vehicle Fuel Economy Dataset,https://www.fueleconomy.gov/feg/epadata/vehicles.csv,
2021,Honda,Civic,Type R,Trim,Fully Verified,EPA,EPA FuelEconomy.gov Vehicle Fuel Economy Dataset,https://www.fueleconomy.gov/feg/epadata/vehicles.csv,
2021,Honda,Insight,Touring,Trim,Government Verified,EPA,EPA FuelEconomy.gov Vehicle Fuel Economy Dataset,https://www.fueleconomy.gov/feg/epadata/vehicles.csv,
2021,Jaguar,F-PACE,SVR,Trim,Government Verified,EPA,EPA FuelEconomy.gov Vehicle Fuel Economy Dataset,https://www.fueleconomy.gov/feg/epadata/vehicles.csv,
2021,Jeep,Cherokee,Trailhawk,Trim,Government Verified,EPA,EPA FuelEconomy.gov Vehicle Fuel Economy Dataset,https://www.fueleconomy.gov/feg/epadata/vehicles.csv,
2021,Jeep,Gladiator,Rubicon,Trim,Government Verified,EPA,EPA FuelEconomy.gov Vehicle Fuel Economy Dataset,https://www.fueleconomy.gov/feg/epadata/vehicles.csv,
2021,Jeep,Grand Cherokee,SRT,Series,Government Verified,EPA,EPA FuelEconomy.gov Vehicle Fuel Economy Dataset,https://www.fueleconomy.gov/feg/epadata/vehicles.csv,
2021,Jeep,Grand Cherokee,Trackhawk,Trim,Fully Verified,EPA,EPA FuelEconomy.gov Vehicle Fuel Economy Dataset,https://www.fueleconomy.gov/feg/epadata/vehicles.csv,
2021,Jeep,Renegade,Trailhawk,Trim,Government Verified,EPA,EPA FuelEconomy.gov Vehicle Fuel Economy Dataset,https://www.fueleconomy.gov/feg/epadata/vehicles.csv,
2021,Jeep,Wrangler,Unlimited,Trim,Government Verified,EPA,EPA FuelEconomy.gov Vehicle Fuel Economy Dataset,https://www.fueleconomy.gov/feg/epadata/vehicles.csv,
2021,Kia,Niro,Touring,Trim,Government Verified,EPA,EPA FuelEconomy.gov Vehicle Fuel Economy Dataset,https://www.fueleconomy.gov/feg/epadata/vehicles.csv,
2021,Land Rover,Range Rover Sport,SVR,Trim,Government Verified,EPA,EPA FuelEconomy.gov Vehicle Fuel Economy Dataset,https://www.fueleconomy.gov/feg/epadata/vehicles.csv,
2021,Lotus,Evora,GT,Trim,Government Verified,EPA,EPA FuelEconomy.gov Vehicle Fuel Economy Dataset,https://www.fueleconomy.gov/feg/epadata/vehicles.csv,
2021,Mercedes-Benz,A-Class,A35,Trim,Government Verified,EPA,EPA FuelEconomy.gov Vehicle Fuel Economy Dataset,https://www.fueleconomy.gov/feg/epadata/vehicles.csv,
2021,Mercedes-Benz,A-Class,AMG,Series,Government Verified,EPA,EPA FuelEconomy.gov Vehicle Fuel Economy Dataset,https://www.fueleconomy.gov/feg/epadata/vehicles.csv,
2021,Mercedes-Benz,C-Class,AMG,Series,Government Verified,EPA,EPA FuelEconomy.gov Vehicle Fuel Economy Dataset,https://www.fueleconomy.gov/feg/epadata/vehicles.csv,
2021,Mercedes-Benz,C-Class,C43,Trim,Government Verified,EPA,EPA FuelEconomy.gov Vehicle Fuel Economy Dataset,https://www.fueleconomy.gov/feg/epadata/vehicles.csv,
2021,Mercedes-Benz,CLA-Class,AMG,Series,Government Verified,EPA,EPA FuelEconomy.gov Vehicle Fuel Economy Dataset,https://www.fueleconomy.gov/feg/epadata/vehicles.csv,
2021,Mercedes-Benz,CLA-Class,Cla250,Trim,Government Verified,EPA,EPA FuelEconomy.gov Vehicle Fuel Economy Dataset,https://www.fueleconomy.gov/feg/epadata/vehicles.csv,
2021,Mercedes-Benz,CLA-Class,Cla35,Trim,Government Verified,EPA,EPA FuelEconomy.gov Vehicle Fuel Economy Dataset,https://www.fueleconomy.gov/feg/epadata/vehicles.csv,
2021,Mercedes-Benz,CLA-Class,Cla45,Trim,Government Verified,EPA,EPA FuelEconomy.gov Vehicle Fuel Economy Dataset,https://www.fueleconomy.gov/feg/epadata/vehicles.csv,
2021,Mercedes-Benz,CLS-Class,AMG,Series,Government Verified,EPA,EPA FuelEconomy.gov Vehicle Fuel Economy Dataset,https://www.fueleconomy.gov/feg/epadata/vehicles.csv,
2021,Mercedes-Benz,CLS-Class,Cls53,Trim,Government Verified,EPA,EPA FuelEconomy.gov Vehicle Fuel Economy Dataset,https://www.fueleconomy.gov/feg/epadata/vehicles.csv,
2021,Mercedes-Benz,E-Class,AMG,Series,Government Verified,EPA,EPA FuelEconomy.gov Vehicle Fuel Economy Dataset,https://www.fueleconomy.gov/feg/epadata/vehicles.csv,
2021,Mercedes-Benz,E-Class,E53,Trim,Government Verified,EPA,EPA FuelEconomy.gov Vehicle Fuel Economy Dataset,https://www.fueleconomy.gov/feg/epadata/vehicles.csv,
2021,Mercedes-Benz,G-Class,AMG,Series,Government Verified,EPA,EPA FuelEconomy.gov Vehicle Fuel Economy Dataset,https://www.fueleconomy.gov/feg/epadata/vehicles.csv,
2021,Mercedes-Benz,G-Class,G63,Trim,Government Verified,EPA,EPA FuelEconomy.gov Vehicle Fuel Economy Dataset,https://www.fueleconomy.gov/feg/epadata/vehicles.csv,
2021,Mercedes-Benz,GLA-Class,AMG,Series,Government Verified,EPA,EPA FuelEconomy.gov Vehicle Fuel Economy Dataset,https://www.fueleconomy.gov/feg/epadata/vehicles.csv,
2021,Mercedes-Benz,GLA-Class,Gla45,Trim,Government Verified,EPA,EPA FuelEconomy.gov Vehicle Fuel Economy Dataset,https://www.fueleconomy.gov/feg/epadata/vehicles.csv,
2021,Mercedes-Benz,GLB-Class,AMG,Series,Government Verified,EPA,EPA FuelEconomy.gov Vehicle Fuel Economy Dataset,https://www.fueleconomy.gov/feg/epadata/vehicles.csv,
2021,Mercedes-Benz,GLB-Class,Glb35,Trim,Government Verified,EPA,EPA FuelEconomy.gov Vehicle Fuel Economy Dataset,https://www.fueleconomy.gov/feg/epadata/vehicles.csv,
2021,Mercedes-Benz,GLC-Class,AMG,Series,Government Verified,EPA,EPA FuelEconomy.gov Vehicle Fuel Economy Dataset,https://www.fueleconomy.gov/feg/epadata/vehicles.csv,
2021,Mercedes-Benz,GLC-Class,Glc43,Trim,Government Verified,EPA,EPA FuelEconomy.gov Vehicle Fuel Economy Dataset,https://www.fueleconomy.gov/feg/epadata/vehicles.csv,
2021,Mercedes-Benz,GLC-Class,Glc63,Trim,Government Verified,EPA,EPA FuelEconomy.gov Vehicle Fuel Economy Dataset,https://www.fueleconomy.gov/feg/epadata/vehicles.csv,
2021,Mercedes-Benz,GLE-Class,AMG,Series,Government Verified,EPA,EPA FuelEconomy.gov Vehicle Fuel Economy Dataset,https://www.fueleconomy.gov/feg/epadata/vehicles.csv,
2021,Mercedes-Benz,GLE-Class,Gle53,Trim,Government Verified,EPA,EPA FuelEconomy.gov Vehicle Fuel Economy Dataset,https://www.fueleconomy.gov/feg/epadata/vehicles.csv,
2021,Mercedes-Benz,GLS-Class,AMG,Series,Government Verified,EPA,EPA FuelEconomy.gov Vehicle Fuel Economy Dataset,https://www.fueleconomy.gov/feg/epadata/vehicles.csv,
2021,Mercedes-Benz,GLS-Class,Gls63,Trim,Government Verified,EPA,EPA FuelEconomy.gov Vehicle Fuel Economy Dataset,https://www.fueleconomy.gov/feg/epadata/vehicles.csv,
2021,Mercedes-Benz,S-Class,AMG,Series,Government Verified,EPA,EPA FuelEconomy.gov Vehicle Fuel Economy Dataset,https://www.fueleconomy.gov/feg/epadata/vehicles.csv,
2021,Mercedes-Benz,S-Class,S500,Trim,Government Verified,EPA,EPA FuelEconomy.gov Vehicle Fuel Economy Dataset,https://www.fueleconomy.gov/feg/epadata/vehicles.csv,
2021,Mini,Clubman,Cooper,Trim,Government Verified,EPA,EPA FuelEconomy.gov Vehicle Fuel Economy Dataset,https://www.fueleconomy.gov/feg/epadata/vehicles.csv,
2021,Mini,Clubman,John Cooper Works,Trim,Government Verified,EPA,EPA FuelEconomy.gov Vehicle Fuel Economy Dataset,https://www.fueleconomy.gov/feg/epadata/vehicles.csv,
2021,Mini,Convertible,Cooper,Trim,Government Verified,EPA,EPA FuelEconomy.gov Vehicle Fuel Economy Dataset,https://www.fueleconomy.gov/feg/epadata/vehicles.csv,
2021,Mini,Convertible,John Cooper Works,Trim,Government Verified,EPA,EPA FuelEconomy.gov Vehicle Fuel Economy Dataset,https://www.fueleconomy.gov/feg/epadata/vehicles.csv,
2021,Mini,Countryman,Cooper,Trim,Government Verified,EPA,EPA FuelEconomy.gov Vehicle Fuel Economy Dataset,https://www.fueleconomy.gov/feg/epadata/vehicles.csv,
2021,Mini,Countryman,JCW,Trim,Fully Verified,EPA,EPA FuelEconomy.gov Vehicle Fuel Economy Dataset,https://www.fueleconomy.gov/feg/epadata/vehicles.csv,
2021,Mini,Countryman,SE,Trim,Fully Verified,EPA,EPA FuelEconomy.gov Vehicle Fuel Economy Dataset,https://www.fueleconomy.gov/feg/epadata/vehicles.csv,
2021,Mini,Hardtop,Cooper,Trim,Government Verified,EPA,EPA FuelEconomy.gov Vehicle Fuel Economy Dataset,https://www.fueleconomy.gov/feg/epadata/vehicles.csv,
2021,Mini,Hardtop,John Cooper Works,Trim,Government Verified,EPA,EPA FuelEconomy.gov Vehicle Fuel Economy Dataset,https://www.fueleconomy.gov/feg/epadata/vehicles.csv,
2021,Mini,Hardtop,SE,Trim,Government Verified,EPA,EPA FuelEconomy.gov Vehicle Fuel Economy Dataset,https://www.fueleconomy.gov/feg/epadata/vehicles.csv,
2021,Nissan,Altima,Platinum,Trim,Government Verified,EPA,EPA FuelEconomy.gov Vehicle Fuel Economy Dataset,https://www.fueleconomy.gov/feg/epadata/vehicles.csv,
2021,Nissan,Altima,SR,Trim,Government Verified,EPA,EPA FuelEconomy.gov Vehicle Fuel Economy Dataset,https://www.fueleconomy.gov/feg/epadata/vehicles.csv,
2021,Nissan,LEAF,Battery,Trim,Government Verified,EPA,EPA FuelEconomy.gov Vehicle Fuel Economy Dataset,https://www.fueleconomy.gov/feg/epadata/vehicles.csv,
2021,Nissan,Rogue,Platinum,Trim,Government Verified,EPA,EPA FuelEconomy.gov Vehicle Fuel Economy Dataset,https://www.fueleconomy.gov/feg/epadata/vehicles.csv,
2021,Nissan,Sentra,SR,Trim,Fully Verified,EPA,EPA FuelEconomy.gov Vehicle Fuel Economy Dataset,https://www.fueleconomy.gov/feg/epadata/vehicles.csv,
2021,Porsche,718 Boxster,GTS,Trim,Fully Verified,EPA,EPA FuelEconomy.gov Vehicle Fuel Economy Dataset,https://www.fueleconomy.gov/feg/epadata/vehicles.csv,
2021,Porsche,718 Cayman,GTS,Trim,Fully Verified,EPA,EPA FuelEconomy.gov Vehicle Fuel Economy Dataset,https://www.fueleconomy.gov/feg/epadata/vehicles.csv,
2021,Porsche,911,Carrera,Trim,Government Verified,EPA,EPA FuelEconomy.gov Vehicle Fuel Economy Dataset,https://www.fueleconomy.gov/feg/epadata/vehicles.csv,
2021,Porsche,911,Targa,Trim,Government Verified,EPA,EPA FuelEconomy.gov Vehicle Fuel Economy Dataset,https://www.fueleconomy.gov/feg/epadata/vehicles.csv,
2021,Porsche,Cayenne,GTS,Trim,Fully Verified,EPA,EPA FuelEconomy.gov Vehicle Fuel Economy Dataset,https://www.fueleconomy.gov/feg/epadata/vehicles.csv,
2021,Porsche,Macan,GTS,Trim,Fully Verified,EPA,EPA FuelEconomy.gov Vehicle Fuel Economy Dataset,https://www.fueleconomy.gov/feg/epadata/vehicles.csv,
2021,Porsche,Panamera,Executive,Trim,Government Verified,EPA,EPA FuelEconomy.gov Vehicle Fuel Economy Dataset,https://www.fueleconomy.gov/feg/epadata/vehicles.csv,
2021,Porsche,Panamera,GTS,Trim,Fully Verified,EPA,EPA FuelEconomy.gov Vehicle Fuel Economy Dataset,https://www.fueleconomy.gov/feg/epadata/vehicles.csv,
2021,Ram,1500,TRX,Sub-model,Fully Verified,EPA,EPA FuelEconomy.gov Vehicle Fuel Economy Dataset,https://www.fueleconomy.gov/feg/epadata/vehicles.csv,
2021,Toyota,Avalon,XLE,Trim,Government Verified,EPA,EPA FuelEconomy.gov Vehicle Fuel Economy Dataset,https://www.fueleconomy.gov/feg/epadata/vehicles.csv,
2021,Toyota,Camry,LE,Trim,Government Verified,EPA,EPA FuelEconomy.gov Vehicle Fuel Economy Dataset,https://www.fueleconomy.gov/feg/epadata/vehicles.csv,
2021,Toyota,Camry,SE,Trim,Government Verified,EPA,EPA FuelEconomy.gov Vehicle Fuel Economy Dataset,https://www.fueleconomy.gov/feg/epadata/vehicles.csv,
2021,Toyota,Camry,XLE,Trim,Government Verified,EPA,EPA FuelEconomy.gov Vehicle Fuel Economy Dataset,https://www.fueleconomy.gov/feg/epadata/vehicles.csv,
2021,Toyota,Camry,XSE,Trim,Government Verified,EPA,EPA FuelEconomy.gov Vehicle Fuel Economy Dataset,https://www.fueleconomy.gov/feg/epadata/vehicles.csv,
2021,Toyota,Corolla,XLE,Trim,Government Verified,EPA,EPA FuelEconomy.gov Vehicle Fuel Economy Dataset,https://www.fueleconomy.gov/feg/epadata/vehicles.csv,
2021,Toyota,Corolla,XSE,Trim,Government Verified,EPA,EPA FuelEconomy.gov Vehicle Fuel Economy Dataset,https://www.fueleconomy.gov/feg/epadata/vehicles.csv,
2021,Toyota,Mirai,Limited,Trim,Government Verified,EPA,EPA FuelEconomy.gov Vehicle Fuel Economy Dataset,https://www.fueleconomy.gov/feg/epadata/vehicles.csv,
2021,Toyota,Mirai,XLE,Trim,Government Verified,EPA,EPA FuelEconomy.gov Vehicle Fuel Economy Dataset,https://www.fueleconomy.gov/feg/epadata/vehicles.csv,
2021,Toyota,RAV4,LE,Trim,Government Verified,EPA,EPA FuelEconomy.gov Vehicle Fuel Economy Dataset,https://www.fueleconomy.gov/feg/epadata/vehicles.csv,
2022,Acura,MDX,Type S,Trim,Fully Verified,EPA,EPA FuelEconomy.gov Vehicle Fuel Economy Dataset,https://www.fueleconomy.gov/feg/epadata/vehicles.csv,
2022,Acura,RDX,A-Spec,Trim,Government Verified,EPA,EPA FuelEconomy.gov Vehicle Fuel Economy Dataset,https://www.fueleconomy.gov/feg/epadata/vehicles.csv,
2022,Acura,TLX,A-Spec,Trim,Government Verified,EPA,EPA FuelEconomy.gov Vehicle Fuel Economy Dataset,https://www.fueleconomy.gov/feg/epadata/vehicles.csv,
2022,Acura,TLX,Type S,Trim,Fully Verified,EPA,EPA FuelEconomy.gov Vehicle Fuel Economy Dataset,https://www.fueleconomy.gov/feg/epadata/vehicles.csv,
2022,Audi,e-tron GT,RS,Trim,Fully Verified,EPA,EPA FuelEconomy.gov Vehicle Fuel Economy Dataset,https://www.fueleconomy.gov/feg/epadata/vehicles.csv,
2022,BMW,2 Series,M235I,Trim,Government Verified,EPA,EPA FuelEconomy.gov Vehicle Fuel Economy Dataset,https://www.fueleconomy.gov/feg/epadata/vehicles.csv,
2022,BMW,2 Series,M240I,Trim,Government Verified,EPA,EPA FuelEconomy.gov Vehicle Fuel Economy Dataset,https://www.fueleconomy.gov/feg/epadata/vehicles.csv,
2022,BMW,3 Series,330E,Trim,Government Verified,EPA,EPA FuelEconomy.gov Vehicle Fuel Economy Dataset,https://www.fueleconomy.gov/feg/epadata/vehicles.csv,
2022,BMW,3 Series,M340I,Trim,Government Verified,EPA,EPA FuelEconomy.gov Vehicle Fuel Economy Dataset,https://www.fueleconomy.gov/feg/epadata/vehicles.csv,
2022,BMW,4 Series,M440I,Trim,Government Verified,EPA,EPA FuelEconomy.gov Vehicle Fuel Economy Dataset,https://www.fueleconomy.gov/feg/epadata/vehicles.csv,
2022,BMW,5 Series,530E,Trim,Government Verified,EPA,EPA FuelEconomy.gov Vehicle Fuel Economy Dataset,https://www.fueleconomy.gov/feg/epadata/vehicles.csv,
2022,BMW,5 Series,M550I,Trim,Government Verified,EPA,EPA FuelEconomy.gov Vehicle Fuel Economy Dataset,https://www.fueleconomy.gov/feg/epadata/vehicles.csv,
2022,BMW,7 Series,M760I,Trim,Government Verified,EPA,EPA FuelEconomy.gov Vehicle Fuel Economy Dataset,https://www.fueleconomy.gov/feg/epadata/vehicles.csv,
2022,BMW,8 Series,M850I,Trim,Government Verified,EPA,EPA FuelEconomy.gov Vehicle Fuel Economy Dataset,https://www.fueleconomy.gov/feg/epadata/vehicles.csv,
2022,BMW,Z4,M40I,Trim,Government Verified,EPA,EPA FuelEconomy.gov Vehicle Fuel Economy Dataset,https://www.fueleconomy.gov/feg/epadata/vehicles.csv,
2022,BMW,i4,Edrive40,Trim,Government Verified,EPA,EPA FuelEconomy.gov Vehicle Fuel Economy Dataset,https://www.fueleconomy.gov/feg/epadata/vehicles.csv,
2022,Bentley,Continental,GT,Trim,Fully Verified,EPA,EPA FuelEconomy.gov Vehicle Fuel Economy Dataset,https://www.fueleconomy.gov/feg/epadata/vehicles.csv,
2022,Chevrolet,Express,3500-,Trim,Government Verified,EPA,EPA FuelEconomy.gov Vehicle Fuel Economy Dataset,https://www.fueleconomy.gov/feg/epadata/vehicles.csv,
2022,Dodge,Challenger,SRT,Series,Government Verified,EPA,EPA FuelEconomy.gov Vehicle Fuel Economy Dataset,https://www.fueleconomy.gov/feg/epadata/vehicles.csv,
2022,Dodge,Charger,SRT,Series,Government Verified,EPA,EPA FuelEconomy.gov Vehicle Fuel Economy Dataset,https://www.fueleconomy.gov/feg/epadata/vehicles.csv,
2022,Dodge,Durango,SRT,Series,Government Verified,EPA,EPA FuelEconomy.gov Vehicle Fuel Economy Dataset,https://www.fueleconomy.gov/feg/epadata/vehicles.csv,
2022,Ford,Bronco,Badlands,Trim,Government Verified,EPA,EPA FuelEconomy.gov Vehicle Fuel Economy Dataset,https://www.fueleconomy.gov/feg/epadata/vehicles.csv,
2022,Ford,Bronco,Black Diamond,Trim,Government Verified,EPA,EPA FuelEconomy.gov Vehicle Fuel Economy Dataset,https://www.fueleconomy.gov/feg/epadata/vehicles.csv,
2022,Ford,Bronco,Raptor,Sub-model,Government Verified,EPA,EPA FuelEconomy.gov Vehicle Fuel Economy Dataset,https://www.fueleconomy.gov/feg/epadata/vehicles.csv,
2022,Ford,Expedition,Timberline,Trim,Government Verified,EPA,EPA FuelEconomy.gov Vehicle Fuel Economy Dataset,https://www.fueleconomy.gov/feg/epadata/vehicles.csv,
2022,Ford,Explorer,Platinum,Trim,Government Verified,EPA,EPA FuelEconomy.gov Vehicle Fuel Economy Dataset,https://www.fueleconomy.gov/feg/epadata/vehicles.csv,
2022,Ford,Explorer,Timberline,Trim,Government Verified,EPA,EPA FuelEconomy.gov Vehicle Fuel Economy Dataset,https://www.fueleconomy.gov/feg/epadata/vehicles.csv,
2022,Ford,F-150,Raptor,Sub-model,Government Verified,EPA,EPA FuelEconomy.gov Vehicle Fuel Economy Dataset,https://www.fueleconomy.gov/feg/epadata/vehicles.csv,
2022,Ford,F-150 Lightning,Platinum,Trim,Government Verified,EPA,EPA FuelEconomy.gov Vehicle Fuel Economy Dataset,https://www.fueleconomy.gov/feg/epadata/vehicles.csv,
2022,Ford,Mustang,Gt500,Trim,Government Verified,EPA,EPA FuelEconomy.gov Vehicle Fuel Economy Dataset,https://www.fueleconomy.gov/feg/epadata/vehicles.csv,
2022,Ford,Mustang,Mach 1,Sub-model,Government Verified,EPA,EPA FuelEconomy.gov Vehicle Fuel Economy Dataset,https://www.fueleconomy.gov/feg/epadata/vehicles.csv,
2022,Ford,Mustang,Shelby,Sub-model,Government Verified,EPA,EPA FuelEconomy.gov Vehicle Fuel Economy Dataset,https://www.fueleconomy.gov/feg/epadata/vehicles.csv,
2022,Ford,Mustang Mach-E,GT,Trim,Government Verified,EPA,EPA FuelEconomy.gov Vehicle Fuel Economy Dataset,https://www.fueleconomy.gov/feg/epadata/vehicles.csv,
2022,GMC,Sierra 1500,Limited,Edition,Government Verified,GMC (GMC Truck Communications),"2022 Sierra 1500 Limited model-year designation, announced via GMC Truck Communications (as quoted by GM Authority trade coverage); NHTSA recall products name 'SIERRA 1500 LIMITED' directly",https://gmauthority.com/blog/2021/07/refreshed-2022-gmc-sierra-1500-delayed-limited-model-to-be-introduced/,
2022,Honda,Accord,Sport,Trim,Government Verified,EPA,EPA FuelEconomy.gov Vehicle Fuel Economy Dataset,https://www.fueleconomy.gov/feg/epadata/vehicles.csv,
2022,Honda,Accord,Touring,Trim,Government Verified,EPA,EPA FuelEconomy.gov Vehicle Fuel Economy Dataset,https://www.fueleconomy.gov/feg/epadata/vehicles.csv,
2022,Honda,Civic,SI,Trim,Fully Verified,EPA,EPA FuelEconomy.gov Vehicle Fuel Economy Dataset,https://www.fueleconomy.gov/feg/epadata/vehicles.csv,
2022,Honda,Insight,Touring,Trim,Government Verified,EPA,EPA FuelEconomy.gov Vehicle Fuel Economy Dataset,https://www.fueleconomy.gov/feg/epadata/vehicles.csv,
2022,Jaguar,F-PACE,SVR,Trim,Government Verified,EPA,EPA FuelEconomy.gov Vehicle Fuel Economy Dataset,https://www.fueleconomy.gov/feg/epadata/vehicles.csv,
2022,Jeep,Cherokee,Trailhawk,Trim,Government Verified,EPA,EPA FuelEconomy.gov Vehicle Fuel Economy Dataset,https://www.fueleconomy.gov/feg/epadata/vehicles.csv,
2022,Jeep,Renegade,Trailhawk,Trim,Government Verified,EPA,EPA FuelEconomy.gov Vehicle Fuel Economy Dataset,https://www.fueleconomy.gov/feg/epadata/vehicles.csv,
2022,Jeep,Wrangler,Unlimited,Trim,Government Verified,EPA,EPA FuelEconomy.gov Vehicle Fuel Economy Dataset,https://www.fueleconomy.gov/feg/epadata/vehicles.csv,
2022,Kia,Niro,Touring,Trim,Government Verified,EPA,EPA FuelEconomy.gov Vehicle Fuel Economy Dataset,https://www.fueleconomy.gov/feg/epadata/vehicles.csv,
2022,Land Rover,Range Rover Sport,SVR,Trim,Government Verified,EPA,EPA FuelEconomy.gov Vehicle Fuel Economy Dataset,https://www.fueleconomy.gov/feg/epadata/vehicles.csv,
2022,Lucid,Air,Touring,Trim,Government Verified,EPA,EPA FuelEconomy.gov Vehicle Fuel Economy Dataset,https://www.fueleconomy.gov/feg/epadata/vehicles.csv,
2022,Maserati,Ghibli,GT,Trim,Government Verified,EPA,EPA FuelEconomy.gov Vehicle Fuel Economy Dataset,https://www.fueleconomy.gov/feg/epadata/vehicles.csv,
2022,Maserati,Levante,GT,Trim,Government Verified,EPA,EPA FuelEconomy.gov Vehicle Fuel Economy Dataset,https://www.fueleconomy.gov/feg/epadata/vehicles.csv,
2022,Maserati,Quattroporte,GT,Trim,Government Verified,EPA,EPA FuelEconomy.gov Vehicle Fuel Economy Dataset,https://www.fueleconomy.gov/feg/epadata/vehicles.csv,
2022,Mercedes-Benz,A-Class,A35,Trim,Government Verified,EPA,EPA FuelEconomy.gov Vehicle Fuel Economy Dataset,https://www.fueleconomy.gov/feg/epadata/vehicles.csv,
2022,Mercedes-Benz,A-Class,AMG,Series,Government Verified,EPA,EPA FuelEconomy.gov Vehicle Fuel Economy Dataset,https://www.fueleconomy.gov/feg/epadata/vehicles.csv,
2022,Mercedes-Benz,C-Class,AMG,Series,Government Verified,EPA,EPA FuelEconomy.gov Vehicle Fuel Economy Dataset,https://www.fueleconomy.gov/feg/epadata/vehicles.csv,
2022,Mercedes-Benz,C-Class,C43,Trim,Government Verified,EPA,EPA FuelEconomy.gov Vehicle Fuel Economy Dataset,https://www.fueleconomy.gov/feg/epadata/vehicles.csv,
2022,Mercedes-Benz,CLA-Class,AMG,Series,Government Verified,EPA,EPA FuelEconomy.gov Vehicle Fuel Economy Dataset,https://www.fueleconomy.gov/feg/epadata/vehicles.csv,
2022,Mercedes-Benz,CLA-Class,Cla250,Trim,Government Verified,EPA,EPA FuelEconomy.gov Vehicle Fuel Economy Dataset,https://www.fueleconomy.gov/feg/epadata/vehicles.csv,
2022,Mercedes-Benz,CLA-Class,Cla35,Trim,Government Verified,EPA,EPA FuelEconomy.gov Vehicle Fuel Economy Dataset,https://www.fueleconomy.gov/feg/epadata/vehicles.csv,
2022,Mercedes-Benz,CLA-Class,Cla45,Trim,Government Verified,EPA,EPA FuelEconomy.gov Vehicle Fuel Economy Dataset,https://www.fueleconomy.gov/feg/epadata/vehicles.csv,
2022,Mercedes-Benz,E-Class,AMG,Series,Government Verified,EPA,EPA FuelEconomy.gov Vehicle Fuel Economy Dataset,https://www.fueleconomy.gov/feg/epadata/vehicles.csv,
2022,Mercedes-Benz,E-Class,E53,Trim,Government Verified,EPA,EPA FuelEconomy.gov Vehicle Fuel Economy Dataset,https://www.fueleconomy.gov/feg/epadata/vehicles.csv,
2022,Mercedes-Benz,E-Class,Station,Trim,Government Verified,EPA,EPA FuelEconomy.gov Vehicle Fuel Economy Dataset,https://www.fueleconomy.gov/feg/epadata/vehicles.csv,
2022,Mercedes-Benz,G-Class,AMG,Series,Government Verified,EPA,EPA FuelEconomy.gov Vehicle Fuel Economy Dataset,https://www.fueleconomy.gov/feg/epadata/vehicles.csv,
2022,Mercedes-Benz,G-Class,G63,Trim,Government Verified,EPA,EPA FuelEconomy.gov Vehicle Fuel Economy Dataset,https://www.fueleconomy.gov/feg/epadata/vehicles.csv,
2022,Mercedes-Benz,GLA-Class,AMG,Series,Government Verified,EPA,EPA FuelEconomy.gov Vehicle Fuel Economy Dataset,https://www.fueleconomy.gov/feg/epadata/vehicles.csv,
2022,Mercedes-Benz,GLA-Class,Gla45,Trim,Government Verified,EPA,EPA FuelEconomy.gov Vehicle Fuel Economy Dataset,https://www.fueleconomy.gov/feg/epadata/vehicles.csv,
2022,Mercedes-Benz,GLB-Class,AMG,Series,Government Verified,EPA,EPA FuelEconomy.gov Vehicle Fuel Economy Dataset,https://www.fueleconomy.gov/feg/epadata/vehicles.csv,
2022,Mercedes-Benz,GLB-Class,Glb35,Trim,Government Verified,EPA,EPA FuelEconomy.gov Vehicle Fuel Economy Dataset,https://www.fueleconomy.gov/feg/epadata/vehicles.csv,
2022,Mercedes-Benz,GLC-Class,AMG,Series,Government Verified,EPA,EPA FuelEconomy.gov Vehicle Fuel Economy Dataset,https://www.fueleconomy.gov/feg/epadata/vehicles.csv,
2022,Mercedes-Benz,GLC-Class,Glc43,Trim,Government Verified,EPA,EPA FuelEconomy.gov Vehicle Fuel Economy Dataset,https://www.fueleconomy.gov/feg/epadata/vehicles.csv,
2022,Mercedes-Benz,GLE-Class,AMG,Series,Government Verified,EPA,EPA FuelEconomy.gov Vehicle Fuel Economy Dataset,https://www.fueleconomy.gov/feg/epadata/vehicles.csv,
2022,Mercedes-Benz,GLE-Class,Gle53,Trim,Government Verified,EPA,EPA FuelEconomy.gov Vehicle Fuel Economy Dataset,https://www.fueleconomy.gov/feg/epadata/vehicles.csv,
2022,Mercedes-Benz,GLS-Class,AMG,Series,Government Verified,EPA,EPA FuelEconomy.gov Vehicle Fuel Economy Dataset,https://www.fueleconomy.gov/feg/epadata/vehicles.csv,
2022,Mercedes-Benz,GLS-Class,Gls63,Trim,Government Verified,EPA,EPA FuelEconomy.gov Vehicle Fuel Economy Dataset,https://www.fueleconomy.gov/feg/epadata/vehicles.csv,
2022,Mercedes-Benz,S-Class,S500,Trim,Government Verified,EPA,EPA FuelEconomy.gov Vehicle Fuel Economy Dataset,https://www.fueleconomy.gov/feg/epadata/vehicles.csv,
2022,Mini,Clubman,Cooper,Trim,Government Verified,EPA,EPA FuelEconomy.gov Vehicle Fuel Economy Dataset,https://www.fueleconomy.gov/feg/epadata/vehicles.csv,
2022,Mini,Clubman,John Cooper Works,Trim,Government Verified,EPA,EPA FuelEconomy.gov Vehicle Fuel Economy Dataset,https://www.fueleconomy.gov/feg/epadata/vehicles.csv,
2022,Mini,Convertible,Cooper,Trim,Government Verified,EPA,EPA FuelEconomy.gov Vehicle Fuel Economy Dataset,https://www.fueleconomy.gov/feg/epadata/vehicles.csv,
2022,Mini,Convertible,John Cooper Works,Trim,Government Verified,EPA,EPA FuelEconomy.gov Vehicle Fuel Economy Dataset,https://www.fueleconomy.gov/feg/epadata/vehicles.csv,
2022,Mini,Countryman,Cooper,Trim,Government Verified,EPA,EPA FuelEconomy.gov Vehicle Fuel Economy Dataset,https://www.fueleconomy.gov/feg/epadata/vehicles.csv,
2022,Mini,Countryman,JCW,Trim,Fully Verified,EPA,EPA FuelEconomy.gov Vehicle Fuel Economy Dataset,https://www.fueleconomy.gov/feg/epadata/vehicles.csv,
2022,Mini,Countryman,SE,Trim,Fully Verified,EPA,EPA FuelEconomy.gov Vehicle Fuel Economy Dataset,https://www.fueleconomy.gov/feg/epadata/vehicles.csv,
2022,Mini,Hardtop,Cooper,Trim,Government Verified,EPA,EPA FuelEconomy.gov Vehicle Fuel Economy Dataset,https://www.fueleconomy.gov/feg/epadata/vehicles.csv,
2022,Mini,Hardtop,John Cooper Works,Trim,Government Verified,EPA,EPA FuelEconomy.gov Vehicle Fuel Economy Dataset,https://www.fueleconomy.gov/feg/epadata/vehicles.csv,
2022,Mini,Hardtop,SE,Trim,Government Verified,EPA,EPA FuelEconomy.gov Vehicle Fuel Economy Dataset,https://www.fueleconomy.gov/feg/epadata/vehicles.csv,
2022,Nissan,Altima,Platinum,Trim,Government Verified,EPA,EPA FuelEconomy.gov Vehicle Fuel Economy Dataset,https://www.fueleconomy.gov/feg/epadata/vehicles.csv,
2022,Nissan,Altima,SR,Trim,Government Verified,EPA,EPA FuelEconomy.gov Vehicle Fuel Economy Dataset,https://www.fueleconomy.gov/feg/epadata/vehicles.csv,
2022,Nissan,LEAF,Battery,Trim,Government Verified,EPA,EPA FuelEconomy.gov Vehicle Fuel Economy Dataset,https://www.fueleconomy.gov/feg/epadata/vehicles.csv,
2022,Nissan,Pathfinder,Platinum,Trim,Government Verified,EPA,EPA FuelEconomy.gov Vehicle Fuel Economy Dataset,https://www.fueleconomy.gov/feg/epadata/vehicles.csv,
2022,Nissan,Rogue,Platinum,Trim,Government Verified,EPA,EPA FuelEconomy.gov Vehicle Fuel Economy Dataset,https://www.fueleconomy.gov/feg/epadata/vehicles.csv,
2022,Nissan,Sentra,SR,Trim,Fully Verified,EPA,EPA FuelEconomy.gov Vehicle Fuel Economy Dataset,https://www.fueleconomy.gov/feg/epadata/vehicles.csv,
2022,Porsche,718 Boxster,GTS,Trim,Fully Verified,EPA,EPA FuelEconomy.gov Vehicle Fuel Economy Dataset,https://www.fueleconomy.gov/feg/epadata/vehicles.csv,
2022,Porsche,718 Cayman,GTS,Trim,Fully Verified,EPA,EPA FuelEconomy.gov Vehicle Fuel Economy Dataset,https://www.fueleconomy.gov/feg/epadata/vehicles.csv,
2022,Porsche,911,Carrera,Trim,Government Verified,EPA,EPA FuelEconomy.gov Vehicle Fuel Economy Dataset,https://www.fueleconomy.gov/feg/epadata/vehicles.csv,
2022,Porsche,911,GT3,Trim,Government Verified,EPA,EPA FuelEconomy.gov Vehicle Fuel Economy Dataset,https://www.fueleconomy.gov/feg/epadata/vehicles.csv,
2022,Porsche,911,GTS,Trim,Fully Verified,EPA,EPA FuelEconomy.gov Vehicle Fuel Economy Dataset,https://www.fueleconomy.gov/feg/epadata/vehicles.csv,
2022,Porsche,911,Targa,Trim,Government Verified,EPA,EPA FuelEconomy.gov Vehicle Fuel Economy Dataset,https://www.fueleconomy.gov/feg/epadata/vehicles.csv,
2022,Porsche,911,Touring,Trim,Fully Verified,EPA,EPA FuelEconomy.gov Vehicle Fuel Economy Dataset,https://www.fueleconomy.gov/feg/epadata/vehicles.csv,
2022,Porsche,Cayenne,GT,Trim,Government Verified,EPA,EPA FuelEconomy.gov Vehicle Fuel Economy Dataset,https://www.fueleconomy.gov/feg/epadata/vehicles.csv,
2022,Porsche,Cayenne,GTS,Trim,Fully Verified,EPA,EPA FuelEconomy.gov Vehicle Fuel Economy Dataset,https://www.fueleconomy.gov/feg/epadata/vehicles.csv,
2022,Porsche,Macan,GTS,Trim,Fully Verified,EPA,EPA FuelEconomy.gov Vehicle Fuel Economy Dataset,https://www.fueleconomy.gov/feg/epadata/vehicles.csv,
2022,Porsche,Panamera,Executive,Trim,Government Verified,EPA,EPA FuelEconomy.gov Vehicle Fuel Economy Dataset,https://www.fueleconomy.gov/feg/epadata/vehicles.csv,
2022,Porsche,Panamera,GTS,Trim,Fully Verified,EPA,EPA FuelEconomy.gov Vehicle Fuel Economy Dataset,https://www.fueleconomy.gov/feg/epadata/vehicles.csv,
2022,Porsche,Taycan,GTS,Trim,Government Verified,EPA,EPA FuelEconomy.gov Vehicle Fuel Economy Dataset,https://www.fueleconomy.gov/feg/epadata/vehicles.csv,
2022,Ram,1500,TRX,Sub-model,Fully Verified,EPA,EPA FuelEconomy.gov Vehicle Fuel Economy Dataset,https://www.fueleconomy.gov/feg/epadata/vehicles.csv,
2022,Toyota,Avalon,XLE,Trim,Government Verified,EPA,EPA FuelEconomy.gov Vehicle Fuel Economy Dataset,https://www.fueleconomy.gov/feg/epadata/vehicles.csv,
2022,Toyota,Camry,LE,Trim,Government Verified,EPA,EPA FuelEconomy.gov Vehicle Fuel Economy Dataset,https://www.fueleconomy.gov/feg/epadata/vehicles.csv,
2022,Toyota,Camry,SE,Trim,Government Verified,EPA,EPA FuelEconomy.gov Vehicle Fuel Economy Dataset,https://www.fueleconomy.gov/feg/epadata/vehicles.csv,
2022,Toyota,Camry,XLE,Trim,Government Verified,EPA,EPA FuelEconomy.gov Vehicle Fuel Economy Dataset,https://www.fueleconomy.gov/feg/epadata/vehicles.csv,
2022,Toyota,Camry,XSE,Trim,Government Verified,EPA,EPA FuelEconomy.gov Vehicle Fuel Economy Dataset,https://www.fueleconomy.gov/feg/epadata/vehicles.csv,
2022,Toyota,Corolla,XLE,Trim,Government Verified,EPA,EPA FuelEconomy.gov Vehicle Fuel Economy Dataset,https://www.fueleconomy.gov/feg/epadata/vehicles.csv,
2022,Toyota,Corolla,XSE,Trim,Government Verified,EPA,EPA FuelEconomy.gov Vehicle Fuel Economy Dataset,https://www.fueleconomy.gov/feg/epadata/vehicles.csv,
2022,Toyota,Mirai,LE,Trim,Government Verified,EPA,EPA FuelEconomy.gov Vehicle Fuel Economy Dataset,https://www.fueleconomy.gov/feg/epadata/vehicles.csv,
2022,Toyota,Mirai,Limited,Trim,Government Verified,EPA,EPA FuelEconomy.gov Vehicle Fuel Economy Dataset,https://www.fueleconomy.gov/feg/epadata/vehicles.csv,
2022,Toyota,Mirai,XLE,Trim,Government Verified,EPA,EPA FuelEconomy.gov Vehicle Fuel Economy Dataset,https://www.fueleconomy.gov/feg/epadata/vehicles.csv,
2022,Toyota,RAV4,LE,Trim,Government Verified,EPA,EPA FuelEconomy.gov Vehicle Fuel Economy Dataset,https://www.fueleconomy.gov/feg/epadata/vehicles.csv,
2022,Volkswagen,Jetta,SE,Trim,Government Verified,EPA,EPA FuelEconomy.gov Vehicle Fuel Economy Dataset,https://www.fueleconomy.gov/feg/epadata/vehicles.csv,
2023,Acura,Integra,A-Spec,Trim,Government Verified,EPA,EPA FuelEconomy.gov Vehicle Fuel Economy Dataset,https://www.fueleconomy.gov/feg/epadata/vehicles.csv,
2023,Acura,MDX,Type S,Trim,Fully Verified,EPA,EPA FuelEconomy.gov Vehicle Fuel Economy Dataset,https://www.fueleconomy.gov/feg/epadata/vehicles.csv,
2023,Acura,RDX,A-Spec,Trim,Government Verified,EPA,EPA FuelEconomy.gov Vehicle Fuel Economy Dataset,https://www.fueleconomy.gov/feg/epadata/vehicles.csv,
2023,Acura,TLX,A-Spec,Trim,Government Verified,EPA,EPA FuelEconomy.gov Vehicle Fuel Economy Dataset,https://www.fueleconomy.gov/feg/epadata/vehicles.csv,
2023,Acura,TLX,Type S,Trim,Fully Verified,EPA,EPA FuelEconomy.gov Vehicle Fuel Economy Dataset,https://www.fueleconomy.gov/feg/epadata/vehicles.csv,
2023,Audi,R8,GT,Trim,Government Verified,EPA,EPA FuelEconomy.gov Vehicle Fuel Economy Dataset,https://www.fueleconomy.gov/feg/epadata/vehicles.csv,
2023,Audi,e-tron GT,RS,Trim,Fully Verified,EPA,EPA FuelEconomy.gov Vehicle Fuel Economy Dataset,https://www.fueleconomy.gov/feg/epadata/vehicles.csv,
2023,BMW,2 Series,M235I,Trim,Government Verified,EPA,EPA FuelEconomy.gov Vehicle Fuel Economy Dataset,https://www.fueleconomy.gov/feg/epadata/vehicles.csv,
2023,BMW,2 Series,M240I,Trim,Government Verified,EPA,EPA FuelEconomy.gov Vehicle Fuel Economy Dataset,https://www.fueleconomy.gov/feg/epadata/vehicles.csv,
2023,BMW,3 Series,330E,Trim,Government Verified,EPA,EPA FuelEconomy.gov Vehicle Fuel Economy Dataset,https://www.fueleconomy.gov/feg/epadata/vehicles.csv,
2023,BMW,3 Series,M340I,Trim,Government Verified,EPA,EPA FuelEconomy.gov Vehicle Fuel Economy Dataset,https://www.fueleconomy.gov/feg/epadata/vehicles.csv,
2023,BMW,4 Series,M440I,Trim,Government Verified,EPA,EPA FuelEconomy.gov Vehicle Fuel Economy Dataset,https://www.fueleconomy.gov/feg/epadata/vehicles.csv,
2023,BMW,5 Series,530E,Trim,Government Verified,EPA,EPA FuelEconomy.gov Vehicle Fuel Economy Dataset,https://www.fueleconomy.gov/feg/epadata/vehicles.csv,
2023,BMW,5 Series,M550I,Trim,Government Verified,EPA,EPA FuelEconomy.gov Vehicle Fuel Economy Dataset,https://www.fueleconomy.gov/feg/epadata/vehicles.csv,
2023,BMW,8 Series,M850I,Trim,Government Verified,EPA,EPA FuelEconomy.gov Vehicle Fuel Economy Dataset,https://www.fueleconomy.gov/feg/epadata/vehicles.csv,
2023,BMW,Z4,M40I,Trim,Government Verified,EPA,EPA FuelEconomy.gov Vehicle Fuel Economy Dataset,https://www.fueleconomy.gov/feg/epadata/vehicles.csv,
2023,BMW,i4,Edrive40,Trim,Government Verified,EPA,EPA FuelEconomy.gov Vehicle Fuel Economy Dataset,https://www.fueleconomy.gov/feg/epadata/vehicles.csv,
2023,Bentley,Continental,GT,Trim,Fully Verified,EPA,EPA FuelEconomy.gov Vehicle Fuel Economy Dataset,https://www.fueleconomy.gov/feg/epadata/vehicles.csv,
2023,Chevrolet,Corvette,Z06,Trim,Government Verified,EPA,EPA FuelEconomy.gov Vehicle Fuel Economy Dataset,https://www.fueleconomy.gov/feg/epadata/vehicles.csv,
2023,Dodge,Challenger,Demon,Trim,Government Verified,EPA,EPA FuelEconomy.gov Vehicle Fuel Economy Dataset,https://www.fueleconomy.gov/feg/epadata/vehicles.csv,
2023,Dodge,Challenger,SRT,Series,Government Verified,EPA,EPA FuelEconomy.gov Vehicle Fuel Economy Dataset,https://www.fueleconomy.gov/feg/epadata/vehicles.csv,
2023,Dodge,Charger,SRT,Series,Government Verified,EPA,EPA FuelEconomy.gov Vehicle Fuel Economy Dataset,https://www.fueleconomy.gov/feg/epadata/vehicles.csv,
2023,Dodge,Durango,SRT,Series,Government Verified,EPA,EPA FuelEconomy.gov Vehicle Fuel Economy Dataset,https://www.fueleconomy.gov/feg/epadata/vehicles.csv,
2023,Ford,Bronco,Badlands,Trim,Government Verified,EPA,EPA FuelEconomy.gov Vehicle Fuel Economy Dataset,https://www.fueleconomy.gov/feg/epadata/vehicles.csv,
2023,Ford,Bronco,Black Diamond,Trim,Government Verified,EPA,EPA FuelEconomy.gov Vehicle Fuel Economy Dataset,https://www.fueleconomy.gov/feg/epadata/vehicles.csv,
2023,Ford,Bronco,Raptor,Sub-model,Government Verified,EPA,EPA FuelEconomy.gov Vehicle Fuel Economy Dataset,https://www.fueleconomy.gov/feg/epadata/vehicles.csv,
2023,Ford,Expedition,Timberline,Trim,Government Verified,EPA,EPA FuelEconomy.gov Vehicle Fuel Economy Dataset,https://www.fueleconomy.gov/feg/epadata/vehicles.csv,
2023,Ford,Explorer,Platinum,Trim,Government Verified,EPA,EPA FuelEconomy.gov Vehicle Fuel Economy Dataset,https://www.fueleconomy.gov/feg/epadata/vehicles.csv,
2023,Ford,Explorer,Timberline,Trim,Government Verified,EPA,EPA FuelEconomy.gov Vehicle Fuel Economy Dataset,https://www.fueleconomy.gov/feg/epadata/vehicles.csv,
2023,Ford,F-150,Raptor,Sub-model,Government Verified,EPA,EPA FuelEconomy.gov Vehicle Fuel Economy Dataset,https://www.fueleconomy.gov/feg/epadata/vehicles.csv,
2023,Ford,F-150 Lightning,Platinum,Trim,Government Verified,EPA,EPA FuelEconomy.gov Vehicle Fuel Economy Dataset,https://www.fueleconomy.gov/feg/epadata/vehicles.csv,
2023,Ford,Mustang,Mach 1,Sub-model,Government Verified,EPA,EPA FuelEconomy.gov Vehicle Fuel Economy Dataset,https://www.fueleconomy.gov/feg/epadata/vehicles.csv,
2023,Ford,Mustang Mach-E,GT,Trim,Government Verified,EPA,EPA FuelEconomy.gov Vehicle Fuel Economy Dataset,https://www.fueleconomy.gov/feg/epadata/vehicles.csv,
2023,Honda,Accord,Sport,Trim,Government Verified,EPA,EPA FuelEconomy.gov Vehicle Fuel Economy Dataset,https://www.fueleconomy.gov/feg/epadata/vehicles.csv,
2023,Honda,Accord,Touring,Trim,Government Verified,EPA,EPA FuelEconomy.gov Vehicle Fuel Economy Dataset,https://www.fueleconomy.gov/feg/epadata/vehicles.csv,
2023,Honda,Civic,SI,Trim,Fully Verified,EPA,EPA FuelEconomy.gov Vehicle Fuel Economy Dataset,https://www.fueleconomy.gov/feg/epadata/vehicles.csv,
2023,Honda,Civic,Type R,Trim,Fully Verified,EPA,EPA FuelEconomy.gov Vehicle Fuel Economy Dataset,https://www.fueleconomy.gov/feg/epadata/vehicles.csv,
2023,Honda,Pilot,Touring,Trim,Government Verified,EPA,EPA FuelEconomy.gov Vehicle Fuel Economy Dataset,https://www.fueleconomy.gov/feg/epadata/vehicles.csv,
2023,Jaguar,F-PACE,SVR,Trim,Government Verified,EPA,EPA FuelEconomy.gov Vehicle Fuel Economy Dataset,https://www.fueleconomy.gov/feg/epadata/vehicles.csv,
2023,Jeep,Cherokee,Trailhawk,Trim,Government Verified,EPA,EPA FuelEconomy.gov Vehicle Fuel Economy Dataset,https://www.fueleconomy.gov/feg/epadata/vehicles.csv,
2023,Jeep,Renegade,Trailhawk,Trim,Government Verified,EPA,EPA FuelEconomy.gov Vehicle Fuel Economy Dataset,https://www.fueleconomy.gov/feg/epadata/vehicles.csv,
2023,Kia,EV6,GT,Trim,Government Verified,EPA,EPA FuelEconomy.gov Vehicle Fuel Economy Dataset,https://www.fueleconomy.gov/feg/epadata/vehicles.csv,
2023,Lucid,Air,GT,Trim,Government Verified,EPA,EPA FuelEconomy.gov Vehicle Fuel Economy Dataset,https://www.fueleconomy.gov/feg/epadata/vehicles.csv,
2023,Lucid,Air,Touring,Trim,Government Verified,EPA,EPA FuelEconomy.gov Vehicle Fuel Economy Dataset,https://www.fueleconomy.gov/feg/epadata/vehicles.csv,
2023,Maserati,Ghibli,GT,Trim,Government Verified,EPA,EPA FuelEconomy.gov Vehicle Fuel Economy Dataset,https://www.fueleconomy.gov/feg/epadata/vehicles.csv,
2023,Maserati,Grecale,GT,Trim,Government Verified,EPA,EPA FuelEconomy.gov Vehicle Fuel Economy Dataset,https://www.fueleconomy.gov/feg/epadata/vehicles.csv,
2023,Maserati,Levante,GT,Trim,Government Verified,EPA,EPA FuelEconomy.gov Vehicle Fuel Economy Dataset,https://www.fueleconomy.gov/feg/epadata/vehicles.csv,
2023,Maserati,Quattroporte,GT,Trim,Government Verified,EPA,EPA FuelEconomy.gov Vehicle Fuel Economy Dataset,https://www.fueleconomy.gov/feg/epadata/vehicles.csv,
2023,Mercedes-Benz,C-Class,AMG,Series,Government Verified,EPA,EPA FuelEconomy.gov Vehicle Fuel Economy Dataset,https://www.fueleconomy.gov/feg/epadata/vehicles.csv,
2023,Mercedes-Benz,C-Class,C43,Trim,Government Verified,EPA,EPA FuelEconomy.gov Vehicle Fuel Economy Dataset,https://www.fueleconomy.gov/feg/epadata/vehicles.csv,
2023,Mercedes-Benz,CLA-Class,AMG,Series,Government Verified,EPA,EPA FuelEconomy.gov Vehicle Fuel Economy Dataset,https://www.fueleconomy.gov/feg/epadata/vehicles.csv,
2023,Mercedes-Benz,CLA-Class,Cla250,Trim,Government Verified,EPA,EPA FuelEconomy.gov Vehicle Fuel Economy Dataset,https://www.fueleconomy.gov/feg/epadata/vehicles.csv,
2023,Mercedes-Benz,CLA-Class,Cla35,Trim,Government Verified,EPA,EPA FuelEconomy.gov Vehicle Fuel Economy Dataset,https://www.fueleconomy.gov/feg/epadata/vehicles.csv,
2023,Mercedes-Benz,CLA-Class,Cla45,Trim,Government Verified,EPA,EPA FuelEconomy.gov Vehicle Fuel Economy Dataset,https://www.fueleconomy.gov/feg/epadata/vehicles.csv,
2023,Mercedes-Benz,E-Class,AMG,Series,Government Verified,EPA,EPA FuelEconomy.gov Vehicle Fuel Economy Dataset,https://www.fueleconomy.gov/feg/epadata/vehicles.csv,
2023,Mercedes-Benz,E-Class,E53,Trim,Government Verified,EPA,EPA FuelEconomy.gov Vehicle Fuel Economy Dataset,https://www.fueleconomy.gov/feg/epadata/vehicles.csv,
2023,Mercedes-Benz,E-Class,Station,Trim,Government Verified,EPA,EPA FuelEconomy.gov Vehicle Fuel Economy Dataset,https://www.fueleconomy.gov/feg/epadata/vehicles.csv,
2023,Mercedes-Benz,G-Class,AMG,Series,Government Verified,EPA,EPA FuelEconomy.gov Vehicle Fuel Economy Dataset,https://www.fueleconomy.gov/feg/epadata/vehicles.csv,
2023,Mercedes-Benz,G-Class,G63,Trim,Government Verified,EPA,EPA FuelEconomy.gov Vehicle Fuel Economy Dataset,https://www.fueleconomy.gov/feg/epadata/vehicles.csv,
2023,Mercedes-Benz,GLA-Class,AMG,Series,Government Verified,EPA,EPA FuelEconomy.gov Vehicle Fuel Economy Dataset,https://www.fueleconomy.gov/feg/epadata/vehicles.csv,
2023,Mercedes-Benz,GLA-Class,Gla45,Trim,Government Verified,EPA,EPA FuelEconomy.gov Vehicle Fuel Economy Dataset,https://www.fueleconomy.gov/feg/epadata/vehicles.csv,
2023,Mercedes-Benz,GLB-Class,AMG,Series,Government Verified,EPA,EPA FuelEconomy.gov Vehicle Fuel Economy Dataset,https://www.fueleconomy.gov/feg/epadata/vehicles.csv,
2023,Mercedes-Benz,GLB-Class,Glb35,Trim,Government Verified,EPA,EPA FuelEconomy.gov Vehicle Fuel Economy Dataset,https://www.fueleconomy.gov/feg/epadata/vehicles.csv,
2023,Mercedes-Benz,GLC-Class,AMG,Series,Government Verified,EPA,EPA FuelEconomy.gov Vehicle Fuel Economy Dataset,https://www.fueleconomy.gov/feg/epadata/vehicles.csv,
2023,Mercedes-Benz,GLC-Class,Glc43,Trim,Government Verified,EPA,EPA FuelEconomy.gov Vehicle Fuel Economy Dataset,https://www.fueleconomy.gov/feg/epadata/vehicles.csv,
2023,Mercedes-Benz,GLE-Class,AMG,Series,Government Verified,EPA,EPA FuelEconomy.gov Vehicle Fuel Economy Dataset,https://www.fueleconomy.gov/feg/epadata/vehicles.csv,
2023,Mercedes-Benz,GLE-Class,Gle53,Trim,Government Verified,EPA,EPA FuelEconomy.gov Vehicle Fuel Economy Dataset,https://www.fueleconomy.gov/feg/epadata/vehicles.csv,
2023,Mercedes-Benz,GLS-Class,AMG,Series,Government Verified,EPA,EPA FuelEconomy.gov Vehicle Fuel Economy Dataset,https://www.fueleconomy.gov/feg/epadata/vehicles.csv,
2023,Mercedes-Benz,GLS-Class,Gls63,Trim,Government Verified,EPA,EPA FuelEconomy.gov Vehicle Fuel Economy Dataset,https://www.fueleconomy.gov/feg/epadata/vehicles.csv,
2023,Mercedes-Benz,S-Class,S500,Trim,Government Verified,EPA,EPA FuelEconomy.gov Vehicle Fuel Economy Dataset,https://www.fueleconomy.gov/feg/epadata/vehicles.csv,
2023,Mini,Clubman,Cooper,Trim,Government Verified,EPA,EPA FuelEconomy.gov Vehicle Fuel Economy Dataset,https://www.fueleconomy.gov/feg/epadata/vehicles.csv,
2023,Mini,Clubman,John Cooper Works,Trim,Government Verified,EPA,EPA FuelEconomy.gov Vehicle Fuel Economy Dataset,https://www.fueleconomy.gov/feg/epadata/vehicles.csv,
2023,Mini,Convertible,Cooper,Trim,Government Verified,EPA,EPA FuelEconomy.gov Vehicle Fuel Economy Dataset,https://www.fueleconomy.gov/feg/epadata/vehicles.csv,
2023,Mini,Convertible,John Cooper Works,Trim,Government Verified,EPA,EPA FuelEconomy.gov Vehicle Fuel Economy Dataset,https://www.fueleconomy.gov/feg/epadata/vehicles.csv,
2023,Mini,Countryman,Cooper,Trim,Government Verified,EPA,EPA FuelEconomy.gov Vehicle Fuel Economy Dataset,https://www.fueleconomy.gov/feg/epadata/vehicles.csv,
2023,Mini,Countryman,JCW,Trim,Fully Verified,EPA,EPA FuelEconomy.gov Vehicle Fuel Economy Dataset,https://www.fueleconomy.gov/feg/epadata/vehicles.csv,
2023,Mini,Countryman,SE,Trim,Fully Verified,EPA,EPA FuelEconomy.gov Vehicle Fuel Economy Dataset,https://www.fueleconomy.gov/feg/epadata/vehicles.csv,
2023,Mini,Hardtop,Cooper,Trim,Government Verified,EPA,EPA FuelEconomy.gov Vehicle Fuel Economy Dataset,https://www.fueleconomy.gov/feg/epadata/vehicles.csv,
2023,Mini,Hardtop,John Cooper Works,Trim,Government Verified,EPA,EPA FuelEconomy.gov Vehicle Fuel Economy Dataset,https://www.fueleconomy.gov/feg/epadata/vehicles.csv,
2023,Mini,Hardtop,SE,Trim,Government Verified,EPA,EPA FuelEconomy.gov Vehicle Fuel Economy Dataset,https://www.fueleconomy.gov/feg/epadata/vehicles.csv,
2023,Nissan,Altima,SR,Trim,Government Verified,EPA,EPA FuelEconomy.gov Vehicle Fuel Economy Dataset,https://www.fueleconomy.gov/feg/epadata/vehicles.csv,
2023,Nissan,LEAF,Battery,Trim,Government Verified,EPA,EPA FuelEconomy.gov Vehicle Fuel Economy Dataset,https://www.fueleconomy.gov/feg/epadata/vehicles.csv,
2023,Nissan,Pathfinder,Platinum,Trim,Government Verified,EPA,EPA FuelEconomy.gov Vehicle Fuel Economy Dataset,https://www.fueleconomy.gov/feg/epadata/vehicles.csv,
2023,Nissan,Rogue,Platinum,Trim,Government Verified,EPA,EPA FuelEconomy.gov Vehicle Fuel Economy Dataset,https://www.fueleconomy.gov/feg/epadata/vehicles.csv,
2023,Nissan,Sentra,SR,Trim,Fully Verified,EPA,EPA FuelEconomy.gov Vehicle Fuel Economy Dataset,https://www.fueleconomy.gov/feg/epadata/vehicles.csv,
2023,Porsche,718 Boxster,GTS,Trim,Fully Verified,EPA,EPA FuelEconomy.gov Vehicle Fuel Economy Dataset,https://www.fueleconomy.gov/feg/epadata/vehicles.csv,
2023,Porsche,718 Cayman,GTS,Trim,Fully Verified,EPA,EPA FuelEconomy.gov Vehicle Fuel Economy Dataset,https://www.fueleconomy.gov/feg/epadata/vehicles.csv,
2023,Porsche,718 GT4,RS,Trim,Government Verified,EPA,EPA FuelEconomy.gov Vehicle Fuel Economy Dataset,https://www.fueleconomy.gov/feg/epadata/vehicles.csv,
2023,Porsche,911,Carrera,Trim,Government Verified,EPA,EPA FuelEconomy.gov Vehicle Fuel Economy Dataset,https://www.fueleconomy.gov/feg/epadata/vehicles.csv,
2023,Porsche,911,Dakar,Trim,Government Verified,EPA,EPA FuelEconomy.gov Vehicle Fuel Economy Dataset,https://www.fueleconomy.gov/feg/epadata/vehicles.csv,
2023,Porsche,911,GT3,Trim,Government Verified,EPA,EPA FuelEconomy.gov Vehicle Fuel Economy Dataset,https://www.fueleconomy.gov/feg/epadata/vehicles.csv,
2023,Porsche,911,GTS,Trim,Fully Verified,EPA,EPA FuelEconomy.gov Vehicle Fuel Economy Dataset,https://www.fueleconomy.gov/feg/epadata/vehicles.csv,
2023,Porsche,911,RS,Trim,Fully Verified,EPA,EPA FuelEconomy.gov Vehicle Fuel Economy Dataset,https://www.fueleconomy.gov/feg/epadata/vehicles.csv,
2023,Porsche,911,Sport,Trim,Fully Verified,EPA,EPA FuelEconomy.gov Vehicle Fuel Economy Dataset,https://www.fueleconomy.gov/feg/epadata/vehicles.csv,
2023,Porsche,911,Targa,Trim,Government Verified,EPA,EPA FuelEconomy.gov Vehicle Fuel Economy Dataset,https://www.fueleconomy.gov/feg/epadata/vehicles.csv,
2023,Porsche,911,Touring,Trim,Fully Verified,EPA,EPA FuelEconomy.gov Vehicle Fuel Economy Dataset,https://www.fueleconomy.gov/feg/epadata/vehicles.csv,
2023,Porsche,Cayenne,GT,Trim,Government Verified,EPA,EPA FuelEconomy.gov Vehicle Fuel Economy Dataset,https://www.fueleconomy.gov/feg/epadata/vehicles.csv,
2023,Porsche,Cayenne,GTS,Trim,Fully Verified,EPA,EPA FuelEconomy.gov Vehicle Fuel Economy Dataset,https://www.fueleconomy.gov/feg/epadata/vehicles.csv,
2023,Porsche,Cayenne,Platinum,Trim,Fully Verified,EPA,EPA FuelEconomy.gov Vehicle Fuel Economy Dataset,https://www.fueleconomy.gov/feg/epadata/vehicles.csv,
2023,Porsche,Macan,GTS,Trim,Fully Verified,EPA,EPA FuelEconomy.gov Vehicle Fuel Economy Dataset,https://www.fueleconomy.gov/feg/epadata/vehicles.csv,
2023,Porsche,Panamera,Executive,Trim,Government Verified,EPA,EPA FuelEconomy.gov Vehicle Fuel Economy Dataset,https://www.fueleconomy.gov/feg/epadata/vehicles.csv,
2023,Porsche,Panamera,GTS,Trim,Fully Verified,EPA,EPA FuelEconomy.gov Vehicle Fuel Economy Dataset,https://www.fueleconomy.gov/feg/epadata/vehicles.csv,
2023,Porsche,Panamera,Platinum Edition,Edition,Manufacturer Verified,Porsche Cars North America,Elegant and exclusive: Panamera Platinum Edition (Porsche Newsroom USA),https://newsroom.porsche.com/en_US/2021/products/porsche-panamera-platinum-edition-special-series-26366.html,
2023,Porsche,Taycan,GTS,Trim,Government Verified,EPA,EPA FuelEconomy.gov Vehicle Fuel Economy Dataset,https://www.fueleconomy.gov/feg/epadata/vehicles.csv,
2023,Porsche,Taycan,Performance,Trim,Government Verified,EPA,EPA FuelEconomy.gov Vehicle Fuel Economy Dataset,https://www.fueleconomy.gov/feg/epadata/vehicles.csv,
2023,Porsche,Taycan,Sport,Trim,Government Verified,EPA,EPA FuelEconomy.gov Vehicle Fuel Economy Dataset,https://www.fueleconomy.gov/feg/epadata/vehicles.csv,
2023,Ram,1500,TRX,Sub-model,Fully Verified,EPA,EPA FuelEconomy.gov Vehicle Fuel Economy Dataset,https://www.fueleconomy.gov/feg/epadata/vehicles.csv,
2023,Toyota,Camry,LE,Trim,Government Verified,EPA,EPA FuelEconomy.gov Vehicle Fuel Economy Dataset,https://www.fueleconomy.gov/feg/epadata/vehicles.csv,
2023,Toyota,Camry,SE,Trim,Government Verified,EPA,EPA FuelEconomy.gov Vehicle Fuel Economy Dataset,https://www.fueleconomy.gov/feg/epadata/vehicles.csv,
2023,Toyota,Camry,XLE,Trim,Government Verified,EPA,EPA FuelEconomy.gov Vehicle Fuel Economy Dataset,https://www.fueleconomy.gov/feg/epadata/vehicles.csv,
2023,Toyota,Camry,XSE,Trim,Government Verified,EPA,EPA FuelEconomy.gov Vehicle Fuel Economy Dataset,https://www.fueleconomy.gov/feg/epadata/vehicles.csv,
2023,Toyota,Corolla,XSE,Trim,Government Verified,EPA,EPA FuelEconomy.gov Vehicle Fuel Economy Dataset,https://www.fueleconomy.gov/feg/epadata/vehicles.csv,
2023,Toyota,Mirai,LE,Trim,Government Verified,EPA,EPA FuelEconomy.gov Vehicle Fuel Economy Dataset,https://www.fueleconomy.gov/feg/epadata/vehicles.csv,
2023,Toyota,Mirai,Limited,Trim,Government Verified,EPA,EPA FuelEconomy.gov Vehicle Fuel Economy Dataset,https://www.fueleconomy.gov/feg/epadata/vehicles.csv,
2023,Toyota,Mirai,XLE,Trim,Government Verified,EPA,EPA FuelEconomy.gov Vehicle Fuel Economy Dataset,https://www.fueleconomy.gov/feg/epadata/vehicles.csv,
2023,Toyota,Prius,XLE,Trim,Government Verified,EPA,EPA FuelEconomy.gov Vehicle Fuel Economy Dataset,https://www.fueleconomy.gov/feg/epadata/vehicles.csv,
2023,Toyota,Prius Prime,SE,Trim,Government Verified,EPA,EPA FuelEconomy.gov Vehicle Fuel Economy Dataset,https://www.fueleconomy.gov/feg/epadata/vehicles.csv,
2023,Toyota,RAV4,LE,Trim,Government Verified,EPA,EPA FuelEconomy.gov Vehicle Fuel Economy Dataset,https://www.fueleconomy.gov/feg/epadata/vehicles.csv,
2023,Toyota,bZ4X,Limited,Trim,Government Verified,EPA,EPA FuelEconomy.gov Vehicle Fuel Economy Dataset,https://www.fueleconomy.gov/feg/epadata/vehicles.csv,
2023,Volkswagen,Jetta,SE,Trim,Government Verified,EPA,EPA FuelEconomy.gov Vehicle Fuel Economy Dataset,https://www.fueleconomy.gov/feg/epadata/vehicles.csv,
2023,Volkswagen,Jetta,Sport,Trim,Government Verified,EPA,EPA FuelEconomy.gov Vehicle Fuel Economy Dataset,https://www.fueleconomy.gov/feg/epadata/vehicles.csv,
2024,Acura,Integra,A-Spec,Trim,Government Verified,EPA,EPA FuelEconomy.gov Vehicle Fuel Economy Dataset,https://www.fueleconomy.gov/feg/epadata/vehicles.csv,
2024,Acura,MDX,Type S,Trim,Fully Verified,EPA,EPA FuelEconomy.gov Vehicle Fuel Economy Dataset,https://www.fueleconomy.gov/feg/epadata/vehicles.csv,
2024,Acura,RDX,A-Spec,Trim,Government Verified,EPA,EPA FuelEconomy.gov Vehicle Fuel Economy Dataset,https://www.fueleconomy.gov/feg/epadata/vehicles.csv,
2024,Acura,TLX,A-Spec,Trim,Government Verified,EPA,EPA FuelEconomy.gov Vehicle Fuel Economy Dataset,https://www.fueleconomy.gov/feg/epadata/vehicles.csv,
2024,Acura,TLX,Type S,Trim,Fully Verified,EPA,EPA FuelEconomy.gov Vehicle Fuel Economy Dataset,https://www.fueleconomy.gov/feg/epadata/vehicles.csv,
2024,Acura,ZDX,Type S,Trim,Government Verified,EPA,EPA FuelEconomy.gov Vehicle Fuel Economy Dataset,https://www.fueleconomy.gov/feg/epadata/vehicles.csv,
2024,Audi,e-tron GT,RS,Trim,Fully Verified,EPA,EPA FuelEconomy.gov Vehicle Fuel Economy Dataset,https://www.fueleconomy.gov/feg/epadata/vehicles.csv,
2024,BMW,2 Series,M235I,Trim,Government Verified,EPA,EPA FuelEconomy.gov Vehicle Fuel Economy Dataset,https://www.fueleconomy.gov/feg/epadata/vehicles.csv,
2024,BMW,2 Series,M240I,Trim,Government Verified,EPA,EPA FuelEconomy.gov Vehicle Fuel Economy Dataset,https://www.fueleconomy.gov/feg/epadata/vehicles.csv,
2024,BMW,3 Series,330E,Trim,Government Verified,EPA,EPA FuelEconomy.gov Vehicle Fuel Economy Dataset,https://www.fueleconomy.gov/feg/epadata/vehicles.csv,
2024,BMW,3 Series,M340I,Trim,Government Verified,EPA,EPA FuelEconomy.gov Vehicle Fuel Economy Dataset,https://www.fueleconomy.gov/feg/epadata/vehicles.csv,
2024,BMW,4 Series,M440I,Trim,Government Verified,EPA,EPA FuelEconomy.gov Vehicle Fuel Economy Dataset,https://www.fueleconomy.gov/feg/epadata/vehicles.csv,
2024,BMW,8 Series,M850I,Trim,Government Verified,EPA,EPA FuelEconomy.gov Vehicle Fuel Economy Dataset,https://www.fueleconomy.gov/feg/epadata/vehicles.csv,
2024,BMW,Z4,M40I,Trim,Government Verified,EPA,EPA FuelEconomy.gov Vehicle Fuel Economy Dataset,https://www.fueleconomy.gov/feg/epadata/vehicles.csv,
2024,BMW,i4,Edrive40,Trim,Government Verified,EPA,EPA FuelEconomy.gov Vehicle Fuel Economy Dataset,https://www.fueleconomy.gov/feg/epadata/vehicles.csv,
2024,Bentley,Continental,GT,Trim,Fully Verified,EPA,EPA FuelEconomy.gov Vehicle Fuel Economy Dataset,https://www.fueleconomy.gov/feg/epadata/vehicles.csv,
2024,Chevrolet,Corvette,Z06,Trim,Government Verified,EPA,EPA FuelEconomy.gov Vehicle Fuel Economy Dataset,https://www.fueleconomy.gov/feg/epadata/vehicles.csv,
2024,Chevrolet,Express,3500-,Trim,Government Verified,EPA,EPA FuelEconomy.gov Vehicle Fuel Economy Dataset,https://www.fueleconomy.gov/feg/epadata/vehicles.csv,
2024,Chevrolet,Traverse,Limited,Trim,Government Verified,EPA,EPA FuelEconomy.gov Vehicle Fuel Economy Dataset,https://www.fueleconomy.gov/feg/epadata/vehicles.csv,
2024,Dodge,Durango,SRT,Series,Government Verified,EPA,EPA FuelEconomy.gov Vehicle Fuel Economy Dataset,https://www.fueleconomy.gov/feg/epadata/vehicles.csv,
2024,Fisker,Ocean,Sport,Trim,Government Verified,EPA,EPA FuelEconomy.gov Vehicle Fuel Economy Dataset,https://www.fueleconomy.gov/feg/epadata/vehicles.csv,
2024,Ford,Bronco,Badlands,Trim,Government Verified,EPA,EPA FuelEconomy.gov Vehicle Fuel Economy Dataset,https://www.fueleconomy.gov/feg/epadata/vehicles.csv,
2024,Ford,Bronco,Black Diamond,Trim,Government Verified,EPA,EPA FuelEconomy.gov Vehicle Fuel Economy Dataset,https://www.fueleconomy.gov/feg/epadata/vehicles.csv,
2024,Ford,Bronco,Raptor,Sub-model,Government Verified,EPA,EPA FuelEconomy.gov Vehicle Fuel Economy Dataset,https://www.fueleconomy.gov/feg/epadata/vehicles.csv,
2024,Ford,Expedition,Timberline,Trim,Government Verified,EPA,EPA FuelEconomy.gov Vehicle Fuel Economy Dataset,https://www.fueleconomy.gov/feg/epadata/vehicles.csv,
2024,Ford,Explorer,Timberline,Trim,Government Verified,EPA,EPA FuelEconomy.gov Vehicle Fuel Economy Dataset,https://www.fueleconomy.gov/feg/epadata/vehicles.csv,
2024,Ford,F-150,Raptor,Sub-model,Government Verified,EPA,EPA FuelEconomy.gov Vehicle Fuel Economy Dataset,https://www.fueleconomy.gov/feg/epadata/vehicles.csv,
2024,Ford,F-150 Lightning,Platinum,Trim,Government Verified,EPA,EPA FuelEconomy.gov Vehicle Fuel Economy Dataset,https://www.fueleconomy.gov/feg/epadata/vehicles.csv,
2024,Ford,Mustang Mach-E,GT,Trim,Government Verified,EPA,EPA FuelEconomy.gov Vehicle Fuel Economy Dataset,https://www.fueleconomy.gov/feg/epadata/vehicles.csv,
2024,Ford,Ranger,Raptor,Sub-model,Government Verified,EPA,EPA FuelEconomy.gov Vehicle Fuel Economy Dataset,https://www.fueleconomy.gov/feg/epadata/vehicles.csv,
2024,Honda,Accord,Sport,Trim,Government Verified,EPA,EPA FuelEconomy.gov Vehicle Fuel Economy Dataset,https://www.fueleconomy.gov/feg/epadata/vehicles.csv,
2024,Honda,Accord,Touring,Trim,Government Verified,EPA,EPA FuelEconomy.gov Vehicle Fuel Economy Dataset,https://www.fueleconomy.gov/feg/epadata/vehicles.csv,
2024,Honda,Civic,SI,Trim,Fully Verified,EPA,EPA FuelEconomy.gov Vehicle Fuel Economy Dataset,https://www.fueleconomy.gov/feg/epadata/vehicles.csv,
2024,Honda,Civic,Type R,Trim,Fully Verified,EPA,EPA FuelEconomy.gov Vehicle Fuel Economy Dataset,https://www.fueleconomy.gov/feg/epadata/vehicles.csv,
2024,Honda,Pilot,Touring,Trim,Government Verified,EPA,EPA FuelEconomy.gov Vehicle Fuel Economy Dataset,https://www.fueleconomy.gov/feg/epadata/vehicles.csv,
2024,Honda,Prologue,Touring,Trim,Government Verified,EPA,EPA FuelEconomy.gov Vehicle Fuel Economy Dataset,https://www.fueleconomy.gov/feg/epadata/vehicles.csv,
2024,Jaguar,F-PACE,SVR,Trim,Government Verified,EPA,EPA FuelEconomy.gov Vehicle Fuel Economy Dataset,https://www.fueleconomy.gov/feg/epadata/vehicles.csv,
2024,Jeep,Wrangler,Rubicon,Trim,Government Verified,EPA,EPA FuelEconomy.gov Vehicle Fuel Economy Dataset,https://www.fueleconomy.gov/feg/epadata/vehicles.csv,
2024,Kia,EV6,GT,Trim,Government Verified,EPA,EPA FuelEconomy.gov Vehicle Fuel Economy Dataset,https://www.fueleconomy.gov/feg/epadata/vehicles.csv,
2024,Land Rover,Range Rover Sport,SVR,Trim,Government Verified,EPA,EPA FuelEconomy.gov Vehicle Fuel Economy Dataset,https://www.fueleconomy.gov/feg/epadata/vehicles.csv,
2024,Lucid,Air,Touring,Trim,Government Verified,EPA,EPA FuelEconomy.gov Vehicle Fuel Economy Dataset,https://www.fueleconomy.gov/feg/epadata/vehicles.csv,
2024,Maserati,Ghibli,GT,Trim,Government Verified,EPA,EPA FuelEconomy.gov Vehicle Fuel Economy Dataset,https://www.fueleconomy.gov/feg/epadata/vehicles.csv,
2024,Maserati,Grecale,GT,Trim,Government Verified,EPA,EPA FuelEconomy.gov Vehicle Fuel Economy Dataset,https://www.fueleconomy.gov/feg/epadata/vehicles.csv,
2024,Maserati,Levante,GT,Trim,Government Verified,EPA,EPA FuelEconomy.gov Vehicle Fuel Economy Dataset,https://www.fueleconomy.gov/feg/epadata/vehicles.csv,
2024,Maserati,Quattroporte,GT,Trim,Government Verified,EPA,EPA FuelEconomy.gov Vehicle Fuel Economy Dataset,https://www.fueleconomy.gov/feg/epadata/vehicles.csv,
2024,Mercedes-Benz,C-Class,AMG,Series,Government Verified,EPA,EPA FuelEconomy.gov Vehicle Fuel Economy Dataset,https://www.fueleconomy.gov/feg/epadata/vehicles.csv,
2024,Mercedes-Benz,C-Class,C43,Trim,Government Verified,EPA,EPA FuelEconomy.gov Vehicle Fuel Economy Dataset,https://www.fueleconomy.gov/feg/epadata/vehicles.csv,
2024,Mercedes-Benz,CLA-Class,AMG,Series,Government Verified,EPA,EPA FuelEconomy.gov Vehicle Fuel Economy Dataset,https://www.fueleconomy.gov/feg/epadata/vehicles.csv,
2024,Mercedes-Benz,CLA-Class,Cla250,Trim,Government Verified,EPA,EPA FuelEconomy.gov Vehicle Fuel Economy Dataset,https://www.fueleconomy.gov/feg/epadata/vehicles.csv,
2024,Mercedes-Benz,CLA-Class,Cla35,Trim,Government Verified,EPA,EPA FuelEconomy.gov Vehicle Fuel Economy Dataset,https://www.fueleconomy.gov/feg/epadata/vehicles.csv,
2024,Mercedes-Benz,CLA-Class,Cla45,Trim,Government Verified,EPA,EPA FuelEconomy.gov Vehicle Fuel Economy Dataset,https://www.fueleconomy.gov/feg/epadata/vehicles.csv,
2024,Mercedes-Benz,CLE-Class,AMG,Series,Government Verified,EPA,EPA FuelEconomy.gov Vehicle Fuel Economy Dataset,https://www.fueleconomy.gov/feg/epadata/vehicles.csv,
2024,Mercedes-Benz,CLE-Class,Cle53,Trim,Government Verified,EPA,EPA FuelEconomy.gov Vehicle Fuel Economy Dataset,https://www.fueleconomy.gov/feg/epadata/vehicles.csv,
2024,Mercedes-Benz,G-Class,AMG,Series,Government Verified,EPA,EPA FuelEconomy.gov Vehicle Fuel Economy Dataset,https://www.fueleconomy.gov/feg/epadata/vehicles.csv,
2024,Mercedes-Benz,G-Class,G63,Trim,Government Verified,EPA,EPA FuelEconomy.gov Vehicle Fuel Economy Dataset,https://www.fueleconomy.gov/feg/epadata/vehicles.csv,
2024,Mercedes-Benz,GLA-Class,AMG,Series,Government Verified,EPA,EPA FuelEconomy.gov Vehicle Fuel Economy Dataset,https://www.fueleconomy.gov/feg/epadata/vehicles.csv,
2024,Mercedes-Benz,GLB-Class,AMG,Series,Government Verified,EPA,EPA FuelEconomy.gov Vehicle Fuel Economy Dataset,https://www.fueleconomy.gov/feg/epadata/vehicles.csv,
2024,Mercedes-Benz,GLB-Class,Glb35,Trim,Government Verified,EPA,EPA FuelEconomy.gov Vehicle Fuel Economy Dataset,https://www.fueleconomy.gov/feg/epadata/vehicles.csv,
2024,Mercedes-Benz,GLC-Class,AMG,Series,Government Verified,EPA,EPA FuelEconomy.gov Vehicle Fuel Economy Dataset,https://www.fueleconomy.gov/feg/epadata/vehicles.csv,
2024,Mercedes-Benz,GLC-Class,Glc43,Trim,Government Verified,EPA,EPA FuelEconomy.gov Vehicle Fuel Economy Dataset,https://www.fueleconomy.gov/feg/epadata/vehicles.csv,
2024,Mercedes-Benz,GLE-Class,AMG,Series,Government Verified,EPA,EPA FuelEconomy.gov Vehicle Fuel Economy Dataset,https://www.fueleconomy.gov/feg/epadata/vehicles.csv,
2024,Mercedes-Benz,GLE-Class,Gle53,Trim,Government Verified,EPA,EPA FuelEconomy.gov Vehicle Fuel Economy Dataset,https://www.fueleconomy.gov/feg/epadata/vehicles.csv,
2024,Mercedes-Benz,GLS-Class,AMG,Series,Government Verified,EPA,EPA FuelEconomy.gov Vehicle Fuel Economy Dataset,https://www.fueleconomy.gov/feg/epadata/vehicles.csv,
2024,Mercedes-Benz,GLS-Class,Gls63,Trim,Government Verified,EPA,EPA FuelEconomy.gov Vehicle Fuel Economy Dataset,https://www.fueleconomy.gov/feg/epadata/vehicles.csv,
2024,Mercedes-Benz,S-Class,S500,Trim,Government Verified,EPA,EPA FuelEconomy.gov Vehicle Fuel Economy Dataset,https://www.fueleconomy.gov/feg/epadata/vehicles.csv,
2024,Mini,Clubman,Cooper,Trim,Government Verified,EPA,EPA FuelEconomy.gov Vehicle Fuel Economy Dataset,https://www.fueleconomy.gov/feg/epadata/vehicles.csv,
2024,Mini,Clubman,John Cooper Works,Trim,Government Verified,EPA,EPA FuelEconomy.gov Vehicle Fuel Economy Dataset,https://www.fueleconomy.gov/feg/epadata/vehicles.csv,
2024,Mini,Convertible,Cooper,Trim,Government Verified,EPA,EPA FuelEconomy.gov Vehicle Fuel Economy Dataset,https://www.fueleconomy.gov/feg/epadata/vehicles.csv,
2024,Mini,Convertible,John Cooper Works,Trim,Government Verified,EPA,EPA FuelEconomy.gov Vehicle Fuel Economy Dataset,https://www.fueleconomy.gov/feg/epadata/vehicles.csv,
2024,Mini,Countryman,Cooper,Trim,Government Verified,EPA,EPA FuelEconomy.gov Vehicle Fuel Economy Dataset,https://www.fueleconomy.gov/feg/epadata/vehicles.csv,
2024,Mini,Countryman,JCW,Trim,Fully Verified,EPA,EPA FuelEconomy.gov Vehicle Fuel Economy Dataset,https://www.fueleconomy.gov/feg/epadata/vehicles.csv,
2024,Mini,Hardtop,Cooper,Trim,Government Verified,EPA,EPA FuelEconomy.gov Vehicle Fuel Economy Dataset,https://www.fueleconomy.gov/feg/epadata/vehicles.csv,
2024,Mini,Hardtop,John Cooper Works,Trim,Government Verified,EPA,EPA FuelEconomy.gov Vehicle Fuel Economy Dataset,https://www.fueleconomy.gov/feg/epadata/vehicles.csv,
2024,Mini,Hardtop,SE,Trim,Government Verified,EPA,EPA FuelEconomy.gov Vehicle Fuel Economy Dataset,https://www.fueleconomy.gov/feg/epadata/vehicles.csv,
2024,Nissan,Altima,SR,Trim,Government Verified,EPA,EPA FuelEconomy.gov Vehicle Fuel Economy Dataset,https://www.fueleconomy.gov/feg/epadata/vehicles.csv,
2024,Nissan,LEAF,Battery,Trim,Government Verified,EPA,EPA FuelEconomy.gov Vehicle Fuel Economy Dataset,https://www.fueleconomy.gov/feg/epadata/vehicles.csv,
2024,Nissan,Pathfinder,Platinum,Trim,Government Verified,EPA,EPA FuelEconomy.gov Vehicle Fuel Economy Dataset,https://www.fueleconomy.gov/feg/epadata/vehicles.csv,
2024,Nissan,Rogue,Platinum,Trim,Government Verified,EPA,EPA FuelEconomy.gov Vehicle Fuel Economy Dataset,https://www.fueleconomy.gov/feg/epadata/vehicles.csv,
2024,Nissan,Sentra,SR,Trim,Fully Verified,EPA,EPA FuelEconomy.gov Vehicle Fuel Economy Dataset,https://www.fueleconomy.gov/feg/epadata/vehicles.csv,
2024,Nissan,Z,Nismo,Trim,Government Verified,EPA,EPA FuelEconomy.gov Vehicle Fuel Economy Dataset,https://www.fueleconomy.gov/feg/epadata/vehicles.csv,
2024,Porsche,718 Boxster,GTS,Trim,Fully Verified,EPA,EPA FuelEconomy.gov Vehicle Fuel Economy Dataset,https://www.fueleconomy.gov/feg/epadata/vehicles.csv,
2024,Porsche,718 Boxster,RS,Trim,Government Verified,EPA,EPA FuelEconomy.gov Vehicle Fuel Economy Dataset,https://www.fueleconomy.gov/feg/epadata/vehicles.csv,
2024,Porsche,718 Cayman,GTS,Trim,Fully Verified,EPA,EPA FuelEconomy.gov Vehicle Fuel Economy Dataset,https://www.fueleconomy.gov/feg/epadata/vehicles.csv,
2024,Porsche,718 GT4,RS,Trim,Government Verified,EPA,EPA FuelEconomy.gov Vehicle Fuel Economy Dataset,https://www.fueleconomy.gov/feg/epadata/vehicles.csv,
2024,Porsche,911,Carrera,Trim,Government Verified,EPA,EPA FuelEconomy.gov Vehicle Fuel Economy Dataset,https://www.fueleconomy.gov/feg/epadata/vehicles.csv,
2024,Porsche,911,Dakar,Trim,Government Verified,EPA,EPA FuelEconomy.gov Vehicle Fuel Economy Dataset,https://www.fueleconomy.gov/feg/epadata/vehicles.csv,
2024,Porsche,911,GT3,Trim,Government Verified,EPA,EPA FuelEconomy.gov Vehicle Fuel Economy Dataset,https://www.fueleconomy.gov/feg/epadata/vehicles.csv,
2024,Porsche,911,GTS,Trim,Fully Verified,EPA,EPA FuelEconomy.gov Vehicle Fuel Economy Dataset,https://www.fueleconomy.gov/feg/epadata/vehicles.csv,
2024,Porsche,911,RS,Trim,Fully Verified,EPA,EPA FuelEconomy.gov Vehicle Fuel Economy Dataset,https://www.fueleconomy.gov/feg/epadata/vehicles.csv,
2024,Porsche,911,Targa,Trim,Government Verified,EPA,EPA FuelEconomy.gov Vehicle Fuel Economy Dataset,https://www.fueleconomy.gov/feg/epadata/vehicles.csv,
2024,Porsche,911,Touring,Trim,Fully Verified,EPA,EPA FuelEconomy.gov Vehicle Fuel Economy Dataset,https://www.fueleconomy.gov/feg/epadata/vehicles.csv,
2024,Porsche,Macan,GTS,Trim,Fully Verified,EPA,EPA FuelEconomy.gov Vehicle Fuel Economy Dataset,https://www.fueleconomy.gov/feg/epadata/vehicles.csv,
2024,Porsche,Taycan,GTS,Trim,Government Verified,EPA,EPA FuelEconomy.gov Vehicle Fuel Economy Dataset,https://www.fueleconomy.gov/feg/epadata/vehicles.csv,
2024,Porsche,Taycan,Performance,Trim,Government Verified,EPA,EPA FuelEconomy.gov Vehicle Fuel Economy Dataset,https://www.fueleconomy.gov/feg/epadata/vehicles.csv,
2024,Porsche,Taycan,Sport,Trim,Government Verified,EPA,EPA FuelEconomy.gov Vehicle Fuel Economy Dataset,https://www.fueleconomy.gov/feg/epadata/vehicles.csv,
2024,Ram,1500,TRX,Sub-model,Fully Verified,EPA,EPA FuelEconomy.gov Vehicle Fuel Economy Dataset,https://www.fueleconomy.gov/feg/epadata/vehicles.csv,
2024,Toyota,Camry,LE,Trim,Government Verified,EPA,EPA FuelEconomy.gov Vehicle Fuel Economy Dataset,https://www.fueleconomy.gov/feg/epadata/vehicles.csv,
2024,Toyota,Camry,SE,Trim,Government Verified,EPA,EPA FuelEconomy.gov Vehicle Fuel Economy Dataset,https://www.fueleconomy.gov/feg/epadata/vehicles.csv,
2024,Toyota,Camry,XLE,Trim,Government Verified,EPA,EPA FuelEconomy.gov Vehicle Fuel Economy Dataset,https://www.fueleconomy.gov/feg/epadata/vehicles.csv,
2024,Toyota,Camry,XSE,Trim,Government Verified,EPA,EPA FuelEconomy.gov Vehicle Fuel Economy Dataset,https://www.fueleconomy.gov/feg/epadata/vehicles.csv,
2024,Toyota,Corolla,XSE,Trim,Government Verified,EPA,EPA FuelEconomy.gov Vehicle Fuel Economy Dataset,https://www.fueleconomy.gov/feg/epadata/vehicles.csv,
2024,Toyota,Grand Highlander,LE,Trim,Government Verified,EPA,EPA FuelEconomy.gov Vehicle Fuel Economy Dataset,https://www.fueleconomy.gov/feg/epadata/vehicles.csv,
2024,Toyota,Grand Highlander,Limited,Trim,Government Verified,EPA,EPA FuelEconomy.gov Vehicle Fuel Economy Dataset,https://www.fueleconomy.gov/feg/epadata/vehicles.csv,
2024,Toyota,Grand Highlander,Platinum,Trim,Government Verified,EPA,EPA FuelEconomy.gov Vehicle Fuel Economy Dataset,https://www.fueleconomy.gov/feg/epadata/vehicles.csv,
2024,Toyota,Grand Highlander,XLE,Trim,Government Verified,EPA,EPA FuelEconomy.gov Vehicle Fuel Economy Dataset,https://www.fueleconomy.gov/feg/epadata/vehicles.csv,
2024,Toyota,Mirai,Limited,Trim,Government Verified,EPA,EPA FuelEconomy.gov Vehicle Fuel Economy Dataset,https://www.fueleconomy.gov/feg/epadata/vehicles.csv,
2024,Toyota,Mirai,XLE,Trim,Government Verified,EPA,EPA FuelEconomy.gov Vehicle Fuel Economy Dataset,https://www.fueleconomy.gov/feg/epadata/vehicles.csv,
2024,Toyota,Prius,XLE,Trim,Government Verified,EPA,EPA FuelEconomy.gov Vehicle Fuel Economy Dataset,https://www.fueleconomy.gov/feg/epadata/vehicles.csv,
2024,Toyota,Prius Prime,SE,Trim,Government Verified,EPA,EPA FuelEconomy.gov Vehicle Fuel Economy Dataset,https://www.fueleconomy.gov/feg/epadata/vehicles.csv,
2024,Toyota,RAV4,LE,Trim,Government Verified,EPA,EPA FuelEconomy.gov Vehicle Fuel Economy Dataset,https://www.fueleconomy.gov/feg/epadata/vehicles.csv,
2024,Toyota,Tacoma,Limited,Trim,Government Verified,EPA,EPA FuelEconomy.gov Vehicle Fuel Economy Dataset,https://www.fueleconomy.gov/feg/epadata/vehicles.csv,
2024,Toyota,Tacoma,SR5,Trim,Government Verified,EPA,EPA FuelEconomy.gov Vehicle Fuel Economy Dataset,https://www.fueleconomy.gov/feg/epadata/vehicles.csv,
2024,Toyota,Tacoma,Sport,Trim,Government Verified,EPA,EPA FuelEconomy.gov Vehicle Fuel Economy Dataset,https://www.fueleconomy.gov/feg/epadata/vehicles.csv,
2024,Toyota,bZ4X,Limited,Trim,Government Verified,EPA,EPA FuelEconomy.gov Vehicle Fuel Economy Dataset,https://www.fueleconomy.gov/feg/epadata/vehicles.csv,
2024,Volkswagen,Atlas,SE,Trim,Government Verified,EPA,EPA FuelEconomy.gov Vehicle Fuel Economy Dataset,https://www.fueleconomy.gov/feg/epadata/vehicles.csv,
2024,Volkswagen,Jetta,SE,Trim,Government Verified,EPA,EPA FuelEconomy.gov Vehicle Fuel Economy Dataset,https://www.fueleconomy.gov/feg/epadata/vehicles.csv,
2024,Volkswagen,Jetta,Sport,Trim,Government Verified,EPA,EPA FuelEconomy.gov Vehicle Fuel Economy Dataset,https://www.fueleconomy.gov/feg/epadata/vehicles.csv,
2025,Acura,Integra,A-Spec,Trim,Government Verified,EPA,EPA FuelEconomy.gov Vehicle Fuel Economy Dataset,https://www.fueleconomy.gov/feg/epadata/vehicles.csv,
2025,Acura,MDX,Type S,Trim,Fully Verified,EPA,EPA FuelEconomy.gov Vehicle Fuel Economy Dataset,https://www.fueleconomy.gov/feg/epadata/vehicles.csv,
2025,Acura,RDX,A-Spec,Trim,Government Verified,EPA,EPA FuelEconomy.gov Vehicle Fuel Economy Dataset,https://www.fueleconomy.gov/feg/epadata/vehicles.csv,
2025,Acura,TLX,A-Spec,Trim,Government Verified,EPA,EPA FuelEconomy.gov Vehicle Fuel Economy Dataset,https://www.fueleconomy.gov/feg/epadata/vehicles.csv,
2025,Acura,TLX,Type S,Trim,Fully Verified,EPA,EPA FuelEconomy.gov Vehicle Fuel Economy Dataset,https://www.fueleconomy.gov/feg/epadata/vehicles.csv,
2025,Audi,S e-tron,GT,Trim,Fully Verified,EPA,EPA FuelEconomy.gov Vehicle Fuel Economy Dataset,https://www.fueleconomy.gov/feg/epadata/vehicles.csv,
2025,Audi,e-tron GT,RS,Trim,Fully Verified,EPA,EPA FuelEconomy.gov Vehicle Fuel Economy Dataset,https://www.fueleconomy.gov/feg/epadata/vehicles.csv,
2025,BMW,2 Series,M240I,Trim,Government Verified,EPA,EPA FuelEconomy.gov Vehicle Fuel Economy Dataset,https://www.fueleconomy.gov/feg/epadata/vehicles.csv,
2025,BMW,3 Series,M340I,Trim,Government Verified,EPA,EPA FuelEconomy.gov Vehicle Fuel Economy Dataset,https://www.fueleconomy.gov/feg/epadata/vehicles.csv,
2025,BMW,4 Series,M440I,Trim,Government Verified,EPA,EPA FuelEconomy.gov Vehicle Fuel Economy Dataset,https://www.fueleconomy.gov/feg/epadata/vehicles.csv,
2025,BMW,8 Series,M850I,Trim,Government Verified,EPA,EPA FuelEconomy.gov Vehicle Fuel Economy Dataset,https://www.fueleconomy.gov/feg/epadata/vehicles.csv,
2025,BMW,M5,Touring,Trim,Government Verified,EPA,EPA FuelEconomy.gov Vehicle Fuel Economy Dataset,https://www.fueleconomy.gov/feg/epadata/vehicles.csv,
2025,BMW,Z4,M40I,Trim,Government Verified,EPA,EPA FuelEconomy.gov Vehicle Fuel Economy Dataset,https://www.fueleconomy.gov/feg/epadata/vehicles.csv,
2025,BMW,i4,Edrive40,Trim,Government Verified,EPA,EPA FuelEconomy.gov Vehicle Fuel Economy Dataset,https://www.fueleconomy.gov/feg/epadata/vehicles.csv,
2025,Bentley,Continental,GT,Trim,Fully Verified,EPA,EPA FuelEconomy.gov Vehicle Fuel Economy Dataset,https://www.fueleconomy.gov/feg/epadata/vehicles.csv,
2025,Chevrolet,Blazer EV,SS,Trim,Government Verified,EPA,EPA FuelEconomy.gov Vehicle Fuel Economy Dataset,https://www.fueleconomy.gov/feg/epadata/vehicles.csv,
2025,Chevrolet,Corvette,Z06,Trim,Government Verified,EPA,EPA FuelEconomy.gov Vehicle Fuel Economy Dataset,https://www.fueleconomy.gov/feg/epadata/vehicles.csv,
2025,Chevrolet,Corvette,ZR1,Trim,Government Verified,EPA,EPA FuelEconomy.gov Vehicle Fuel Economy Dataset,https://www.fueleconomy.gov/feg/epadata/vehicles.csv,
2025,Dodge,Durango,SRT,Series,Government Verified,EPA,EPA FuelEconomy.gov Vehicle Fuel Economy Dataset,https://www.fueleconomy.gov/feg/epadata/vehicles.csv,
2025,Ford,Bronco,Badlands,Trim,Government Verified,EPA,EPA FuelEconomy.gov Vehicle Fuel Economy Dataset,https://www.fueleconomy.gov/feg/epadata/vehicles.csv,
2025,Ford,Bronco,Outer Banks,Trim,Government Verified,EPA,EPA FuelEconomy.gov Vehicle Fuel Economy Dataset,https://www.fueleconomy.gov/feg/epadata/vehicles.csv,
2025,Ford,Bronco,Raptor,Sub-model,Government Verified,EPA,EPA FuelEconomy.gov Vehicle Fuel Economy Dataset,https://www.fueleconomy.gov/feg/epadata/vehicles.csv,
2025,Ford,F-150,Raptor,Sub-model,Government Verified,EPA,EPA FuelEconomy.gov Vehicle Fuel Economy Dataset,https://www.fueleconomy.gov/feg/epadata/vehicles.csv,
2025,Ford,F-150 Lightning,Platinum,Trim,Government Verified,EPA,EPA FuelEconomy.gov Vehicle Fuel Economy Dataset,https://www.fueleconomy.gov/feg/epadata/vehicles.csv,
2025,Ford,F-150 Lightning,SR,Trim,Government Verified,EPA,EPA FuelEconomy.gov Vehicle Fuel Economy Dataset,https://www.fueleconomy.gov/feg/epadata/vehicles.csv,
2025,Ford,Mustang Mach-E,GT,Trim,Government Verified,EPA,EPA FuelEconomy.gov Vehicle Fuel Economy Dataset,https://www.fueleconomy.gov/feg/epadata/vehicles.csv,
2025,Ford,Ranger,Raptor,Sub-model,Government Verified,EPA,EPA FuelEconomy.gov Vehicle Fuel Economy Dataset,https://www.fueleconomy.gov/feg/epadata/vehicles.csv,
2025,Honda,Accord,Sport,Trim,Government Verified,EPA,EPA FuelEconomy.gov Vehicle Fuel Economy Dataset,https://www.fueleconomy.gov/feg/epadata/vehicles.csv,
2025,Honda,Accord,Touring,Trim,Government Verified,EPA,EPA FuelEconomy.gov Vehicle Fuel Economy Dataset,https://www.fueleconomy.gov/feg/epadata/vehicles.csv,
2025,Honda,Civic,SI,Trim,Fully Verified,EPA,EPA FuelEconomy.gov Vehicle Fuel Economy Dataset,https://www.fueleconomy.gov/feg/epadata/vehicles.csv,
2025,Honda,Civic,Type R,Trim,Fully Verified,EPA,EPA FuelEconomy.gov Vehicle Fuel Economy Dataset,https://www.fueleconomy.gov/feg/epadata/vehicles.csv,
2025,Honda,Pilot,Touring,Trim,Government Verified,EPA,EPA FuelEconomy.gov Vehicle Fuel Economy Dataset,https://www.fueleconomy.gov/feg/epadata/vehicles.csv,
2025,Honda,Prologue,Touring,Trim,Government Verified,EPA,EPA FuelEconomy.gov Vehicle Fuel Economy Dataset,https://www.fueleconomy.gov/feg/epadata/vehicles.csv,
2025,Jaguar,F-PACE,SVR,Trim,Government Verified,EPA,EPA FuelEconomy.gov Vehicle Fuel Economy Dataset,https://www.fueleconomy.gov/feg/epadata/vehicles.csv,
2025,Kia,EV6,GT,Trim,Government Verified,EPA,EPA FuelEconomy.gov Vehicle Fuel Economy Dataset,https://www.fueleconomy.gov/feg/epadata/vehicles.csv,
2025,Lamborghini,Urus,SE,Trim,Government Verified,EPA,EPA FuelEconomy.gov Vehicle Fuel Economy Dataset,https://www.fueleconomy.gov/feg/epadata/vehicles.csv,
2025,Land Rover,Range Rover Sport,SVR,Trim,Government Verified,EPA,EPA FuelEconomy.gov Vehicle Fuel Economy Dataset,https://www.fueleconomy.gov/feg/epadata/vehicles.csv,
2025,Lucid,Air,Touring,Trim,Government Verified,EPA,EPA FuelEconomy.gov Vehicle Fuel Economy Dataset,https://www.fueleconomy.gov/feg/epadata/vehicles.csv,
2025,Lucid,Gravity,GT,Trim,Government Verified,EPA,EPA FuelEconomy.gov Vehicle Fuel Economy Dataset,https://www.fueleconomy.gov/feg/epadata/vehicles.csv,
2025,Mercedes-Benz,C-Class,AMG,Series,Government Verified,EPA,EPA FuelEconomy.gov Vehicle Fuel Economy Dataset,https://www.fueleconomy.gov/feg/epadata/vehicles.csv,
2025,Mercedes-Benz,C-Class,C43,Trim,Government Verified,EPA,EPA FuelEconomy.gov Vehicle Fuel Economy Dataset,https://www.fueleconomy.gov/feg/epadata/vehicles.csv,
2025,Mercedes-Benz,CLA-Class,AMG,Series,Government Verified,EPA,EPA FuelEconomy.gov Vehicle Fuel Economy Dataset,https://www.fueleconomy.gov/feg/epadata/vehicles.csv,
2025,Mercedes-Benz,CLA-Class,Cla250,Trim,Government Verified,EPA,EPA FuelEconomy.gov Vehicle Fuel Economy Dataset,https://www.fueleconomy.gov/feg/epadata/vehicles.csv,
2025,Mercedes-Benz,CLA-Class,Cla35,Trim,Government Verified,EPA,EPA FuelEconomy.gov Vehicle Fuel Economy Dataset,https://www.fueleconomy.gov/feg/epadata/vehicles.csv,
2025,Mercedes-Benz,CLA-Class,Cla45,Trim,Government Verified,EPA,EPA FuelEconomy.gov Vehicle Fuel Economy Dataset,https://www.fueleconomy.gov/feg/epadata/vehicles.csv,
2025,Mercedes-Benz,CLE-Class,AMG,Series,Government Verified,EPA,EPA FuelEconomy.gov Vehicle Fuel Economy Dataset,https://www.fueleconomy.gov/feg/epadata/vehicles.csv,
2025,Mercedes-Benz,CLE-Class,Cle53,Trim,Government Verified,EPA,EPA FuelEconomy.gov Vehicle Fuel Economy Dataset,https://www.fueleconomy.gov/feg/epadata/vehicles.csv,
2025,Mercedes-Benz,E-Class,AMG,Series,Government Verified,EPA,EPA FuelEconomy.gov Vehicle Fuel Economy Dataset,https://www.fueleconomy.gov/feg/epadata/vehicles.csv,
2025,Mercedes-Benz,E-Class,E53,Trim,Government Verified,EPA,EPA FuelEconomy.gov Vehicle Fuel Economy Dataset,https://www.fueleconomy.gov/feg/epadata/vehicles.csv,
2025,Mercedes-Benz,G-Class,AMG,Series,Government Verified,EPA,EPA FuelEconomy.gov Vehicle Fuel Economy Dataset,https://www.fueleconomy.gov/feg/epadata/vehicles.csv,
2025,Mercedes-Benz,G-Class,G63,Trim,Government Verified,EPA,EPA FuelEconomy.gov Vehicle Fuel Economy Dataset,https://www.fueleconomy.gov/feg/epadata/vehicles.csv,
2025,Mercedes-Benz,GLA-Class,AMG,Series,Government Verified,EPA,EPA FuelEconomy.gov Vehicle Fuel Economy Dataset,https://www.fueleconomy.gov/feg/epadata/vehicles.csv,
2025,Mercedes-Benz,GLB-Class,AMG,Series,Government Verified,EPA,EPA FuelEconomy.gov Vehicle Fuel Economy Dataset,https://www.fueleconomy.gov/feg/epadata/vehicles.csv,
2025,Mercedes-Benz,GLB-Class,Glb35,Trim,Government Verified,EPA,EPA FuelEconomy.gov Vehicle Fuel Economy Dataset,https://www.fueleconomy.gov/feg/epadata/vehicles.csv,
2025,Mercedes-Benz,GLC-Class,AMG,Series,Government Verified,EPA,EPA FuelEconomy.gov Vehicle Fuel Economy Dataset,https://www.fueleconomy.gov/feg/epadata/vehicles.csv,
2025,Mercedes-Benz,GLC-Class,Glc350E,Trim,Government Verified,EPA,EPA FuelEconomy.gov Vehicle Fuel Economy Dataset,https://www.fueleconomy.gov/feg/epadata/vehicles.csv,
2025,Mercedes-Benz,GLC-Class,Glc43,Trim,Government Verified,EPA,EPA FuelEconomy.gov Vehicle Fuel Economy Dataset,https://www.fueleconomy.gov/feg/epadata/vehicles.csv,
2025,Mercedes-Benz,GLC-Class,Glc63,Trim,Government Verified,EPA,EPA FuelEconomy.gov Vehicle Fuel Economy Dataset,https://www.fueleconomy.gov/feg/epadata/vehicles.csv,
2025,Mercedes-Benz,GLE-Class,AMG,Series,Government Verified,EPA,EPA FuelEconomy.gov Vehicle Fuel Economy Dataset,https://www.fueleconomy.gov/feg/epadata/vehicles.csv,
2025,Mercedes-Benz,GLE-Class,Gle53,Trim,Government Verified,EPA,EPA FuelEconomy.gov Vehicle Fuel Economy Dataset,https://www.fueleconomy.gov/feg/epadata/vehicles.csv,
2025,Mercedes-Benz,GLS-Class,AMG,Series,Government Verified,EPA,EPA FuelEconomy.gov Vehicle Fuel Economy Dataset,https://www.fueleconomy.gov/feg/epadata/vehicles.csv,
2025,Mercedes-Benz,GLS-Class,Gls63,Trim,Government Verified,EPA,EPA FuelEconomy.gov Vehicle Fuel Economy Dataset,https://www.fueleconomy.gov/feg/epadata/vehicles.csv,
2025,Mercedes-Benz,S-Class,AMG,Series,Government Verified,EPA,EPA FuelEconomy.gov Vehicle Fuel Economy Dataset,https://www.fueleconomy.gov/feg/epadata/vehicles.csv,
2025,Mercedes-Benz,S-Class,S500,Trim,Government Verified,EPA,EPA FuelEconomy.gov Vehicle Fuel Economy Dataset,https://www.fueleconomy.gov/feg/epadata/vehicles.csv,
2025,Mini,Convertible,Cooper,Trim,Government Verified,EPA,EPA FuelEconomy.gov Vehicle Fuel Economy Dataset,https://www.fueleconomy.gov/feg/epadata/vehicles.csv,
2025,Mini,Convertible,JCW,Trim,Fully Verified,EPA,EPA FuelEconomy.gov Vehicle Fuel Economy Dataset,https://www.fueleconomy.gov/feg/epadata/vehicles.csv,
2025,Mini,Countryman,JCW,Trim,Fully Verified,EPA,EPA FuelEconomy.gov Vehicle Fuel Economy Dataset,https://www.fueleconomy.gov/feg/epadata/vehicles.csv,
2025,Mini,Countryman,SE,Trim,Fully Verified,EPA,EPA FuelEconomy.gov Vehicle Fuel Economy Dataset,https://www.fueleconomy.gov/feg/epadata/vehicles.csv,
2025,Mini,Hardtop,Cooper,Trim,Government Verified,EPA,EPA FuelEconomy.gov Vehicle Fuel Economy Dataset,https://www.fueleconomy.gov/feg/epadata/vehicles.csv,
2025,Mini,Hardtop,JCW,Trim,Fully Verified,EPA,EPA FuelEconomy.gov Vehicle Fuel Economy Dataset,https://www.fueleconomy.gov/feg/epadata/vehicles.csv,
2025,Nissan,Altima,SR,Trim,Government Verified,EPA,EPA FuelEconomy.gov Vehicle Fuel Economy Dataset,https://www.fueleconomy.gov/feg/epadata/vehicles.csv,
2025,Nissan,Pathfinder,Platinum,Trim,Government Verified,EPA,EPA FuelEconomy.gov Vehicle Fuel Economy Dataset,https://www.fueleconomy.gov/feg/epadata/vehicles.csv,
2025,Nissan,Rogue,Platinum,Trim,Government Verified,EPA,EPA FuelEconomy.gov Vehicle Fuel Economy Dataset,https://www.fueleconomy.gov/feg/epadata/vehicles.csv,
2025,Nissan,Sentra,SR,Trim,Fully Verified,EPA,EPA FuelEconomy.gov Vehicle Fuel Economy Dataset,https://www.fueleconomy.gov/feg/epadata/vehicles.csv,
2025,Nissan,Z,Nismo,Trim,Government Verified,EPA,EPA FuelEconomy.gov Vehicle Fuel Economy Dataset,https://www.fueleconomy.gov/feg/epadata/vehicles.csv,
2025,Porsche,718 Boxster,GTS,Trim,Fully Verified,EPA,EPA FuelEconomy.gov Vehicle Fuel Economy Dataset,https://www.fueleconomy.gov/feg/epadata/vehicles.csv,
2025,Porsche,718 Boxster,RS,Trim,Government Verified,EPA,EPA FuelEconomy.gov Vehicle Fuel Economy Dataset,https://www.fueleconomy.gov/feg/epadata/vehicles.csv,
2025,Porsche,718 Cayman,GTS,Trim,Fully Verified,EPA,EPA FuelEconomy.gov Vehicle Fuel Economy Dataset,https://www.fueleconomy.gov/feg/epadata/vehicles.csv,
2025,Porsche,718 GT4,RS,Trim,Government Verified,EPA,EPA FuelEconomy.gov Vehicle Fuel Economy Dataset,https://www.fueleconomy.gov/feg/epadata/vehicles.csv,
2025,Porsche,911,Carrera,Trim,Government Verified,EPA,EPA FuelEconomy.gov Vehicle Fuel Economy Dataset,https://www.fueleconomy.gov/feg/epadata/vehicles.csv,
2025,Porsche,911,GTS,Trim,Fully Verified,EPA,EPA FuelEconomy.gov Vehicle Fuel Economy Dataset,https://www.fueleconomy.gov/feg/epadata/vehicles.csv,
2025,Porsche,911,Targa,Trim,Government Verified,EPA,EPA FuelEconomy.gov Vehicle Fuel Economy Dataset,https://www.fueleconomy.gov/feg/epadata/vehicles.csv,
2025,Porsche,Cayenne,GT,Trim,Government Verified,EPA,EPA FuelEconomy.gov Vehicle Fuel Economy Dataset,https://www.fueleconomy.gov/feg/epadata/vehicles.csv,
2025,Porsche,Cayenne,GTS,Trim,Fully Verified,EPA,EPA FuelEconomy.gov Vehicle Fuel Economy Dataset,https://www.fueleconomy.gov/feg/epadata/vehicles.csv,
2025,Porsche,Macan,GTS,Trim,Fully Verified,EPA,EPA FuelEconomy.gov Vehicle Fuel Economy Dataset,https://www.fueleconomy.gov/feg/epadata/vehicles.csv,
2025,Porsche,Panamera,GTS,Trim,Fully Verified,EPA,EPA FuelEconomy.gov Vehicle Fuel Economy Dataset,https://www.fueleconomy.gov/feg/epadata/vehicles.csv,
2025,Porsche,Taycan,GT,Trim,Government Verified,EPA,EPA FuelEconomy.gov Vehicle Fuel Economy Dataset,https://www.fueleconomy.gov/feg/epadata/vehicles.csv,
2025,Porsche,Taycan,GTS,Trim,Government Verified,EPA,EPA FuelEconomy.gov Vehicle Fuel Economy Dataset,https://www.fueleconomy.gov/feg/epadata/vehicles.csv,
2025,Porsche,Taycan,Performance,Trim,Government Verified,EPA,EPA FuelEconomy.gov Vehicle Fuel Economy Dataset,https://www.fueleconomy.gov/feg/epadata/vehicles.csv,
2025,Porsche,Taycan,Sport,Trim,Government Verified,EPA,EPA FuelEconomy.gov Vehicle Fuel Economy Dataset,https://www.fueleconomy.gov/feg/epadata/vehicles.csv,
2025,Porsche,Taycan,With,Trim,Government Verified,EPA,EPA FuelEconomy.gov Vehicle Fuel Economy Dataset,https://www.fueleconomy.gov/feg/epadata/vehicles.csv,
2025,Ram,1500,RHO,Trim,Government Verified,EPA,EPA FuelEconomy.gov Vehicle Fuel Economy Dataset,https://www.fueleconomy.gov/feg/epadata/vehicles.csv,
2025,Toyota,Camry,LE,Trim,Government Verified,EPA,EPA FuelEconomy.gov Vehicle Fuel Economy Dataset,https://www.fueleconomy.gov/feg/epadata/vehicles.csv,
2025,Toyota,Camry,SE,Trim,Government Verified,EPA,EPA FuelEconomy.gov Vehicle Fuel Economy Dataset,https://www.fueleconomy.gov/feg/epadata/vehicles.csv,
2025,Toyota,Camry,XLE,Trim,Government Verified,EPA,EPA FuelEconomy.gov Vehicle Fuel Economy Dataset,https://www.fueleconomy.gov/feg/epadata/vehicles.csv,
2025,Toyota,Camry,XSE,Trim,Government Verified,EPA,EPA FuelEconomy.gov Vehicle Fuel Economy Dataset,https://www.fueleconomy.gov/feg/epadata/vehicles.csv,
2025,Toyota,Corolla,XSE,Trim,Government Verified,EPA,EPA FuelEconomy.gov Vehicle Fuel Economy Dataset,https://www.fueleconomy.gov/feg/epadata/vehicles.csv,
2025,Toyota,Grand Highlander,LE,Trim,Government Verified,EPA,EPA FuelEconomy.gov Vehicle Fuel Economy Dataset,https://www.fueleconomy.gov/feg/epadata/vehicles.csv,
2025,Toyota,Grand Highlander,Limited,Trim,Government Verified,EPA,EPA FuelEconomy.gov Vehicle Fuel Economy Dataset,https://www.fueleconomy.gov/feg/epadata/vehicles.csv,
2025,Toyota,Grand Highlander,Platinum,Trim,Government Verified,EPA,EPA FuelEconomy.gov Vehicle Fuel Economy Dataset,https://www.fueleconomy.gov/feg/epadata/vehicles.csv,
2025,Toyota,Grand Highlander,XLE,Trim,Government Verified,EPA,EPA FuelEconomy.gov Vehicle Fuel Economy Dataset,https://www.fueleconomy.gov/feg/epadata/vehicles.csv,
2025,Toyota,Mirai,XLE,Trim,Government Verified,EPA,EPA FuelEconomy.gov Vehicle Fuel Economy Dataset,https://www.fueleconomy.gov/feg/epadata/vehicles.csv,
2025,Toyota,Prius,SE,Trim,Government Verified,EPA,EPA FuelEconomy.gov Vehicle Fuel Economy Dataset,https://www.fueleconomy.gov/feg/epadata/vehicles.csv,
2025,Toyota,Prius,XLE,Trim,Government Verified,EPA,EPA FuelEconomy.gov Vehicle Fuel Economy Dataset,https://www.fueleconomy.gov/feg/epadata/vehicles.csv,
2025,Toyota,RAV4,LE,Trim,Government Verified,EPA,EPA FuelEconomy.gov Vehicle Fuel Economy Dataset,https://www.fueleconomy.gov/feg/epadata/vehicles.csv,
2025,Toyota,Tacoma,Limited,Trim,Government Verified,EPA,EPA FuelEconomy.gov Vehicle Fuel Economy Dataset,https://www.fueleconomy.gov/feg/epadata/vehicles.csv,
2025,Toyota,Tacoma,SR5,Trim,Government Verified,EPA,EPA FuelEconomy.gov Vehicle Fuel Economy Dataset,https://www.fueleconomy.gov/feg/epadata/vehicles.csv,
2025,Toyota,Tacoma,Sport,Trim,Government Verified,EPA,EPA FuelEconomy.gov Vehicle Fuel Economy Dataset,https://www.fueleconomy.gov/feg/epadata/vehicles.csv,
2025,Toyota,bZ4X,Limited,Trim,Government Verified,EPA,EPA FuelEconomy.gov Vehicle Fuel Economy Dataset,https://www.fueleconomy.gov/feg/epadata/vehicles.csv,
2025,Volkswagen,Atlas,SE,Trim,Government Verified,EPA,EPA FuelEconomy.gov Vehicle Fuel Economy Dataset,https://www.fueleconomy.gov/feg/epadata/vehicles.csv,
2025,Volkswagen,Jetta,SE,Trim,Government Verified,EPA,EPA FuelEconomy.gov Vehicle Fuel Economy Dataset,https://www.fueleconomy.gov/feg/epadata/vehicles.csv,
2025,Volkswagen,Jetta,Sport,Trim,Government Verified,EPA,EPA FuelEconomy.gov Vehicle Fuel Economy Dataset,https://www.fueleconomy.gov/feg/epadata/vehicles.csv,
2026,Acura,Integra,A-Spec,Trim,Government Verified,EPA,EPA FuelEconomy.gov Vehicle Fuel Economy Dataset,https://www.fueleconomy.gov/feg/epadata/vehicles.csv,
2026,Acura,MDX,Type S,Trim,Fully Verified,EPA,EPA FuelEconomy.gov Vehicle Fuel Economy Dataset,https://www.fueleconomy.gov/feg/epadata/vehicles.csv,
2026,Acura,RDX,A-Spec,Trim,Government Verified,EPA,EPA FuelEconomy.gov Vehicle Fuel Economy Dataset,https://www.fueleconomy.gov/feg/epadata/vehicles.csv,
2026,Acura,ZDX,Type S,Trim,Government Verified,EPA,EPA FuelEconomy.gov Vehicle Fuel Economy Dataset,https://www.fueleconomy.gov/feg/epadata/vehicles.csv,
2026,Audi,S e-tron,GT,Trim,Fully Verified,EPA,EPA FuelEconomy.gov Vehicle Fuel Economy Dataset,https://www.fueleconomy.gov/feg/epadata/vehicles.csv,
2026,Audi,e-tron GT,RS,Trim,Fully Verified,EPA,EPA FuelEconomy.gov Vehicle Fuel Economy Dataset,https://www.fueleconomy.gov/feg/epadata/vehicles.csv,
2026,BMW,2 Series,M240I,Trim,Government Verified,EPA,EPA FuelEconomy.gov Vehicle Fuel Economy Dataset,https://www.fueleconomy.gov/feg/epadata/vehicles.csv,
2026,BMW,3 Series,M340I,Trim,Government Verified,EPA,EPA FuelEconomy.gov Vehicle Fuel Economy Dataset,https://www.fueleconomy.gov/feg/epadata/vehicles.csv,
2026,BMW,4 Series,M440I,Trim,Government Verified,EPA,EPA FuelEconomy.gov Vehicle Fuel Economy Dataset,https://www.fueleconomy.gov/feg/epadata/vehicles.csv,
2026,BMW,8 Series,M850I,Trim,Government Verified,EPA,EPA FuelEconomy.gov Vehicle Fuel Economy Dataset,https://www.fueleconomy.gov/feg/epadata/vehicles.csv,
2026,BMW,M5,Touring,Trim,Government Verified,EPA,EPA FuelEconomy.gov Vehicle Fuel Economy Dataset,https://www.fueleconomy.gov/feg/epadata/vehicles.csv,
2026,BMW,Z4,M40I,Trim,Government Verified,EPA,EPA FuelEconomy.gov Vehicle Fuel Economy Dataset,https://www.fueleconomy.gov/feg/epadata/vehicles.csv,
2026,BMW,i4,Edrive40,Trim,Government Verified,EPA,EPA FuelEconomy.gov Vehicle Fuel Economy Dataset,https://www.fueleconomy.gov/feg/epadata/vehicles.csv,
2026,Bentley,Continental,GT,Trim,Fully Verified,EPA,EPA FuelEconomy.gov Vehicle Fuel Economy Dataset,https://www.fueleconomy.gov/feg/epadata/vehicles.csv,
2026,Chevrolet,Blazer EV,SS,Trim,Government Verified,EPA,EPA FuelEconomy.gov Vehicle Fuel Economy Dataset,https://www.fueleconomy.gov/feg/epadata/vehicles.csv,
2026,Chevrolet,Corvette,Z06,Trim,Government Verified,EPA,EPA FuelEconomy.gov Vehicle Fuel Economy Dataset,https://www.fueleconomy.gov/feg/epadata/vehicles.csv,
2026,Chevrolet,Corvette,ZR1,Trim,Government Verified,EPA,EPA FuelEconomy.gov Vehicle Fuel Economy Dataset,https://www.fueleconomy.gov/feg/epadata/vehicles.csv,
2026,Ford,Bronco,Badlands,Trim,Government Verified,EPA,EPA FuelEconomy.gov Vehicle Fuel Economy Dataset,https://www.fueleconomy.gov/feg/epadata/vehicles.csv,
2026,Ford,Bronco,Outer Banks,Trim,Government Verified,EPA,EPA FuelEconomy.gov Vehicle Fuel Economy Dataset,https://www.fueleconomy.gov/feg/epadata/vehicles.csv,
2026,Ford,Bronco,Raptor,Sub-model,Government Verified,EPA,EPA FuelEconomy.gov Vehicle Fuel Economy Dataset,https://www.fueleconomy.gov/feg/epadata/vehicles.csv,
2026,Ford,F-150,Raptor,Sub-model,Government Verified,EPA,EPA FuelEconomy.gov Vehicle Fuel Economy Dataset,https://www.fueleconomy.gov/feg/epadata/vehicles.csv,
2026,Ford,Maverick,Lariat,Trim,Government Verified,EPA,EPA FuelEconomy.gov Vehicle Fuel Economy Dataset,https://www.fueleconomy.gov/feg/epadata/vehicles.csv,
2026,Ford,Mustang Mach-E,GT,Trim,Government Verified,EPA,EPA FuelEconomy.gov Vehicle Fuel Economy Dataset,https://www.fueleconomy.gov/feg/epadata/vehicles.csv,
2026,Ford,Ranger,Raptor,Sub-model,Government Verified,EPA,EPA FuelEconomy.gov Vehicle Fuel Economy Dataset,https://www.fueleconomy.gov/feg/epadata/vehicles.csv,
2026,GMC,Terrain,AT4,Trim,Government Verified,EPA,EPA FuelEconomy.gov Vehicle Fuel Economy Dataset,https://www.fueleconomy.gov/feg/epadata/vehicles.csv,
2026,GMC,Terrain,Denali,Trim,Government Verified,EPA,EPA FuelEconomy.gov Vehicle Fuel Economy Dataset,https://www.fueleconomy.gov/feg/epadata/vehicles.csv,
2026,Honda,Accord,SE,Trim,Fully Verified,EPA,EPA FuelEconomy.gov Vehicle Fuel Economy Dataset,https://www.fueleconomy.gov/feg/epadata/vehicles.csv,
2026,Honda,Accord,Sport,Trim,Government Verified,EPA,EPA FuelEconomy.gov Vehicle Fuel Economy Dataset,https://www.fueleconomy.gov/feg/epadata/vehicles.csv,
2026,Honda,Accord,Touring,Trim,Government Verified,EPA,EPA FuelEconomy.gov Vehicle Fuel Economy Dataset,https://www.fueleconomy.gov/feg/epadata/vehicles.csv,
2026,Honda,Pilot,Touring,Trim,Government Verified,EPA,EPA FuelEconomy.gov Vehicle Fuel Economy Dataset,https://www.fueleconomy.gov/feg/epadata/vehicles.csv,
2026,Jaguar,F-PACE,SVR,Trim,Government Verified,EPA,EPA FuelEconomy.gov Vehicle Fuel Economy Dataset,https://www.fueleconomy.gov/feg/epadata/vehicles.csv,
2026,Kia,EV6,GT,Trim,Government Verified,EPA,EPA FuelEconomy.gov Vehicle Fuel Economy Dataset,https://www.fueleconomy.gov/feg/epadata/vehicles.csv,
2026,Kia,EV9,GT,Trim,Government Verified,EPA,EPA FuelEconomy.gov Vehicle Fuel Economy Dataset,https://www.fueleconomy.gov/feg/epadata/vehicles.csv,
2026,Lamborghini,Urus,SE,Trim,Government Verified,EPA,EPA FuelEconomy.gov Vehicle Fuel Economy Dataset,https://www.fueleconomy.gov/feg/epadata/vehicles.csv,
2026,Land Rover,Range Rover Sport,SVR,Trim,Government Verified,EPA,EPA FuelEconomy.gov Vehicle Fuel Economy Dataset,https://www.fueleconomy.gov/feg/epadata/vehicles.csv,
2026,Lucid,Air,Touring,Trim,Government Verified,EPA,EPA FuelEconomy.gov Vehicle Fuel Economy Dataset,https://www.fueleconomy.gov/feg/epadata/vehicles.csv,
2026,Lucid,Gravity,GT,Trim,Government Verified,EPA,EPA FuelEconomy.gov Vehicle Fuel Economy Dataset,https://www.fueleconomy.gov/feg/epadata/vehicles.csv,
2026,Lucid,Gravity,Touring,Trim,Government Verified,EPA,EPA FuelEconomy.gov Vehicle Fuel Economy Dataset,https://www.fueleconomy.gov/feg/epadata/vehicles.csv,
2026,Mercedes-Benz,C-Class,AMG,Series,Government Verified,EPA,EPA FuelEconomy.gov Vehicle Fuel Economy Dataset,https://www.fueleconomy.gov/feg/epadata/vehicles.csv,
2026,Mercedes-Benz,C-Class,C43,Trim,Government Verified,EPA,EPA FuelEconomy.gov Vehicle Fuel Economy Dataset,https://www.fueleconomy.gov/feg/epadata/vehicles.csv,
2026,Mercedes-Benz,CLA-Class,AMG,Series,Government Verified,EPA,EPA FuelEconomy.gov Vehicle Fuel Economy Dataset,https://www.fueleconomy.gov/feg/epadata/vehicles.csv,
2026,Mercedes-Benz,CLA-Class,Cla250,Trim,Government Verified,EPA,EPA FuelEconomy.gov Vehicle Fuel Economy Dataset,https://www.fueleconomy.gov/feg/epadata/vehicles.csv,
2026,Mercedes-Benz,CLA-Class,Cla35,Trim,Government Verified,EPA,EPA FuelEconomy.gov Vehicle Fuel Economy Dataset,https://www.fueleconomy.gov/feg/epadata/vehicles.csv,
2026,Mercedes-Benz,CLA-Class,Cla45,Trim,Government Verified,EPA,EPA FuelEconomy.gov Vehicle Fuel Economy Dataset,https://www.fueleconomy.gov/feg/epadata/vehicles.csv,
2026,Mercedes-Benz,CLE-Class,AMG,Series,Government Verified,EPA,EPA FuelEconomy.gov Vehicle Fuel Economy Dataset,https://www.fueleconomy.gov/feg/epadata/vehicles.csv,
2026,Mercedes-Benz,CLE-Class,Cle53,Trim,Government Verified,EPA,EPA FuelEconomy.gov Vehicle Fuel Economy Dataset,https://www.fueleconomy.gov/feg/epadata/vehicles.csv,
2026,Mercedes-Benz,E-Class,AMG,Series,Government Verified,EPA,EPA FuelEconomy.gov Vehicle Fuel Economy Dataset,https://www.fueleconomy.gov/feg/epadata/vehicles.csv,
2026,Mercedes-Benz,E-Class,E53,Trim,Government Verified,EPA,EPA FuelEconomy.gov Vehicle Fuel Economy Dataset,https://www.fueleconomy.gov/feg/epadata/vehicles.csv,
2026,Mercedes-Benz,E-Class,Station,Trim,Government Verified,EPA,EPA FuelEconomy.gov Vehicle Fuel Economy Dataset,https://www.fueleconomy.gov/feg/epadata/vehicles.csv,
2026,Mercedes-Benz,G-Class,AMG,Series,Government Verified,EPA,EPA FuelEconomy.gov Vehicle Fuel Economy Dataset,https://www.fueleconomy.gov/feg/epadata/vehicles.csv,
2026,Mercedes-Benz,G-Class,G63,Trim,Government Verified,EPA,EPA FuelEconomy.gov Vehicle Fuel Economy Dataset,https://www.fueleconomy.gov/feg/epadata/vehicles.csv,
2026,Mercedes-Benz,GLA-Class,AMG,Series,Government Verified,EPA,EPA FuelEconomy.gov Vehicle Fuel Economy Dataset,https://www.fueleconomy.gov/feg/epadata/vehicles.csv,
2026,Mercedes-Benz,GLB-Class,AMG,Series,Government Verified,EPA,EPA FuelEconomy.gov Vehicle Fuel Economy Dataset,https://www.fueleconomy.gov/feg/epadata/vehicles.csv,
2026,Mercedes-Benz,GLB-Class,Glb35,Trim,Government Verified,EPA,EPA FuelEconomy.gov Vehicle Fuel Economy Dataset,https://www.fueleconomy.gov/feg/epadata/vehicles.csv,
2026,Mercedes-Benz,GLC-Class,AMG,Series,Government Verified,EPA,EPA FuelEconomy.gov Vehicle Fuel Economy Dataset,https://www.fueleconomy.gov/feg/epadata/vehicles.csv,
2026,Mercedes-Benz,GLC-Class,Glc43,Trim,Government Verified,EPA,EPA FuelEconomy.gov Vehicle Fuel Economy Dataset,https://www.fueleconomy.gov/feg/epadata/vehicles.csv,
2026,Mercedes-Benz,GLE-Class,AMG,Series,Government Verified,EPA,EPA FuelEconomy.gov Vehicle Fuel Economy Dataset,https://www.fueleconomy.gov/feg/epadata/vehicles.csv,
2026,Mercedes-Benz,GLE-Class,Gle53,Trim,Government Verified,EPA,EPA FuelEconomy.gov Vehicle Fuel Economy Dataset,https://www.fueleconomy.gov/feg/epadata/vehicles.csv,
2026,Mercedes-Benz,GLS-Class,AMG,Series,Government Verified,EPA,EPA FuelEconomy.gov Vehicle Fuel Economy Dataset,https://www.fueleconomy.gov/feg/epadata/vehicles.csv,
2026,Mercedes-Benz,GLS-Class,Gls63,Trim,Government Verified,EPA,EPA FuelEconomy.gov Vehicle Fuel Economy Dataset,https://www.fueleconomy.gov/feg/epadata/vehicles.csv,
2026,Mercedes-Benz,S-Class,S500,Trim,Government Verified,EPA,EPA FuelEconomy.gov Vehicle Fuel Economy Dataset,https://www.fueleconomy.gov/feg/epadata/vehicles.csv,
2026,Mini,Convertible,Cooper,Trim,Government Verified,EPA,EPA FuelEconomy.gov Vehicle Fuel Economy Dataset,https://www.fueleconomy.gov/feg/epadata/vehicles.csv,
2026,Mini,Convertible,JCW,Trim,Fully Verified,EPA,EPA FuelEconomy.gov Vehicle Fuel Economy Dataset,https://www.fueleconomy.gov/feg/epadata/vehicles.csv,
2026,Mini,Cooper,JCW,Trim,Fully Verified,EPA,EPA FuelEconomy.gov Vehicle Fuel Economy Dataset,https://www.fueleconomy.gov/feg/epadata/vehicles.csv,
2026,Mini,Countryman,JCW,Trim,Fully Verified,EPA,EPA FuelEconomy.gov Vehicle Fuel Economy Dataset,https://www.fueleconomy.gov/feg/epadata/vehicles.csv,
2026,Mini,Countryman,SE,Trim,Fully Verified,EPA,EPA FuelEconomy.gov Vehicle Fuel Economy Dataset,https://www.fueleconomy.gov/feg/epadata/vehicles.csv,
2026,Nissan,LEAF,Battery,Trim,Government Verified,EPA,EPA FuelEconomy.gov Vehicle Fuel Economy Dataset,https://www.fueleconomy.gov/feg/epadata/vehicles.csv,
2026,Nissan,Pathfinder,Platinum,Trim,Government Verified,EPA,EPA FuelEconomy.gov Vehicle Fuel Economy Dataset,https://www.fueleconomy.gov/feg/epadata/vehicles.csv,
2026,Nissan,Sentra,SR,Trim,Fully Verified,EPA,EPA FuelEconomy.gov Vehicle Fuel Economy Dataset,https://www.fueleconomy.gov/feg/epadata/vehicles.csv,
2026,Nissan,Z,Nismo,Trim,Government Verified,EPA,EPA FuelEconomy.gov Vehicle Fuel Economy Dataset,https://www.fueleconomy.gov/feg/epadata/vehicles.csv,
2026,Porsche,911,Carrera,Trim,Government Verified,EPA,EPA FuelEconomy.gov Vehicle Fuel Economy Dataset,https://www.fueleconomy.gov/feg/epadata/vehicles.csv,
2026,Porsche,911,GT3,Trim,Government Verified,EPA,EPA FuelEconomy.gov Vehicle Fuel Economy Dataset,https://www.fueleconomy.gov/feg/epadata/vehicles.csv,
2026,Porsche,911,GTS,Trim,Fully Verified,EPA,EPA FuelEconomy.gov Vehicle Fuel Economy Dataset,https://www.fueleconomy.gov/feg/epadata/vehicles.csv,
2026,Porsche,911,Targa,Trim,Government Verified,EPA,EPA FuelEconomy.gov Vehicle Fuel Economy Dataset,https://www.fueleconomy.gov/feg/epadata/vehicles.csv,
2026,Porsche,911,Touring,Trim,Fully Verified,EPA,EPA FuelEconomy.gov Vehicle Fuel Economy Dataset,https://www.fueleconomy.gov/feg/epadata/vehicles.csv,
2026,Porsche,Cayenne,GT,Trim,Government Verified,EPA,EPA FuelEconomy.gov Vehicle Fuel Economy Dataset,https://www.fueleconomy.gov/feg/epadata/vehicles.csv,
2026,Porsche,Cayenne,GTS,Trim,Fully Verified,EPA,EPA FuelEconomy.gov Vehicle Fuel Economy Dataset,https://www.fueleconomy.gov/feg/epadata/vehicles.csv,
2026,Porsche,Macan,GTS,Trim,Fully Verified,EPA,EPA FuelEconomy.gov Vehicle Fuel Economy Dataset,https://www.fueleconomy.gov/feg/epadata/vehicles.csv,
2026,Porsche,Taycan,GT,Trim,Government Verified,EPA,EPA FuelEconomy.gov Vehicle Fuel Economy Dataset,https://www.fueleconomy.gov/feg/epadata/vehicles.csv,
2026,Porsche,Taycan,GTS,Trim,Government Verified,EPA,EPA FuelEconomy.gov Vehicle Fuel Economy Dataset,https://www.fueleconomy.gov/feg/epadata/vehicles.csv,
2026,Porsche,Taycan,Performance,Trim,Government Verified,EPA,EPA FuelEconomy.gov Vehicle Fuel Economy Dataset,https://www.fueleconomy.gov/feg/epadata/vehicles.csv,
2026,Porsche,Taycan,Sport,Trim,Government Verified,EPA,EPA FuelEconomy.gov Vehicle Fuel Economy Dataset,https://www.fueleconomy.gov/feg/epadata/vehicles.csv,
2026,Porsche,Taycan,With,Trim,Government Verified,EPA,EPA FuelEconomy.gov Vehicle Fuel Economy Dataset,https://www.fueleconomy.gov/feg/epadata/vehicles.csv,
2026,Ram,1500,RHO,Trim,Government Verified,EPA,EPA FuelEconomy.gov Vehicle Fuel Economy Dataset,https://www.fueleconomy.gov/feg/epadata/vehicles.csv,
2026,Tesla,Model 3,Premium,Trim,Government Verified,EPA,EPA FuelEconomy.gov Vehicle Fuel Economy Dataset,https://www.fueleconomy.gov/feg/epadata/vehicles.csv,
2026,Toyota,Camry,LE,Trim,Government Verified,EPA,EPA FuelEconomy.gov Vehicle Fuel Economy Dataset,https://www.fueleconomy.gov/feg/epadata/vehicles.csv,
2026,Toyota,Camry,SE,Trim,Government Verified,EPA,EPA FuelEconomy.gov Vehicle Fuel Economy Dataset,https://www.fueleconomy.gov/feg/epadata/vehicles.csv,
2026,Toyota,Camry,XLE,Trim,Government Verified,EPA,EPA FuelEconomy.gov Vehicle Fuel Economy Dataset,https://www.fueleconomy.gov/feg/epadata/vehicles.csv,
2026,Toyota,Camry,XSE,Trim,Government Verified,EPA,EPA FuelEconomy.gov Vehicle Fuel Economy Dataset,https://www.fueleconomy.gov/feg/epadata/vehicles.csv,
2026,Toyota,Corolla,SE,Trim,Government Verified,EPA,EPA FuelEconomy.gov Vehicle Fuel Economy Dataset,https://www.fueleconomy.gov/feg/epadata/vehicles.csv,
2026,Toyota,Corolla,XSE,Trim,Government Verified,EPA,EPA FuelEconomy.gov Vehicle Fuel Economy Dataset,https://www.fueleconomy.gov/feg/epadata/vehicles.csv,
2026,Toyota,Grand Highlander,LE,Trim,Government Verified,EPA,EPA FuelEconomy.gov Vehicle Fuel Economy Dataset,https://www.fueleconomy.gov/feg/epadata/vehicles.csv,
2026,Toyota,Grand Highlander,Limited,Trim,Government Verified,EPA,EPA FuelEconomy.gov Vehicle Fuel Economy Dataset,https://www.fueleconomy.gov/feg/epadata/vehicles.csv,
2026,Toyota,Grand Highlander,Platinum,Trim,Government Verified,EPA,EPA FuelEconomy.gov Vehicle Fuel Economy Dataset,https://www.fueleconomy.gov/feg/epadata/vehicles.csv,
2026,Toyota,Grand Highlander,XLE,Trim,Government Verified,EPA,EPA FuelEconomy.gov Vehicle Fuel Economy Dataset,https://www.fueleconomy.gov/feg/epadata/vehicles.csv,
2026,Toyota,Prius,XLE,Trim,Government Verified,EPA,EPA FuelEconomy.gov Vehicle Fuel Economy Dataset,https://www.fueleconomy.gov/feg/epadata/vehicles.csv,
2026,Toyota,RAV4,LE,Trim,Government Verified,EPA,EPA FuelEconomy.gov Vehicle Fuel Economy Dataset,https://www.fueleconomy.gov/feg/epadata/vehicles.csv,
2026,Toyota,RAV4,Limited,Trim,Government Verified,EPA,EPA FuelEconomy.gov Vehicle Fuel Economy Dataset,https://www.fueleconomy.gov/feg/epadata/vehicles.csv,
2026,Toyota,RAV4,SE,Trim,Government Verified,EPA,EPA FuelEconomy.gov Vehicle Fuel Economy Dataset,https://www.fueleconomy.gov/feg/epadata/vehicles.csv,
2026,Toyota,RAV4,XLE,Trim,Government Verified,EPA,EPA FuelEconomy.gov Vehicle Fuel Economy Dataset,https://www.fueleconomy.gov/feg/epadata/vehicles.csv,
2026,Toyota,RAV4,XSE,Trim,Government Verified,EPA,EPA FuelEconomy.gov Vehicle Fuel Economy Dataset,https://www.fueleconomy.gov/feg/epadata/vehicles.csv,
2026,Toyota,Tacoma,Limited,Trim,Government Verified,EPA,EPA FuelEconomy.gov Vehicle Fuel Economy Dataset,https://www.fueleconomy.gov/feg/epadata/vehicles.csv,
2026,Toyota,Tacoma,SR5,Trim,Government Verified,EPA,EPA FuelEconomy.gov Vehicle Fuel Economy Dataset,https://www.fueleconomy.gov/feg/epadata/vehicles.csv,
2026,Toyota,Tacoma,Sport,Trim,Government Verified,EPA,EPA FuelEconomy.gov Vehicle Fuel Economy Dataset,https://www.fueleconomy.gov/feg/epadata/vehicles.csv,
2026,Toyota,bZ,Limited,Trim,Government Verified,EPA,EPA FuelEconomy.gov Vehicle Fuel Economy Dataset,https://www.fueleconomy.gov/feg/epadata/vehicles.csv,
2026,Volkswagen,Atlas,SE,Trim,Government Verified,EPA,EPA FuelEconomy.gov Vehicle Fuel Economy Dataset,https://www.fueleconomy.gov/feg/epadata/vehicles.csv,
2026,Volkswagen,Jetta,SE,Trim,Government Verified,EPA,EPA FuelEconomy.gov Vehicle Fuel Economy Dataset,https://www.fueleconomy.gov/feg/epadata/vehicles.csv,
2026,Volkswagen,Jetta,Sport,Trim,Government Verified,EPA,EPA FuelEconomy.gov Vehicle Fuel Economy Dataset,https://www.fueleconomy.gov/feg/epadata/vehicles.csv,
2027,BMW,4 Series,M440I,Trim,Government Verified,EPA,EPA FuelEconomy.gov Vehicle Fuel Economy Dataset,https://www.fueleconomy.gov/feg/epadata/vehicles.csv,
2027,Chevrolet,Corvette,Z06,Trim,Government Verified,EPA,EPA FuelEconomy.gov Vehicle Fuel Economy Dataset,https://www.fueleconomy.gov/feg/epadata/vehicles.csv,
2027,Chevrolet,Corvette,ZR1,Trim,Government Verified,EPA,EPA FuelEconomy.gov Vehicle Fuel Economy Dataset,https://www.fueleconomy.gov/feg/epadata/vehicles.csv,
2027,Mercedes-Benz,CLA-Class,Cla250,Trim,Government Verified,EPA,EPA FuelEconomy.gov Vehicle Fuel Economy Dataset,https://www.fueleconomy.gov/feg/epadata/vehicles.csv,
2027,Mini,Countryman,SE,Trim,Fully Verified,EPA,EPA FuelEconomy.gov Vehicle Fuel Economy Dataset,https://www.fueleconomy.gov/feg/epadata/vehicles.csv,
