Standard Make,Standard Model,Standard Hierarchy Value,Classification Type,Confirmed Model Years,First Confirmed Model Year,Last Confirmed Model Year,Non-Contiguous Year Segments,Lifecycle Status,Validation Status,Source Organization Count,Source Dataset Count,Primary Source Organization,Primary Source Document,Primary Source URL,Secondary Source Organization,Secondary Source Document,Secondary Source URL,Source Access Date,Catalog Origin,Present in Original Source,Raw Source Value,Notes
Acura,Integra,A-Spec,Trim,2023-2026,2023,2026,1,Active,Government Verified,1,1,EPA,EPA FuelEconomy.gov Vehicle Fuel Economy Dataset,https://www.fueleconomy.gov/feg/epadata/vehicles.csv,,,,2026-07-18,Added - External Research (V2),No,Integra A-Spec,Value explicit in EPA certification model strings; observed in 4 model year(s). Carried forward from V3 unchanged.
Acura,MDX,A-Spec,Trim,2019-2020,2019,2020,1,Discontinued,Government Verified,1,1,EPA,EPA FuelEconomy.gov Vehicle Fuel Economy Dataset,https://www.fueleconomy.gov/feg/epadata/vehicles.csv,,,,2026-07-18,Added - External Research (V2),No,MDX AWD A-SPEC,Value explicit in EPA certification model strings; observed in 2 model year(s). Carried forward from V3 unchanged.
Acura,MDX,Type S,Trim,2022-2026,2022,2026,1,Active,Fully Verified,2,2,EPA,EPA FuelEconomy.gov Vehicle Fuel Economy Dataset,https://www.fueleconomy.gov/feg/epadata/vehicles.csv,NHTSA,NHTSA Product Information Catalog (vehicle products API),https://api.nhtsa.gov/products/vehicle/models?modelYear=2022&make=ACURA&issueType=r,2026-07-18,Added - External Research (V2),No,MDX AWD Type-S,Value explicit in EPA certification model strings and NHTSA recall records; observed in 5 model year(s). Carried forward from V3 unchanged.
Acura,RDX,A-Spec,Trim,2019-2026,2019,2026,1,Active,Government Verified,1,1,EPA,EPA FuelEconomy.gov Vehicle Fuel Economy Dataset,https://www.fueleconomy.gov/feg/epadata/vehicles.csv,,,,2026-07-18,Added - External Research (V2),No,RDX AWD A-SPEC,Value explicit in EPA certification model strings; observed in 8 model year(s). Carried forward from V3 unchanged.
Acura,TLX,A-Spec,Trim,2018-2025,2018,2025,1,Active,Government Verified,1,1,EPA,EPA FuelEconomy.gov Vehicle Fuel Economy Dataset,https://www.fueleconomy.gov/feg/epadata/vehicles.csv,,,,2026-07-18,Added - External Research (V2),No,TLX AWD A-SPEC,Value explicit in EPA certification model strings; observed in 8 model year(s). Carried forward from V3 unchanged.
Acura,TLX,Type S,Trim,2021-2025,2021,2025,1,Active,Fully Verified,2,2,EPA,EPA FuelEconomy.gov Vehicle Fuel Economy Dataset,https://www.fueleconomy.gov/feg/epadata/vehicles.csv,NHTSA,NHTSA Product Information Catalog (vehicle products API),https://api.nhtsa.gov/products/vehicle/models?modelYear=2021&make=ACURA&issueType=r,2026-07-18,Added - External Research (V2),No,TLX TYPE S,Value explicit in EPA certification model strings and NHTSA recall records; observed in 5 model year(s). Carried forward from V3 unchanged.
Acura,ZDX,Type S,Trim,2024; 2026,2024,2026,2,Active,Government Verified,1,1,EPA,EPA FuelEconomy.gov Vehicle Fuel Economy Dataset,https://www.fueleconomy.gov/feg/epadata/vehicles.csv,,,,2026-07-18,Added - External Research (V2),No,ZDX AWD Type S,Value explicit in EPA certification model strings; observed in 2 model year(s). Carried forward from V3 unchanged.
Aston Martin,DB-7,GT,Trim,2003,2003,2003,1,Discontinued,Government Verified,1,1,EPA,EPA FuelEconomy.gov Vehicle Fuel Economy Dataset,https://www.fueleconomy.gov/feg/epadata/vehicles.csv,,,,2026-07-18,Added - External Research (V2),No,DB-7 GT Coupe,Value explicit in EPA certification model strings; observed in 1 model year(s). Carried forward from V3 unchanged.
Aston Martin,Vantage,GT,Trim,2015-2016,2015,2016,1,Discontinued,Government Verified,1,1,EPA,EPA FuelEconomy.gov Vehicle Fuel Economy Dataset,https://www.fueleconomy.gov/feg/epadata/vehicles.csv,,,,2026-07-18,Added - External Research (V2),No,Vantage GT,Value explicit in EPA certification model strings; observed in 2 model year(s). Carried forward from V3 unchanged.
Audi,Coupe,GT,Trim,1984-1987,1984,1987,1,Discontinued,Fully Verified,2,2,EPA,EPA FuelEconomy.gov Vehicle Fuel Economy Dataset,https://www.fueleconomy.gov/feg/epadata/vehicles.csv,NHTSA,NHTSA Product Information Catalog (vehicle products API),https://api.nhtsa.gov/products/vehicle/models?modelYear=1984&make=AUDI&issueType=r,2026-07-18,Added - External Research (V2),No,COUPE GT,Value explicit in EPA certification model strings and NHTSA recall records; observed in 4 model year(s). Carried forward from V3 unchanged.
Audi,e-tron GT,RS,Trim,2022-2026,2022,2026,1,Active,Fully Verified,2,2,EPA,EPA FuelEconomy.gov Vehicle Fuel Economy Dataset,https://www.fueleconomy.gov/feg/epadata/vehicles.csv,NHTSA,NHTSA Product Information Catalog (vehicle products API),https://api.nhtsa.gov/products/vehicle/models?modelYear=2022&make=AUDI&issueType=r,2026-07-18,Added - External Research (V2),No,AUDI RS E-TRON GT,Value explicit in EPA certification model strings and NHTSA recall records; observed in 5 model year(s). Carried forward from V3 unchanged.
Audi,R8,GT,Trim,2023,2023,2023,1,Discontinued,Government Verified,1,1,EPA,EPA FuelEconomy.gov Vehicle Fuel Economy Dataset,https://www.fueleconomy.gov/feg/epadata/vehicles.csv,,,,2026-07-18,Added - External Research (V2),No,R8 GT RWD,Value explicit in EPA certification model strings; observed in 1 model year(s). Carried forward from V3 unchanged.
Audi,S e-tron,GT,Trim,2025-2026,2025,2026,1,Active,Fully Verified,2,2,EPA,EPA FuelEconomy.gov Vehicle Fuel Economy Dataset,https://www.fueleconomy.gov/feg/epadata/vehicles.csv,NHTSA,NHTSA Product Information Catalog (vehicle products API),https://api.nhtsa.gov/products/vehicle/models?modelYear=2025&make=AUDI&issueType=r,2026-07-18,Added - External Research (V2),No,S E-TRON GT,Value explicit in EPA certification model strings and NHTSA recall records; observed in 2 model year(s). Carried forward from V3 unchanged.
BMW,3 Series,Sport,Trim,2001-2010; 2012,2001,2012,2,Discontinued,Government Verified,1,1,EPA,EPA FuelEconomy.gov Vehicle Fuel Economy Dataset,https://www.fueleconomy.gov/feg/epadata/vehicles.csv,,,,2026-07-18,Added - External Research (V2),No,325i Sport Wagon,Value explicit in EPA certification model strings; observed in 11 model year(s). Carried forward from V3 unchanged.
BMW,3 Series,Touring,Trim,2000,2000,2000,1,Discontinued,Government Verified,1,1,EPA,EPA FuelEconomy.gov Vehicle Fuel Economy Dataset,https://www.fueleconomy.gov/feg/epadata/vehicles.csv,,,,2026-07-18,Added - External Research (V2),No,323i Touring,Value explicit in EPA certification model strings; observed in 1 model year(s). Carried forward from V3 unchanged.
BMW,5 Series,GT,Trim,2010-2016,2010,2016,1,Discontinued,Fully Verified,2,2,EPA,EPA FuelEconomy.gov Vehicle Fuel Economy Dataset,https://www.fueleconomy.gov/feg/epadata/vehicles.csv,NHTSA,NHTSA Product Information Catalog (vehicle products API),https://api.nhtsa.gov/products/vehicle/models?modelYear=2010&make=BMW&issueType=r,2026-07-18,Added - External Research (V2),No,5 SERIES GT,Value explicit in EPA certification model strings and NHTSA recall records; observed in 7 model year(s). Carried forward from V3 unchanged.
BMW,5 Series,Sport,Trim,2000-2003; 2006-2010,2000,2010,2,Discontinued,Fully Verified,2,2,EPA,EPA FuelEconomy.gov Vehicle Fuel Economy Dataset,https://www.fueleconomy.gov/feg/epadata/vehicles.csv,NHTSA,NHTSA Product Information Catalog (vehicle products API),https://api.nhtsa.gov/products/vehicle/models?modelYear=2000&make=BMW&issueType=r,2026-07-18,Added - External Research (V2),No,5 SERIES SPORT WAGON,Value explicit in EPA certification model strings and NHTSA recall records; observed in 9 model year(s). Carried forward from V3 unchanged.
BMW,5 Series,Touring,Trim,1992-1995; 1999,1992,1999,2,Discontinued,Government Verified,1,1,EPA,EPA FuelEconomy.gov Vehicle Fuel Economy Dataset,https://www.fueleconomy.gov/feg/epadata/vehicles.csv,,,,2026-07-18,Added - External Research (V2),No,525i Touring,Value explicit in EPA certification model strings; observed in 5 model year(s). Carried forward from V3 unchanged.
BMW,M4,GTS,Trim,2016,2016,2016,1,Discontinued,Government Verified,1,1,EPA,EPA FuelEconomy.gov Vehicle Fuel Economy Dataset,https://www.fueleconomy.gov/feg/epadata/vehicles.csv,,,,2026-07-18,Added - External Research (V2),No,M4 GTS,Value explicit in EPA certification model strings; observed in 1 model year(s). Carried forward from V3 unchanged.
BMW,M5,Touring,Trim,2025-2026,2025,2026,1,Active,Government Verified,1,1,EPA,EPA FuelEconomy.gov Vehicle Fuel Economy Dataset,https://www.fueleconomy.gov/feg/epadata/vehicles.csv,,,,2026-07-18,Added - External Research (V2),No,M5 Touring,Value explicit in EPA certification model strings; observed in 2 model year(s). Carried forward from V3 unchanged.
Bentley,Continental,GT,Trim,2004-2010; 2012-2018; 2020-2026,2004,2026,3,Active,Fully Verified,2,2,EPA,EPA FuelEconomy.gov Vehicle Fuel Economy Dataset,https://www.fueleconomy.gov/feg/epadata/vehicles.csv,NHTSA,NHTSA Product Information Catalog (vehicle products API),https://api.nhtsa.gov/products/vehicle/models?modelYear=2004&make=BENTLEY&issueType=r,2026-07-18,Added - External Research (V2),No,CONTINENTAL GT,Value explicit in EPA certification model strings and NHTSA recall records; observed in 21 model year(s). Carried forward from V3 unchanged.
Chevrolet,Blazer EV,SS,Trim,2025-2026,2025,2026,1,Active,Government Verified,1,1,EPA,EPA FuelEconomy.gov Vehicle Fuel Economy Dataset,https://www.fueleconomy.gov/feg/epadata/vehicles.csv,,,,2026-07-18,Added - External Research (V2),No,Blazer EV AWD SS,Value explicit in EPA certification model strings; observed in 2 model year(s). Carried forward from V3 unchanged.
Chevrolet,Chevy Van (G-Series),Sport,Trim,1984-1993,1984,1993,1,Discontinued,Government Verified,1,1,EPA,EPA FuelEconomy.gov Vehicle Fuel Economy Dataset,https://www.fueleconomy.gov/feg/epadata/vehicles.csv,,,,2026-07-18,Added - External Research (V2),No,G10/20 Sport Van 2WD,Value explicit in EPA certification model strings; observed in 10 model year(s). Carried forward from V3 unchanged.
Chevrolet,Cobalt,SS,Trim,2010,2010,2010,1,Discontinued,Government Verified,1,1,EPA,EPA FuelEconomy.gov Vehicle Fuel Economy Dataset,https://www.fueleconomy.gov/feg/epadata/vehicles.csv,,,,2026-07-18,Added - External Research (V2),No,Cobalt SS Coupe,Value explicit in EPA certification model strings; observed in 1 model year(s). Carried forward from V3 unchanged.
Chevrolet,Cruze,Limited,Trim,2016,2016,2016,1,Discontinued,Fully Verified,2,2,EPA,EPA FuelEconomy.gov Vehicle Fuel Economy Dataset,https://www.fueleconomy.gov/feg/epadata/vehicles.csv,NHTSA,NHTSA Product Information Catalog (vehicle products API),https://api.nhtsa.gov/products/vehicle/models?modelYear=2016&make=CHEVROLET&issueType=r,2026-07-18,Added - External Research (V2),No,CRUZE LIMITED,Value explicit in EPA certification model strings and NHTSA recall records; observed in 1 model year(s). Carried forward from V3 unchanged.
Chevrolet,Impala,Limited,Trim,2014-2016,2014,2016,1,Discontinued,Fully Verified,2,2,EPA,EPA FuelEconomy.gov Vehicle Fuel Economy Dataset,https://www.fueleconomy.gov/feg/epadata/vehicles.csv,NHTSA,NHTSA Product Information Catalog (vehicle products API),https://api.nhtsa.gov/products/vehicle/models?modelYear=2014&make=CHEVROLET&issueType=r,2026-07-18,Added - External Research (V2),No,IMPALA LIMITED,Value explicit in EPA certification model strings and NHTSA recall records; observed in 3 model year(s). Carried forward from V3 unchanged.
Chevrolet,Malibu,Limited,Trim,2016,2016,2016,1,Discontinued,Fully Verified,2,2,EPA,EPA FuelEconomy.gov Vehicle Fuel Economy Dataset,https://www.fueleconomy.gov/feg/epadata/vehicles.csv,NHTSA,NHTSA Product Information Catalog (vehicle products API),https://api.nhtsa.gov/products/vehicle/models?modelYear=2016&make=CHEVROLET&issueType=r,2026-07-18,Added - External Research (V2),No,MALIBU LIMITED,Value explicit in EPA certification model strings and NHTSA recall records; observed in 1 model year(s). Carried forward from V3 unchanged.
Chevrolet,Sonic,RS,Trim,2013-2016,2013,2016,1,Discontinued,Government Verified,1,1,EPA,EPA FuelEconomy.gov Vehicle Fuel Economy Dataset,https://www.fueleconomy.gov/feg/epadata/vehicles.csv,,,,2026-07-18,Added - External Research (V2),No,Sonic 5 RS,Value explicit in EPA certification model strings; observed in 4 model year(s). Carried forward from V3 unchanged.
Chevrolet,Traverse,Limited,Trim,2024,2024,2024,1,Discontinued,Government Verified,1,1,EPA,EPA FuelEconomy.gov Vehicle Fuel Economy Dataset,https://www.fueleconomy.gov/feg/epadata/vehicles.csv,,,,2026-07-18,Added - External Research (V2),No,Traverse Limited AWD,Value explicit in EPA certification model strings; observed in 1 model year(s). Carried forward from V3 unchanged.
Dodge,Challenger,GT,Trim,2017-2019,2017,2019,1,Discontinued,Government Verified,1,1,EPA,EPA FuelEconomy.gov Vehicle Fuel Economy Dataset,https://www.fueleconomy.gov/feg/epadata/vehicles.csv,,,,2026-07-18,Added - External Research (V2),No,Challenger GT,Value explicit in EPA certification model strings; observed in 3 model year(s). Carried forward from V3 unchanged.
Dodge,Dart,GT,Trim,2014-2016,2014,2016,1,Discontinued,Government Verified,1,1,EPA,EPA FuelEconomy.gov Vehicle Fuel Economy Dataset,https://www.fueleconomy.gov/feg/epadata/vehicles.csv,,,,2026-07-18,Added - External Research (V2),No,Dart GT,Value explicit in EPA certification model strings; observed in 3 model year(s). Carried forward from V3 unchanged.
Ferrari,456,GT,Trim,1995,1995,1995,1,Discontinued,Government Verified,1,1,EPA,EPA FuelEconomy.gov Vehicle Fuel Economy Dataset,https://www.fueleconomy.gov/feg/epadata/vehicles.csv,,,,2026-07-18,Added - External Research (V2),No,Ferrari 456 GT,Value explicit in EPA certification model strings; observed in 1 model year(s). Carried forward from V3 unchanged.
Fisker,Ocean,Sport,Trim,2024,2024,2024,1,Discontinued,Government Verified,1,1,EPA,EPA FuelEconomy.gov Vehicle Fuel Economy Dataset,https://www.fueleconomy.gov/feg/epadata/vehicles.csv,,,,2026-07-18,Added - External Research (V2),No,Ocean Sport 20in,Value explicit in EPA certification model strings; observed in 1 model year(s). Carried forward from V3 unchanged.
Ford,Bronco,Raptor,Sub-model,2022-2026,2022,2026,1,Active,Government Verified,1,1,EPA,EPA FuelEconomy.gov Vehicle Fuel Economy Dataset,https://www.fueleconomy.gov/feg/epadata/vehicles.csv,,,,2026-07-18,Added - External Research (V2),No,Bronco Raptor 4WD,Value explicit in EPA certification model strings; observed in 5 model year(s). Carried forward from V3 unchanged.
Ford,Bronco,Badlands,Trim,2021-2026,2021,2026,1,Active,Government Verified,1,1,EPA,EPA FuelEconomy.gov Vehicle Fuel Economy Dataset,https://www.fueleconomy.gov/feg/epadata/vehicles.csv,,,,2026-07-18,Added - External Research (V2),No,Bronco Badlands 4WD,Value explicit in EPA certification model strings; observed in 6 model year(s). Carried forward from V3 unchanged.
Ford,Bronco,Black Diamond,Trim,2021-2024,2021,2024,1,Discontinued,Government Verified,1,1,EPA,EPA FuelEconomy.gov Vehicle Fuel Economy Dataset,https://www.fueleconomy.gov/feg/epadata/vehicles.csv,,,,2026-07-18,Added - External Research (V2),No,Bronco Black Diamond 4WD,Value explicit in EPA certification model strings; observed in 4 model year(s). Carried forward from V3 unchanged.
Ford,Bronco,Outer Banks,Trim,2025-2026,2025,2026,1,Active,Government Verified,1,1,EPA,EPA FuelEconomy.gov Vehicle Fuel Economy Dataset,https://www.fueleconomy.gov/feg/epadata/vehicles.csv,,,,2026-07-18,Added - External Research (V2),No,Bronco Outer Banks 4WD,Value explicit in EPA certification model strings; observed in 2 model year(s). Carried forward from V3 unchanged.
Ford,Expedition,Timberline,Trim,2022-2024,2022,2024,1,Discontinued,Government Verified,1,1,EPA,EPA FuelEconomy.gov Vehicle Fuel Economy Dataset,https://www.fueleconomy.gov/feg/epadata/vehicles.csv,,,,2026-07-18,Added - External Research (V2),No,Expedition Timberline AWD,Value explicit in EPA certification model strings; observed in 3 model year(s). Carried forward from V3 unchanged.
Ford,Explorer,Platinum,Trim,2022-2023,2022,2023,1,Discontinued,Government Verified,1,1,EPA,EPA FuelEconomy.gov Vehicle Fuel Economy Dataset,https://www.fueleconomy.gov/feg/epadata/vehicles.csv,,,,2026-07-18,Added - External Research (V2),No,Explorer Platinum HEV AWD,Value explicit in EPA certification model strings; observed in 2 model year(s). Carried forward from V3 unchanged.
Ford,Explorer,Timberline,Trim,2021-2024,2021,2024,1,Discontinued,Government Verified,1,1,EPA,EPA FuelEconomy.gov Vehicle Fuel Economy Dataset,https://www.fueleconomy.gov/feg/epadata/vehicles.csv,,,,2026-07-18,Added - External Research (V2),No,Explorer Timberline AWD,Value explicit in EPA certification model strings; observed in 4 model year(s). Carried forward from V3 unchanged.
Ford,F-150,Lightning,Sub-model,1994-1995; 2000,1994,2000,2,Discontinued,Government Verified,1,1,EPA,EPA FuelEconomy.gov Vehicle Fuel Economy Dataset,https://www.fueleconomy.gov/feg/epadata/vehicles.csv,,,,2026-07-18,Added - External Research (V2),No,Lightning F150 2WD,Value explicit in EPA certification model strings; observed in 3 model year(s). Carried forward from V3 unchanged.
Ford,F-150,Raptor,Sub-model,2011-2014; 2017-2026,2011,2026,2,Active,Government Verified,1,1,EPA,EPA FuelEconomy.gov Vehicle Fuel Economy Dataset,https://www.fueleconomy.gov/feg/epadata/vehicles.csv,,,,2026-07-18,Added - External Research (V2),No,F150 RAPTOR 37 4WD,Value explicit in EPA certification model strings; observed in 14 model year(s). Carried forward from V3 unchanged.
Ford,F-150,Limited,Trim,2019-2020,2019,2020,1,Discontinued,Government Verified,1,1,EPA,EPA FuelEconomy.gov Vehicle Fuel Economy Dataset,https://www.fueleconomy.gov/feg/epadata/vehicles.csv,,,,2026-07-18,Added - External Research (V2),No,F150 Pickup 2WD Limited,Value explicit in EPA certification model strings; observed in 2 model year(s). Carried forward from V3 unchanged.
Ford,F-150,SE,Trim,2007-2008,2007,2008,1,Discontinued,Government Verified,1,1,EPA,EPA FuelEconomy.gov Vehicle Fuel Economy Dataset,https://www.fueleconomy.gov/feg/epadata/vehicles.csv,,,,2026-07-18,Added - External Research (V2),No,F150 STX SE 2WD,Value explicit in EPA certification model strings; observed in 2 model year(s). Carried forward from V3 unchanged.
Ford,F-150,STX,Trim,2007-2008,2007,2008,1,Discontinued,Government Verified,1,1,EPA,EPA FuelEconomy.gov Vehicle Fuel Economy Dataset,https://www.fueleconomy.gov/feg/epadata/vehicles.csv,,,,2026-07-18,Added - External Research (V2),No,F150 STX SE 2WD,Value explicit in EPA certification model strings; observed in 2 model year(s). Carried forward from V3 unchanged.
Ford,F-150,XL,Trim,2018-2020,2018,2020,1,Discontinued,Government Verified,1,1,EPA,EPA FuelEconomy.gov Vehicle Fuel Economy Dataset,https://www.fueleconomy.gov/feg/epadata/vehicles.csv,,,,2026-07-18,Added - External Research (V2),No,F150 Pickup 4WD XL/XLT,Value explicit in EPA certification model strings; observed in 3 model year(s). Carried forward from V3 unchanged.
Ford,F-150,XLT,Trim,2018-2020,2018,2020,1,Discontinued,Government Verified,1,1,EPA,EPA FuelEconomy.gov Vehicle Fuel Economy Dataset,https://www.fueleconomy.gov/feg/epadata/vehicles.csv,,,,2026-07-18,Added - External Research (V2),No,F150 Pickup 4WD XL/XLT,Value explicit in EPA certification model strings; observed in 3 model year(s). Carried forward from V3 unchanged.
Ford,F-150 Lightning,Platinum,Trim,2022-2025,2022,2025,1,Active,Government Verified,1,1,EPA,EPA FuelEconomy.gov Vehicle Fuel Economy Dataset,https://www.fueleconomy.gov/feg/epadata/vehicles.csv,,,,2026-07-18,Added - External Research (V2),No,F-150 Lightning Platinum 4WD,Value explicit in EPA certification model strings; observed in 4 model year(s). Carried forward from V3 unchanged.
Ford,F-150 Lightning,SR,Trim,2025,2025,2025,1,Active,Government Verified,1,1,EPA,EPA FuelEconomy.gov Vehicle Fuel Economy Dataset,https://www.fueleconomy.gov/feg/epadata/vehicles.csv,,,,2026-07-18,Added - External Research (V2),No,F-150 Lightning 4WD SR,Value explicit in EPA certification model strings; observed in 1 model year(s). Carried forward from V3 unchanged.
Ford,Focus,RS,Trim,2016-2018,2016,2018,1,Discontinued,Fully Verified,2,2,EPA,EPA FuelEconomy.gov Vehicle Fuel Economy Dataset,https://www.fueleconomy.gov/feg/epadata/vehicles.csv,NHTSA,NHTSA Product Information Catalog (vehicle products API),https://api.nhtsa.gov/products/vehicle/models?modelYear=2016&make=FORD&issueType=r,2026-07-18,Added - External Research (V2),No,FOCUS RS,Value explicit in EPA certification model strings and NHTSA recall records; observed in 3 model year(s). Carried forward from V3 unchanged.
Ford,Maverick,Lariat,Trim,2026,2026,2026,1,Active,Government Verified,1,1,EPA,EPA FuelEconomy.gov Vehicle Fuel Economy Dataset,https://www.fueleconomy.gov/feg/epadata/vehicles.csv,,,,2026-07-18,Added - External Research (V2),No,Maverick Lariat HEV AWD,Value explicit in EPA certification model strings; observed in 1 model year(s). Carried forward from V3 unchanged.
Ford,Mustang,Mach 1,Sub-model,2021-2023,2021,2023,1,Discontinued,Government Verified,1,1,EPA,EPA FuelEconomy.gov Vehicle Fuel Economy Dataset,https://www.fueleconomy.gov/feg/epadata/vehicles.csv,,,,2026-07-18,Added - External Research (V2),No,Mustang Mach 1,Value explicit in EPA certification model strings; observed in 3 model year(s). Carried forward from V3 unchanged.
Ford,Mustang,Shelby,Sub-model,2016-2022,2016,2022,1,Discontinued,Government Verified,1,1,EPA,EPA FuelEconomy.gov Vehicle Fuel Economy Dataset,https://www.fueleconomy.gov/feg/epadata/vehicles.csv,,,,2026-07-18,Added - External Research (V2),No,Shelby GT350 Mustang,Value explicit in EPA certification model strings; observed in 7 model year(s). Carried forward from V3 unchanged.
Ford,Mustang Mach-E,GT,Trim,2021-2026,2021,2026,1,Active,Government Verified,1,1,EPA,EPA FuelEconomy.gov Vehicle Fuel Economy Dataset,https://www.fueleconomy.gov/feg/epadata/vehicles.csv,,,,2026-07-18,Added - External Research (V2),No,Mustang Mach-E GT,Value explicit in EPA certification model strings; observed in 6 model year(s). Carried forward from V3 unchanged.
Ford,Ranger,Raptor,Sub-model,2024-2026,2024,2026,1,Active,Government Verified,1,1,EPA,EPA FuelEconomy.gov Vehicle Fuel Economy Dataset,https://www.fueleconomy.gov/feg/epadata/vehicles.csv,,,,2026-07-18,Added - External Research (V2),No,Ranger RAPTOR 4WD,Value explicit in EPA certification model strings; observed in 3 model year(s). Carried forward from V3 unchanged.
GMC,Acadia,Limited,Trim,2017,2017,2017,1,Discontinued,Fully Verified,2,2,EPA,EPA FuelEconomy.gov Vehicle Fuel Economy Dataset,https://www.fueleconomy.gov/feg/epadata/vehicles.csv,NHTSA,NHTSA Product Information Catalog (vehicle products API),https://api.nhtsa.gov/products/vehicle/models?modelYear=2017&make=GMC&issueType=r,2026-07-18,Added - External Research (V2),No,ACADIA LIMITED,Value explicit in EPA certification model strings and NHTSA recall records; observed in 1 model year(s). Carried forward from V3 unchanged.
GMC,Terrain,AT4,Trim,2026,2026,2026,1,Active,Government Verified,1,1,EPA,EPA FuelEconomy.gov Vehicle Fuel Economy Dataset,https://www.fueleconomy.gov/feg/epadata/vehicles.csv,,,,2026-07-18,Added - External Research (V2),No,Terrain AWD  Denali/AT4,Value explicit in EPA certification model strings; observed in 1 model year(s). Carried forward from V3 unchanged.
GMC,Terrain,Denali,Trim,2026,2026,2026,1,Active,Government Verified,1,1,EPA,EPA FuelEconomy.gov Vehicle Fuel Economy Dataset,https://www.fueleconomy.gov/feg/epadata/vehicles.csv,,,,2026-07-18,Added - External Research (V2),No,Terrain AWD  Denali/AT4,Value explicit in EPA certification model strings; observed in 1 model year(s). Carried forward from V3 unchanged.
GMC,Yukon,Denali,Trim,1997; 1999; 2002-2003; 2007-2019,1997,2019,4,Discontinued,Fully Verified,2,2,EPA,EPA FuelEconomy.gov Vehicle Fuel Economy Dataset,https://www.fueleconomy.gov/feg/epadata/vehicles.csv,NHTSA,NHTSA Product Information Catalog (vehicle products API),https://api.nhtsa.gov/products/vehicle/models?modelYear=1997&make=GMC&issueType=r,2026-07-18,Added - External Research (V2),No,YUKON DENALI,Value explicit in EPA certification model strings and NHTSA recall records; observed in 17 model year(s). Carried forward from V3 unchanged.
Honda,Accord,SE,Trim,1993; 2026,1993,2026,2,Active,Fully Verified,2,2,EPA,EPA FuelEconomy.gov Vehicle Fuel Economy Dataset,https://www.fueleconomy.gov/feg/epadata/vehicles.csv,NHTSA,NHTSA Product Information Catalog (vehicle products API),https://api.nhtsa.gov/products/vehicle/models?modelYear=1993&make=HONDA&issueType=r,2026-07-18,Added - External Research (V2),No,ACCORD SE 4-DR,Value explicit in EPA certification model strings and NHTSA recall records; observed in 2 model year(s). Carried forward from V3 unchanged.
Honda,Accord,Sport,Trim,2018-2026,2018,2026,1,Active,Government Verified,1,1,EPA,EPA FuelEconomy.gov Vehicle Fuel Economy Dataset,https://www.fueleconomy.gov/feg/epadata/vehicles.csv,,,,2026-07-18,Added - External Research (V2),No,Accord 2.0T Sport/Touring,Value explicit in EPA certification model strings; observed in 9 model year(s). Carried forward from V3 unchanged.
Honda,Accord,Touring,Trim,2018-2026,2018,2026,1,Active,Government Verified,1,1,EPA,EPA FuelEconomy.gov Vehicle Fuel Economy Dataset,https://www.fueleconomy.gov/feg/epadata/vehicles.csv,,,,2026-07-18,Added - External Research (V2),No,Accord 2.0T Sport/Touring,Value explicit in EPA certification model strings; observed in 9 model year(s). Carried forward from V3 unchanged.
Honda,Civic,SI,Trim,2002; 2006-2013; 2015-2020; 2022-2025,2002,2025,4,Active,Fully Verified,2,2,EPA,EPA FuelEconomy.gov Vehicle Fuel Economy Dataset,https://www.fueleconomy.gov/feg/epadata/vehicles.csv,NHTSA,NHTSA Product Information Catalog (vehicle products API),https://api.nhtsa.gov/products/vehicle/models?modelYear=2002&make=HONDA&issueType=r,2026-07-18,Added - External Research (V2),No,CIVIC SEDAN SI,Value explicit in EPA certification model strings and NHTSA recall records; observed in 19 model year(s). Carried forward from V3 unchanged.
Honda,Civic,Sport,Trim,2017-2018,2017,2018,1,Discontinued,Government Verified,1,1,EPA,EPA FuelEconomy.gov Vehicle Fuel Economy Dataset,https://www.fueleconomy.gov/feg/epadata/vehicles.csv,,,,2026-07-18,Added - External Research (V2),No,Civic 5Dr Sport,Value explicit in EPA certification model strings; observed in 2 model year(s). Carried forward from V3 unchanged.
Honda,Civic,Type R,Trim,2017-2021; 2023-2025,2017,2025,2,Active,Fully Verified,2,2,EPA,EPA FuelEconomy.gov Vehicle Fuel Economy Dataset,https://www.fueleconomy.gov/feg/epadata/vehicles.csv,NHTSA,NHTSA Product Information Catalog (vehicle products API),https://api.nhtsa.gov/products/vehicle/models?modelYear=2017&make=HONDA&issueType=r,2026-07-18,Added - External Research (V2),No,CIVIC HATCH TYPE-R,Value explicit in EPA certification model strings and NHTSA recall records; observed in 8 model year(s). Carried forward from V3 unchanged.
Honda,Insight,Touring,Trim,2019-2022,2019,2022,1,Discontinued,Government Verified,1,1,EPA,EPA FuelEconomy.gov Vehicle Fuel Economy Dataset,https://www.fueleconomy.gov/feg/epadata/vehicles.csv,,,,2026-07-18,Added - External Research (V2),No,Insight Touring,Value explicit in EPA certification model strings; observed in 4 model year(s). Carried forward from V3 unchanged.
Honda,Pilot,Touring,Trim,2023-2026,2023,2026,1,Active,Government Verified,1,1,EPA,EPA FuelEconomy.gov Vehicle Fuel Economy Dataset,https://www.fueleconomy.gov/feg/epadata/vehicles.csv,,,,2026-07-18,Added - External Research (V2),No,Pilot AWD Touring/Elite/Black,Value explicit in EPA certification model strings; observed in 4 model year(s). Carried forward from V3 unchanged.
Honda,Prologue,Touring,Trim,2024-2025,2024,2025,1,Active,Government Verified,1,1,EPA,EPA FuelEconomy.gov Vehicle Fuel Economy Dataset,https://www.fueleconomy.gov/feg/epadata/vehicles.csv,,,,2026-07-18,Added - External Research (V2),No,Prologue AWD Touring,Value explicit in EPA certification model strings; observed in 2 model year(s). Carried forward from V3 unchanged.
Hyundai,Azera,Limited,Trim,2015-2017,2015,2017,1,Discontinued,Government Verified,1,1,EPA,EPA FuelEconomy.gov Vehicle Fuel Economy Dataset,https://www.fueleconomy.gov/feg/epadata/vehicles.csv,,,,2026-07-18,Added - External Research (V2),No,Azera Limited,Value explicit in EPA certification model strings; observed in 3 model year(s). Carried forward from V3 unchanged.
Hyundai,Elantra,Limited,Trim,2014-2016,2014,2016,1,Discontinued,Government Verified,1,1,EPA,EPA FuelEconomy.gov Vehicle Fuel Economy Dataset,https://www.fueleconomy.gov/feg/epadata/vehicles.csv,,,,2026-07-18,Added - External Research (V2),No,Elantra Limited,Value explicit in EPA certification model strings; observed in 3 model year(s). Carried forward from V3 unchanged.
Hyundai,Elantra,SE,Trim,2017-2020,2017,2020,1,Discontinued,Government Verified,1,1,EPA,EPA FuelEconomy.gov Vehicle Fuel Economy Dataset,https://www.fueleconomy.gov/feg/epadata/vehicles.csv,,,,2026-07-18,Added - External Research (V2),No,Elantra SE,Value explicit in EPA certification model strings; observed in 4 model year(s). Carried forward from V3 unchanged.
Hyundai,Elantra,Touring,Trim,2009-2012,2009,2012,1,Discontinued,Fully Verified,2,2,EPA,EPA FuelEconomy.gov Vehicle Fuel Economy Dataset,https://www.fueleconomy.gov/feg/epadata/vehicles.csv,NHTSA,NHTSA Product Information Catalog (vehicle products API),https://api.nhtsa.gov/products/vehicle/models?modelYear=2009&make=HYUNDAI&issueType=r,2026-07-18,Added - External Research (V2),No,ELANTRA TOURING,Value explicit in EPA certification model strings and NHTSA recall records; observed in 4 model year(s). Carried forward from V3 unchanged.
Hyundai,Santa Fe,Ultimate,Trim,2014-2018,2014,2018,1,Discontinued,Government Verified,1,1,EPA,EPA FuelEconomy.gov Vehicle Fuel Economy Dataset,https://www.fueleconomy.gov/feg/epadata/vehicles.csv,,,,2026-07-18,Added - External Research (V2),No,Santa Fe Ultimate 2WD,Value explicit in EPA certification model strings; observed in 5 model year(s). Carried forward from V3 unchanged.
Hyundai,Santa Fe Sport,Ultimate,Trim,2015-2018,2015,2018,1,Discontinued,Government Verified,1,1,EPA,EPA FuelEconomy.gov Vehicle Fuel Economy Dataset,https://www.fueleconomy.gov/feg/epadata/vehicles.csv,,,,2026-07-18,Added - External Research (V2),No,Santa Fe Sport Ultimate AWD,Value explicit in EPA certification model strings; observed in 4 model year(s). Carried forward from V3 unchanged.
Hyundai,Santa Fe XL,Ultimate,Trim,2019,2019,2019,1,Discontinued,Government Verified,1,1,EPA,EPA FuelEconomy.gov Vehicle Fuel Economy Dataset,https://www.fueleconomy.gov/feg/epadata/vehicles.csv,,,,2026-07-18,Added - External Research (V2),No,Santa Fe XL Ultimate AWD,Value explicit in EPA certification model strings; observed in 1 model year(s). Carried forward from V3 unchanged.
Hyundai,Sonata,Limited,Trim,2013-2017,2013,2017,1,Discontinued,Government Verified,1,1,EPA,EPA FuelEconomy.gov Vehicle Fuel Economy Dataset,https://www.fueleconomy.gov/feg/epadata/vehicles.csv,,,,2026-07-18,Added - External Research (V2),No,Sonata Hybrid Limited,Value explicit in EPA certification model strings; observed in 5 model year(s). Carried forward from V3 unchanged.
Hyundai,Sonata,SE,Trim,2016-2019,2016,2019,1,Discontinued,Government Verified,1,1,EPA,EPA FuelEconomy.gov Vehicle Fuel Economy Dataset,https://www.fueleconomy.gov/feg/epadata/vehicles.csv,,,,2026-07-18,Added - External Research (V2),No,Sonata Hybrid SE,Value explicit in EPA certification model strings; observed in 4 model year(s). Carried forward from V3 unchanged.
Hyundai,Sonata Sport,Limited,Trim,2015-2017,2015,2017,1,Discontinued,Government Verified,1,1,EPA,EPA FuelEconomy.gov Vehicle Fuel Economy Dataset,https://www.fueleconomy.gov/feg/epadata/vehicles.csv,,,,2026-07-18,Added - External Research (V2),No,Sonata Sport Limited,Value explicit in EPA certification model strings; observed in 3 model year(s). Carried forward from V3 unchanged.
Jaguar,F-PACE,SVR,Trim,2021-2026,2021,2026,1,Active,Government Verified,1,1,EPA,EPA FuelEconomy.gov Vehicle Fuel Economy Dataset,https://www.fueleconomy.gov/feg/epadata/vehicles.csv,,,,2026-07-18,Added - External Research (V2),No,F-Pace SVR,Value explicit in EPA certification model strings; observed in 6 model year(s). Carried forward from V3 unchanged.
Jaguar,F-TYPE,SVR,Trim,2019-2020,2019,2020,1,Discontinued,Government Verified,1,1,EPA,EPA FuelEconomy.gov Vehicle Fuel Economy Dataset,https://www.fueleconomy.gov/feg/epadata/vehicles.csv,,,,2026-07-18,Added - External Research (V2),No,F-Type SVR AWD Convertible,Value explicit in EPA certification model strings; observed in 2 model year(s). Carried forward from V3 unchanged.
Jaguar,XJ,Sport,Trim,2002-2003,2002,2003,1,Discontinued,Government Verified,1,1,EPA,EPA FuelEconomy.gov Vehicle Fuel Economy Dataset,https://www.fueleconomy.gov/feg/epadata/vehicles.csv,,,,2026-07-18,Added - External Research (V2),No,XJ Sport,Value explicit in EPA certification model strings; observed in 2 model year(s). Carried forward from V3 unchanged.
Jaguar,X-Type,Sport,Trim,2005-2008,2005,2008,1,Discontinued,Government Verified,1,1,EPA,EPA FuelEconomy.gov Vehicle Fuel Economy Dataset,https://www.fueleconomy.gov/feg/epadata/vehicles.csv,,,,2026-07-18,Added - External Research (V2),No,X-Type Sport Brake,Value explicit in EPA certification model strings; observed in 4 model year(s). Carried forward from V3 unchanged.
Jeep,Cherokee,Trailhawk,Trim,2014-2023,2014,2023,1,Discontinued,Government Verified,1,1,EPA,EPA FuelEconomy.gov Vehicle Fuel Economy Dataset,https://www.fueleconomy.gov/feg/epadata/vehicles.csv,,,,2026-07-18,Added - External Research (V2),No,Cherokee Trailhawk 4WD,Value explicit in EPA certification model strings; observed in 10 model year(s). Carried forward from V3 unchanged.
Jeep,Gladiator,Rubicon,Trim,2021,2021,2021,1,Discontinued,Government Verified,1,1,EPA,EPA FuelEconomy.gov Vehicle Fuel Economy Dataset,https://www.fueleconomy.gov/feg/epadata/vehicles.csv,,,,2026-07-18,Added - External Research (V2),No,Gladiator Rubicon EcoDiesel 4WD,Value explicit in EPA certification model strings; observed in 1 model year(s). Carried forward from V3 unchanged.
Jeep,Grand Cherokee,Trackhawk,Trim,2018-2021,2018,2021,1,Discontinued,Fully Verified,2,2,EPA,EPA FuelEconomy.gov Vehicle Fuel Economy Dataset,https://www.fueleconomy.gov/feg/epadata/vehicles.csv,NHTSA,NHTSA Product Information Catalog (vehicle products API),https://api.nhtsa.gov/products/vehicle/models?modelYear=2018&make=JEEP&issueType=r,2026-07-18,Added - External Research (V2),No,GRAND CHEROKEE TRACKHAWK,Value explicit in EPA certification model strings and NHTSA recall records; observed in 4 model year(s). Carried forward from V3 unchanged.
Jeep,Renegade,Trailhawk,Trim,2019-2023,2019,2023,1,Discontinued,Government Verified,1,1,EPA,EPA FuelEconomy.gov Vehicle Fuel Economy Dataset,https://www.fueleconomy.gov/feg/epadata/vehicles.csv,,,,2026-07-18,Added - External Research (V2),No,Renegade Trailhawk 4WD,Value explicit in EPA certification model strings; observed in 5 model year(s). Carried forward from V3 unchanged.
Jeep,Wagoneer,Limited,Trim,1989,1989,1989,1,Discontinued,Government Verified,1,1,EPA,EPA FuelEconomy.gov Vehicle Fuel Economy Dataset,https://www.fueleconomy.gov/feg/epadata/vehicles.csv,,,,2026-07-18,Added - External Research (V2),No,Wagoneer Limited 4WD,Value explicit in EPA certification model strings; observed in 1 model year(s). Carried forward from V3 unchanged.
Jeep,Wrangler,Rubicon,Trim,2024,2024,2024,1,Discontinued,Government Verified,1,1,EPA,EPA FuelEconomy.gov Vehicle Fuel Economy Dataset,https://www.fueleconomy.gov/feg/epadata/vehicles.csv,,,,2026-07-18,Added - External Research (V2),No,Wrangler Rubicon 2dr 4WD,Value explicit in EPA certification model strings; observed in 1 model year(s). Carried forward from V3 unchanged.
Karma,Revero,GT,Trim,2020,2020,2020,1,Discontinued,Government Verified,1,1,EPA,EPA FuelEconomy.gov Vehicle Fuel Economy Dataset,https://www.fueleconomy.gov/feg/epadata/vehicles.csv,,,,2026-07-18,Added - External Research (V2),No,Revero GT (21-inch wheels),Value explicit in EPA certification model strings; observed in 1 model year(s). Carried forward from V3 unchanged.
Kia,EV6,GT,Trim,2023-2026,2023,2026,1,Active,Government Verified,1,1,EPA,EPA FuelEconomy.gov Vehicle Fuel Economy Dataset,https://www.fueleconomy.gov/feg/epadata/vehicles.csv,,,,2026-07-18,Added - External Research (V2),No,EV6 AWD GT,Value explicit in EPA certification model strings; observed in 4 model year(s). Carried forward from V3 unchanged.
Kia,EV9,GT,Trim,2026,2026,2026,1,Active,Government Verified,1,1,EPA,EPA FuelEconomy.gov Vehicle Fuel Economy Dataset,https://www.fueleconomy.gov/feg/epadata/vehicles.csv,,,,2026-07-18,Added - External Research (V2),No,EV9 GT,Value explicit in EPA certification model strings; observed in 1 model year(s). Carried forward from V3 unchanged.
Kia,Niro,Touring,Trim,2017-2022,2017,2022,1,Discontinued,Government Verified,1,1,EPA,EPA FuelEconomy.gov Vehicle Fuel Economy Dataset,https://www.fueleconomy.gov/feg/epadata/vehicles.csv,,,,2026-07-18,Added - External Research (V2),No,Niro Touring,Value explicit in EPA certification model strings; observed in 6 model year(s). Carried forward from V3 unchanged.
Lamborghini,Urus,SE,Trim,2025-2026,2025,2026,1,Active,Government Verified,1,1,EPA,EPA FuelEconomy.gov Vehicle Fuel Economy Dataset,https://www.fueleconomy.gov/feg/epadata/vehicles.csv,,,,2026-07-18,Added - External Research (V2),No,Urus SE,Value explicit in EPA certification model strings; observed in 2 model year(s). Carried forward from V3 unchanged.
Land Rover,Range Rover Sport,SVR,Trim,2018-2022; 2024-2026,2018,2026,2,Active,Government Verified,1,1,EPA,EPA FuelEconomy.gov Vehicle Fuel Economy Dataset,https://www.fueleconomy.gov/feg/epadata/vehicles.csv,,,,2026-07-18,Added - External Research (V2),No,Range Rover Sport SVR,Value explicit in EPA certification model strings; observed in 8 model year(s). Carried forward from V3 unchanged.
Lotus,Evora,GT,Trim,2020-2021,2020,2021,1,Discontinued,Government Verified,1,1,EPA,EPA FuelEconomy.gov Vehicle Fuel Economy Dataset,https://www.fueleconomy.gov/feg/epadata/vehicles.csv,,,,2026-07-18,Added - External Research (V2),No,Evora GT,Value explicit in EPA certification model strings; observed in 2 model year(s). Carried forward from V3 unchanged.
Lucid,Air,GT,Trim,2023,2023,2023,1,Discontinued,Government Verified,1,1,EPA,EPA FuelEconomy.gov Vehicle Fuel Economy Dataset,https://www.fueleconomy.gov/feg/epadata/vehicles.csv,,,,2026-07-18,Added - External Research (V2),No,Air GT P AWD with 21 inch wheels,Value explicit in EPA certification model strings; observed in 1 model year(s). Carried forward from V3 unchanged.
Lucid,Air,Touring,Trim,2022-2026,2022,2026,1,Active,Government Verified,1,1,EPA,EPA FuelEconomy.gov Vehicle Fuel Economy Dataset,https://www.fueleconomy.gov/feg/epadata/vehicles.csv,,,,2026-07-18,Added - External Research (V2),No,Air G Touring AWD w/19 inch wheels,Value explicit in EPA certification model strings; observed in 5 model year(s). Carried forward from V3 unchanged.
Lucid,Gravity,GT,Trim,2025-2026,2025,2026,1,Active,Government Verified,1,1,EPA,EPA FuelEconomy.gov Vehicle Fuel Economy Dataset,https://www.fueleconomy.gov/feg/epadata/vehicles.csv,,,,2026-07-18,Added - External Research (V2),No,Gravity GT w/20F21R wheels (2R),Value explicit in EPA certification model strings; observed in 2 model year(s). Carried forward from V3 unchanged.
Lucid,Gravity,Touring,Trim,2026,2026,2026,1,Active,Government Verified,1,1,EPA,EPA FuelEconomy.gov Vehicle Fuel Economy Dataset,https://www.fueleconomy.gov/feg/epadata/vehicles.csv,,,,2026-07-18,Added - External Research (V2),No,Gravity Touring w/20F21R wheels,Value explicit in EPA certification model strings; observed in 1 model year(s). Carried forward from V3 unchanged.
Maserati,Ghibli,GT,Trim,2022-2024,2022,2024,1,Discontinued,Government Verified,1,1,EPA,EPA FuelEconomy.gov Vehicle Fuel Economy Dataset,https://www.fueleconomy.gov/feg/epadata/vehicles.csv,,,,2026-07-18,Added - External Research (V2),No,Ghibli GT,Value explicit in EPA certification model strings; observed in 3 model year(s). Carried forward from V3 unchanged.
Maserati,Grecale,GT,Trim,2023-2024,2023,2024,1,Discontinued,Government Verified,1,1,EPA,EPA FuelEconomy.gov Vehicle Fuel Economy Dataset,https://www.fueleconomy.gov/feg/epadata/vehicles.csv,,,,2026-07-18,Added - External Research (V2),No,Grecale GT,Value explicit in EPA certification model strings; observed in 2 model year(s). Carried forward from V3 unchanged.
Maserati,Levante,GT,Trim,2022-2024,2022,2024,1,Discontinued,Government Verified,1,1,EPA,EPA FuelEconomy.gov Vehicle Fuel Economy Dataset,https://www.fueleconomy.gov/feg/epadata/vehicles.csv,,,,2026-07-18,Added - External Research (V2),No,Levante GT,Value explicit in EPA certification model strings; observed in 3 model year(s). Carried forward from V3 unchanged.
Maserati,Quattroporte,GT,Trim,2022-2024,2022,2024,1,Discontinued,Government Verified,1,1,EPA,EPA FuelEconomy.gov Vehicle Fuel Economy Dataset,https://www.fueleconomy.gov/feg/epadata/vehicles.csv,,,,2026-07-18,Added - External Research (V2),No,Quattroporte GT,Value explicit in EPA certification model strings; observed in 3 model year(s). Carried forward from V3 unchanged.
Mazda,Mazda6,Sport,Trim,2004-2007,2004,2007,1,Discontinued,Government Verified,1,1,EPA,EPA FuelEconomy.gov Vehicle Fuel Economy Dataset,https://www.fueleconomy.gov/feg/epadata/vehicles.csv,,,,2026-07-18,Added - External Research (V2),No,6 Sport Wagon,Value explicit in EPA certification model strings; observed in 4 model year(s). Carried forward from V3 unchanged.
Mercedes-Benz,SLS AMG,GT,Trim,2013-2015,2013,2015,1,Discontinued,Government Verified,1,1,EPA,EPA FuelEconomy.gov Vehicle Fuel Economy Dataset,https://www.fueleconomy.gov/feg/epadata/vehicles.csv,,,,2026-07-18,Added - External Research (V2),No,SLS AMG GT Coupe,Value explicit in EPA certification model strings; observed in 3 model year(s). Carried forward from V3 unchanged.
Mini,Clubman,John Cooper Works,Trim,2009-2014; 2017-2024,2009,2024,2,Discontinued,Government Verified,1,1,EPA,EPA FuelEconomy.gov Vehicle Fuel Economy Dataset,https://www.fueleconomy.gov/feg/epadata/vehicles.csv,,,,2026-07-18,Added - External Research (V2),No,John Cooper Works Clubman,Value explicit in EPA certification model strings; observed in 14 model year(s). Carried forward from V3 unchanged.
Mini,Convertible,JCW,Trim,2011-2014; 2025-2026,2011,2026,2,Active,Fully Verified,2,2,EPA,EPA FuelEconomy.gov Vehicle Fuel Economy Dataset,https://www.fueleconomy.gov/feg/epadata/vehicles.csv,NHTSA,NHTSA Product Information Catalog (vehicle products API),https://api.nhtsa.gov/products/vehicle/models?modelYear=2011&make=MINI&issueType=r,2026-07-18,Added - External Research (V2),No,JCW CONVERTIBLE,Value explicit in EPA certification model strings and NHTSA recall records; observed in 6 model year(s). Carried forward from V3 unchanged.
Mini,Convertible,John Cooper Works,Trim,2009-2015; 2017-2024,2009,2024,2,Discontinued,Government Verified,1,1,EPA,EPA FuelEconomy.gov Vehicle Fuel Economy Dataset,https://www.fueleconomy.gov/feg/epadata/vehicles.csv,,,,2026-07-18,Added - External Research (V2),No,John Cooper Works Convertible,Value explicit in EPA certification model strings; observed in 15 model year(s). Carried forward from V3 unchanged.
Mini,Cooper,JCW,Trim,2015; 2017; 2026,2015,2026,3,Active,Fully Verified,2,2,EPA,EPA FuelEconomy.gov Vehicle Fuel Economy Dataset,https://www.fueleconomy.gov/feg/epadata/vehicles.csv,NHTSA,NHTSA Product Information Catalog (vehicle products API),https://api.nhtsa.gov/products/vehicle/models?modelYear=2015&make=MINI&issueType=r,2026-07-18,Added - External Research (V2),No,JCW,Value explicit in EPA certification model strings and NHTSA recall records; observed in 3 model year(s). Carried forward from V3 unchanged.
Mini,Countryman,JCW,Trim,2013-2016; 2018-2026,2013,2026,2,Active,Fully Verified,2,2,EPA,EPA FuelEconomy.gov Vehicle Fuel Economy Dataset,https://www.fueleconomy.gov/feg/epadata/vehicles.csv,NHTSA,NHTSA Product Information Catalog (vehicle products API),https://api.nhtsa.gov/products/vehicle/models?modelYear=2013&make=MINI&issueType=r,2026-07-18,Added - External Research (V2),No,JCW COUNTRYMAN,Value explicit in EPA certification model strings and NHTSA recall records; observed in 13 model year(s). Carried forward from V3 unchanged.
Mini,Countryman,SE,Trim,2018-2023; 2025-2027,2018,2027,2,Active,Fully Verified,2,2,EPA,EPA FuelEconomy.gov Vehicle Fuel Economy Dataset,https://www.fueleconomy.gov/feg/epadata/vehicles.csv,NHTSA,NHTSA Product Information Catalog (vehicle products API),https://api.nhtsa.gov/products/vehicle/models?modelYear=2018&make=MINI&issueType=r,2026-07-18,Added - External Research (V2),No,COUNTRYMAN SE,Value explicit in EPA certification model strings and NHTSA recall records; observed in 9 model year(s). Carried forward from V3 unchanged.
Mini,Coupe,John Cooper Works,Trim,2012-2015,2012,2015,1,Discontinued,Government Verified,1,1,EPA,EPA FuelEconomy.gov Vehicle Fuel Economy Dataset,https://www.fueleconomy.gov/feg/epadata/vehicles.csv,,,,2026-07-18,Added - External Research (V2),No,John Cooper Works Coupe,Value explicit in EPA certification model strings; observed in 4 model year(s). Carried forward from V3 unchanged.
Mini,Hardtop,JCW,Trim,2011-2013; 2016; 2025,2011,2025,3,Active,Fully Verified,2,2,EPA,EPA FuelEconomy.gov Vehicle Fuel Economy Dataset,https://www.fueleconomy.gov/feg/epadata/vehicles.csv,NHTSA,NHTSA Product Information Catalog (vehicle products API),https://api.nhtsa.gov/products/vehicle/models?modelYear=2011&make=MINI&issueType=r,2026-07-18,Added - External Research (V2),No,COOPER JCW HARDTOP,Value explicit in EPA certification model strings and NHTSA recall records; observed in 5 model year(s). Carried forward from V3 unchanged.
Mini,Hardtop,John Cooper Works,Trim,2015-2024,2015,2024,1,Discontinued,Government Verified,1,1,EPA,EPA FuelEconomy.gov Vehicle Fuel Economy Dataset,https://www.fueleconomy.gov/feg/epadata/vehicles.csv,,,,2026-07-18,Added - External Research (V2),No,John Cooper Works Hardtop,Value explicit in EPA certification model strings; observed in 10 model year(s). Carried forward from V3 unchanged.
Mini,Hardtop,SE,Trim,2020-2024,2020,2024,1,Discontinued,Government Verified,1,1,EPA,EPA FuelEconomy.gov Vehicle Fuel Economy Dataset,https://www.fueleconomy.gov/feg/epadata/vehicles.csv,,,,2026-07-18,Added - External Research (V2),No,Cooper SE Hardtop 2 door,Value explicit in EPA certification model strings; observed in 5 model year(s). Carried forward from V3 unchanged.
Mini,Paceman,JCW,Trim,2013-2016,2013,2016,1,Discontinued,Fully Verified,2,2,EPA,EPA FuelEconomy.gov Vehicle Fuel Economy Dataset,https://www.fueleconomy.gov/feg/epadata/vehicles.csv,NHTSA,NHTSA Product Information Catalog (vehicle products API),https://api.nhtsa.gov/products/vehicle/models?modelYear=2013&make=MINI&issueType=r,2026-07-18,Added - External Research (V2),No,JCW PACEMAN,Value explicit in EPA certification model strings and NHTSA recall records; observed in 4 model year(s). Carried forward from V3 unchanged.
Mini,Roadster,John Cooper Works,Trim,2012-2015,2012,2015,1,Discontinued,Government Verified,1,1,EPA,EPA FuelEconomy.gov Vehicle Fuel Economy Dataset,https://www.fueleconomy.gov/feg/epadata/vehicles.csv,,,,2026-07-18,Added - External Research (V2),No,John Cooper Works Roadster,Value explicit in EPA certification model strings; observed in 4 model year(s). Carried forward from V3 unchanged.
Nissan,Altima,Platinum,Trim,2019-2022,2019,2022,1,Discontinued,Government Verified,1,1,EPA,EPA FuelEconomy.gov Vehicle Fuel Economy Dataset,https://www.fueleconomy.gov/feg/epadata/vehicles.csv,,,,2026-07-18,Added - External Research (V2),No,Altima AWD SR/Platinum,Value explicit in EPA certification model strings; observed in 4 model year(s). Carried forward from V3 unchanged.
Nissan,Altima,SR,Trim,2016-2025,2016,2025,1,Active,Government Verified,1,1,EPA,EPA FuelEconomy.gov Vehicle Fuel Economy Dataset,https://www.fueleconomy.gov/feg/epadata/vehicles.csv,,,,2026-07-18,Added - External Research (V2),No,Altima AWD SR/Platinum,Value explicit in EPA certification model strings; observed in 10 model year(s). Carried forward from V3 unchanged.
Nissan,JUKE,Nismo,Trim,2015-2017,2015,2017,1,Discontinued,Government Verified,1,1,EPA,EPA FuelEconomy.gov Vehicle Fuel Economy Dataset,https://www.fueleconomy.gov/feg/epadata/vehicles.csv,,,,2026-07-18,Added - External Research (V2),No,Juke Nismo RS,Value explicit in EPA certification model strings; observed in 3 model year(s). Carried forward from V3 unchanged.
Nissan,JUKE,RS,Trim,2015-2017,2015,2017,1,Discontinued,Government Verified,1,1,EPA,EPA FuelEconomy.gov Vehicle Fuel Economy Dataset,https://www.fueleconomy.gov/feg/epadata/vehicles.csv,,,,2026-07-18,Added - External Research (V2),No,Juke Nismo RS,Value explicit in EPA certification model strings; observed in 3 model year(s). Carried forward from V3 unchanged.
Nissan,Pathfinder,Platinum,Trim,2015-2020; 2022-2026,2015,2026,2,Active,Government Verified,1,1,EPA,EPA FuelEconomy.gov Vehicle Fuel Economy Dataset,https://www.fueleconomy.gov/feg/epadata/vehicles.csv,,,,2026-07-18,Added - External Research (V2),No,Pathfinder 4WD Platinum,Value explicit in EPA certification model strings; observed in 11 model year(s). Carried forward from V3 unchanged.
Nissan,Rogue,Platinum,Trim,2021-2025,2021,2025,1,Active,Government Verified,1,1,EPA,EPA FuelEconomy.gov Vehicle Fuel Economy Dataset,https://www.fueleconomy.gov/feg/epadata/vehicles.csv,,,,2026-07-18,Added - External Research (V2),No,Rogue AWD  SV/SL/Platinum,Value explicit in EPA certification model strings; observed in 5 model year(s). Carried forward from V3 unchanged.
Nissan,Sentra,Nismo,Trim,2017-2019,2017,2019,1,Discontinued,Fully Verified,2,2,EPA,EPA FuelEconomy.gov Vehicle Fuel Economy Dataset,https://www.fueleconomy.gov/feg/epadata/vehicles.csv,NHTSA,NHTSA Product Information Catalog (vehicle products API),https://api.nhtsa.gov/products/vehicle/models?modelYear=2017&make=NISSAN&issueType=r,2026-07-18,Added - External Research (V2),No,SENTRA NISMO,Value explicit in EPA certification model strings and NHTSA recall records; observed in 3 model year(s). Carried forward from V3 unchanged.
Nissan,Sentra,SR,Trim,2019-2026,2019,2026,1,Active,Fully Verified,2,2,EPA,EPA FuelEconomy.gov Vehicle Fuel Economy Dataset,https://www.fueleconomy.gov/feg/epadata/vehicles.csv,NHTSA,NHTSA Product Information Catalog (vehicle products API),https://api.nhtsa.gov/products/vehicle/models?modelYear=2019&make=NISSAN&issueType=r,2026-07-18,Added - External Research (V2),No,SENTRA SR TURBO,Value explicit in EPA certification model strings and NHTSA recall records; observed in 8 model year(s). Carried forward from V3 unchanged.
Nissan,Z,Nismo,Trim,2024-2026,2024,2026,1,Active,Government Verified,1,1,EPA,EPA FuelEconomy.gov Vehicle Fuel Economy Dataset,https://www.fueleconomy.gov/feg/epadata/vehicles.csv,,,,2026-07-18,Added - External Research (V2),No,Z NISMO,Value explicit in EPA certification model strings; observed in 3 model year(s). Carried forward from V3 unchanged.
Oldsmobile,Ninety-Eight,Touring,Trim,1988-1991,1988,1991,1,Discontinued,Government Verified,1,1,EPA,EPA FuelEconomy.gov Vehicle Fuel Economy Dataset,https://www.fueleconomy.gov/feg/epadata/vehicles.csv,,,,2026-07-18,Added - External Research (V2),No,Ninety-Eight/Touring,Value explicit in EPA certification model strings; observed in 4 model year(s). Carried forward from V3 unchanged.
Pontiac,G5,GT,Trim,2009-2010,2009,2010,1,Discontinued,Government Verified,1,1,EPA,EPA FuelEconomy.gov Vehicle Fuel Economy Dataset,https://www.fueleconomy.gov/feg/epadata/vehicles.csv,,,,2026-07-18,Added - External Research (V2),No,G5 GT,Value explicit in EPA certification model strings; observed in 2 model year(s). Carried forward from V3 unchanged.
Porsche,718 Boxster,GTS,Trim,2021-2025,2021,2025,1,Active,Fully Verified,2,2,EPA,EPA FuelEconomy.gov Vehicle Fuel Economy Dataset,https://www.fueleconomy.gov/feg/epadata/vehicles.csv,NHTSA,NHTSA Product Information Catalog (vehicle products API),https://api.nhtsa.gov/products/vehicle/models?modelYear=2021&make=PORSCHE&issueType=r,2026-07-18,Added - External Research (V2),No,718 BOXSTER GTS 4.0,Value explicit in EPA certification model strings and NHTSA recall records; observed in 5 model year(s). Carried forward from V3 unchanged.
Porsche,718 Boxster,RS,Trim,2024-2025,2024,2025,1,Active,Government Verified,1,1,EPA,EPA FuelEconomy.gov Vehicle Fuel Economy Dataset,https://www.fueleconomy.gov/feg/epadata/vehicles.csv,,,,2026-07-18,Added - External Research (V2),No,718 Spyder RS,Value explicit in EPA certification model strings; observed in 2 model year(s). Carried forward from V3 unchanged.
Porsche,718 Cayman,GTS,Trim,2019; 2021-2025,2019,2025,2,Active,Fully Verified,2,2,EPA,EPA FuelEconomy.gov Vehicle Fuel Economy Dataset,https://www.fueleconomy.gov/feg/epadata/vehicles.csv,NHTSA,NHTSA Product Information Catalog (vehicle products API),https://api.nhtsa.gov/products/vehicle/models?modelYear=2019&make=PORSCHE&issueType=r,2026-07-18,Added - External Research (V2),No,718 CAYMAN GTS,Value explicit in EPA certification model strings and NHTSA recall records; observed in 6 model year(s). Carried forward from V3 unchanged.
Porsche,718 GT4,RS,Trim,2023-2025,2023,2025,1,Active,Government Verified,1,1,EPA,EPA FuelEconomy.gov Vehicle Fuel Economy Dataset,https://www.fueleconomy.gov/feg/epadata/vehicles.csv,,,,2026-07-18,Added - External Research (V2),No,718 GT4 RS,Value explicit in EPA certification model strings; observed in 3 model year(s). Carried forward from V3 unchanged.
Porsche,911,GTS,Trim,2011-2012; 2015-2019; 2022-2026,2011,2026,3,Active,Fully Verified,2,2,EPA,EPA FuelEconomy.gov Vehicle Fuel Economy Dataset,https://www.fueleconomy.gov/feg/epadata/vehicles.csv,NHTSA,NHTSA Product Information Catalog (vehicle products API),https://api.nhtsa.gov/products/vehicle/models?modelYear=2011&make=PORSCHE&issueType=r,2026-07-18,Added - External Research (V2),No,911 C4 GTS,Value explicit in EPA certification model strings and NHTSA recall records; observed in 12 model year(s). Carried forward from V3 unchanged.
Porsche,911,RS,Trim,2007-2008; 2010-2011; 2015-2016; 2018-2019; 2023-2024,2007,2024,5,Discontinued,Fully Verified,2,2,EPA,EPA FuelEconomy.gov Vehicle Fuel Economy Dataset,https://www.fueleconomy.gov/feg/epadata/vehicles.csv,NHTSA,NHTSA Product Information Catalog (vehicle products API),https://api.nhtsa.gov/products/vehicle/models?modelYear=2007&make=PORSCHE&issueType=r,2026-07-18,Added - External Research (V2),No,911 GT2 RS,Value explicit in EPA certification model strings and NHTSA recall records; observed in 10 model year(s). Carried forward from V3 unchanged.
Porsche,911,Sport,Trim,2023,2023,2023,1,Discontinued,Fully Verified,2,2,EPA,EPA FuelEconomy.gov Vehicle Fuel Economy Dataset,https://www.fueleconomy.gov/feg/epadata/vehicles.csv,NHTSA,NHTSA Product Information Catalog (vehicle products API),https://api.nhtsa.gov/products/vehicle/models?modelYear=2023&make=PORSCHE&issueType=r,2026-07-18,Added - External Research (V2),No,911 SPORT CLASSIC II,Value explicit in EPA certification model strings and NHTSA recall records; observed in 1 model year(s). Carried forward from V3 unchanged.
Porsche,911,Touring,Trim,2018-2019; 2022-2024; 2026,2018,2026,3,Active,Fully Verified,2,2,EPA,EPA FuelEconomy.gov Vehicle Fuel Economy Dataset,https://www.fueleconomy.gov/feg/epadata/vehicles.csv,NHTSA,NHTSA Product Information Catalog (vehicle products API),https://api.nhtsa.gov/products/vehicle/models?modelYear=2018&make=PORSCHE&issueType=r,2026-07-18,Added - External Research (V2),No,911 GT3 TOURING,Value explicit in EPA certification model strings and NHTSA recall records; observed in 6 model year(s). Carried forward from V3 unchanged.
Porsche,928,GTS,Trim,1993-1995,1993,1995,1,Discontinued,Government Verified,1,1,EPA,EPA FuelEconomy.gov Vehicle Fuel Economy Dataset,https://www.fueleconomy.gov/feg/epadata/vehicles.csv,,,,2026-07-18,Added - External Research (V2),No,928 GTS,Value explicit in EPA certification model strings; observed in 3 model year(s). Carried forward from V3 unchanged.
Porsche,Boxster,GTS,Trim,2015-2016; 2018-2019,2015,2019,2,Discontinued,Fully Verified,2,2,EPA,EPA FuelEconomy.gov Vehicle Fuel Economy Dataset,https://www.fueleconomy.gov/feg/epadata/vehicles.csv,NHTSA,NHTSA Product Information Catalog (vehicle products API),https://api.nhtsa.gov/products/vehicle/models?modelYear=2015&make=PORSCHE&issueType=r,2026-07-18,Added - External Research (V2),No,BOXSTER GTS,Value explicit in EPA certification model strings and NHTSA recall records; observed in 4 model year(s). Carried forward from V3 unchanged.
Porsche,Cayenne,GT,Trim,2022-2023; 2025-2026,2022,2026,2,Active,Government Verified,1,1,EPA,EPA FuelEconomy.gov Vehicle Fuel Economy Dataset,https://www.fueleconomy.gov/feg/epadata/vehicles.csv,,,,2026-07-18,Added - External Research (V2),No,Cayenne Turbo GT,Value explicit in EPA certification model strings; observed in 4 model year(s). Carried forward from V3 unchanged.
Porsche,Cayenne,GTS,Trim,2008-2010; 2012-2018; 2021-2023; 2025-2026,2008,2026,4,Active,Fully Verified,2,2,EPA,EPA FuelEconomy.gov Vehicle Fuel Economy Dataset,https://www.fueleconomy.gov/feg/epadata/vehicles.csv,NHTSA,NHTSA Product Information Catalog (vehicle products API),https://api.nhtsa.gov/products/vehicle/models?modelYear=2008&make=PORSCHE&issueType=r,2026-07-18,Added - External Research (V2),No,CAYENNE GTS,Value explicit in EPA certification model strings and NHTSA recall records; observed in 15 model year(s). Carried forward from V3 unchanged.
Porsche,Cayenne,Platinum,Trim,2017-2018; 2023,2017,2023,2,Discontinued,Fully Verified,2,2,EPA,EPA FuelEconomy.gov Vehicle Fuel Economy Dataset,https://www.fueleconomy.gov/feg/epadata/vehicles.csv,NHTSA,NHTSA Product Information Catalog (vehicle products API),https://api.nhtsa.gov/products/vehicle/models?modelYear=2017&make=PORSCHE&issueType=r,2026-07-18,Added - External Research (V2),No,CAYENNE COUPE PLATINUM EDITION,Value explicit in EPA certification model strings and NHTSA recall records; observed in 3 model year(s). Carried forward from V3 unchanged.
Porsche,Cayman,GTS,Trim,2015-2016; 2018-2019,2015,2019,2,Discontinued,Fully Verified,2,2,EPA,EPA FuelEconomy.gov Vehicle Fuel Economy Dataset,https://www.fueleconomy.gov/feg/epadata/vehicles.csv,NHTSA,NHTSA Product Information Catalog (vehicle products API),https://api.nhtsa.gov/products/vehicle/models?modelYear=2015&make=PORSCHE&issueType=r,2026-07-18,Added - External Research (V2),No,CAYMAN GTS,Value explicit in EPA certification model strings and NHTSA recall records; observed in 4 model year(s). Carried forward from V3 unchanged.
Porsche,Macan,GTS,Trim,2017-2018; 2020-2026,2017,2026,2,Active,Fully Verified,2,2,EPA,EPA FuelEconomy.gov Vehicle Fuel Economy Dataset,https://www.fueleconomy.gov/feg/epadata/vehicles.csv,NHTSA,NHTSA Product Information Catalog (vehicle products API),https://api.nhtsa.gov/products/vehicle/models?modelYear=2017&make=PORSCHE&issueType=r,2026-07-18,Added - External Research (V2),No,MACAN GTS,Value explicit in EPA certification model strings and NHTSA recall records; observed in 9 model year(s). Carried forward from V3 unchanged.
Porsche,Panamera,GTS,Trim,2013-2016; 2019-2023; 2025,2013,2025,3,Active,Fully Verified,2,2,EPA,EPA FuelEconomy.gov Vehicle Fuel Economy Dataset,https://www.fueleconomy.gov/feg/epadata/vehicles.csv,NHTSA,NHTSA Product Information Catalog (vehicle products API),https://api.nhtsa.gov/products/vehicle/models?modelYear=2013&make=PORSCHE&issueType=r,2026-07-18,Added - External Research (V2),No,PANAMERA GTS,Value explicit in EPA certification model strings and NHTSA recall records; observed in 10 model year(s). Carried forward from V3 unchanged.
Porsche,Taycan,GT,Trim,2025-2026,2025,2026,1,Active,Government Verified,1,1,EPA,EPA FuelEconomy.gov Vehicle Fuel Economy Dataset,https://www.fueleconomy.gov/feg/epadata/vehicles.csv,,,,2026-07-18,Added - External Research (V2),No,Taycan Turbo GT,Value explicit in EPA certification model strings; observed in 2 model year(s). Carried forward from V3 unchanged.
Porsche,Taycan,GTS,Trim,2022-2026,2022,2026,1,Active,Government Verified,1,1,EPA,EPA FuelEconomy.gov Vehicle Fuel Economy Dataset,https://www.fueleconomy.gov/feg/epadata/vehicles.csv,,,,2026-07-18,Added - External Research (V2),No,Taycan GTS,Value explicit in EPA certification model strings; observed in 5 model year(s). Carried forward from V3 unchanged.
Porsche,Taycan,Sport,Trim,2023-2026,2023,2026,1,Active,Government Verified,1,1,EPA,EPA FuelEconomy.gov Vehicle Fuel Economy Dataset,https://www.fueleconomy.gov/feg/epadata/vehicles.csv,,,,2026-07-18,Added - External Research (V2),No,Taycan GTS Sport Turismo,Value explicit in EPA certification model strings; observed in 4 model year(s). Carried forward from V3 unchanged.
Ram,1500,TRX,Sub-model,2021-2024,2021,2024,1,Discontinued,Fully Verified,2,2,EPA,EPA FuelEconomy.gov Vehicle Fuel Economy Dataset,https://www.fueleconomy.gov/feg/epadata/vehicles.csv,NHTSA,NHTSA Product Information Catalog (vehicle products API),https://api.nhtsa.gov/products/vehicle/models?modelYear=2021&make=RAM&issueType=r,2026-07-18,Added - External Research (V2),No,1500 CREW CAB TRX,Value explicit in EPA certification model strings and NHTSA recall records; observed in 4 model year(s). Carried forward from V3 unchanged.
Saab,9-3,Sport,Trim,2003-2012,2003,2012,1,Discontinued,Government Verified,1,1,EPA,EPA FuelEconomy.gov Vehicle Fuel Economy Dataset,https://www.fueleconomy.gov/feg/epadata/vehicles.csv,,,,2026-07-18,Added - External Research (V2),No,9-3 Sport Sedan,Value explicit in EPA certification model strings; observed in 10 model year(s). Carried forward from V3 unchanged.
Suzuki,Sidekick,Sport,Trim,1996-1998,1996,1998,1,Discontinued,Fully Verified,2,2,EPA,EPA FuelEconomy.gov Vehicle Fuel Economy Dataset,https://www.fueleconomy.gov/feg/epadata/vehicles.csv,NHTSA,NHTSA Product Information Catalog (vehicle products API),https://api.nhtsa.gov/products/vehicle/models?modelYear=1996&make=SUZUKI&issueType=r,2026-07-18,Added - External Research (V2),No,SIDEKICK SPORT,Value explicit in EPA certification model strings and NHTSA recall records; observed in 3 model year(s). Carried forward from V3 unchanged.
Suzuki,Swift,GT,Trim,1990-1994,1990,1994,1,Discontinued,Government Verified,1,1,EPA,EPA FuelEconomy.gov Vehicle Fuel Economy Dataset,https://www.fueleconomy.gov/feg/epadata/vehicles.csv,,,,2026-07-18,Added - External Research (V2),No,Swift GT,Value explicit in EPA certification model strings; observed in 5 model year(s). Carried forward from V3 unchanged.
Suzuki,SX4,Anniversary,Edition,2011,2011,2011,1,Discontinued,Government Verified,1,1,EPA,EPA FuelEconomy.gov Vehicle Fuel Economy Dataset,https://www.fueleconomy.gov/feg/epadata/vehicles.csv,,,,2026-07-18,Added - External Research (V2),No,SX4 Sport/Anniversary Edition,Value explicit in EPA certification model strings; observed in 1 model year(s). Carried forward from V3 unchanged.
Suzuki,SX4,Sport,Trim,2009-2013,2009,2013,1,Discontinued,Government Verified,1,1,EPA,EPA FuelEconomy.gov Vehicle Fuel Economy Dataset,https://www.fueleconomy.gov/feg/epadata/vehicles.csv,,,,2026-07-18,Added - External Research (V2),No,SX4 Sport,Value explicit in EPA certification model strings; observed in 5 model year(s). Carried forward from V3 unchanged.
Toyota,Avalon,XLE,Trim,2019-2022,2019,2022,1,Discontinued,Government Verified,1,1,EPA,EPA FuelEconomy.gov Vehicle Fuel Economy Dataset,https://www.fueleconomy.gov/feg/epadata/vehicles.csv,,,,2026-07-18,Added - External Research (V2),No,Avalon Hybrid XLE,Value explicit in EPA certification model strings; observed in 4 model year(s). Carried forward from V3 unchanged.
Toyota,bZ,Limited,Trim,2026,2026,2026,1,Active,Government Verified,1,1,EPA,EPA FuelEconomy.gov Vehicle Fuel Economy Dataset,https://www.fueleconomy.gov/feg/epadata/vehicles.csv,,,,2026-07-18,Added - External Research (V2),No,bZ AWD LIMITED,Value explicit in EPA certification model strings; observed in 1 model year(s). Carried forward from V3 unchanged.
Toyota,bZ4X,Limited,Trim,2023-2025,2023,2025,1,Active,Government Verified,1,1,EPA,EPA FuelEconomy.gov Vehicle Fuel Economy Dataset,https://www.fueleconomy.gov/feg/epadata/vehicles.csv,,,,2026-07-18,Added - External Research (V2),No,bZ4X LIMITED,Value explicit in EPA certification model strings; observed in 3 model year(s). Carried forward from V3 unchanged.
Toyota,Camry,LE,Trim,2012-2026,2012,2026,1,Active,Government Verified,1,1,EPA,EPA FuelEconomy.gov Vehicle Fuel Economy Dataset,https://www.fueleconomy.gov/feg/epadata/vehicles.csv,,,,2026-07-18,Added - External Research (V2),No,Camry AWD LE/SE,Value explicit in EPA certification model strings; observed in 15 model year(s). Carried forward from V3 unchanged.
Toyota,Camry,SE,Trim,2014-2026,2014,2026,1,Active,Government Verified,1,1,EPA,EPA FuelEconomy.gov Vehicle Fuel Economy Dataset,https://www.fueleconomy.gov/feg/epadata/vehicles.csv,,,,2026-07-18,Added - External Research (V2),No,Camry AWD LE/SE,Value explicit in EPA certification model strings; observed in 13 model year(s). Carried forward from V3 unchanged.
Toyota,Camry,XLE,Trim,2012-2026,2012,2026,1,Active,Government Verified,1,1,EPA,EPA FuelEconomy.gov Vehicle Fuel Economy Dataset,https://www.fueleconomy.gov/feg/epadata/vehicles.csv,,,,2026-07-18,Added - External Research (V2),No,Camry AWD XLE/XSE,Value explicit in EPA certification model strings; observed in 15 model year(s). Carried forward from V3 unchanged.
Toyota,Camry,XSE,Trim,2018-2026,2018,2026,1,Active,Government Verified,1,1,EPA,EPA FuelEconomy.gov Vehicle Fuel Economy Dataset,https://www.fueleconomy.gov/feg/epadata/vehicles.csv,,,,2026-07-18,Added - External Research (V2),No,Camry AWD XLE/XSE,Value explicit in EPA certification model strings; observed in 9 model year(s). Carried forward from V3 unchanged.
Toyota,Corolla,LE,Trim,2014-2019,2014,2019,1,Discontinued,Government Verified,1,1,EPA,EPA FuelEconomy.gov Vehicle Fuel Economy Dataset,https://www.fueleconomy.gov/feg/epadata/vehicles.csv,,,,2026-07-18,Added - External Research (V2),No,Corolla LE Eco,Value explicit in EPA certification model strings; observed in 6 model year(s). Carried forward from V3 unchanged.
Toyota,Corolla,SE,Trim,2026,2026,2026,1,Active,Government Verified,1,1,EPA,EPA FuelEconomy.gov Vehicle Fuel Economy Dataset,https://www.fueleconomy.gov/feg/epadata/vehicles.csv,,,,2026-07-18,Added - External Research (V2),No,Corolla Hybrid SE,Value explicit in EPA certification model strings; observed in 1 model year(s). Carried forward from V3 unchanged.
Toyota,Corolla,Sport,Trim,1984-1987,1984,1987,1,Discontinued,Government Verified,1,1,EPA,EPA FuelEconomy.gov Vehicle Fuel Economy Dataset,https://www.fueleconomy.gov/feg/epadata/vehicles.csv,,,,2026-07-18,Added - External Research (V2),No,Corolla Sport,Value explicit in EPA certification model strings; observed in 4 model year(s). Carried forward from V3 unchanged.
Toyota,Corolla,XLE,Trim,2020-2022,2020,2022,1,Discontinued,Government Verified,1,1,EPA,EPA FuelEconomy.gov Vehicle Fuel Economy Dataset,https://www.fueleconomy.gov/feg/epadata/vehicles.csv,,,,2026-07-18,Added - External Research (V2),No,Corolla XLE,Value explicit in EPA certification model strings; observed in 3 model year(s). Carried forward from V3 unchanged.
Toyota,Corolla,XSE,Trim,2019-2026,2019,2026,1,Active,Government Verified,1,1,EPA,EPA FuelEconomy.gov Vehicle Fuel Economy Dataset,https://www.fueleconomy.gov/feg/epadata/vehicles.csv,,,,2026-07-18,Added - External Research (V2),No,Corolla Hatchback XSE,Value explicit in EPA certification model strings; observed in 8 model year(s). Carried forward from V3 unchanged.
Toyota,Grand Highlander,LE,Trim,2024-2026,2024,2026,1,Active,Government Verified,1,1,EPA,EPA FuelEconomy.gov Vehicle Fuel Economy Dataset,https://www.fueleconomy.gov/feg/epadata/vehicles.csv,,,,2026-07-18,Added - External Research (V2),No,Grand Highlander AWD LE/XLE,Value explicit in EPA certification model strings; observed in 3 model year(s). Carried forward from V3 unchanged.
Toyota,Grand Highlander,Limited,Trim,2024-2026,2024,2026,1,Active,Government Verified,1,1,EPA,EPA FuelEconomy.gov Vehicle Fuel Economy Dataset,https://www.fueleconomy.gov/feg/epadata/vehicles.csv,,,,2026-07-18,Added - External Research (V2),No,Grand Highlander AWD Limited/Platinum,Value explicit in EPA certification model strings; observed in 3 model year(s). Carried forward from V3 unchanged.
Toyota,Grand Highlander,Platinum,Trim,2024-2026,2024,2026,1,Active,Government Verified,1,1,EPA,EPA FuelEconomy.gov Vehicle Fuel Economy Dataset,https://www.fueleconomy.gov/feg/epadata/vehicles.csv,,,,2026-07-18,Added - External Research (V2),No,Grand Highlander AWD Limited/Platinum,Value explicit in EPA certification model strings; observed in 3 model year(s). Carried forward from V3 unchanged.
Toyota,Grand Highlander,XLE,Trim,2024-2026,2024,2026,1,Active,Government Verified,1,1,EPA,EPA FuelEconomy.gov Vehicle Fuel Economy Dataset,https://www.fueleconomy.gov/feg/epadata/vehicles.csv,,,,2026-07-18,Added - External Research (V2),No,Grand Highlander AWD LE/XLE,Value explicit in EPA certification model strings; observed in 3 model year(s). Carried forward from V3 unchanged.
Toyota,Highlander,LE,Trim,2014-2019,2014,2019,1,Discontinued,Government Verified,1,1,EPA,EPA FuelEconomy.gov Vehicle Fuel Economy Dataset,https://www.fueleconomy.gov/feg/epadata/vehicles.csv,,,,2026-07-18,Added - External Research (V2),No,Highlander AWD LE,Value explicit in EPA certification model strings; observed in 6 model year(s). Carried forward from V3 unchanged.
Toyota,Highlander,SE,Trim,2017-2019,2017,2019,1,Discontinued,Government Verified,1,1,EPA,EPA FuelEconomy.gov Vehicle Fuel Economy Dataset,https://www.fueleconomy.gov/feg/epadata/vehicles.csv,,,,2026-07-18,Added - External Research (V2),No,Highlander LE/XLE/SE/LTD,Value explicit in EPA certification model strings; observed in 3 model year(s). Carried forward from V3 unchanged.
Toyota,Highlander,XLE,Trim,2017-2019,2017,2019,1,Discontinued,Government Verified,1,1,EPA,EPA FuelEconomy.gov Vehicle Fuel Economy Dataset,https://www.fueleconomy.gov/feg/epadata/vehicles.csv,,,,2026-07-18,Added - External Research (V2),No,Highlander LE/XLE/SE/LTD,Value explicit in EPA certification model strings; observed in 3 model year(s). Carried forward from V3 unchanged.
Toyota,Mirai,LE,Trim,2022-2023,2022,2023,1,Discontinued,Government Verified,1,1,EPA,EPA FuelEconomy.gov Vehicle Fuel Economy Dataset,https://www.fueleconomy.gov/feg/epadata/vehicles.csv,,,,2026-07-18,Added - External Research (V2),No,Mirai LE,Value explicit in EPA certification model strings; observed in 2 model year(s). Carried forward from V3 unchanged.
Toyota,Mirai,Limited,Trim,2021-2024,2021,2024,1,Discontinued,Government Verified,1,1,EPA,EPA FuelEconomy.gov Vehicle Fuel Economy Dataset,https://www.fueleconomy.gov/feg/epadata/vehicles.csv,,,,2026-07-18,Added - External Research (V2),No,Mirai Limited,Value explicit in EPA certification model strings; observed in 4 model year(s). Carried forward from V3 unchanged.
Toyota,Mirai,XLE,Trim,2021-2025,2021,2025,1,Active,Government Verified,1,1,EPA,EPA FuelEconomy.gov Vehicle Fuel Economy Dataset,https://www.fueleconomy.gov/feg/epadata/vehicles.csv,,,,2026-07-18,Added - External Research (V2),No,Mirai XLE,Value explicit in EPA certification model strings; observed in 5 model year(s). Carried forward from V3 unchanged.
Toyota,Prius,SE,Trim,2025,2025,2025,1,Active,Government Verified,1,1,EPA,EPA FuelEconomy.gov Vehicle Fuel Economy Dataset,https://www.fueleconomy.gov/feg/epadata/vehicles.csv,,,,2026-07-18,Added - External Research (V2),No,Prius PHEV SE,Value explicit in EPA certification model strings; observed in 1 model year(s). Carried forward from V3 unchanged.
Toyota,Prius,XLE,Trim,2023-2026,2023,2026,1,Active,Government Verified,1,1,EPA,EPA FuelEconomy.gov Vehicle Fuel Economy Dataset,https://www.fueleconomy.gov/feg/epadata/vehicles.csv,,,,2026-07-18,Added - External Research (V2),No,Prius AWD XLE/LTD,Value explicit in EPA certification model strings; observed in 4 model year(s). Carried forward from V3 unchanged.
Toyota,Prius Prime,SE,Trim,2023-2024,2023,2024,1,Discontinued,Government Verified,1,1,EPA,EPA FuelEconomy.gov Vehicle Fuel Economy Dataset,https://www.fueleconomy.gov/feg/epadata/vehicles.csv,,,,2026-07-18,Added - External Research (V2),No,Prius Prime SE,Value explicit in EPA certification model strings; observed in 2 model year(s). Carried forward from V3 unchanged.
Toyota,RAV4,LE,Trim,2015-2018; 2020-2026,2015,2026,2,Active,Government Verified,1,1,EPA,EPA FuelEconomy.gov Vehicle Fuel Economy Dataset,https://www.fueleconomy.gov/feg/epadata/vehicles.csv,,,,2026-07-18,Added - External Research (V2),No,RAV4 AWD LE,Value explicit in EPA certification model strings; observed in 11 model year(s). Carried forward from V3 unchanged.
Toyota,RAV4,Limited,Trim,2013-2018; 2026,2013,2026,2,Active,Government Verified,1,1,EPA,EPA FuelEconomy.gov Vehicle Fuel Economy Dataset,https://www.fueleconomy.gov/feg/epadata/vehicles.csv,,,,2026-07-18,Added - External Research (V2),No,RAV4 AWD Limited & XSE,Value explicit in EPA certification model strings; observed in 7 model year(s). Carried forward from V3 unchanged.
Toyota,RAV4,SE,Trim,2016-2018; 2026,2016,2026,2,Active,Government Verified,1,1,EPA,EPA FuelEconomy.gov Vehicle Fuel Economy Dataset,https://www.fueleconomy.gov/feg/epadata/vehicles.csv,,,,2026-07-18,Added - External Research (V2),No,RAV4 AWD SE & LE,Value explicit in EPA certification model strings; observed in 4 model year(s). Carried forward from V3 unchanged.
Toyota,RAV4,XLE,Trim,2015-2018; 2026,2015,2026,2,Active,Government Verified,1,1,EPA,EPA FuelEconomy.gov Vehicle Fuel Economy Dataset,https://www.fueleconomy.gov/feg/epadata/vehicles.csv,,,,2026-07-18,Added - External Research (V2),No,RAV4 AWD XLE,Value explicit in EPA certification model strings; observed in 5 model year(s). Carried forward from V3 unchanged.
Toyota,RAV4,XSE,Trim,2026,2026,2026,1,Active,Government Verified,1,1,EPA,EPA FuelEconomy.gov Vehicle Fuel Economy Dataset,https://www.fueleconomy.gov/feg/epadata/vehicles.csv,,,,2026-07-18,Added - External Research (V2),No,RAV4 AWD Limited & XSE,Value explicit in EPA certification model strings; observed in 1 model year(s). Carried forward from V3 unchanged.
Toyota,Tacoma,Limited,Trim,2024-2026,2024,2026,1,Active,Government Verified,1,1,EPA,EPA FuelEconomy.gov Vehicle Fuel Economy Dataset,https://www.fueleconomy.gov/feg/epadata/vehicles.csv,,,,2026-07-18,Added - External Research (V2),No,Tacoma SR5/Sport/Off-Road/Limited 4WD,Value explicit in EPA certification model strings; observed in 3 model year(s). Carried forward from V3 unchanged.
Toyota,Tacoma,Sport,Trim,2024-2026,2024,2026,1,Active,Government Verified,1,1,EPA,EPA FuelEconomy.gov Vehicle Fuel Economy Dataset,https://www.fueleconomy.gov/feg/epadata/vehicles.csv,,,,2026-07-18,Added - External Research (V2),No,Tacoma SR5/Sport/Off-Road/Limited 4WD,Value explicit in EPA certification model strings; observed in 3 model year(s). Carried forward from V3 unchanged.
Toyota,Tacoma,SR5,Trim,2024-2026,2024,2026,1,Active,Government Verified,1,1,EPA,EPA FuelEconomy.gov Vehicle Fuel Economy Dataset,https://www.fueleconomy.gov/feg/epadata/vehicles.csv,,,,2026-07-18,Added - External Research (V2),No,Tacoma SR5/Sport/Off-Road/Limited 4WD,Value explicit in EPA certification model strings; observed in 3 model year(s). Carried forward from V3 unchanged.
Volkswagen,Atlas,SE,Trim,2024-2026,2024,2026,1,Active,Government Verified,1,1,EPA,EPA FuelEconomy.gov Vehicle Fuel Economy Dataset,https://www.fueleconomy.gov/feg/epadata/vehicles.csv,,,,2026-07-18,Added - External Research (V2),No,Atlas SE 4motion,Value explicit in EPA certification model strings; observed in 3 model year(s). Carried forward from V3 unchanged.
Volkswagen,Jetta,SE,Trim,2022-2026,2022,2026,1,Active,Government Verified,1,1,EPA,EPA FuelEconomy.gov Vehicle Fuel Economy Dataset,https://www.fueleconomy.gov/feg/epadata/vehicles.csv,,,,2026-07-18,Added - External Research (V2),No,Jetta SE/SEL,Value explicit in EPA certification model strings; observed in 5 model year(s). Carried forward from V3 unchanged.
Volkswagen,Jetta,Sport,Trim,2023-2026,2023,2026,1,Active,Government Verified,1,1,EPA,EPA FuelEconomy.gov Vehicle Fuel Economy Dataset,https://www.fueleconomy.gov/feg/epadata/vehicles.csv,,,,2026-07-18,Added - External Research (V2),No,Jetta Sport/SE/SEL,Value explicit in EPA certification model strings; observed in 4 model year(s). Carried forward from V3 unchanged.
Volkswagen,Tiguan,Limited,Trim,2018,2018,2018,1,Discontinued,Fully Verified,2,2,EPA,EPA FuelEconomy.gov Vehicle Fuel Economy Dataset,https://www.fueleconomy.gov/feg/epadata/vehicles.csv,NHTSA,NHTSA Product Information Catalog (vehicle products API),https://api.nhtsa.gov/products/vehicle/models?modelYear=2018&make=VOLKSWAGEN&issueType=r,2026-07-18,Added - External Research (V2),No,TIGUAN LIMITED,Value explicit in EPA certification model strings and NHTSA recall records; observed in 1 model year(s). Carried forward from V3 unchanged.
Volvo,940,SE,Trim,1991,1991,1991,1,Discontinued,Government Verified,1,1,EPA,EPA FuelEconomy.gov Vehicle Fuel Economy Dataset,https://www.fueleconomy.gov/feg/epadata/vehicles.csv,,,,2026-07-18,Added - External Research (V2),No,940 SE,Value explicit in EPA certification model strings; observed in 1 model year(s). Carried forward from V3 unchanged.
Acura,MDX,Sport Hybrid,Sub-model,2017-2020,2017,2020,1,Discontinued,Manufacturer Verified,1,1,"Acura (American Honda Motor Co., Inc.)",Acura Electrifies SUV Lineup with Powerful and Efficient 2017 MDX Sport Hybrid (official press release; inspected 2026-07-18),https://acuranews.com/en-US/releases/release-ecb7d1f3ec084c759f624ced3dcc1d43-acura-electrifies-suv-lineup-with-powerful-and-efficient-2017-mdx-sport-hybrid,,,,2026-07-18,Added - V4 High-Priority Research,No,Sport,Official designation is 'MDX Sport Hybrid' (2017-2020); the recall-string residual 'Sport' is a fragment of this sub-model name.
Acura,RLX,Sport Hybrid,Sub-model,2014; 2016; 2018,2014,2018,3,Discontinued,Manufacturer Verified,1,1,"Acura (American Honda Motor Co., Inc.)","2017 MDX Sport Hybrid press release, which documents the Sport Hybrid SH-AWD system as 'first offered in the RLX Sport Hybrid' (inspected 2026-07-18)",https://acuranews.com/en-US/releases/release-ecb7d1f3ec084c759f624ced3dcc1d43-acura-electrifies-suv-lineup-with-powerful-and-efficient-2017-mdx-sport-hybrid,,,,2026-07-18,Added - V4 High-Priority Research,No,Sport,Official designation 'RLX Sport Hybrid'; candidate years match the RLX Sport Hybrid availability.
Acura,TSX,Sport Wagon,Sub-model,2011-2012,2011,2012,1,Discontinued,Manufacturer Verified,1,1,"Acura (American Honda Motor Co., Inc.)",Acura TSX Receives Numerous Updates and All-New Sport Wagon Model for 2011 (official press release),https://acuranews.com/en-US/releases/release-164e42d0f9a640e79f8dee69077ba28a-acura-tsx-receives-numerous-updates-and-all-new-sport-wagon-model-for,,,,2026-07-18,Added - V4 High-Priority Research,No,Sport,"Official designation 'TSX Sport Wagon', announced by Acura as an all-new model variant for 2011."
GMC,Acadia,Denali,Trim,2013-2017,2013,2017,1,Discontinued,Manufacturer Verified,1,1,GMC (General Motors),GMC Newsroom: 'GMC celebrates 25 years of Denali as sales reach 2 million vehicles' - Denali described as GMC's premium trim level (newsroom inspected 2026-07-18); Acadia Denali lineage confirmed by 'GMC introduces first ever Acadia Denali Ultimate for 2026',https://news.gmc.com,,,,2026-07-18,Added - V4 High-Priority Research,No,Denali,Denali is GMC's official premium trim; Acadia Denali offered from MY2011 onward - candidate years 2013-2017 are within that range.
GMC,Sierra 1500,Limited,Edition,2022,2022,2022,1,Discontinued,Government Verified,1,1,GMC (GMC Truck Communications),"2022 Sierra 1500 Limited model-year designation, announced via GMC Truck Communications (as quoted by GM Authority trade coverage); NHTSA recall products name 'SIERRA 1500 LIMITED' directly",https://gmauthority.com/blog/2021/07/refreshed-2022-gmc-sierra-1500-delayed-limited-model-to-be-introduced/,,,,2026-07-18,Added - V4 High-Priority Research,No,Limited,Official GMC carryover model-year designation for MY2022 only; not a trim level (its own trims were Pro/SLE/Elevation/SLT/AT4/Denali).
Genesis,G80,Sport,Trim,2018-2019,2018,2019,1,Discontinued,Manufacturer Verified,1,1,Genesis Motor America,Genesis Debuts 2018 G80 Sport Trim with 3.3-Liter Turbocharged Engine and Performance Styling (official Genesis newsroom),https://www.genesisnewsusa.com/en-us/releases/18,,,,2026-07-18,Added - V4 High-Priority Research,No,Sport,Official release names the 'G80 Sport trim' explicitly (also styled '3.3T Sport'); US retail deliveries from May 2017 (MY2018).
Porsche,Panamera,Platinum Edition,Edition,2023,2023,2023,1,Discontinued,Manufacturer Verified,1,1,Porsche Cars North America,Elegant and exclusive: Panamera Platinum Edition (Porsche Newsroom USA),https://newsroom.porsche.com/en_US/2021/products/porsche-panamera-platinum-edition-special-series-26366.html,,,,2026-07-18,Added - V4 High-Priority Research,No,Platinum,Official special-series designation 'Platinum Edition' (US MY2022-2023); candidate year 2023 within range.
BMW,2 Series,M235I,Trim,2014-2016; 2020-2024,2014,2024,2,Discontinued,Government Verified,1,2,EPA,EPA FuelEconomy.gov Vehicle Fuel Economy Dataset,https://www.fueleconomy.gov/feg/epadata/vehicles.csv,NHTSA,NHTSA Recall dataset,https://api.nhtsa.gov/products/vehicle/models?issueType=r,2026-07-18,Added - V4 High-Priority Research,No,M235I,
BMW,2 Series,M240I,Trim,2017-2026,2017,2026,1,Active,Government Verified,1,2,EPA,EPA FuelEconomy.gov Vehicle Fuel Economy Dataset,https://www.fueleconomy.gov/feg/epadata/vehicles.csv,NHTSA,NHTSA Recall dataset,https://api.nhtsa.gov/products/vehicle/models?issueType=r,2026-07-18,Added - V4 High-Priority Research,No,M240I,
BMW,3 Series,318Is,Trim,1991-1995; 1997,1991,1997,2,Discontinued,Government Verified,1,2,EPA,EPA FuelEconomy.gov Vehicle Fuel Economy Dataset,https://www.fueleconomy.gov/feg/epadata/vehicles.csv,NHTSA,NHTSA Recall dataset,https://api.nhtsa.gov/products/vehicle/models?issueType=r,2026-07-18,Added - V4 High-Priority Research,No,318IS,
BMW,3 Series,318Ti,Trim,1995-1999,1995,1999,1,Discontinued,Government Verified,1,2,EPA,EPA FuelEconomy.gov Vehicle Fuel Economy Dataset,https://www.fueleconomy.gov/feg/epadata/vehicles.csv,NHTSA,NHTSA Recall dataset,https://api.nhtsa.gov/products/vehicle/models?issueType=r,2026-07-18,Added - V4 High-Priority Research,No,318TI,
BMW,3 Series,325Ci,Trim,2000-2006,2000,2006,1,Discontinued,Government Verified,1,2,EPA,EPA FuelEconomy.gov Vehicle Fuel Economy Dataset,https://www.fueleconomy.gov/feg/epadata/vehicles.csv,NHTSA,NHTSA Recall dataset,https://api.nhtsa.gov/products/vehicle/models?issueType=r,2026-07-18,Added - V4 High-Priority Research,No,325CI,
BMW,3 Series,325Ic,Trim,1991; 1994,1991,1994,2,Discontinued,Government Verified,1,2,EPA,EPA FuelEconomy.gov Vehicle Fuel Economy Dataset,https://www.fueleconomy.gov/feg/epadata/vehicles.csv,NHTSA,NHTSA Recall dataset,https://api.nhtsa.gov/products/vehicle/models?issueType=r,2026-07-18,Added - V4 High-Priority Research,No,325IC,
BMW,3 Series,325Is,Trim,1991; 1994,1991,1994,2,Discontinued,Government Verified,1,2,EPA,EPA FuelEconomy.gov Vehicle Fuel Economy Dataset,https://www.fueleconomy.gov/feg/epadata/vehicles.csv,NHTSA,NHTSA Recall dataset,https://api.nhtsa.gov/products/vehicle/models?issueType=r,2026-07-18,Added - V4 High-Priority Research,No,325IS,
BMW,3 Series,325Ix,Trim,1989-1991; 2001,1989,2001,2,Discontinued,Government Verified,1,2,EPA,EPA FuelEconomy.gov Vehicle Fuel Economy Dataset,https://www.fueleconomy.gov/feg/epadata/vehicles.csv,NHTSA,NHTSA Recall dataset,https://api.nhtsa.gov/products/vehicle/models?issueType=r,2026-07-18,Added - V4 High-Priority Research,No,325IX,
BMW,3 Series,325Xi,Trim,2001-2006,2001,2006,1,Discontinued,Government Verified,1,2,EPA,EPA FuelEconomy.gov Vehicle Fuel Economy Dataset,https://www.fueleconomy.gov/feg/epadata/vehicles.csv,NHTSA,NHTSA Recall dataset,https://api.nhtsa.gov/products/vehicle/models?issueType=r,2026-07-18,Added - V4 High-Priority Research,No,325XI,
BMW,3 Series,328Ci,Trim,2000; 2007-2012,2000,2012,2,Discontinued,Government Verified,1,2,EPA,EPA FuelEconomy.gov Vehicle Fuel Economy Dataset,https://www.fueleconomy.gov/feg/epadata/vehicles.csv,NHTSA,NHTSA Recall dataset,https://api.nhtsa.gov/products/vehicle/models?issueType=r,2026-07-18,Added - V4 High-Priority Research,No,328CI,
BMW,3 Series,328D,Trim,2014-2018,2014,2018,1,Discontinued,Government Verified,1,2,EPA,EPA FuelEconomy.gov Vehicle Fuel Economy Dataset,https://www.fueleconomy.gov/feg/epadata/vehicles.csv,NHTSA,NHTSA Recall dataset,https://api.nhtsa.gov/products/vehicle/models?issueType=r,2026-07-18,Added - V4 High-Priority Research,No,328D,
BMW,3 Series,328Ic,Trim,1997; 1999-2000,1997,2000,2,Discontinued,Government Verified,1,2,EPA,EPA FuelEconomy.gov Vehicle Fuel Economy Dataset,https://www.fueleconomy.gov/feg/epadata/vehicles.csv,NHTSA,NHTSA Recall dataset,https://api.nhtsa.gov/products/vehicle/models?issueType=r,2026-07-18,Added - V4 High-Priority Research,No,328IC,
BMW,3 Series,328Xi,Trim,2007-2008; 2014-2015,2007,2015,2,Discontinued,Government Verified,1,2,EPA,EPA FuelEconomy.gov Vehicle Fuel Economy Dataset,https://www.fueleconomy.gov/feg/epadata/vehicles.csv,NHTSA,NHTSA Recall dataset,https://api.nhtsa.gov/products/vehicle/models?issueType=r,2026-07-18,Added - V4 High-Priority Research,No,328XI,
BMW,3 Series,330Ci,Trim,2000-2006,2000,2006,1,Discontinued,Government Verified,1,2,EPA,EPA FuelEconomy.gov Vehicle Fuel Economy Dataset,https://www.fueleconomy.gov/feg/epadata/vehicles.csv,NHTSA,NHTSA Recall dataset,https://api.nhtsa.gov/products/vehicle/models?issueType=r,2026-07-18,Added - V4 High-Priority Research,No,330CI,
BMW,3 Series,330E,Trim,2016-2018; 2021-2024,2016,2024,2,Discontinued,Government Verified,1,2,EPA,EPA FuelEconomy.gov Vehicle Fuel Economy Dataset,https://www.fueleconomy.gov/feg/epadata/vehicles.csv,NHTSA,NHTSA Recall dataset,https://api.nhtsa.gov/products/vehicle/models?issueType=r,2026-07-18,Added - V4 High-Priority Research,No,330E,
BMW,3 Series,330Xi,Trim,2001-2006,2001,2006,1,Discontinued,Government Verified,1,2,EPA,EPA FuelEconomy.gov Vehicle Fuel Economy Dataset,https://www.fueleconomy.gov/feg/epadata/vehicles.csv,NHTSA,NHTSA Recall dataset,https://api.nhtsa.gov/products/vehicle/models?issueType=r,2026-07-18,Added - V4 High-Priority Research,No,330XI,
BMW,3 Series,335D,Trim,2009-2011,2009,2011,1,Discontinued,Government Verified,1,2,EPA,EPA FuelEconomy.gov Vehicle Fuel Economy Dataset,https://www.fueleconomy.gov/feg/epadata/vehicles.csv,NHTSA,NHTSA Recall dataset,https://api.nhtsa.gov/products/vehicle/models?issueType=r,2026-07-18,Added - V4 High-Priority Research,No,335D,
BMW,3 Series,335Is,Trim,2011-2013,2011,2013,1,Discontinued,Government Verified,1,2,EPA,EPA FuelEconomy.gov Vehicle Fuel Economy Dataset,https://www.fueleconomy.gov/feg/epadata/vehicles.csv,NHTSA,NHTSA Recall dataset,https://api.nhtsa.gov/products/vehicle/models?issueType=r,2026-07-18,Added - V4 High-Priority Research,No,335IS,
BMW,3 Series,335Xi,Trim,2007-2008; 2013-2015,2007,2015,2,Discontinued,Government Verified,1,2,EPA,EPA FuelEconomy.gov Vehicle Fuel Economy Dataset,https://www.fueleconomy.gov/feg/epadata/vehicles.csv,NHTSA,NHTSA Recall dataset,https://api.nhtsa.gov/products/vehicle/models?issueType=r,2026-07-18,Added - V4 High-Priority Research,No,335XI,
BMW,3 Series,M340I,Trim,2020-2026,2020,2026,1,Active,Government Verified,1,2,EPA,EPA FuelEconomy.gov Vehicle Fuel Economy Dataset,https://www.fueleconomy.gov/feg/epadata/vehicles.csv,NHTSA,NHTSA Recall dataset,https://api.nhtsa.gov/products/vehicle/models?issueType=r,2026-07-18,Added - V4 High-Priority Research,No,M340I,
BMW,4 Series,M440I,Trim,2021-2027,2021,2027,1,Active,Government Verified,1,2,EPA,EPA FuelEconomy.gov Vehicle Fuel Economy Dataset,https://www.fueleconomy.gov/feg/epadata/vehicles.csv,NHTSA,NHTSA Recall dataset,https://api.nhtsa.gov/products/vehicle/models?issueType=r,2026-07-18,Added - V4 High-Priority Research,No,M440I,
BMW,5 Series,525Xi,Trim,2006-2007; 2011,2006,2011,2,Discontinued,Government Verified,1,2,EPA,EPA FuelEconomy.gov Vehicle Fuel Economy Dataset,https://www.fueleconomy.gov/feg/epadata/vehicles.csv,NHTSA,NHTSA Recall dataset,https://api.nhtsa.gov/products/vehicle/models?issueType=r,2026-07-18,Added - V4 High-Priority Research,No,525XI,
BMW,5 Series,528Xi,Trim,2008; 2012-2014,2008,2014,2,Discontinued,Government Verified,1,2,EPA,EPA FuelEconomy.gov Vehicle Fuel Economy Dataset,https://www.fueleconomy.gov/feg/epadata/vehicles.csv,NHTSA,NHTSA Recall dataset,https://api.nhtsa.gov/products/vehicle/models?issueType=r,2026-07-18,Added - V4 High-Priority Research,No,528XI,
BMW,5 Series,530E,Trim,2018-2023,2018,2023,1,Discontinued,Government Verified,1,2,EPA,EPA FuelEconomy.gov Vehicle Fuel Economy Dataset,https://www.fueleconomy.gov/feg/epadata/vehicles.csv,NHTSA,NHTSA Recall dataset,https://api.nhtsa.gov/products/vehicle/models?issueType=r,2026-07-18,Added - V4 High-Priority Research,No,530E,
BMW,5 Series,535D,Trim,2014-2016,2014,2016,1,Discontinued,Government Verified,1,2,EPA,EPA FuelEconomy.gov Vehicle Fuel Economy Dataset,https://www.fueleconomy.gov/feg/epadata/vehicles.csv,NHTSA,NHTSA Recall dataset,https://api.nhtsa.gov/products/vehicle/models?issueType=r,2026-07-18,Added - V4 High-Priority Research,No,535D,
BMW,5 Series,535Xi,Trim,2008; 2012-2013,2008,2013,2,Discontinued,Government Verified,1,2,EPA,EPA FuelEconomy.gov Vehicle Fuel Economy Dataset,https://www.fueleconomy.gov/feg/epadata/vehicles.csv,NHTSA,NHTSA Recall dataset,https://api.nhtsa.gov/products/vehicle/models?issueType=r,2026-07-18,Added - V4 High-Priority Research,No,535XI,
BMW,5 Series,M550I,Trim,2018-2023,2018,2023,1,Discontinued,Government Verified,1,2,EPA,EPA FuelEconomy.gov Vehicle Fuel Economy Dataset,https://www.fueleconomy.gov/feg/epadata/vehicles.csv,NHTSA,NHTSA Recall dataset,https://api.nhtsa.gov/products/vehicle/models?issueType=r,2026-07-18,Added - V4 High-Priority Research,No,M550I,
BMW,7 Series,735Il,Trim,1989-1992,1989,1992,1,Discontinued,Government Verified,1,2,EPA,EPA FuelEconomy.gov Vehicle Fuel Economy Dataset,https://www.fueleconomy.gov/feg/epadata/vehicles.csv,NHTSA,NHTSA Recall dataset,https://api.nhtsa.gov/products/vehicle/models?issueType=r,2026-07-18,Added - V4 High-Priority Research,No,735IL,
BMW,7 Series,740Il,Trim,1993-2001,1993,2001,1,Discontinued,Government Verified,1,2,EPA,EPA FuelEconomy.gov Vehicle Fuel Economy Dataset,https://www.fueleconomy.gov/feg/epadata/vehicles.csv,NHTSA,NHTSA Recall dataset,https://api.nhtsa.gov/products/vehicle/models?issueType=r,2026-07-18,Added - V4 High-Priority Research,No,740IL,
BMW,7 Series,740Li,Trim,2011-2016,2011,2016,1,Discontinued,Government Verified,1,2,EPA,EPA FuelEconomy.gov Vehicle Fuel Economy Dataset,https://www.fueleconomy.gov/feg/epadata/vehicles.csv,NHTSA,NHTSA Recall dataset,https://api.nhtsa.gov/products/vehicle/models?issueType=r,2026-07-18,Added - V4 High-Priority Research,No,740LI,
BMW,7 Series,750Il,Trim,1989-2001,1989,2001,1,Discontinued,Government Verified,1,2,EPA,EPA FuelEconomy.gov Vehicle Fuel Economy Dataset,https://www.fueleconomy.gov/feg/epadata/vehicles.csv,NHTSA,NHTSA Recall dataset,https://api.nhtsa.gov/products/vehicle/models?issueType=r,2026-07-18,Added - V4 High-Priority Research,No,750IL,
BMW,7 Series,750Li,Trim,2006-2016,2006,2016,1,Discontinued,Government Verified,1,2,EPA,EPA FuelEconomy.gov Vehicle Fuel Economy Dataset,https://www.fueleconomy.gov/feg/epadata/vehicles.csv,NHTSA,NHTSA Recall dataset,https://api.nhtsa.gov/products/vehicle/models?issueType=r,2026-07-18,Added - V4 High-Priority Research,No,750LI,
BMW,7 Series,760Li,Trim,2003-2008; 2010-2015,2003,2015,2,Discontinued,Government Verified,1,2,EPA,EPA FuelEconomy.gov Vehicle Fuel Economy Dataset,https://www.fueleconomy.gov/feg/epadata/vehicles.csv,NHTSA,NHTSA Recall dataset,https://api.nhtsa.gov/products/vehicle/models?issueType=r,2026-07-18,Added - V4 High-Priority Research,No,760LI,
BMW,7 Series,Activehybrid,Trim,2011-2015,2011,2015,1,Discontinued,Government Verified,1,2,EPA,EPA FuelEconomy.gov Vehicle Fuel Economy Dataset,https://www.fueleconomy.gov/feg/epadata/vehicles.csv,NHTSA,NHTSA Recall dataset,https://api.nhtsa.gov/products/vehicle/models?issueType=r,2026-07-18,Added - V4 High-Priority Research,No,ACTIVEHYBRID,
BMW,7 Series,M760I,Trim,2017-2022,2017,2022,1,Discontinued,Government Verified,1,2,EPA,EPA FuelEconomy.gov Vehicle Fuel Economy Dataset,https://www.fueleconomy.gov/feg/epadata/vehicles.csv,NHTSA,NHTSA Recall dataset,https://api.nhtsa.gov/products/vehicle/models?issueType=r,2026-07-18,Added - V4 High-Priority Research,No,M760I,
BMW,8 Series,840Ci,Trim,1994-1997,1994,1997,1,Discontinued,Government Verified,1,2,EPA,EPA FuelEconomy.gov Vehicle Fuel Economy Dataset,https://www.fueleconomy.gov/feg/epadata/vehicles.csv,NHTSA,NHTSA Recall dataset,https://api.nhtsa.gov/products/vehicle/models?issueType=r,2026-07-18,Added - V4 High-Priority Research,No,840CI,
BMW,8 Series,850Ci,Trim,1992-1997,1992,1997,1,Discontinued,Government Verified,1,2,EPA,EPA FuelEconomy.gov Vehicle Fuel Economy Dataset,https://www.fueleconomy.gov/feg/epadata/vehicles.csv,NHTSA,NHTSA Recall dataset,https://api.nhtsa.gov/products/vehicle/models?issueType=r,2026-07-18,Added - V4 High-Priority Research,No,850CI,
BMW,8 Series,850Csi,Trim,1994-1995,1994,1995,1,Discontinued,Government Verified,1,2,EPA,EPA FuelEconomy.gov Vehicle Fuel Economy Dataset,https://www.fueleconomy.gov/feg/epadata/vehicles.csv,NHTSA,NHTSA Recall dataset,https://api.nhtsa.gov/products/vehicle/models?issueType=r,2026-07-18,Added - V4 High-Priority Research,No,850CSI,
BMW,8 Series,M850I,Trim,2019-2026,2019,2026,1,Active,Government Verified,1,2,EPA,EPA FuelEconomy.gov Vehicle Fuel Economy Dataset,https://www.fueleconomy.gov/feg/epadata/vehicles.csv,NHTSA,NHTSA Recall dataset,https://api.nhtsa.gov/products/vehicle/models?issueType=r,2026-07-18,Added - V4 High-Priority Research,No,M850I,
BMW,M2,Competition,Trim,2019-2021,2019,2021,1,Discontinued,Government Verified,1,2,EPA,EPA FuelEconomy.gov Vehicle Fuel Economy Dataset,https://www.fueleconomy.gov/feg/epadata/vehicles.csv,NHTSA,NHTSA Recall dataset,https://api.nhtsa.gov/products/vehicle/models?issueType=r,2026-07-18,Added - V4 High-Priority Research,No,COMPETITION,
BMW,Z4,M40I,Trim,2020-2026,2020,2026,1,Active,Government Verified,1,2,EPA,EPA FuelEconomy.gov Vehicle Fuel Economy Dataset,https://www.fueleconomy.gov/feg/epadata/vehicles.csv,NHTSA,NHTSA Recall dataset,https://api.nhtsa.gov/products/vehicle/models?issueType=r,2026-07-18,Added - V4 High-Priority Research,No,M40I,
BMW,i3,REX,Trim,2014-2019,2014,2019,1,Discontinued,Government Verified,1,2,EPA,EPA FuelEconomy.gov Vehicle Fuel Economy Dataset,https://www.fueleconomy.gov/feg/epadata/vehicles.csv,NHTSA,NHTSA Recall dataset,https://api.nhtsa.gov/products/vehicle/models?issueType=r,2026-07-18,Added - V4 High-Priority Research,No,REX,
BMW,i4,Edrive40,Trim,2022-2026,2022,2026,1,Active,Government Verified,1,2,EPA,EPA FuelEconomy.gov Vehicle Fuel Economy Dataset,https://www.fueleconomy.gov/feg/epadata/vehicles.csv,NHTSA,NHTSA Recall dataset,https://api.nhtsa.gov/products/vehicle/models?issueType=r,2026-07-18,Added - V4 High-Priority Research,No,EDRIVE40,
Cadillac,Fleetwood,Brougham,Trim,1985-1986; 1990,1985,1990,2,Discontinued,Government Verified,1,2,EPA,EPA FuelEconomy.gov Vehicle Fuel Economy Dataset,https://www.fueleconomy.gov/feg/epadata/vehicles.csv,NHTSA,NHTSA Recall dataset,https://api.nhtsa.gov/products/vehicle/models?issueType=r,2026-07-18,Added - V4 High-Priority Research,No,BROUGHAM,
Chevrolet,Chevy Van (G-Series),G10,Trim,1984-1998,1984,1998,1,Discontinued,Government Verified,1,2,EPA,EPA FuelEconomy.gov Vehicle Fuel Economy Dataset,https://www.fueleconomy.gov/feg/epadata/vehicles.csv,NHTSA,NHTSA Recall dataset,https://api.nhtsa.gov/products/vehicle/models?issueType=r,2026-07-18,Added - V4 High-Priority Research,No,G10,
Chevrolet,Chevy Van (G-Series),G30,Trim,1982-1999; 2001-2002,1982,2002,2,Discontinued,Government Verified,1,2,EPA,EPA FuelEconomy.gov Vehicle Fuel Economy Dataset,https://www.fueleconomy.gov/feg/epadata/vehicles.csv,NHTSA,NHTSA Recall dataset,https://api.nhtsa.gov/products/vehicle/models?issueType=r,2026-07-18,Added - V4 High-Priority Research,No,G30,
Chevrolet,Corvette,Z06,Trim,2006-2013; 2019; 2023-2027,2006,2027,3,Active,Government Verified,1,2,EPA,EPA FuelEconomy.gov Vehicle Fuel Economy Dataset,https://www.fueleconomy.gov/feg/epadata/vehicles.csv,NHTSA,NHTSA Recall dataset,https://api.nhtsa.gov/products/vehicle/models?issueType=r,2026-07-18,Added - V4 High-Priority Research,No,Z06,
Chevrolet,Corvette,ZR1,Trim,2009-2010; 2012-2013; 2019; 2025-2027,2009,2027,4,Active,Government Verified,1,2,EPA,EPA FuelEconomy.gov Vehicle Fuel Economy Dataset,https://www.fueleconomy.gov/feg/epadata/vehicles.csv,NHTSA,NHTSA Recall dataset,https://api.nhtsa.gov/products/vehicle/models?issueType=r,2026-07-18,Added - V4 High-Priority Research,No,ZR1,
Chevrolet,Express,3500-,Trim,1997-2001; 2004-2022; 2024,1997,2024,3,Discontinued,Government Verified,1,2,EPA,EPA FuelEconomy.gov Vehicle Fuel Economy Dataset,https://www.fueleconomy.gov/feg/epadata/vehicles.csv,NHTSA,NHTSA Recall dataset,https://api.nhtsa.gov/products/vehicle/models?issueType=r,2026-07-18,Added - V4 High-Priority Research,No,3500-,
Chevrolet,HHR,Panel,Trim,2007-2011,2007,2011,1,Discontinued,Government Verified,1,2,EPA,EPA FuelEconomy.gov Vehicle Fuel Economy Dataset,https://www.fueleconomy.gov/feg/epadata/vehicles.csv,NHTSA,NHTSA Recall dataset,https://api.nhtsa.gov/products/vehicle/models?issueType=r,2026-07-18,Added - V4 High-Priority Research,No,PANEL,
Chevrolet,Malibu,Maxx,Trim,2004-2007,2004,2007,1,Discontinued,Government Verified,1,2,EPA,EPA FuelEconomy.gov Vehicle Fuel Economy Dataset,https://www.fueleconomy.gov/feg/epadata/vehicles.csv,NHTSA,NHTSA Recall dataset,https://api.nhtsa.gov/products/vehicle/models?issueType=r,2026-07-18,Added - V4 High-Priority Research,No,MAXX,
Chevrolet,S-10,T10,Trim,1984-1988; 1995; 2000-2001,1984,2001,3,Discontinued,Government Verified,1,2,EPA,EPA FuelEconomy.gov Vehicle Fuel Economy Dataset,https://www.fueleconomy.gov/feg/epadata/vehicles.csv,NHTSA,NHTSA Recall dataset,https://api.nhtsa.gov/products/vehicle/models?issueType=r,2026-07-18,Added - V4 High-Priority Research,No,T10,
Chrysler,Town & Country,AND,Trim,1983-1984; 1986; 1988-1991; 2001; 2009-2017,1983,2017,5,Discontinued,Government Verified,1,2,EPA,EPA FuelEconomy.gov Vehicle Fuel Economy Dataset,https://www.fueleconomy.gov/feg/epadata/vehicles.csv,NHTSA,NHTSA Recall dataset,https://api.nhtsa.gov/products/vehicle/models?issueType=r,2026-07-18,Added - V4 High-Priority Research,No,AND,
Dodge,Challenger,Demon,Trim,2018; 2023,2018,2023,2,Discontinued,Government Verified,1,2,EPA,EPA FuelEconomy.gov Vehicle Fuel Economy Dataset,https://www.fueleconomy.gov/feg/epadata/vehicles.csv,NHTSA,NHTSA Recall dataset,https://api.nhtsa.gov/products/vehicle/models?issueType=r,2026-07-18,Added - V4 High-Priority Research,No,DEMON,
Dodge,Challenger,SRT,Series,2016-2023,2016,2023,1,Discontinued,Government Verified,1,2,EPA,EPA FuelEconomy.gov Vehicle Fuel Economy Dataset,https://www.fueleconomy.gov/feg/epadata/vehicles.csv,NHTSA,NHTSA Recall dataset,https://api.nhtsa.gov/products/vehicle/models?issueType=r,2026-07-18,Added - V4 High-Priority Research,No,SRT,SRT (Street & Racing Technology) is the official performance series across Stellantis models.
Dodge,Charger,SRT,Series,2016-2023,2016,2023,1,Discontinued,Government Verified,1,2,EPA,EPA FuelEconomy.gov Vehicle Fuel Economy Dataset,https://www.fueleconomy.gov/feg/epadata/vehicles.csv,NHTSA,NHTSA Recall dataset,https://api.nhtsa.gov/products/vehicle/models?issueType=r,2026-07-18,Added - V4 High-Priority Research,No,SRT,SRT (Street & Racing Technology) is the official performance series across Stellantis models.
Dodge,Durango,SRT,Series,2018-2025,2018,2025,1,Active,Government Verified,1,2,EPA,EPA FuelEconomy.gov Vehicle Fuel Economy Dataset,https://www.fueleconomy.gov/feg/epadata/vehicles.csv,NHTSA,NHTSA Recall dataset,https://api.nhtsa.gov/products/vehicle/models?issueType=r,2026-07-18,Added - V4 High-Priority Research,No,SRT,SRT (Street & Racing Technology) is the official performance series across Stellantis models.
Dodge,Ram 150-350 (D/W Series),D100,Trim,1984-1993,1984,1993,1,Discontinued,Government Verified,1,2,EPA,EPA FuelEconomy.gov Vehicle Fuel Economy Dataset,https://www.fueleconomy.gov/feg/epadata/vehicles.csv,NHTSA,NHTSA Recall dataset,https://api.nhtsa.gov/products/vehicle/models?issueType=r,2026-07-18,Added - V4 High-Priority Research,No,D100,
Dodge,Ram 150-350 (D/W Series),D150,Trim,1981; 1984-1993,1981,1993,2,Discontinued,Government Verified,1,2,EPA,EPA FuelEconomy.gov Vehicle Fuel Economy Dataset,https://www.fueleconomy.gov/feg/epadata/vehicles.csv,NHTSA,NHTSA Recall dataset,https://api.nhtsa.gov/products/vehicle/models?issueType=r,2026-07-18,Added - V4 High-Priority Research,No,D150,
Dodge,Ram 150-350 (D/W Series),D250,Trim,1984-1993,1984,1993,1,Discontinued,Government Verified,1,2,EPA,EPA FuelEconomy.gov Vehicle Fuel Economy Dataset,https://www.fueleconomy.gov/feg/epadata/vehicles.csv,NHTSA,NHTSA Recall dataset,https://api.nhtsa.gov/products/vehicle/models?issueType=r,2026-07-18,Added - V4 High-Priority Research,No,D250,
Dodge,Ram 150-350 (D/W Series),W100,Trim,1984-1993,1984,1993,1,Discontinued,Government Verified,1,2,EPA,EPA FuelEconomy.gov Vehicle Fuel Economy Dataset,https://www.fueleconomy.gov/feg/epadata/vehicles.csv,NHTSA,NHTSA Recall dataset,https://api.nhtsa.gov/products/vehicle/models?issueType=r,2026-07-18,Added - V4 High-Priority Research,No,W100,
Dodge,Ram 150-350 (D/W Series),W150,Trim,1984-1993,1984,1993,1,Discontinued,Government Verified,1,2,EPA,EPA FuelEconomy.gov Vehicle Fuel Economy Dataset,https://www.fueleconomy.gov/feg/epadata/vehicles.csv,NHTSA,NHTSA Recall dataset,https://api.nhtsa.gov/products/vehicle/models?issueType=r,2026-07-18,Added - V4 High-Priority Research,No,W150,
Dodge,Ram 150-350 (D/W Series),W250,Trim,1983-1994,1983,1994,1,Discontinued,Government Verified,1,2,EPA,EPA FuelEconomy.gov Vehicle Fuel Economy Dataset,https://www.fueleconomy.gov/feg/epadata/vehicles.csv,NHTSA,NHTSA Recall dataset,https://api.nhtsa.gov/products/vehicle/models?issueType=r,2026-07-18,Added - V4 High-Priority Research,No,W250,
Dodge,Ram 50,Power,Trim,1984-1993,1984,1993,1,Discontinued,Government Verified,1,2,EPA,EPA FuelEconomy.gov Vehicle Fuel Economy Dataset,https://www.fueleconomy.gov/feg/epadata/vehicles.csv,NHTSA,NHTSA Recall dataset,https://api.nhtsa.gov/products/vehicle/models?issueType=r,2026-07-18,Added - V4 High-Priority Research,No,POWER,
Dodge,Ram Van,B150,Trim,1981-1982; 1984-1995; 1999; 2001,1981,2001,4,Discontinued,Government Verified,1,2,EPA,EPA FuelEconomy.gov Vehicle Fuel Economy Dataset,https://www.fueleconomy.gov/feg/epadata/vehicles.csv,NHTSA,NHTSA Recall dataset,https://api.nhtsa.gov/products/vehicle/models?issueType=r,2026-07-18,Added - V4 High-Priority Research,No,B150,
Dodge,Ram Van,B250,Trim,1981; 1984-1998,1981,1998,2,Discontinued,Government Verified,1,2,EPA,EPA FuelEconomy.gov Vehicle Fuel Economy Dataset,https://www.fueleconomy.gov/feg/epadata/vehicles.csv,NHTSA,NHTSA Recall dataset,https://api.nhtsa.gov/products/vehicle/models?issueType=r,2026-07-18,Added - V4 High-Priority Research,No,B250,
Dodge,Ram Van,B350,Trim,1984-1994; 1998-2000,1984,2000,2,Discontinued,Government Verified,1,2,EPA,EPA FuelEconomy.gov Vehicle Fuel Economy Dataset,https://www.fueleconomy.gov/feg/epadata/vehicles.csv,NHTSA,NHTSA Recall dataset,https://api.nhtsa.gov/products/vehicle/models?issueType=r,2026-07-18,Added - V4 High-Priority Research,No,B350,
Dodge,Ramcharger,Ad150,Trim,1984-1991; 1993,1984,1993,2,Discontinued,Government Verified,1,2,EPA,EPA FuelEconomy.gov Vehicle Fuel Economy Dataset,https://www.fueleconomy.gov/feg/epadata/vehicles.csv,NHTSA,NHTSA Recall dataset,https://api.nhtsa.gov/products/vehicle/models?issueType=r,2026-07-18,Added - V4 High-Priority Research,No,AD150,
Ferrari,488,GTB,Trim,2016-2019,2016,2019,1,Discontinued,Government Verified,1,2,EPA,EPA FuelEconomy.gov Vehicle Fuel Economy Dataset,https://www.fueleconomy.gov/feg/epadata/vehicles.csv,NHTSA,NHTSA Recall dataset,https://api.nhtsa.gov/products/vehicle/models?issueType=r,2026-07-18,Added - V4 High-Priority Research,No,GTB,
Ford,Escort,ZX2,Trim,1998-2003,1998,2003,1,Discontinued,Government Verified,1,2,EPA,EPA FuelEconomy.gov Vehicle Fuel Economy Dataset,https://www.fueleconomy.gov/feg/epadata/vehicles.csv,NHTSA,NHTSA Recall dataset,https://api.nhtsa.gov/products/vehicle/models?issueType=r,2026-07-18,Added - V4 High-Priority Research,No,ZX2,
Ford,Mustang,Gt500,Trim,2020-2022,2020,2022,1,Discontinued,Government Verified,1,2,EPA,EPA FuelEconomy.gov Vehicle Fuel Economy Dataset,https://www.fueleconomy.gov/feg/epadata/vehicles.csv,NHTSA,NHTSA Recall dataset,https://api.nhtsa.gov/products/vehicle/models?issueType=r,2026-07-18,Added - V4 High-Priority Research,No,GT500,
Ford,Taurus,SHO,Trim,1990-1999,1990,1999,1,Discontinued,Government Verified,1,2,EPA,EPA FuelEconomy.gov Vehicle Fuel Economy Dataset,https://www.fueleconomy.gov/feg/epadata/vehicles.csv,NHTSA,NHTSA Recall dataset,https://api.nhtsa.gov/products/vehicle/models?issueType=r,2026-07-18,Added - V4 High-Priority Research,No,SHO,
GMC,C/K 1500-2500 (Sierra Classic era),C15,Trim,1984-1986; 1988-1996,1984,1996,2,Discontinued,Government Verified,1,2,EPA,EPA FuelEconomy.gov Vehicle Fuel Economy Dataset,https://www.fueleconomy.gov/feg/epadata/vehicles.csv,NHTSA,NHTSA Recall dataset,https://api.nhtsa.gov/products/vehicle/models?issueType=r,2026-07-18,Added - V4 High-Priority Research,No,C15,
GMC,C/K 1500-2500 (Sierra Classic era),C25,Trim,1984-1986; 1988; 1992-1996,1984,1996,3,Discontinued,Government Verified,1,2,EPA,EPA FuelEconomy.gov Vehicle Fuel Economy Dataset,https://www.fueleconomy.gov/feg/epadata/vehicles.csv,NHTSA,NHTSA Recall dataset,https://api.nhtsa.gov/products/vehicle/models?issueType=r,2026-07-18,Added - V4 High-Priority Research,No,C25,
GMC,C/K 1500-2500 (Sierra Classic era),K25,Trim,1984-1986; 1988-1989; 1993; 1995-1996,1984,1996,4,Discontinued,Government Verified,1,2,EPA,EPA FuelEconomy.gov Vehicle Fuel Economy Dataset,https://www.fueleconomy.gov/feg/epadata/vehicles.csv,NHTSA,NHTSA Recall dataset,https://api.nhtsa.gov/products/vehicle/models?issueType=r,2026-07-18,Added - V4 High-Priority Research,No,K25,
GMC,C/K 1500-2500 (Sierra Classic era),Suburban,Trim,1984-1986; 1993-1994; 1996-1999,1984,1999,3,Discontinued,Government Verified,1,2,EPA,EPA FuelEconomy.gov Vehicle Fuel Economy Dataset,https://www.fueleconomy.gov/feg/epadata/vehicles.csv,NHTSA,NHTSA Recall dataset,https://api.nhtsa.gov/products/vehicle/models?issueType=r,2026-07-18,Added - V4 High-Priority Research,No,SUBURBAN,
GMC,Sonoma,S15,Trim,1980; 1984-1999; 2001,1980,2001,3,Discontinued,Government Verified,1,2,EPA,EPA FuelEconomy.gov Vehicle Fuel Economy Dataset,https://www.fueleconomy.gov/feg/epadata/vehicles.csv,NHTSA,NHTSA Recall dataset,https://api.nhtsa.gov/products/vehicle/models?issueType=r,2026-07-18,Added - V4 High-Priority Research,No,S15,
GMC,Vandura,G35,Trim,1984-1996; 2000,1984,2000,2,Discontinued,Government Verified,1,2,EPA,EPA FuelEconomy.gov Vehicle Fuel Economy Dataset,https://www.fueleconomy.gov/feg/epadata/vehicles.csv,NHTSA,NHTSA Recall dataset,https://api.nhtsa.gov/products/vehicle/models?issueType=r,2026-07-18,Added - V4 High-Priority Research,No,G35,
Honda,Civic,CNG,Trim,1998; 2000-2015,1998,2015,2,Discontinued,Government Verified,1,2,EPA,EPA FuelEconomy.gov Vehicle Fuel Economy Dataset,https://www.fueleconomy.gov/feg/epadata/vehicles.csv,NHTSA,NHTSA Recall dataset,https://api.nhtsa.gov/products/vehicle/models?issueType=r,2026-07-18,Added - V4 High-Priority Research,No,CNG,
Isuzu,i-Series,I-280,Trim,2006-2007,2006,2007,1,Discontinued,Government Verified,1,2,EPA,EPA FuelEconomy.gov Vehicle Fuel Economy Dataset,https://www.fueleconomy.gov/feg/epadata/vehicles.csv,NHTSA,NHTSA Recall dataset,https://api.nhtsa.gov/products/vehicle/models?issueType=r,2026-07-18,Added - V4 High-Priority Research,No,I-280,
Isuzu,i-Series,I-290,Trim,2007-2008,2007,2008,1,Discontinued,Government Verified,1,2,EPA,EPA FuelEconomy.gov Vehicle Fuel Economy Dataset,https://www.fueleconomy.gov/feg/epadata/vehicles.csv,NHTSA,NHTSA Recall dataset,https://api.nhtsa.gov/products/vehicle/models?issueType=r,2026-07-18,Added - V4 High-Priority Research,No,I-290,
Isuzu,i-Series,I-370,Trim,2007-2008,2007,2008,1,Discontinued,Government Verified,1,2,EPA,EPA FuelEconomy.gov Vehicle Fuel Economy Dataset,https://www.fueleconomy.gov/feg/epadata/vehicles.csv,NHTSA,NHTSA Recall dataset,https://api.nhtsa.gov/products/vehicle/models?issueType=r,2026-07-18,Added - V4 High-Priority Research,No,I-370,
Jaguar,Vanden Plas,VDP,Trim,2002-2009,2002,2009,1,Discontinued,Government Verified,1,2,EPA,EPA FuelEconomy.gov Vehicle Fuel Economy Dataset,https://www.fueleconomy.gov/feg/epadata/vehicles.csv,NHTSA,NHTSA Recall dataset,https://api.nhtsa.gov/products/vehicle/models?issueType=r,2026-07-18,Added - V4 High-Priority Research,No,VDP,
Jaguar,XJ,XJL,Trim,2011; 2013-2019,2011,2019,2,Discontinued,Government Verified,1,2,EPA,EPA FuelEconomy.gov Vehicle Fuel Economy Dataset,https://www.fueleconomy.gov/feg/epadata/vehicles.csv,NHTSA,NHTSA Recall dataset,https://api.nhtsa.gov/products/vehicle/models?issueType=r,2026-07-18,Added - V4 High-Priority Research,No,XJL,
Jaguar,XJ8,Xj8L,Trim,1998-2001; 2005-2009,1998,2009,2,Discontinued,Government Verified,1,2,EPA,EPA FuelEconomy.gov Vehicle Fuel Economy Dataset,https://www.fueleconomy.gov/feg/epadata/vehicles.csv,NHTSA,NHTSA Recall dataset,https://api.nhtsa.gov/products/vehicle/models?issueType=r,2026-07-18,Added - V4 High-Priority Research,No,XJ8L,
Jeep,Grand Cherokee,SRT,Series,2016-2021,2016,2021,1,Discontinued,Government Verified,1,2,EPA,EPA FuelEconomy.gov Vehicle Fuel Economy Dataset,https://www.fueleconomy.gov/feg/epadata/vehicles.csv,NHTSA,NHTSA Recall dataset,https://api.nhtsa.gov/products/vehicle/models?issueType=r,2026-07-18,Added - V4 High-Priority Research,No,SRT,SRT (Street & Racing Technology) is the official performance series across Stellantis models.
Jeep,Wrangler,Unlimited,Trim,2009-2022,2009,2022,1,Discontinued,Government Verified,1,2,EPA,EPA FuelEconomy.gov Vehicle Fuel Economy Dataset,https://www.fueleconomy.gov/feg/epadata/vehicles.csv,NHTSA,NHTSA Recall dataset,https://api.nhtsa.gov/products/vehicle/models?issueType=r,2026-07-18,Added - V4 High-Priority Research,No,UNLIMITED,
Kia,Forte,Koup,Trim,2011-2017,2011,2017,1,Discontinued,Government Verified,1,2,EPA,EPA FuelEconomy.gov Vehicle Fuel Economy Dataset,https://www.fueleconomy.gov/feg/epadata/vehicles.csv,NHTSA,NHTSA Recall dataset,https://api.nhtsa.gov/products/vehicle/models?issueType=r,2026-07-18,Added - V4 High-Priority Research,No,KOUP,
Land Rover,Range Rover,Classic,Trim,1992-1993; 1995,1992,1995,2,Discontinued,Government Verified,1,2,EPA,EPA FuelEconomy.gov Vehicle Fuel Economy Dataset,https://www.fueleconomy.gov/feg/epadata/vehicles.csv,NHTSA,NHTSA Recall dataset,https://api.nhtsa.gov/products/vehicle/models?issueType=r,2026-07-18,Added - V4 High-Priority Research,No,CLASSIC,
Land Rover,Range Rover,County,Trim,1993-1995,1993,1995,1,Discontinued,Government Verified,1,2,EPA,EPA FuelEconomy.gov Vehicle Fuel Economy Dataset,https://www.fueleconomy.gov/feg/epadata/vehicles.csv,NHTSA,NHTSA Recall dataset,https://api.nhtsa.gov/products/vehicle/models?issueType=r,2026-07-18,Added - V4 High-Priority Research,No,COUNTY,
Mazda,B-Series,B2000,Trim,1980; 1984; 1986-1987,1980,1987,3,Discontinued,Government Verified,1,2,EPA,EPA FuelEconomy.gov Vehicle Fuel Economy Dataset,https://www.fueleconomy.gov/feg/epadata/vehicles.csv,NHTSA,NHTSA Recall dataset,https://api.nhtsa.gov/products/vehicle/models?issueType=r,2026-07-18,Added - V4 High-Priority Research,No,B2000,
Mazda,B-Series,B-2200,Trim,1984; 1987-1993,1984,1993,2,Discontinued,Government Verified,1,2,EPA,EPA FuelEconomy.gov Vehicle Fuel Economy Dataset,https://www.fueleconomy.gov/feg/epadata/vehicles.csv,NHTSA,NHTSA Recall dataset,https://api.nhtsa.gov/products/vehicle/models?issueType=r,2026-07-18,Added - V4 High-Priority Research,No,B-2200,
Mazda,B-Series,B2600,Trim,1987-1989,1987,1989,1,Discontinued,Government Verified,1,2,EPA,EPA FuelEconomy.gov Vehicle Fuel Economy Dataset,https://www.fueleconomy.gov/feg/epadata/vehicles.csv,NHTSA,NHTSA Recall dataset,https://api.nhtsa.gov/products/vehicle/models?issueType=r,2026-07-18,Added - V4 High-Priority Research,No,B2600,
Mercedes-Benz,A-Class,A35,Trim,2020-2022,2020,2022,1,Discontinued,Government Verified,1,2,EPA,EPA FuelEconomy.gov Vehicle Fuel Economy Dataset,https://www.fueleconomy.gov/feg/epadata/vehicles.csv,NHTSA,NHTSA Recall dataset,https://api.nhtsa.gov/products/vehicle/models?issueType=r,2026-07-18,Added - V4 High-Priority Research,No,A35,
Mercedes-Benz,A-Class,AMG,Series,2020-2022,2020,2022,1,Discontinued,Government Verified,1,2,EPA,EPA FuelEconomy.gov Vehicle Fuel Economy Dataset,https://www.fueleconomy.gov/feg/epadata/vehicles.csv,NHTSA,NHTSA Recall dataset,https://api.nhtsa.gov/products/vehicle/models?issueType=r,2026-07-18,Added - V4 High-Priority Research,No,AMG,AMG is Mercedes-Benz's official performance series; certification records list AMG designations per class.
Mercedes-Benz,C-Class,AMG,Series,1995-1997; 1999-2000; 2002-2006; 2008-2026,1995,2026,4,Active,Government Verified,1,2,EPA,EPA FuelEconomy.gov Vehicle Fuel Economy Dataset,https://www.fueleconomy.gov/feg/epadata/vehicles.csv,NHTSA,NHTSA Recall dataset,https://api.nhtsa.gov/products/vehicle/models?issueType=r,2026-07-18,Added - V4 High-Priority Research,No,AMG,AMG is Mercedes-Benz's official performance series; certification records list AMG designations per class.
Mercedes-Benz,C-Class,C220,Trim,1994-1996; 1998,1994,1998,2,Discontinued,Government Verified,1,2,EPA,EPA FuelEconomy.gov Vehicle Fuel Economy Dataset,https://www.fueleconomy.gov/feg/epadata/vehicles.csv,NHTSA,NHTSA Recall dataset,https://api.nhtsa.gov/products/vehicle/models?issueType=r,2026-07-18,Added - V4 High-Priority Research,No,C220,
Mercedes-Benz,C-Class,C230,Trim,1997-2007,1997,2007,1,Discontinued,Government Verified,1,2,EPA,EPA FuelEconomy.gov Vehicle Fuel Economy Dataset,https://www.fueleconomy.gov/feg/epadata/vehicles.csv,NHTSA,NHTSA Recall dataset,https://api.nhtsa.gov/products/vehicle/models?issueType=r,2026-07-18,Added - V4 High-Priority Research,No,C230,
Mercedes-Benz,C-Class,C240,Trim,2001-2005,2001,2005,1,Discontinued,Government Verified,1,2,EPA,EPA FuelEconomy.gov Vehicle Fuel Economy Dataset,https://www.fueleconomy.gov/feg/epadata/vehicles.csv,NHTSA,NHTSA Recall dataset,https://api.nhtsa.gov/products/vehicle/models?issueType=r,2026-07-18,Added - V4 High-Priority Research,No,C240,
Mercedes-Benz,C-Class,C280,Trim,1994-2000; 2006-2007,1994,2007,2,Discontinued,Government Verified,1,2,EPA,EPA FuelEconomy.gov Vehicle Fuel Economy Dataset,https://www.fueleconomy.gov/feg/epadata/vehicles.csv,NHTSA,NHTSA Recall dataset,https://api.nhtsa.gov/products/vehicle/models?issueType=r,2026-07-18,Added - V4 High-Priority Research,No,C280,
Mercedes-Benz,C-Class,C320,Trim,2001-2005,2001,2005,1,Discontinued,Government Verified,1,2,EPA,EPA FuelEconomy.gov Vehicle Fuel Economy Dataset,https://www.fueleconomy.gov/feg/epadata/vehicles.csv,NHTSA,NHTSA Recall dataset,https://api.nhtsa.gov/products/vehicle/models?issueType=r,2026-07-18,Added - V4 High-Priority Research,No,C320,
Mercedes-Benz,C-Class,C36,Trim,1995-1997,1995,1997,1,Discontinued,Government Verified,1,2,EPA,EPA FuelEconomy.gov Vehicle Fuel Economy Dataset,https://www.fueleconomy.gov/feg/epadata/vehicles.csv,NHTSA,NHTSA Recall dataset,https://api.nhtsa.gov/products/vehicle/models?issueType=r,2026-07-18,Added - V4 High-Priority Research,No,C36,
Mercedes-Benz,C-Class,C43,Trim,1998-2000; 2017-2026,1998,2026,2,Active,Government Verified,1,2,EPA,EPA FuelEconomy.gov Vehicle Fuel Economy Dataset,https://www.fueleconomy.gov/feg/epadata/vehicles.csv,NHTSA,NHTSA Recall dataset,https://api.nhtsa.gov/products/vehicle/models?issueType=r,2026-07-18,Added - V4 High-Priority Research,No,C43,
Mercedes-Benz,CL-Class,AMG,Series,2001-2006; 2008-2014,2001,2014,2,Discontinued,Government Verified,1,2,EPA,EPA FuelEconomy.gov Vehicle Fuel Economy Dataset,https://www.fueleconomy.gov/feg/epadata/vehicles.csv,NHTSA,NHTSA Recall dataset,https://api.nhtsa.gov/products/vehicle/models?issueType=r,2026-07-18,Added - V4 High-Priority Research,No,AMG,AMG is Mercedes-Benz's official performance series; certification records list AMG designations per class.
Mercedes-Benz,CL-Class,Cl500,Trim,1998-2006,1998,2006,1,Discontinued,Government Verified,1,2,EPA,EPA FuelEconomy.gov Vehicle Fuel Economy Dataset,https://www.fueleconomy.gov/feg/epadata/vehicles.csv,NHTSA,NHTSA Recall dataset,https://api.nhtsa.gov/products/vehicle/models?issueType=r,2026-07-18,Added - V4 High-Priority Research,No,CL500,
Mercedes-Benz,CL-Class,Cl55,Trim,2001-2006,2001,2006,1,Discontinued,Government Verified,1,2,EPA,EPA FuelEconomy.gov Vehicle Fuel Economy Dataset,https://www.fueleconomy.gov/feg/epadata/vehicles.csv,NHTSA,NHTSA Recall dataset,https://api.nhtsa.gov/products/vehicle/models?issueType=r,2026-07-18,Added - V4 High-Priority Research,No,CL55,
Mercedes-Benz,CL-Class,Cl600,Trim,1998-1999; 2001-2014,1998,2014,2,Discontinued,Government Verified,1,2,EPA,EPA FuelEconomy.gov Vehicle Fuel Economy Dataset,https://www.fueleconomy.gov/feg/epadata/vehicles.csv,NHTSA,NHTSA Recall dataset,https://api.nhtsa.gov/products/vehicle/models?issueType=r,2026-07-18,Added - V4 High-Priority Research,No,CL600,
Mercedes-Benz,CLA-Class,AMG,Series,2014-2026,2014,2026,1,Active,Government Verified,1,2,EPA,EPA FuelEconomy.gov Vehicle Fuel Economy Dataset,https://www.fueleconomy.gov/feg/epadata/vehicles.csv,NHTSA,NHTSA Recall dataset,https://api.nhtsa.gov/products/vehicle/models?issueType=r,2026-07-18,Added - V4 High-Priority Research,No,AMG,AMG is Mercedes-Benz's official performance series; certification records list AMG designations per class.
Mercedes-Benz,CLA-Class,Cla250,Trim,2012-2027,2012,2027,1,Active,Government Verified,1,2,EPA,EPA FuelEconomy.gov Vehicle Fuel Economy Dataset,https://www.fueleconomy.gov/feg/epadata/vehicles.csv,NHTSA,NHTSA Recall dataset,https://api.nhtsa.gov/products/vehicle/models?issueType=r,2026-07-18,Added - V4 High-Priority Research,No,CLA250,
Mercedes-Benz,CLA-Class,Cla35,Trim,2020-2026,2020,2026,1,Active,Government Verified,1,2,EPA,EPA FuelEconomy.gov Vehicle Fuel Economy Dataset,https://www.fueleconomy.gov/feg/epadata/vehicles.csv,NHTSA,NHTSA Recall dataset,https://api.nhtsa.gov/products/vehicle/models?issueType=r,2026-07-18,Added - V4 High-Priority Research,No,CLA35,
Mercedes-Benz,CLA-Class,Cla45,Trim,2014-2026,2014,2026,1,Active,Government Verified,1,2,EPA,EPA FuelEconomy.gov Vehicle Fuel Economy Dataset,https://www.fueleconomy.gov/feg/epadata/vehicles.csv,NHTSA,NHTSA Recall dataset,https://api.nhtsa.gov/products/vehicle/models?issueType=r,2026-07-18,Added - V4 High-Priority Research,No,CLA45,
Mercedes-Benz,CLE-Class,AMG,Series,2024-2026,2024,2026,1,Active,Government Verified,1,2,EPA,EPA FuelEconomy.gov Vehicle Fuel Economy Dataset,https://www.fueleconomy.gov/feg/epadata/vehicles.csv,NHTSA,NHTSA Recall dataset,https://api.nhtsa.gov/products/vehicle/models?issueType=r,2026-07-18,Added - V4 High-Priority Research,No,AMG,AMG is Mercedes-Benz's official performance series; certification records list AMG designations per class.
Mercedes-Benz,CLE-Class,Cle53,Trim,2024-2026,2024,2026,1,Active,Government Verified,1,2,EPA,EPA FuelEconomy.gov Vehicle Fuel Economy Dataset,https://www.fueleconomy.gov/feg/epadata/vehicles.csv,NHTSA,NHTSA Recall dataset,https://api.nhtsa.gov/products/vehicle/models?issueType=r,2026-07-18,Added - V4 High-Priority Research,No,CLE53,
Mercedes-Benz,CLK-Class,AMG,Series,2001-2008,2001,2008,1,Discontinued,Government Verified,1,2,EPA,EPA FuelEconomy.gov Vehicle Fuel Economy Dataset,https://www.fueleconomy.gov/feg/epadata/vehicles.csv,NHTSA,NHTSA Recall dataset,https://api.nhtsa.gov/products/vehicle/models?issueType=r,2026-07-18,Added - V4 High-Priority Research,No,AMG,AMG is Mercedes-Benz's official performance series; certification records list AMG designations per class.
Mercedes-Benz,CLK-Class,Clk320,Trim,1998-2005,1998,2005,1,Discontinued,Government Verified,1,2,EPA,EPA FuelEconomy.gov Vehicle Fuel Economy Dataset,https://www.fueleconomy.gov/feg/epadata/vehicles.csv,NHTSA,NHTSA Recall dataset,https://api.nhtsa.gov/products/vehicle/models?issueType=r,2026-07-18,Added - V4 High-Priority Research,No,CLK320,
Mercedes-Benz,CLK-Class,Clk350,Trim,2006-2010,2006,2010,1,Discontinued,Government Verified,1,2,EPA,EPA FuelEconomy.gov Vehicle Fuel Economy Dataset,https://www.fueleconomy.gov/feg/epadata/vehicles.csv,NHTSA,NHTSA Recall dataset,https://api.nhtsa.gov/products/vehicle/models?issueType=r,2026-07-18,Added - V4 High-Priority Research,No,CLK350,
Mercedes-Benz,CLK-Class,Clk430,Trim,1999-2003,1999,2003,1,Discontinued,Government Verified,1,2,EPA,EPA FuelEconomy.gov Vehicle Fuel Economy Dataset,https://www.fueleconomy.gov/feg/epadata/vehicles.csv,NHTSA,NHTSA Recall dataset,https://api.nhtsa.gov/products/vehicle/models?issueType=r,2026-07-18,Added - V4 High-Priority Research,No,CLK430,
Mercedes-Benz,CLK-Class,Clk500,Trim,2003-2006,2003,2006,1,Discontinued,Government Verified,1,2,EPA,EPA FuelEconomy.gov Vehicle Fuel Economy Dataset,https://www.fueleconomy.gov/feg/epadata/vehicles.csv,NHTSA,NHTSA Recall dataset,https://api.nhtsa.gov/products/vehicle/models?issueType=r,2026-07-18,Added - V4 High-Priority Research,No,CLK500,
Mercedes-Benz,CLK-Class,Clk63,Trim,2007-2008,2007,2008,1,Discontinued,Government Verified,1,2,EPA,EPA FuelEconomy.gov Vehicle Fuel Economy Dataset,https://www.fueleconomy.gov/feg/epadata/vehicles.csv,NHTSA,NHTSA Recall dataset,https://api.nhtsa.gov/products/vehicle/models?issueType=r,2026-07-18,Added - V4 High-Priority Research,No,CLK63,
Mercedes-Benz,CLS-Class,AMG,Series,2006-2021,2006,2021,1,Discontinued,Government Verified,1,2,EPA,EPA FuelEconomy.gov Vehicle Fuel Economy Dataset,https://www.fueleconomy.gov/feg/epadata/vehicles.csv,NHTSA,NHTSA Recall dataset,https://api.nhtsa.gov/products/vehicle/models?issueType=r,2026-07-18,Added - V4 High-Priority Research,No,AMG,AMG is Mercedes-Benz's official performance series; certification records list AMG designations per class.
Mercedes-Benz,CLS-Class,Cls500,Trim,2004; 2006,2004,2006,2,Discontinued,Government Verified,1,2,EPA,EPA FuelEconomy.gov Vehicle Fuel Economy Dataset,https://www.fueleconomy.gov/feg/epadata/vehicles.csv,NHTSA,NHTSA Recall dataset,https://api.nhtsa.gov/products/vehicle/models?issueType=r,2026-07-18,Added - V4 High-Priority Research,No,CLS500,
Mercedes-Benz,CLS-Class,Cls53,Trim,2019-2021,2019,2021,1,Discontinued,Government Verified,1,2,EPA,EPA FuelEconomy.gov Vehicle Fuel Economy Dataset,https://www.fueleconomy.gov/feg/epadata/vehicles.csv,NHTSA,NHTSA Recall dataset,https://api.nhtsa.gov/products/vehicle/models?issueType=r,2026-07-18,Added - V4 High-Priority Research,No,CLS53,
Mercedes-Benz,E-Class,AMG,Series,1999-2023; 2025-2026,1999,2026,2,Active,Government Verified,1,2,EPA,EPA FuelEconomy.gov Vehicle Fuel Economy Dataset,https://www.fueleconomy.gov/feg/epadata/vehicles.csv,NHTSA,NHTSA Recall dataset,https://api.nhtsa.gov/products/vehicle/models?issueType=r,2026-07-18,Added - V4 High-Priority Research,No,AMG,AMG is Mercedes-Benz's official performance series; certification records list AMG designations per class.
Mercedes-Benz,E-Class,E300,Trim,1995-1999; 2001; 2017-2019,1995,2019,3,Discontinued,Government Verified,1,2,EPA,EPA FuelEconomy.gov Vehicle Fuel Economy Dataset,https://www.fueleconomy.gov/feg/epadata/vehicles.csv,NHTSA,NHTSA Recall dataset,https://api.nhtsa.gov/products/vehicle/models?issueType=r,2026-07-18,Added - V4 High-Priority Research,No,E300,
Mercedes-Benz,E-Class,E320,Trim,1994-2009,1994,2009,1,Discontinued,Government Verified,1,2,EPA,EPA FuelEconomy.gov Vehicle Fuel Economy Dataset,https://www.fueleconomy.gov/feg/epadata/vehicles.csv,NHTSA,NHTSA Recall dataset,https://api.nhtsa.gov/products/vehicle/models?issueType=r,2026-07-18,Added - V4 High-Priority Research,No,E320,
Mercedes-Benz,E-Class,E420,Trim,1994-1995; 1997,1994,1997,2,Discontinued,Government Verified,1,2,EPA,EPA FuelEconomy.gov Vehicle Fuel Economy Dataset,https://www.fueleconomy.gov/feg/epadata/vehicles.csv,NHTSA,NHTSA Recall dataset,https://api.nhtsa.gov/products/vehicle/models?issueType=r,2026-07-18,Added - V4 High-Priority Research,No,E420,
Mercedes-Benz,E-Class,E430,Trim,1998-2002,1998,2002,1,Discontinued,Government Verified,1,2,EPA,EPA FuelEconomy.gov Vehicle Fuel Economy Dataset,https://www.fueleconomy.gov/feg/epadata/vehicles.csv,NHTSA,NHTSA Recall dataset,https://api.nhtsa.gov/products/vehicle/models?issueType=r,2026-07-18,Added - V4 High-Priority Research,No,E430,
Mercedes-Benz,E-Class,E53,Trim,2019-2023; 2025-2026,2019,2026,2,Active,Government Verified,1,2,EPA,EPA FuelEconomy.gov Vehicle Fuel Economy Dataset,https://www.fueleconomy.gov/feg/epadata/vehicles.csv,NHTSA,NHTSA Recall dataset,https://api.nhtsa.gov/products/vehicle/models?issueType=r,2026-07-18,Added - V4 High-Priority Research,No,E53,
Mercedes-Benz,E-Class,E55,Trim,1999-2006,1999,2006,1,Discontinued,Government Verified,1,2,EPA,EPA FuelEconomy.gov Vehicle Fuel Economy Dataset,https://www.fueleconomy.gov/feg/epadata/vehicles.csv,NHTSA,NHTSA Recall dataset,https://api.nhtsa.gov/products/vehicle/models?issueType=r,2026-07-18,Added - V4 High-Priority Research,No,E55,
Mercedes-Benz,E-Class,Station,Trim,2015; 2017-2018; 2020; 2022-2023; 2026,2015,2026,5,Active,Government Verified,1,2,EPA,EPA FuelEconomy.gov Vehicle Fuel Economy Dataset,https://www.fueleconomy.gov/feg/epadata/vehicles.csv,NHTSA,NHTSA Recall dataset,https://api.nhtsa.gov/products/vehicle/models?issueType=r,2026-07-18,Added - V4 High-Priority Research,No,STATION,
Mercedes-Benz,G-Class,AMG,Series,2003-2011; 2013-2026,2003,2026,2,Active,Government Verified,1,2,EPA,EPA FuelEconomy.gov Vehicle Fuel Economy Dataset,https://www.fueleconomy.gov/feg/epadata/vehicles.csv,NHTSA,NHTSA Recall dataset,https://api.nhtsa.gov/products/vehicle/models?issueType=r,2026-07-18,Added - V4 High-Priority Research,No,AMG,AMG is Mercedes-Benz's official performance series; certification records list AMG designations per class.
Mercedes-Benz,G-Class,G500,Trim,2002-2008,2002,2008,1,Discontinued,Government Verified,1,2,EPA,EPA FuelEconomy.gov Vehicle Fuel Economy Dataset,https://www.fueleconomy.gov/feg/epadata/vehicles.csv,NHTSA,NHTSA Recall dataset,https://api.nhtsa.gov/products/vehicle/models?issueType=r,2026-07-18,Added - V4 High-Priority Research,No,G500,
Mercedes-Benz,G-Class,G55,Trim,2003-2011,2003,2011,1,Discontinued,Government Verified,1,2,EPA,EPA FuelEconomy.gov Vehicle Fuel Economy Dataset,https://www.fueleconomy.gov/feg/epadata/vehicles.csv,NHTSA,NHTSA Recall dataset,https://api.nhtsa.gov/products/vehicle/models?issueType=r,2026-07-18,Added - V4 High-Priority Research,No,G55,
Mercedes-Benz,G-Class,G63,Trim,2013-2026,2013,2026,1,Active,Government Verified,1,2,EPA,EPA FuelEconomy.gov Vehicle Fuel Economy Dataset,https://www.fueleconomy.gov/feg/epadata/vehicles.csv,NHTSA,NHTSA Recall dataset,https://api.nhtsa.gov/products/vehicle/models?issueType=r,2026-07-18,Added - V4 High-Priority Research,No,G63,
Mercedes-Benz,GL-Class,Gl320,Trim,2006-2008,2006,2008,1,Discontinued,Government Verified,1,2,EPA,EPA FuelEconomy.gov Vehicle Fuel Economy Dataset,https://www.fueleconomy.gov/feg/epadata/vehicles.csv,NHTSA,NHTSA Recall dataset,https://api.nhtsa.gov/products/vehicle/models?issueType=r,2026-07-18,Added - V4 High-Priority Research,No,GL320,
Mercedes-Benz,GL-Class,Gl450,Trim,2007-2017,2007,2017,1,Discontinued,Government Verified,1,2,EPA,EPA FuelEconomy.gov Vehicle Fuel Economy Dataset,https://www.fueleconomy.gov/feg/epadata/vehicles.csv,NHTSA,NHTSA Recall dataset,https://api.nhtsa.gov/products/vehicle/models?issueType=r,2026-07-18,Added - V4 High-Priority Research,No,GL450,
Mercedes-Benz,GLA-Class,AMG,Series,2014-2019; 2021-2026,2014,2026,2,Active,Government Verified,1,2,EPA,EPA FuelEconomy.gov Vehicle Fuel Economy Dataset,https://www.fueleconomy.gov/feg/epadata/vehicles.csv,NHTSA,NHTSA Recall dataset,https://api.nhtsa.gov/products/vehicle/models?issueType=r,2026-07-18,Added - V4 High-Priority Research,No,AMG,AMG is Mercedes-Benz's official performance series; certification records list AMG designations per class.
Mercedes-Benz,GLA-Class,Gla45,Trim,2014-2019; 2021-2023,2014,2023,2,Discontinued,Government Verified,1,2,EPA,EPA FuelEconomy.gov Vehicle Fuel Economy Dataset,https://www.fueleconomy.gov/feg/epadata/vehicles.csv,NHTSA,NHTSA Recall dataset,https://api.nhtsa.gov/products/vehicle/models?issueType=r,2026-07-18,Added - V4 High-Priority Research,No,GLA45,
Mercedes-Benz,GLB-Class,AMG,Series,2021-2026,2021,2026,1,Active,Government Verified,1,2,EPA,EPA FuelEconomy.gov Vehicle Fuel Economy Dataset,https://www.fueleconomy.gov/feg/epadata/vehicles.csv,NHTSA,NHTSA Recall dataset,https://api.nhtsa.gov/products/vehicle/models?issueType=r,2026-07-18,Added - V4 High-Priority Research,No,AMG,AMG is Mercedes-Benz's official performance series; certification records list AMG designations per class.
Mercedes-Benz,GLB-Class,Glb35,Trim,2021-2026,2021,2026,1,Active,Government Verified,1,2,EPA,EPA FuelEconomy.gov Vehicle Fuel Economy Dataset,https://www.fueleconomy.gov/feg/epadata/vehicles.csv,NHTSA,NHTSA Recall dataset,https://api.nhtsa.gov/products/vehicle/models?issueType=r,2026-07-18,Added - V4 High-Priority Research,No,GLB35,
Mercedes-Benz,GLC-Class,AMG,Series,2017-2026,2017,2026,1,Active,Government Verified,1,2,EPA,EPA FuelEconomy.gov Vehicle Fuel Economy Dataset,https://www.fueleconomy.gov/feg/epadata/vehicles.csv,NHTSA,NHTSA Recall dataset,https://api.nhtsa.gov/products/vehicle/models?issueType=r,2026-07-18,Added - V4 High-Priority Research,No,AMG,AMG is Mercedes-Benz's official performance series; certification records list AMG designations per class.
Mercedes-Benz,GLC-Class,Glc350E,Trim,2018-2020; 2025,2018,2025,2,Active,Government Verified,1,2,EPA,EPA FuelEconomy.gov Vehicle Fuel Economy Dataset,https://www.fueleconomy.gov/feg/epadata/vehicles.csv,NHTSA,NHTSA Recall dataset,https://api.nhtsa.gov/products/vehicle/models?issueType=r,2026-07-18,Added - V4 High-Priority Research,No,GLC350E,
Mercedes-Benz,GLC-Class,Glc43,Trim,2017-2026,2017,2026,1,Active,Government Verified,1,2,EPA,EPA FuelEconomy.gov Vehicle Fuel Economy Dataset,https://www.fueleconomy.gov/feg/epadata/vehicles.csv,NHTSA,NHTSA Recall dataset,https://api.nhtsa.gov/products/vehicle/models?issueType=r,2026-07-18,Added - V4 High-Priority Research,No,GLC43,
Mercedes-Benz,GLC-Class,Glc63,Trim,2018-2021; 2025,2018,2025,2,Active,Government Verified,1,2,EPA,EPA FuelEconomy.gov Vehicle Fuel Economy Dataset,https://www.fueleconomy.gov/feg/epadata/vehicles.csv,NHTSA,NHTSA Recall dataset,https://api.nhtsa.gov/products/vehicle/models?issueType=r,2026-07-18,Added - V4 High-Priority Research,No,GLC63,
Mercedes-Benz,GLE-Class,AMG,Series,2016-2019; 2021-2026,2016,2026,2,Active,Government Verified,1,2,EPA,EPA FuelEconomy.gov Vehicle Fuel Economy Dataset,https://www.fueleconomy.gov/feg/epadata/vehicles.csv,NHTSA,NHTSA Recall dataset,https://api.nhtsa.gov/products/vehicle/models?issueType=r,2026-07-18,Added - V4 High-Priority Research,No,AMG,AMG is Mercedes-Benz's official performance series; certification records list AMG designations per class.
Mercedes-Benz,GLE-Class,Gle53,Trim,2021-2026,2021,2026,1,Active,Government Verified,1,2,EPA,EPA FuelEconomy.gov Vehicle Fuel Economy Dataset,https://www.fueleconomy.gov/feg/epadata/vehicles.csv,NHTSA,NHTSA Recall dataset,https://api.nhtsa.gov/products/vehicle/models?issueType=r,2026-07-18,Added - V4 High-Priority Research,No,GLE53,
Mercedes-Benz,GLK-Class,Glk350,Trim,2006-2007; 2010-2015,2006,2015,2,Discontinued,Government Verified,1,2,EPA,EPA FuelEconomy.gov Vehicle Fuel Economy Dataset,https://www.fueleconomy.gov/feg/epadata/vehicles.csv,NHTSA,NHTSA Recall dataset,https://api.nhtsa.gov/products/vehicle/models?issueType=r,2026-07-18,Added - V4 High-Priority Research,No,GLK350,
Mercedes-Benz,GLS-Class,AMG,Series,2017-2019; 2021-2026,2017,2026,2,Active,Government Verified,1,2,EPA,EPA FuelEconomy.gov Vehicle Fuel Economy Dataset,https://www.fueleconomy.gov/feg/epadata/vehicles.csv,NHTSA,NHTSA Recall dataset,https://api.nhtsa.gov/products/vehicle/models?issueType=r,2026-07-18,Added - V4 High-Priority Research,No,AMG,AMG is Mercedes-Benz's official performance series; certification records list AMG designations per class.
Mercedes-Benz,GLS-Class,Gls63,Trim,2017-2019; 2021-2026,2017,2026,2,Active,Government Verified,1,2,EPA,EPA FuelEconomy.gov Vehicle Fuel Economy Dataset,https://www.fueleconomy.gov/feg/epadata/vehicles.csv,NHTSA,NHTSA Recall dataset,https://api.nhtsa.gov/products/vehicle/models?issueType=r,2026-07-18,Added - V4 High-Priority Research,No,GLS63,
Mercedes-Benz,M-Class,Ml320,Trim,1998-2003; 2007-2008,1998,2008,2,Discontinued,Government Verified,1,2,EPA,EPA FuelEconomy.gov Vehicle Fuel Economy Dataset,https://www.fueleconomy.gov/feg/epadata/vehicles.csv,NHTSA,NHTSA Recall dataset,https://api.nhtsa.gov/products/vehicle/models?issueType=r,2026-07-18,Added - V4 High-Priority Research,No,ML320,
Mercedes-Benz,M-Class,Ml350,Trim,2001; 2003-2015,2001,2015,2,Discontinued,Government Verified,1,2,EPA,EPA FuelEconomy.gov Vehicle Fuel Economy Dataset,https://www.fueleconomy.gov/feg/epadata/vehicles.csv,NHTSA,NHTSA Recall dataset,https://api.nhtsa.gov/products/vehicle/models?issueType=r,2026-07-18,Added - V4 High-Priority Research,No,ML350,
Mercedes-Benz,M-Class,Ml430,Trim,1990; 1999-2001,1990,2001,2,Discontinued,Government Verified,1,2,EPA,EPA FuelEconomy.gov Vehicle Fuel Economy Dataset,https://www.fueleconomy.gov/feg/epadata/vehicles.csv,NHTSA,NHTSA Recall dataset,https://api.nhtsa.gov/products/vehicle/models?issueType=r,2026-07-18,Added - V4 High-Priority Research,No,ML430,
Mercedes-Benz,M-Class,Ml55,Trim,2000-2003,2000,2003,1,Discontinued,Government Verified,1,2,EPA,EPA FuelEconomy.gov Vehicle Fuel Economy Dataset,https://www.fueleconomy.gov/feg/epadata/vehicles.csv,NHTSA,NHTSA Recall dataset,https://api.nhtsa.gov/products/vehicle/models?issueType=r,2026-07-18,Added - V4 High-Priority Research,No,ML55,
Mercedes-Benz,S-Class,AMG,Series,2001-2021; 2025,2001,2025,2,Active,Government Verified,1,2,EPA,EPA FuelEconomy.gov Vehicle Fuel Economy Dataset,https://www.fueleconomy.gov/feg/epadata/vehicles.csv,NHTSA,NHTSA Recall dataset,https://api.nhtsa.gov/products/vehicle/models?issueType=r,2026-07-18,Added - V4 High-Priority Research,No,AMG,AMG is Mercedes-Benz's official performance series; certification records list AMG designations per class.
Mercedes-Benz,S-Class,S320,Trim,1994-1999,1994,1999,1,Discontinued,Government Verified,1,2,EPA,EPA FuelEconomy.gov Vehicle Fuel Economy Dataset,https://www.fueleconomy.gov/feg/epadata/vehicles.csv,NHTSA,NHTSA Recall dataset,https://api.nhtsa.gov/products/vehicle/models?issueType=r,2026-07-18,Added - V4 High-Priority Research,No,S320,
Mercedes-Benz,S-Class,S420,Trim,1994-1999,1994,1999,1,Discontinued,Government Verified,1,2,EPA,EPA FuelEconomy.gov Vehicle Fuel Economy Dataset,https://www.fueleconomy.gov/feg/epadata/vehicles.csv,NHTSA,NHTSA Recall dataset,https://api.nhtsa.gov/products/vehicle/models?issueType=r,2026-07-18,Added - V4 High-Priority Research,No,S420,
Mercedes-Benz,S-Class,S430,Trim,2000-2006,2000,2006,1,Discontinued,Government Verified,1,2,EPA,EPA FuelEconomy.gov Vehicle Fuel Economy Dataset,https://www.fueleconomy.gov/feg/epadata/vehicles.csv,NHTSA,NHTSA Recall dataset,https://api.nhtsa.gov/products/vehicle/models?issueType=r,2026-07-18,Added - V4 High-Priority Research,No,S430,
Mercedes-Benz,S-Class,S500,Trim,1993-2006; 2021-2026,1993,2026,2,Active,Government Verified,1,2,EPA,EPA FuelEconomy.gov Vehicle Fuel Economy Dataset,https://www.fueleconomy.gov/feg/epadata/vehicles.csv,NHTSA,NHTSA Recall dataset,https://api.nhtsa.gov/products/vehicle/models?issueType=r,2026-07-18,Added - V4 High-Priority Research,No,S500,
Mercedes-Benz,S-Class,S55,Trim,2001-2006,2001,2006,1,Discontinued,Government Verified,1,2,EPA,EPA FuelEconomy.gov Vehicle Fuel Economy Dataset,https://www.fueleconomy.gov/feg/epadata/vehicles.csv,NHTSA,NHTSA Recall dataset,https://api.nhtsa.gov/products/vehicle/models?issueType=r,2026-07-18,Added - V4 High-Priority Research,No,S55,
Mercedes-Benz,S-Class,S560E,Trim,2019-2020,2019,2020,1,Discontinued,Government Verified,1,2,EPA,EPA FuelEconomy.gov Vehicle Fuel Economy Dataset,https://www.fueleconomy.gov/feg/epadata/vehicles.csv,NHTSA,NHTSA Recall dataset,https://api.nhtsa.gov/products/vehicle/models?issueType=r,2026-07-18,Added - V4 High-Priority Research,No,S560E,
Mercedes-Benz,S-Class,S600,Trim,1993-1999; 2001-2013; 2015-2017,1993,2017,3,Discontinued,Government Verified,1,2,EPA,EPA FuelEconomy.gov Vehicle Fuel Economy Dataset,https://www.fueleconomy.gov/feg/epadata/vehicles.csv,NHTSA,NHTSA Recall dataset,https://api.nhtsa.gov/products/vehicle/models?issueType=r,2026-07-18,Added - V4 High-Priority Research,No,S600,
Mercedes-Benz,SL-Class,Sl320,Trim,1994-2000,1994,2000,1,Discontinued,Government Verified,1,2,EPA,EPA FuelEconomy.gov Vehicle Fuel Economy Dataset,https://www.fueleconomy.gov/feg/epadata/vehicles.csv,NHTSA,NHTSA Recall dataset,https://api.nhtsa.gov/products/vehicle/models?issueType=r,2026-07-18,Added - V4 High-Priority Research,No,SL320,
Mercedes-Benz,SL-Class,Sl500,Trim,1992-2006,1992,2006,1,Discontinued,Government Verified,1,2,EPA,EPA FuelEconomy.gov Vehicle Fuel Economy Dataset,https://www.fueleconomy.gov/feg/epadata/vehicles.csv,NHTSA,NHTSA Recall dataset,https://api.nhtsa.gov/products/vehicle/models?issueType=r,2026-07-18,Added - V4 High-Priority Research,No,SL500,
Mercedes-Benz,SL-Class,Sl600,Trim,1993-2002; 2004-2009,1993,2009,2,Discontinued,Government Verified,1,2,EPA,EPA FuelEconomy.gov Vehicle Fuel Economy Dataset,https://www.fueleconomy.gov/feg/epadata/vehicles.csv,NHTSA,NHTSA Recall dataset,https://api.nhtsa.gov/products/vehicle/models?issueType=r,2026-07-18,Added - V4 High-Priority Research,No,SL600,
Mercedes-Benz,SLK-Class,Slk230,Trim,1998-2004,1998,2004,1,Discontinued,Government Verified,1,2,EPA,EPA FuelEconomy.gov Vehicle Fuel Economy Dataset,https://www.fueleconomy.gov/feg/epadata/vehicles.csv,NHTSA,NHTSA Recall dataset,https://api.nhtsa.gov/products/vehicle/models?issueType=r,2026-07-18,Added - V4 High-Priority Research,No,SLK230,
Mercedes-Benz,SLK-Class,Slk320,Trim,2001-2004,2001,2004,1,Discontinued,Government Verified,1,2,EPA,EPA FuelEconomy.gov Vehicle Fuel Economy Dataset,https://www.fueleconomy.gov/feg/epadata/vehicles.csv,NHTSA,NHTSA Recall dataset,https://api.nhtsa.gov/products/vehicle/models?issueType=r,2026-07-18,Added - V4 High-Priority Research,No,SLK320,
Mini,Clubman,Cooper,Trim,2011-2014; 2016-2024,2011,2024,2,Discontinued,Government Verified,1,2,EPA,EPA FuelEconomy.gov Vehicle Fuel Economy Dataset,https://www.fueleconomy.gov/feg/epadata/vehicles.csv,NHTSA,NHTSA Recall dataset,https://api.nhtsa.gov/products/vehicle/models?issueType=r,2026-07-18,Added - V4 High-Priority Research,No,COOPER,Cooper/Cooper S are the official MINI trim levels of Clubman/Countryman/etc. body models.
Mini,Convertible,Cooper,Trim,2005-2026,2005,2026,1,Active,Government Verified,1,2,EPA,EPA FuelEconomy.gov Vehicle Fuel Economy Dataset,https://www.fueleconomy.gov/feg/epadata/vehicles.csv,NHTSA,NHTSA Recall dataset,https://api.nhtsa.gov/products/vehicle/models?issueType=r,2026-07-18,Added - V4 High-Priority Research,No,COOPER,Cooper/Cooper S are the official MINI trim levels of Clubman/Countryman/etc. body models.
Mini,Countryman,Cooper,Trim,2011-2024,2011,2024,1,Discontinued,Government Verified,1,2,EPA,EPA FuelEconomy.gov Vehicle Fuel Economy Dataset,https://www.fueleconomy.gov/feg/epadata/vehicles.csv,NHTSA,NHTSA Recall dataset,https://api.nhtsa.gov/products/vehicle/models?issueType=r,2026-07-18,Added - V4 High-Priority Research,No,COOPER,Cooper/Cooper S are the official MINI trim levels of Clubman/Countryman/etc. body models.
Mini,Coupe,Cooper,Trim,2012-2015,2012,2015,1,Discontinued,Government Verified,1,2,EPA,EPA FuelEconomy.gov Vehicle Fuel Economy Dataset,https://www.fueleconomy.gov/feg/epadata/vehicles.csv,NHTSA,NHTSA Recall dataset,https://api.nhtsa.gov/products/vehicle/models?issueType=r,2026-07-18,Added - V4 High-Priority Research,No,COOPER,Cooper/Cooper S are the official MINI trim levels of Clubman/Countryman/etc. body models.
Mini,Hardtop,Cooper,Trim,2011-2025,2011,2025,1,Active,Government Verified,1,2,EPA,EPA FuelEconomy.gov Vehicle Fuel Economy Dataset,https://www.fueleconomy.gov/feg/epadata/vehicles.csv,NHTSA,NHTSA Recall dataset,https://api.nhtsa.gov/products/vehicle/models?issueType=r,2026-07-18,Added - V4 High-Priority Research,No,COOPER,Cooper/Cooper S are the official MINI trim levels of Clubman/Countryman/etc. body models.
Mini,Paceman,Cooper,Trim,2013-2016,2013,2016,1,Discontinued,Government Verified,1,2,EPA,EPA FuelEconomy.gov Vehicle Fuel Economy Dataset,https://www.fueleconomy.gov/feg/epadata/vehicles.csv,NHTSA,NHTSA Recall dataset,https://api.nhtsa.gov/products/vehicle/models?issueType=r,2026-07-18,Added - V4 High-Priority Research,No,COOPER,Cooper/Cooper S are the official MINI trim levels of Clubman/Countryman/etc. body models.
Mini,Roadster,Cooper,Trim,2012-2015,2012,2015,1,Discontinued,Government Verified,1,2,EPA,EPA FuelEconomy.gov Vehicle Fuel Economy Dataset,https://www.fueleconomy.gov/feg/epadata/vehicles.csv,NHTSA,NHTSA Recall dataset,https://api.nhtsa.gov/products/vehicle/models?issueType=r,2026-07-18,Added - V4 High-Priority Research,No,COOPER,Cooper/Cooper S are the official MINI trim levels of Clubman/Countryman/etc. body models.
Mitsubishi,Lancer,Evolution,Trim,2003-2006; 2008-2015,2003,2015,2,Discontinued,Government Verified,1,2,EPA,EPA FuelEconomy.gov Vehicle Fuel Economy Dataset,https://www.fueleconomy.gov/feg/epadata/vehicles.csv,NHTSA,NHTSA Recall dataset,https://api.nhtsa.gov/products/vehicle/models?issueType=r,2026-07-18,Added - V4 High-Priority Research,No,EVOLUTION,
Nissan,LEAF,Battery,Trim,2016; 2019-2024; 2026,2016,2026,3,Active,Government Verified,1,2,EPA,EPA FuelEconomy.gov Vehicle Fuel Economy Dataset,https://www.fueleconomy.gov/feg/epadata/vehicles.csv,NHTSA,NHTSA Recall dataset,https://api.nhtsa.gov/products/vehicle/models?issueType=r,2026-07-18,Added - V4 High-Priority Research,No,BATTERY,
Nissan,Murano,Crosscabriolet,Trim,2011-2014,2011,2014,1,Discontinued,Government Verified,1,2,EPA,EPA FuelEconomy.gov Vehicle Fuel Economy Dataset,https://www.fueleconomy.gov/feg/epadata/vehicles.csv,NHTSA,NHTSA Recall dataset,https://api.nhtsa.gov/products/vehicle/models?issueType=r,2026-07-18,Added - V4 High-Priority Research,No,CROSSCABRIOLET,
Nissan,Rogue,Select,Trim,2014-2015,2014,2015,1,Discontinued,Government Verified,1,2,EPA,EPA FuelEconomy.gov Vehicle Fuel Economy Dataset,https://www.fueleconomy.gov/feg/epadata/vehicles.csv,NHTSA,NHTSA Recall dataset,https://api.nhtsa.gov/products/vehicle/models?issueType=r,2026-07-18,Added - V4 High-Priority Research,No,SELECT,
Porsche,911,Carrera,Trim,1987-2026,1987,2026,1,Active,Government Verified,1,2,EPA,EPA FuelEconomy.gov Vehicle Fuel Economy Dataset,https://www.fueleconomy.gov/feg/epadata/vehicles.csv,NHTSA,NHTSA Recall dataset,https://api.nhtsa.gov/products/vehicle/models?issueType=r,2026-07-18,Added - V4 High-Priority Research,No,CARRERA,
Porsche,911,Dakar,Trim,2023-2024,2023,2024,1,Discontinued,Government Verified,1,2,EPA,EPA FuelEconomy.gov Vehicle Fuel Economy Dataset,https://www.fueleconomy.gov/feg/epadata/vehicles.csv,NHTSA,NHTSA Recall dataset,https://api.nhtsa.gov/products/vehicle/models?issueType=r,2026-07-18,Added - V4 High-Priority Research,No,DAKAR,
Porsche,911,Exclusive,Trim,2018-2019,2018,2019,1,Discontinued,Government Verified,1,2,EPA,EPA FuelEconomy.gov Vehicle Fuel Economy Dataset,https://www.fueleconomy.gov/feg/epadata/vehicles.csv,NHTSA,NHTSA Recall dataset,https://api.nhtsa.gov/products/vehicle/models?issueType=r,2026-07-18,Added - V4 High-Priority Research,No,EXCLUSIVE,
Porsche,911,GT2,Trim,2002-2003; 2008-2009; 2011; 2018-2019,2002,2019,4,Discontinued,Government Verified,1,2,EPA,EPA FuelEconomy.gov Vehicle Fuel Economy Dataset,https://www.fueleconomy.gov/feg/epadata/vehicles.csv,NHTSA,NHTSA Recall dataset,https://api.nhtsa.gov/products/vehicle/models?issueType=r,2026-07-18,Added - V4 High-Priority Research,No,GT2,
Porsche,911,GT3,Trim,2004-2005; 2007-2008; 2010-2011; 2014-2016; 2018-2019; 2022-2024; 2026,2004,2026,7,Active,Government Verified,1,2,EPA,EPA FuelEconomy.gov Vehicle Fuel Economy Dataset,https://www.fueleconomy.gov/feg/epadata/vehicles.csv,NHTSA,NHTSA Recall dataset,https://api.nhtsa.gov/products/vehicle/models?issueType=r,2026-07-18,Added - V4 High-Priority Research,No,GT3,
Porsche,911,Targa,Trim,2002-2004; 2007-2012; 2014-2026,2002,2026,3,Active,Government Verified,1,2,EPA,EPA FuelEconomy.gov Vehicle Fuel Economy Dataset,https://www.fueleconomy.gov/feg/epadata/vehicles.csv,NHTSA,NHTSA Recall dataset,https://api.nhtsa.gov/products/vehicle/models?issueType=r,2026-07-18,Added - V4 High-Priority Research,No,TARGA,
Porsche,Cayman,GT4,Trim,2015-2016,2015,2016,1,Discontinued,Government Verified,1,2,EPA,EPA FuelEconomy.gov Vehicle Fuel Economy Dataset,https://www.fueleconomy.gov/feg/epadata/vehicles.csv,NHTSA,NHTSA Recall dataset,https://api.nhtsa.gov/products/vehicle/models?issueType=r,2026-07-18,Added - V4 High-Priority Research,No,GT4,
Porsche,Panamera,Executive,Trim,2014-2023,2014,2023,1,Discontinued,Government Verified,1,2,EPA,EPA FuelEconomy.gov Vehicle Fuel Economy Dataset,https://www.fueleconomy.gov/feg/epadata/vehicles.csv,NHTSA,NHTSA Recall dataset,https://api.nhtsa.gov/products/vehicle/models?issueType=r,2026-07-18,Added - V4 High-Priority Research,No,EXECUTIVE,
Porsche,Taycan,Performance,Trim,2020; 2023-2026,2020,2026,2,Active,Government Verified,1,2,EPA,EPA FuelEconomy.gov Vehicle Fuel Economy Dataset,https://www.fueleconomy.gov/feg/epadata/vehicles.csv,NHTSA,NHTSA Recall dataset,https://api.nhtsa.gov/products/vehicle/models?issueType=r,2026-07-18,Added - V4 High-Priority Research,No,PERFORMANCE,
Porsche,Taycan,With,Trim,2020; 2025-2026,2020,2026,2,Active,Government Verified,1,2,EPA,EPA FuelEconomy.gov Vehicle Fuel Economy Dataset,https://www.fueleconomy.gov/feg/epadata/vehicles.csv,NHTSA,NHTSA Recall dataset,https://api.nhtsa.gov/products/vehicle/models?issueType=r,2026-07-18,Added - V4 High-Priority Research,No,WITH,
Ram,1500,RHO,Trim,2025-2026,2025,2026,1,Active,Government Verified,1,2,EPA,EPA FuelEconomy.gov Vehicle Fuel Economy Dataset,https://www.fueleconomy.gov/feg/epadata/vehicles.csv,NHTSA,NHTSA Recall dataset,https://api.nhtsa.gov/products/vehicle/models?issueType=r,2026-07-18,Added - V4 High-Priority Research,No,RHO,
Saturn,L-Series,Lw200,Trim,2000-2003,2000,2003,1,Discontinued,Government Verified,1,2,EPA,EPA FuelEconomy.gov Vehicle Fuel Economy Dataset,https://www.fueleconomy.gov/feg/epadata/vehicles.csv,NHTSA,NHTSA Recall dataset,https://api.nhtsa.gov/products/vehicle/models?issueType=r,2026-07-18,Added - V4 High-Priority Research,No,LW200,
Suzuki,Grand Vitara,Xl-7,Trim,2001-2006,2001,2006,1,Discontinued,Government Verified,1,2,EPA,EPA FuelEconomy.gov Vehicle Fuel Economy Dataset,https://www.fueleconomy.gov/feg/epadata/vehicles.csv,NHTSA,NHTSA Recall dataset,https://api.nhtsa.gov/products/vehicle/models?issueType=r,2026-07-18,Added - V4 High-Priority Research,No,XL-7,
Tesla,Model 3,Premium,Trim,2026,2026,2026,1,Active,Government Verified,1,2,EPA,EPA FuelEconomy.gov Vehicle Fuel Economy Dataset,https://www.fueleconomy.gov/feg/epadata/vehicles.csv,NHTSA,NHTSA Recall dataset,https://api.nhtsa.gov/products/vehicle/models?issueType=r,2026-07-18,Added - V4 High-Priority Research,No,PREMIUM,
Volkswagen,Golf,GTI,Trim,1985; 1990-1993; 1996-1998; 2002-2006,1985,2006,4,Discontinued,Government Verified,1,2,EPA,EPA FuelEconomy.gov Vehicle Fuel Economy Dataset,https://www.fueleconomy.gov/feg/epadata/vehicles.csv,NHTSA,NHTSA Recall dataset,https://api.nhtsa.gov/products/vehicle/models?issueType=r,2026-07-18,Added - V4 High-Priority Research,No,GTI,
