Standard Make,Standard Model,Confirmed Model Years,First Confirmed Model Year,Last Confirmed Model Year,Lifecycle Status,Vehicle Category,Market,Present in Original Source,Catalog Origin,Validation Status,Primary Source Name,Primary Source URL,Secondary Source Name,Secondary Source URL,Source Access Date,Notes,Source Organization Count,Source Dataset Count
AMC,Eagle,1980-1987,1980,1987,Discontinued,SUV/Crossover,United States,No,Added - Missing Make and Model,Fully Verified,EPA FuelEconomy.gov Vehicle Fuel Economy Dataset,https://www.fueleconomy.gov/feg/epadata/vehicles.csv,NHTSA Product Information Catalog (vehicle products API),https://api.nhtsa.gov/products/vehicle/models?modelYear=1982&make=AMC&issueType=r,2026-07-15,"Model year(s) [1980, 1981] added in V3 from the official EPA 1980-1983 historical dataset.",2,3
AMC,Eagle SX,1983-1984,1983,1984,Discontinued,SUV/Crossover,United States,No,Added - Missing Make and Model,Government Verified,EPA FuelEconomy.gov Vehicle Fuel Economy Dataset,https://www.fueleconomy.gov/feg/epadata/vehicles.csv,,,2026-07-15,Model year(s) [1983] added in V3 from the official EPA 1980-1983 historical dataset.,1,2
Acura,ADX,2025-2026,2025,2026,Active,Passenger Car,United States,No,Added - Missing Model,Fully Verified,EPA FuelEconomy.gov Vehicle Fuel Economy Dataset,https://www.fueleconomy.gov/feg/epadata/vehicles.csv,NHTSA Product Information Catalog (vehicle products API),https://api.nhtsa.gov/products/vehicle/models?modelYear=2025&make=ACURA&issueType=r,2026-07-15,,2,2
Acura,CL,1997-2004,1997,2004,Discontinued,Passenger Car,United States,Yes,Original Source,Fully Verified,EPA FuelEconomy.gov Vehicle Fuel Economy Dataset,https://www.fueleconomy.gov/feg/epadata/vehicles.csv,NHTSA Product Information Catalog (vehicle products API),https://api.nhtsa.gov/products/vehicle/models?modelYear=1997&make=ACURA&issueType=r,2026-07-15,,2,2
Acura,ILX,2013-2022,2013,2022,Discontinued,Passenger Car,United States,No,Added - Missing Model,Fully Verified,EPA FuelEconomy.gov Vehicle Fuel Economy Dataset,https://www.fueleconomy.gov/feg/epadata/vehicles.csv,NHTSA Product Information Catalog (vehicle products API),https://api.nhtsa.gov/products/vehicle/models?modelYear=2013&make=ACURA&issueType=r,2026-07-15,,2,2
Acura,Integra,1986-2001; 2023-2026,1986,2026,Active,Passenger Car,United States,No,Added - Missing Model,Fully Verified,EPA FuelEconomy.gov Vehicle Fuel Economy Dataset,https://www.fueleconomy.gov/feg/epadata/vehicles.csv,NHTSA Product Information Catalog (vehicle products API),https://api.nhtsa.gov/products/vehicle/models?modelYear=1986&make=ACURA&issueType=r,2026-07-15,"Non-contiguous confirmed model years reflect the verified records; gaps are preserved, not bridged.",2,2
Acura,Legend,1986-1995,1986,1995,Discontinued,Passenger Car,United States,No,Added - Missing Model,Fully Verified,EPA FuelEconomy.gov Vehicle Fuel Economy Dataset,https://www.fueleconomy.gov/feg/epadata/vehicles.csv,NHTSA Product Information Catalog (vehicle products API),https://api.nhtsa.gov/products/vehicle/models?modelYear=1986&make=ACURA&issueType=r,2026-07-15,,2,2
Acura,MDX,2001-2020; 2022-2026,2001,2026,Active,SUV/Crossover,United States,Yes,Original Source,Fully Verified,EPA FuelEconomy.gov Vehicle Fuel Economy Dataset,https://www.fueleconomy.gov/feg/epadata/vehicles.csv,NHTSA Product Information Catalog (vehicle products API),https://api.nhtsa.gov/products/vehicle/models?modelYear=2001&make=ACURA&issueType=r,2026-07-15,"Non-contiguous confirmed model years reflect the verified records; gaps are preserved, not bridged.",2,2
Acura,NSX,1991-1996; 1998-2005; 2017-2022,1991,2022,Discontinued,Passenger Car,United States,No,Added - Missing Model,Fully Verified,EPA FuelEconomy.gov Vehicle Fuel Economy Dataset,https://www.fueleconomy.gov/feg/epadata/vehicles.csv,NHTSA Product Information Catalog (vehicle products API),https://api.nhtsa.gov/products/vehicle/models?modelYear=1991&make=ACURA&issueType=r,2026-07-15,"Non-contiguous confirmed model years reflect the verified records; gaps are preserved, not bridged.",2,2
Acura,RDX,2007-2026,2007,2026,Active,SUV/Crossover,United States,Yes,Original Source,Fully Verified,EPA FuelEconomy.gov Vehicle Fuel Economy Dataset,https://www.fueleconomy.gov/feg/epadata/vehicles.csv,NHTSA Product Information Catalog (vehicle products API),https://api.nhtsa.gov/products/vehicle/models?modelYear=2007&make=ACURA&issueType=r,2026-07-15,,2,2
Acura,RL,1996-2012; 2015,1996,2015,Discontinued,Passenger Car,United States,Yes,Original Source,Fully Verified,EPA FuelEconomy.gov Vehicle Fuel Economy Dataset,https://www.fueleconomy.gov/feg/epadata/vehicles.csv,NHTSA Product Information Catalog (vehicle products API),https://api.nhtsa.gov/products/vehicle/models?modelYear=1996&make=ACURA&issueType=r,2026-07-15,"Non-contiguous confirmed model years reflect the verified records; gaps are preserved, not bridged.",2,2
Acura,RLX,2014-2020,2014,2020,Discontinued,Passenger Car,United States,No,Added - Missing Model,Fully Verified,EPA FuelEconomy.gov Vehicle Fuel Economy Dataset,https://www.fueleconomy.gov/feg/epadata/vehicles.csv,NHTSA Product Information Catalog (vehicle products API),https://api.nhtsa.gov/products/vehicle/models?modelYear=2014&make=ACURA&issueType=r,2026-07-15,,2,2
Acura,RSX,2001-2008,2001,2008,Discontinued,Passenger Car,United States,No,Added - Missing Model,Fully Verified,EPA FuelEconomy.gov Vehicle Fuel Economy Dataset,https://www.fueleconomy.gov/feg/epadata/vehicles.csv,NHTSA Product Information Catalog (vehicle products API),https://api.nhtsa.gov/products/vehicle/models?modelYear=2001&make=ACURA&issueType=r,2026-07-15,,2,2
Acura,SLX,1995-2000,1995,2000,Discontinued,SUV/Crossover,United States,No,Added - Missing Model,Fully Verified,EPA FuelEconomy.gov Vehicle Fuel Economy Dataset,https://www.fueleconomy.gov/feg/epadata/vehicles.csv,NHTSA Product Information Catalog (vehicle products API),https://api.nhtsa.gov/products/vehicle/models?modelYear=1995&make=ACURA&issueType=r,2026-07-15,,2,2
Acura,TL,1995-2014,1995,2014,Discontinued,Passenger Car,United States,Yes,Original Source,Fully Verified,EPA FuelEconomy.gov Vehicle Fuel Economy Dataset,https://www.fueleconomy.gov/feg/epadata/vehicles.csv,NHTSA Product Information Catalog (vehicle products API),https://api.nhtsa.gov/products/vehicle/models?modelYear=1995&make=ACURA&issueType=r,2026-07-15,,2,2
Acura,TLX,2012; 2015-2025,2012,2025,Active,Passenger Car,United States,No,Added - Missing Model,Fully Verified,EPA FuelEconomy.gov Vehicle Fuel Economy Dataset,https://www.fueleconomy.gov/feg/epadata/vehicles.csv,NHTSA Product Information Catalog (vehicle products API),https://api.nhtsa.gov/products/vehicle/models?modelYear=2012&make=ACURA&issueType=r,2026-07-15,"Non-contiguous confirmed model years reflect the verified records; gaps are preserved, not bridged.",2,2
Acura,TSX,2004-2014,2004,2014,Discontinued,Passenger Car,United States,Yes,Original Source,Fully Verified,EPA FuelEconomy.gov Vehicle Fuel Economy Dataset,https://www.fueleconomy.gov/feg/epadata/vehicles.csv,NHTSA Product Information Catalog (vehicle products API),https://api.nhtsa.gov/products/vehicle/models?modelYear=2004&make=ACURA&issueType=r,2026-07-15,,2,2
Acura,Vigor,1992-1994,1992,1994,Discontinued,Passenger Car,United States,No,Added - Missing Model,Fully Verified,EPA FuelEconomy.gov Vehicle Fuel Economy Dataset,https://www.fueleconomy.gov/feg/epadata/vehicles.csv,NHTSA Product Information Catalog (vehicle products API),https://api.nhtsa.gov/products/vehicle/models?modelYear=1992&make=ACURA&issueType=r,2026-07-15,,2,2
Acura,ZDX,2010-2013; 2024; 2026,2010,2026,Active,SUV/Crossover,United States,No,Added - Missing Model,Fully Verified,EPA FuelEconomy.gov Vehicle Fuel Economy Dataset,https://www.fueleconomy.gov/feg/epadata/vehicles.csv,NHTSA Product Information Catalog (vehicle products API),https://api.nhtsa.gov/products/vehicle/models?modelYear=2010&make=ACURA&issueType=r,2026-07-15,"Non-contiguous confirmed model years reflect the verified records; gaps are preserved, not bridged.",2,2
Alfa Romeo,164,1991-1995,1991,1995,Discontinued,Passenger Car,United States,No,Added - Missing Make and Model,Fully Verified,EPA FuelEconomy.gov Vehicle Fuel Economy Dataset,https://www.fueleconomy.gov/feg/epadata/vehicles.csv,NHTSA Product Information Catalog (vehicle products API),https://api.nhtsa.gov/products/vehicle/models?modelYear=1991&make=ALFA%20ROMEO&issueType=r,2026-07-15,,2,2
Alfa Romeo,4C,2015-2020,2015,2020,Discontinued,Passenger Car,United States,No,Added - Missing Make and Model,Fully Verified,EPA FuelEconomy.gov Vehicle Fuel Economy Dataset,https://www.fueleconomy.gov/feg/epadata/vehicles.csv,NHTSA Product Information Catalog (vehicle products API),https://api.nhtsa.gov/products/vehicle/models?modelYear=2015&make=ALFA%20ROMEO&issueType=r,2026-07-15,,2,2
Alfa Romeo,8 C,2009,2009,2009,Discontinued,Passenger Car,United States,No,Added - Missing Make and Model,Government Verified,EPA FuelEconomy.gov Vehicle Fuel Economy Dataset,https://www.fueleconomy.gov/feg/epadata/vehicles.csv,,,2026-07-15,,1,1
Alfa Romeo,GT V6,1981-1985,1981,1985,Discontinued,Passenger Car,United States,No,Added - Missing Make and Model,Fully Verified,EPA FuelEconomy.gov Vehicle Fuel Economy Dataset,https://www.fueleconomy.gov/feg/epadata/vehicles.csv,NHTSA vPIC (VIN product data),https://vpic.nhtsa.dot.gov/api/vehicles/GetModelsForMake/Alfa%20Romeo?format=json,2026-07-15,"Upgraded to Fully Verified in V2: independently confirmed by NHTSA vPIC product data. Model year(s) [1981, 1982, 1983] added in V3 from the official EPA 1980-1983 historical dataset.",2,3
Alfa Romeo,GTV,1986-1987,1986,1987,Discontinued,Passenger Car,United States,No,Added - Missing Make and Model,Government Verified,EPA FuelEconomy.gov Vehicle Fuel Economy Dataset,https://www.fueleconomy.gov/feg/epadata/vehicles.csv,,,2026-07-15,,1,1
Alfa Romeo,Giulia,2017-2026,2017,2026,Active,Passenger Car,United States,No,Added - Missing Make and Model,Fully Verified,EPA FuelEconomy.gov Vehicle Fuel Economy Dataset,https://www.fueleconomy.gov/feg/epadata/vehicles.csv,NHTSA Product Information Catalog (vehicle products API),https://api.nhtsa.gov/products/vehicle/models?modelYear=2017&make=ALFA%20ROMEO&issueType=r,2026-07-15,,2,2
Alfa Romeo,Milano,1987-1989,1987,1989,Discontinued,Passenger Car,United States,No,Added - Missing Make and Model,Fully Verified,EPA FuelEconomy.gov Vehicle Fuel Economy Dataset,https://www.fueleconomy.gov/feg/epadata/vehicles.csv,NHTSA Product Information Catalog (vehicle products API),https://api.nhtsa.gov/products/vehicle/models?modelYear=1987&make=ALFA%20ROMEO&issueType=r,2026-07-15,,2,2
Alfa Romeo,Spider,1986-1994,1986,1994,Discontinued,Passenger Car,United States,No,Added - Missing Make and Model,Fully Verified,EPA FuelEconomy.gov Vehicle Fuel Economy Dataset,https://www.fueleconomy.gov/feg/epadata/vehicles.csv,NHTSA Product Information Catalog (vehicle products API),https://api.nhtsa.gov/products/vehicle/models?modelYear=1986&make=ALFA%20ROMEO&issueType=r,2026-07-15,,2,2
Alfa Romeo,Spider Veloce 2000,1983-1985,1983,1985,Discontinued,Passenger Car,United States,No,Added - Missing Make and Model,Government Verified,EPA FuelEconomy.gov Vehicle Fuel Economy Dataset,https://www.fueleconomy.gov/feg/epadata/vehicles.csv,,,2026-07-15,Model year(s) [1983] added in V3 from the official EPA 1980-1983 historical dataset.,1,2
Alfa Romeo,Stelvio,2018-2026,2018,2026,Active,SUV/Crossover,United States,No,Added - Missing Make and Model,Fully Verified,EPA FuelEconomy.gov Vehicle Fuel Economy Dataset,https://www.fueleconomy.gov/feg/epadata/vehicles.csv,NHTSA Product Information Catalog (vehicle products API),https://api.nhtsa.gov/products/vehicle/models?modelYear=2018&make=ALFA%20ROMEO&issueType=r,2026-07-15,,2,2
Alfa Romeo,Tonale,2024-2026,2024,2026,Active,SUV/Crossover,United States,No,Added - Missing Make and Model,Fully Verified,EPA FuelEconomy.gov Vehicle Fuel Economy Dataset,https://www.fueleconomy.gov/feg/epadata/vehicles.csv,NHTSA Product Information Catalog (vehicle products API),https://api.nhtsa.gov/products/vehicle/models?modelYear=2024&make=ALFA%20ROMEO&issueType=r,2026-07-15,,2,2
Alfa Romeo,Tonale Eawd,2024-2025,2024,2025,Active,SUV/Crossover,United States,No,Added - Missing Make and Model,Government Verified,EPA FuelEconomy.gov Vehicle Fuel Economy Dataset,https://www.fueleconomy.gov/feg/epadata/vehicles.csv,,,2026-07-15,,1,1
Aston Martin,DB AR1,2003,2003,2003,Discontinued,Passenger Car,United States,No,Added - Missing Make and Model,Government Verified,EPA FuelEconomy.gov Vehicle Fuel Economy Dataset,https://www.fueleconomy.gov/feg/epadata/vehicles.csv,,,2026-07-15,,1,1
Aston Martin,DB-7,1997-1998; 2000; 2003,1997,2003,Discontinued,Passenger Car,United States,No,Added - Missing Make and Model,Fully Verified,EPA FuelEconomy.gov Vehicle Fuel Economy Dataset,https://www.fueleconomy.gov/feg/epadata/vehicles.csv,NHTSA vPIC (VIN product data),https://vpic.nhtsa.dot.gov/api/vehicles/GetModelsForMake/Aston%20Martin?format=json,2026-07-15,Upgraded to Fully Verified in V2: independently confirmed by NHTSA vPIC product data.,2,2
Aston Martin,DB-7 Vantage,2000; 2003,2000,2003,Discontinued,Passenger Car,United States,No,Added - Missing Make and Model,Government Verified,EPA FuelEconomy.gov Vehicle Fuel Economy Dataset,https://www.fueleconomy.gov/feg/epadata/vehicles.csv,,,2026-07-15,"Non-contiguous confirmed model years reflect the verified records; gaps are preserved, not bridged.",1,1
Aston Martin,DB11 V12,2017-2023,2017,2023,Discontinued,Passenger Car,United States,No,Added - Missing Make and Model,Government Verified,EPA FuelEconomy.gov Vehicle Fuel Economy Dataset,https://www.fueleconomy.gov/feg/epadata/vehicles.csv,,,2026-07-15,,1,1
Aston Martin,DB11 V8,2018-2023,2018,2023,Discontinued,Passenger Car,United States,No,Added - Missing Make and Model,Government Verified,EPA FuelEconomy.gov Vehicle Fuel Economy Dataset,https://www.fueleconomy.gov/feg/epadata/vehicles.csv,,,2026-07-15,,1,1
Aston Martin,DB12 S,2026,2026,2026,Active,Passenger Car,United States,No,Added - Missing Make and Model,Government Verified,EPA FuelEconomy.gov Vehicle Fuel Economy Dataset,https://www.fueleconomy.gov/feg/epadata/vehicles.csv,,,2026-07-15,,1,1
Aston Martin,DB12 V8,2024-2026,2024,2026,Active,Passenger Car,United States,No,Added - Missing Make and Model,Government Verified,EPA FuelEconomy.gov Vehicle Fuel Economy Dataset,https://www.fueleconomy.gov/feg/epadata/vehicles.csv,,,2026-07-15,,1,1
Aston Martin,DB9,2005-2016,2005,2016,Discontinued,Passenger Car,United States,No,Added - Missing Make and Model,Fully Verified,EPA FuelEconomy.gov Vehicle Fuel Economy Dataset,https://www.fueleconomy.gov/feg/epadata/vehicles.csv,NHTSA Product Information Catalog (vehicle products API),https://api.nhtsa.gov/products/vehicle/models?modelYear=2005&make=ASTON%20MARTIN&issueType=r,2026-07-15,,2,2
Aston Martin,DB9 Coupe Manual,2005-2007,2005,2007,Discontinued,Passenger Car,United States,No,Added - Missing Make and Model,Government Verified,EPA FuelEconomy.gov Vehicle Fuel Economy Dataset,https://www.fueleconomy.gov/feg/epadata/vehicles.csv,,,2026-07-15,,1,1
Aston Martin,DB9 Volante Manual,2005-2007,2005,2007,Discontinued,Passenger Car,United States,No,Added - Missing Make and Model,Government Verified,EPA FuelEconomy.gov Vehicle Fuel Economy Dataset,https://www.fueleconomy.gov/feg/epadata/vehicles.csv,,,2026-07-15,,1,1
Aston Martin,DBS,2009-2012; 2019-2023,2009,2023,Discontinued,Passenger Car,United States,No,Added - Missing Make and Model,Fully Verified,EPA FuelEconomy.gov Vehicle Fuel Economy Dataset,https://www.fueleconomy.gov/feg/epadata/vehicles.csv,NHTSA vPIC (VIN product data),https://vpic.nhtsa.dot.gov/api/vehicles/GetModelsForMake/Aston%20Martin?format=json,2026-07-15,"Non-contiguous confirmed model years reflect the verified records; gaps are preserved, not bridged. Upgraded to Fully Verified in V2: independently confirmed by NHTSA vPIC product data.",2,2
Aston Martin,DBX 707,2023-2026,2023,2026,Active,SUV/Crossover,United States,No,Added - Missing Make and Model,Government Verified,EPA FuelEconomy.gov Vehicle Fuel Economy Dataset,https://www.fueleconomy.gov/feg/epadata/vehicles.csv,,,2026-07-15,,1,1
Aston Martin,DBX 727,2026,2026,2026,Active,SUV/Crossover,United States,No,Added - Missing Make and Model,Government Verified,EPA FuelEconomy.gov Vehicle Fuel Economy Dataset,https://www.fueleconomy.gov/feg/epadata/vehicles.csv,,,2026-07-15,,1,1
Aston Martin,DBX V8,2021-2024,2021,2024,Discontinued,SUV/Crossover,United States,No,Added - Missing Make and Model,Government Verified,EPA FuelEconomy.gov Vehicle Fuel Economy Dataset,https://www.fueleconomy.gov/feg/epadata/vehicles.csv,,,2026-07-15,,1,1
Aston Martin,Lagonda,1980; 1983-1985; 1987-1989,1980,1989,Discontinued,Passenger Car,United States,No,Added - Missing Make and Model,Fully Verified,EPA FuelEconomy.gov Vehicle Fuel Economy Dataset,https://www.fueleconomy.gov/feg/epadata/vehicles.csv,NHTSA vPIC (VIN product data),https://vpic.nhtsa.dot.gov/api/vehicles/GetModelsForMake/Aston%20Martin?format=json,2026-07-15,"Non-contiguous confirmed model years reflect the verified records; gaps are preserved, not bridged. Upgraded to Fully Verified in V2: independently confirmed by NHTSA vPIC product data. Model year(s) [1980, 1983] added in V3 from the official EPA 1980-1983 historical dataset.",2,3
Aston Martin,Rapide,2010-2012,2010,2012,Discontinued,Passenger Car,United States,No,Added - Missing Make and Model,Fully Verified,EPA FuelEconomy.gov Vehicle Fuel Economy Dataset,https://www.fueleconomy.gov/feg/epadata/vehicles.csv,NHTSA Product Information Catalog (vehicle products API),https://api.nhtsa.gov/products/vehicle/models?modelYear=2010&make=ASTON%20MARTIN&issueType=r,2026-07-15,,2,2
Aston Martin,Rapide S,2014-2019,2014,2019,Discontinued,Passenger Car,United States,No,Added - Missing Make and Model,Government Verified,EPA FuelEconomy.gov Vehicle Fuel Economy Dataset,https://www.fueleconomy.gov/feg/epadata/vehicles.csv,,,2026-07-15,,1,1
Aston Martin,Saloon,1980-1985; 1987-1989,1980,1989,Discontinued,Passenger Car,United States,No,Added - Missing Make and Model,Government Verified,EPA FuelEconomy.gov Vehicle Fuel Economy Dataset,https://www.fueleconomy.gov/feg/epadata/vehicles.csv,,,2026-07-15,"Non-contiguous confirmed model years reflect the verified records; gaps are preserved, not bridged. Model year(s) [1980, 1981, 1982, 1983] added in V3 from the official EPA 1980-1983 historical dataset.",1,2
Aston Martin,V12 Vanquish,2004,2004,2004,Discontinued,Passenger Car,United States,No,Added - Missing Make and Model,Government Verified,EPA FuelEconomy.gov Vehicle Fuel Economy Dataset,https://www.fueleconomy.gov/feg/epadata/vehicles.csv,,,2026-07-15,,1,1
Aston Martin,V12 Vanquish S,2005-2006,2005,2006,Discontinued,Passenger Car,United States,No,Added - Missing Make and Model,Government Verified,EPA FuelEconomy.gov Vehicle Fuel Economy Dataset,https://www.fueleconomy.gov/feg/epadata/vehicles.csv,,,2026-07-15,,1,1
Aston Martin,V12 Vantage,2011-2012; 2015,2011,2015,Discontinued,Passenger Car,United States,No,Added - Missing Make and Model,Fully Verified,EPA FuelEconomy.gov Vehicle Fuel Economy Dataset,https://www.fueleconomy.gov/feg/epadata/vehicles.csv,NHTSA vPIC (VIN product data),https://vpic.nhtsa.dot.gov/api/vehicles/GetModelsForMake/Aston%20Martin?format=json,2026-07-15,"Non-contiguous confirmed model years reflect the verified records; gaps are preserved, not bridged. Upgraded to Fully Verified in V2: independently confirmed by NHTSA vPIC product data.",2,2
Aston Martin,V12 Vantage S,2015-2017,2015,2017,Discontinued,Passenger Car,United States,No,Added - Missing Make and Model,Fully Verified,EPA FuelEconomy.gov Vehicle Fuel Economy Dataset,https://www.fueleconomy.gov/feg/epadata/vehicles.csv,NHTSA Product Information Catalog (vehicle products API),https://api.nhtsa.gov/products/vehicle/models?modelYear=2015&make=ASTON%20MARTIN&issueType=r,2026-07-15,,2,2
Aston Martin,V8 Vantage,2006-2016,2006,2016,Discontinued,Passenger Car,United States,No,Added - Missing Make and Model,Fully Verified,EPA FuelEconomy.gov Vehicle Fuel Economy Dataset,https://www.fueleconomy.gov/feg/epadata/vehicles.csv,NHTSA Product Information Catalog (vehicle products API),https://api.nhtsa.gov/products/vehicle/models?modelYear=2006&make=ASTON%20MARTIN&issueType=r,2026-07-15,,2,2
Aston Martin,V8 Vantage ASM,2007,2007,2007,Discontinued,Passenger Car,United States,No,Added - Missing Make and Model,Government Verified,EPA FuelEconomy.gov Vehicle Fuel Economy Dataset,https://www.fueleconomy.gov/feg/epadata/vehicles.csv,,,2026-07-15,,1,1
Aston Martin,V8 Vantage S,2011-2016,2011,2016,Discontinued,Passenger Car,United States,No,Added - Missing Make and Model,Fully Verified,EPA FuelEconomy.gov Vehicle Fuel Economy Dataset,https://www.fueleconomy.gov/feg/epadata/vehicles.csv,NHTSA Product Information Catalog (vehicle products API),https://api.nhtsa.gov/products/vehicle/models?modelYear=2011&make=ASTON%20MARTIN&issueType=r,2026-07-15,,2,2
Aston Martin,Valhalla,2026,2026,2026,Active,Passenger Car,United States,No,Added - Missing Make and Model,Fully Verified,EPA FuelEconomy.gov Vehicle Fuel Economy Dataset,https://www.fueleconomy.gov/feg/epadata/vehicles.csv,NHTSA vPIC (VIN product data),https://vpic.nhtsa.dot.gov/api/vehicles/GetModelsForMake/Aston%20Martin?format=json,2026-07-15,Upgraded to Fully Verified in V2: independently confirmed by NHTSA vPIC product data.,2,2
Aston Martin,Valour,2024,2024,2024,Discontinued,Passenger Car,United States,No,Added - Missing Make and Model,Fully Verified,EPA FuelEconomy.gov Vehicle Fuel Economy Dataset,https://www.fueleconomy.gov/feg/epadata/vehicles.csv,NHTSA vPIC (VIN product data),https://vpic.nhtsa.dot.gov/api/vehicles/GetModelsForMake/Aston%20Martin?format=json,2026-07-15,Upgraded to Fully Verified in V2: independently confirmed by NHTSA vPIC product data.,2,2
Aston Martin,Vanquish,2002-2003; 2014-2016; 2025-2027,2002,2027,Active,Passenger Car,United States,No,Added - Missing Make and Model,Fully Verified,EPA FuelEconomy.gov Vehicle Fuel Economy Dataset,https://www.fueleconomy.gov/feg/epadata/vehicles.csv,NHTSA vPIC (VIN product data),https://vpic.nhtsa.dot.gov/api/vehicles/GetModelsForMake/Aston%20Martin?format=json,2026-07-15,"MY2027 record officially published in government data by the 2026-07-15 research cutoff. Non-contiguous confirmed model years reflect the verified records; gaps are preserved, not bridged. Upgraded to Fully Verified in V2: independently confirmed by NHTSA vPIC product data.",2,2
Aston Martin,Vanquish S,2019,2019,2019,Discontinued,Passenger Car,United States,No,Added - Missing Make and Model,Government Verified,EPA FuelEconomy.gov Vehicle Fuel Economy Dataset,https://www.fueleconomy.gov/feg/epadata/vehicles.csv,,,2026-07-15,,1,1
Aston Martin,Vanquish S Zagato,2017-2018,2017,2018,Discontinued,Passenger Car,United States,No,Added - Missing Make and Model,Government Verified,EPA FuelEconomy.gov Vehicle Fuel Economy Dataset,https://www.fueleconomy.gov/feg/epadata/vehicles.csv,,,2026-07-15,,1,1
Aston Martin,Vantage,1980-1985; 1987-1989; 2000-2001; 2015-2016; 2025-2026,1980,2026,Active,Passenger Car,United States,No,Added - Missing Make and Model,Fully Verified,EPA FuelEconomy.gov Vehicle Fuel Economy Dataset,https://www.fueleconomy.gov/feg/epadata/vehicles.csv,NHTSA vPIC (VIN product data),https://vpic.nhtsa.dot.gov/api/vehicles/GetModelsForMake/Aston%20Martin?format=json,2026-07-15,"Non-contiguous confirmed model years reflect the verified records; gaps are preserved, not bridged. Upgraded to Fully Verified in V2: independently confirmed by NHTSA vPIC product data. Model year(s) [1980, 1981, 1982, 1983] added in V3 from the official EPA 1980-1983 historical dataset.",2,3
Aston Martin,Vantage Manual,2020-2021,2020,2021,Discontinued,Passenger Car,United States,No,Added - Missing Make and Model,Government Verified,EPA FuelEconomy.gov Vehicle Fuel Economy Dataset,https://www.fueleconomy.gov/feg/epadata/vehicles.csv,,,2026-07-15,,1,1
Aston Martin,Vantage V12,2023,2023,2023,Discontinued,Passenger Car,United States,No,Added - Missing Make and Model,Government Verified,EPA FuelEconomy.gov Vehicle Fuel Economy Dataset,https://www.fueleconomy.gov/feg/epadata/vehicles.csv,,,2026-07-15,,1,1
Aston Martin,Vantage V8,2019-2023,2019,2023,Discontinued,Passenger Car,United States,No,Added - Missing Make and Model,Government Verified,EPA FuelEconomy.gov Vehicle Fuel Economy Dataset,https://www.fueleconomy.gov/feg/epadata/vehicles.csv,,,2026-07-15,,1,1
Aston Martin,Virage,1993; 2012,1993,2012,Discontinued,Passenger Car,United States,No,Added - Missing Make and Model,Fully Verified,EPA FuelEconomy.gov Vehicle Fuel Economy Dataset,https://www.fueleconomy.gov/feg/epadata/vehicles.csv,NHTSA vPIC (VIN product data),https://vpic.nhtsa.dot.gov/api/vehicles/GetModelsForMake/Aston%20Martin?format=json,2026-07-15,"Non-contiguous confirmed model years reflect the verified records; gaps are preserved, not bridged. Upgraded to Fully Verified in V2: independently confirmed by NHTSA vPIC product data.",2,2
Aston Martin,Virage Saloon,1991-1992,1991,1992,Discontinued,Passenger Car,United States,No,Added - Missing Make and Model,Government Verified,EPA FuelEconomy.gov Vehicle Fuel Economy Dataset,https://www.fueleconomy.gov/feg/epadata/vehicles.csv,,,2026-07-15,,1,1
Aston Martin,Volante,1980-1985; 1987-1989; 1993,1980,1993,Discontinued,Passenger Car,United States,No,Added - Missing Make and Model,Government Verified,EPA FuelEconomy.gov Vehicle Fuel Economy Dataset,https://www.fueleconomy.gov/feg/epadata/vehicles.csv,,,2026-07-15,"Non-contiguous confirmed model years reflect the verified records; gaps are preserved, not bridged. Model year(s) [1980, 1981, 1982, 1983] added in V3 from the official EPA 1980-1983 historical dataset.",1,2
Audi,100,1989-1994; 1998; 2001,1989,2001,Discontinued,Passenger Car,United States,No,Added - Missing Model,Fully Verified,EPA FuelEconomy.gov Vehicle Fuel Economy Dataset,https://www.fueleconomy.gov/feg/epadata/vehicles.csv,NHTSA Product Information Catalog (vehicle products API),https://api.nhtsa.gov/products/vehicle/models?modelYear=1989&make=AUDI&issueType=r,2026-07-15,"Non-contiguous confirmed model years reflect the verified records; gaps are preserved, not bridged.",2,2
Audi,200,1989-1991,1989,1991,Discontinued,Passenger Car,United States,No,Added - Missing Model,Fully Verified,EPA FuelEconomy.gov Vehicle Fuel Economy Dataset,https://www.fueleconomy.gov/feg/epadata/vehicles.csv,NHTSA Product Information Catalog (vehicle products API),https://api.nhtsa.gov/products/vehicle/models?modelYear=1989&make=AUDI&issueType=r,2026-07-15,,2,2
Audi,200 20V,1991,1991,1991,Discontinued,Passenger Car,United States,No,Added - Missing Model,Government Verified,EPA FuelEconomy.gov Vehicle Fuel Economy Dataset,https://www.fueleconomy.gov/feg/epadata/vehicles.csv,,,2026-07-15,,1,1
Audi,4000,1980-1987,1980,1987,Discontinued,Passenger Car,United States,No,Added - Missing Model,Fully Verified,EPA FuelEconomy.gov Vehicle Fuel Economy Dataset,https://www.fueleconomy.gov/feg/epadata/vehicles.csv,NHTSA Product Information Catalog (vehicle products API),https://api.nhtsa.gov/products/vehicle/models?modelYear=1980&make=AUDI&issueType=r,2026-07-15,"Non-contiguous confirmed model years reflect the verified records; gaps are preserved, not bridged. Model year(s) [1981, 1982] added in V3 from the official EPA 1980-1983 historical dataset.",2,3
Audi,4000 CS,1986-1987,1986,1987,Discontinued,Passenger Car,United States,No,Added - Missing Model,Government Verified,EPA FuelEconomy.gov Vehicle Fuel Economy Dataset,https://www.fueleconomy.gov/feg/epadata/vehicles.csv,,,2026-07-15,,1,1
Audi,4000 S,1984-1986,1984,1986,Discontinued,Passenger Car,United States,No,Added - Missing Model,Government Verified,EPA FuelEconomy.gov Vehicle Fuel Economy Dataset,https://www.fueleconomy.gov/feg/epadata/vehicles.csv,,,2026-07-15,"Non-contiguous confirmed model years reflect the verified records; gaps are preserved, not bridged.",1,1
Audi,5000,1980-1988,1980,1988,Discontinued,Passenger Car,United States,No,Added - Missing Model,Fully Verified,NHTSA Product Information Catalog (vehicle products API),https://api.nhtsa.gov/products/vehicle/models?modelYear=1980&make=AUDI&issueType=r,NHTSA vPIC (VIN product data),https://vpic.nhtsa.dot.gov/api/vehicles/GetModelsForMake/Audi?format=json,2026-07-15,Upgraded to Fully Verified in V2: independently confirmed by NHTSA vPIC product data.,2,3
Audi,5000 CS,1986-1988,1986,1988,Discontinued,Passenger Car,United States,No,Added - Missing Model,Government Verified,EPA FuelEconomy.gov Vehicle Fuel Economy Dataset,https://www.fueleconomy.gov/feg/epadata/vehicles.csv,,,2026-07-15,,1,1
Audi,5000 S,1984-1988,1984,1988,Discontinued,Passenger Car,United States,No,Added - Missing Model,Government Verified,EPA FuelEconomy.gov Vehicle Fuel Economy Dataset,https://www.fueleconomy.gov/feg/epadata/vehicles.csv,,,2026-07-15,,1,1
Audi,80,1988-1992,1988,1992,Discontinued,Passenger Car,United States,No,Added - Missing Model,Fully Verified,EPA FuelEconomy.gov Vehicle Fuel Economy Dataset,https://www.fueleconomy.gov/feg/epadata/vehicles.csv,NHTSA Product Information Catalog (vehicle products API),https://api.nhtsa.gov/products/vehicle/models?modelYear=1988&make=AUDI&issueType=r,2026-07-15,,2,2
Audi,90,1988-1991; 1993-1995,1988,1995,Discontinued,Passenger Car,United States,No,Added - Missing Model,Fully Verified,EPA FuelEconomy.gov Vehicle Fuel Economy Dataset,https://www.fueleconomy.gov/feg/epadata/vehicles.csv,NHTSA Product Information Catalog (vehicle products API),https://api.nhtsa.gov/products/vehicle/models?modelYear=1988&make=AUDI&issueType=r,2026-07-15,"Non-contiguous confirmed model years reflect the verified records; gaps are preserved, not bridged.",2,2
Audi,90 20V,1990-1991,1990,1991,Discontinued,Passenger Car,United States,No,Added - Missing Model,Government Verified,EPA FuelEconomy.gov Vehicle Fuel Economy Dataset,https://www.fueleconomy.gov/feg/epadata/vehicles.csv,,,2026-07-15,,1,1
Audi,A3,2001; 2003-2004; 2006-2013; 2015-2020; 2022-2026,2001,2026,Active,Passenger Car,United States,No,Added - Missing Model,Fully Verified,EPA FuelEconomy.gov Vehicle Fuel Economy Dataset,https://www.fueleconomy.gov/feg/epadata/vehicles.csv,NHTSA Product Information Catalog (vehicle products API),https://api.nhtsa.gov/products/vehicle/models?modelYear=2001&make=AUDI&issueType=r,2026-07-15,"Non-contiguous confirmed model years reflect the verified records; gaps are preserved, not bridged.",2,2
Audi,A3 Cabriolet,2015-2020,2015,2020,Discontinued,Passenger Car,United States,No,Added - Missing Model,Fully Verified,EPA FuelEconomy.gov Vehicle Fuel Economy Dataset,https://www.fueleconomy.gov/feg/epadata/vehicles.csv,NHTSA Product Information Catalog (vehicle products API),https://api.nhtsa.gov/products/vehicle/models?modelYear=2015&make=AUDI&issueType=r,2026-07-15,,2,2
Audi,A3 Sportback e-tron,2009; 2016-2018; 2020,2009,2020,Discontinued,Passenger Car,United States,No,Added - Missing Model,Fully Verified,EPA FuelEconomy.gov Vehicle Fuel Economy Dataset,https://www.fueleconomy.gov/feg/epadata/vehicles.csv,NHTSA Product Information Catalog (vehicle products API),https://api.nhtsa.gov/products/vehicle/models?modelYear=2009&make=AUDI&issueType=r,2026-07-15,"Non-contiguous confirmed model years reflect the verified records; gaps are preserved, not bridged.",2,2
Audi,A4,1995-2025,1995,2025,Active,Passenger Car,United States,Yes,Original Source,Fully Verified,EPA FuelEconomy.gov Vehicle Fuel Economy Dataset,https://www.fueleconomy.gov/feg/epadata/vehicles.csv,NHTSA Product Information Catalog (vehicle products API),https://api.nhtsa.gov/products/vehicle/models?modelYear=1995&make=AUDI&issueType=r,2026-07-15,,2,2
Audi,A4 Cabriolet,2003-2009,2003,2009,Discontinued,Passenger Car,United States,No,Added - Missing Model,Fully Verified,EPA FuelEconomy.gov Vehicle Fuel Economy Dataset,https://www.fueleconomy.gov/feg/epadata/vehicles.csv,NHTSA Product Information Catalog (vehicle products API),https://api.nhtsa.gov/products/vehicle/models?modelYear=2003&make=AUDI&issueType=r,2026-07-15,,2,2
Audi,A4 Ultra,2017-2018,2017,2018,Discontinued,Passenger Car,United States,No,Added - Missing Model,Government Verified,EPA FuelEconomy.gov Vehicle Fuel Economy Dataset,https://www.fueleconomy.gov/feg/epadata/vehicles.csv,,,2026-07-15,,1,1
Audi,A4 allroad,2017-2025,2017,2025,Active,Passenger Car,United States,No,Added - Missing Model,Fully Verified,EPA FuelEconomy.gov Vehicle Fuel Economy Dataset,https://www.fueleconomy.gov/feg/epadata/vehicles.csv,NHTSA Product Information Catalog (vehicle products API),https://api.nhtsa.gov/products/vehicle/models?modelYear=2017&make=AUDI&issueType=r,2026-07-15,,2,2
Audi,A5,2008-2026,2008,2026,Active,Passenger Car,United States,Yes,Original Source,Fully Verified,EPA FuelEconomy.gov Vehicle Fuel Economy Dataset,https://www.fueleconomy.gov/feg/epadata/vehicles.csv,NHTSA Product Information Catalog (vehicle products API),https://api.nhtsa.gov/products/vehicle/models?modelYear=2008&make=AUDI&issueType=r,2026-07-15,,2,2
Audi,A5 Cabriolet,2010-2024,2010,2024,Discontinued,Passenger Car,United States,No,Added - Missing Model,Fully Verified,EPA FuelEconomy.gov Vehicle Fuel Economy Dataset,https://www.fueleconomy.gov/feg/epadata/vehicles.csv,NHTSA Product Information Catalog (vehicle products API),https://api.nhtsa.gov/products/vehicle/models?modelYear=2010&make=AUDI&issueType=r,2026-07-15,,2,2
Audi,A5 Sportback,2018-2025,2018,2025,Active,Passenger Car,United States,No,Added - Missing Model,Fully Verified,EPA FuelEconomy.gov Vehicle Fuel Economy Dataset,https://www.fueleconomy.gov/feg/epadata/vehicles.csv,NHTSA Product Information Catalog (vehicle products API),https://api.nhtsa.gov/products/vehicle/models?modelYear=2018&make=AUDI&issueType=r,2026-07-15,,2,2
Audi,A6,1994-2026,1994,2026,Active,Passenger Car,United States,Yes,Original Source,Fully Verified,EPA FuelEconomy.gov Vehicle Fuel Economy Dataset,https://www.fueleconomy.gov/feg/epadata/vehicles.csv,NHTSA Product Information Catalog (vehicle products API),https://api.nhtsa.gov/products/vehicle/models?modelYear=1994&make=AUDI&issueType=r,2026-07-15,,2,2
Audi,A6 allroad,2020-2026,2020,2026,Active,Passenger Car,United States,No,Added - Missing Model,Fully Verified,EPA FuelEconomy.gov Vehicle Fuel Economy Dataset,https://www.fueleconomy.gov/feg/epadata/vehicles.csv,NHTSA Product Information Catalog (vehicle products API),https://api.nhtsa.gov/products/vehicle/models?modelYear=2020&make=AUDI&issueType=r,2026-07-15,,2,2
Audi,A6 e-tron,2025; 2027,2025,2027,Active,Passenger Car,United States,No,Added - Missing Model,Fully Verified,EPA FuelEconomy.gov Vehicle Fuel Economy Dataset,https://www.fueleconomy.gov/feg/epadata/vehicles.csv,NHTSA Product Information Catalog (vehicle products API),https://api.nhtsa.gov/products/vehicle/models?modelYear=2025&make=AUDI&issueType=r,2026-07-15,"MY2027 record officially published in government data by the 2026-07-15 research cutoff. Non-contiguous confirmed model years reflect the verified records; gaps are preserved, not bridged. V3: EPA historical 1980-83 dataset provides a second independent organization for this model.",2,2
Audi,A7,2007; 2009; 2012-2025,2007,2025,Active,Passenger Car,United States,Yes,Original Source,Fully Verified,EPA FuelEconomy.gov Vehicle Fuel Economy Dataset,https://www.fueleconomy.gov/feg/epadata/vehicles.csv,NHTSA Product Information Catalog (vehicle products API),https://api.nhtsa.gov/products/vehicle/models?modelYear=2007&make=AUDI&issueType=r,2026-07-15,"Non-contiguous confirmed model years reflect the verified records; gaps are preserved, not bridged.",2,2
Audi,A7 Tfsi E,2022,2022,2022,Discontinued,Passenger Car,United States,No,Added - Missing Model,Government Verified,EPA FuelEconomy.gov Vehicle Fuel Economy Dataset,https://www.fueleconomy.gov/feg/epadata/vehicles.csv,,,2026-07-15,,1,1
Audi,A8,1996-2027,1996,2027,Active,Passenger Car,United States,No,Added - Missing Model,Fully Verified,EPA FuelEconomy.gov Vehicle Fuel Economy Dataset,https://www.fueleconomy.gov/feg/epadata/vehicles.csv,NHTSA Product Information Catalog (vehicle products API),https://api.nhtsa.gov/products/vehicle/models?modelYear=1996&make=AUDI&issueType=r,2026-07-15,MY2027 record officially published in government data by the 2026-07-15 research cutoff.,2,2
Audi,Cabriolet,1994-1998; 2000; 2003,1994,2003,Discontinued,Passenger Car,United States,No,Added - Missing Model,Fully Verified,EPA FuelEconomy.gov Vehicle Fuel Economy Dataset,https://www.fueleconomy.gov/feg/epadata/vehicles.csv,NHTSA Product Information Catalog (vehicle products API),https://api.nhtsa.gov/products/vehicle/models?modelYear=1994&make=AUDI&issueType=r,2026-07-15,"Non-contiguous confirmed model years reflect the verified records; gaps are preserved, not bridged.",2,2
Audi,Coupe,1982-1987; 1990-1991,1982,1991,Discontinued,Passenger Car,United States,No,Added - Missing Model,Fully Verified,EPA FuelEconomy.gov Vehicle Fuel Economy Dataset,https://www.fueleconomy.gov/feg/epadata/vehicles.csv,NHTSA Product Information Catalog (vehicle products API),https://api.nhtsa.gov/products/vehicle/models?modelYear=1984&make=AUDI&issueType=r,2026-07-15,"Non-contiguous confirmed model years reflect the verified records; gaps are preserved, not bridged. Model year(s) [1982, 1983] added in V3 from the official EPA 1980-1983 historical dataset.",2,3
Audi,Q3,2008; 2015-2026,2008,2026,Active,Multiple Categories,United States,No,Added - Missing Model,Fully Verified,EPA FuelEconomy.gov Vehicle Fuel Economy Dataset,https://www.fueleconomy.gov/feg/epadata/vehicles.csv,NHTSA Product Information Catalog (vehicle products API),https://api.nhtsa.gov/products/vehicle/models?modelYear=2008&make=AUDI&issueType=r,2026-07-15,"Non-contiguous confirmed model years reflect the verified records; gaps are preserved, not bridged.",2,2
Audi,Q4 40 e-tron,2024,2024,2024,Discontinued,SUV/Crossover,United States,No,Added - Missing Model,Government Verified,EPA FuelEconomy.gov Vehicle Fuel Economy Dataset,https://www.fueleconomy.gov/feg/epadata/vehicles.csv,,,2026-07-15,,1,1
Audi,Q4 45 e-tron,2025-2026,2025,2026,Active,SUV/Crossover,United States,No,Added - Missing Model,Government Verified,EPA FuelEconomy.gov Vehicle Fuel Economy Dataset,https://www.fueleconomy.gov/feg/epadata/vehicles.csv,,,2026-07-15,,1,1
Audi,Q4 50 e-tron,2024,2024,2024,Discontinued,SUV/Crossover,United States,No,Added - Missing Model,Government Verified,EPA FuelEconomy.gov Vehicle Fuel Economy Dataset,https://www.fueleconomy.gov/feg/epadata/vehicles.csv,,,2026-07-15,,1,1
Audi,Q4 55 e-tron,2024-2026,2024,2026,Active,SUV/Crossover,United States,No,Added - Missing Model,Government Verified,EPA FuelEconomy.gov Vehicle Fuel Economy Dataset,https://www.fueleconomy.gov/feg/epadata/vehicles.csv,,,2026-07-15,,1,1
Audi,Q4 Sportback 50 e-tron,2024,2024,2024,Discontinued,SUV/Crossover,United States,No,Added - Missing Model,Government Verified,EPA FuelEconomy.gov Vehicle Fuel Economy Dataset,https://www.fueleconomy.gov/feg/epadata/vehicles.csv,,,2026-07-15,,1,1
Audi,Q4 Sportback 55 e-tron,2024-2026,2024,2026,Active,SUV/Crossover,United States,No,Added - Missing Model,Government Verified,EPA FuelEconomy.gov Vehicle Fuel Economy Dataset,https://www.fueleconomy.gov/feg/epadata/vehicles.csv,,,2026-07-15,,1,1
Audi,Q4 e-tron,2022-2025,2022,2025,Active,SUV/Crossover,United States,No,Added - Missing Model,Fully Verified,EPA FuelEconomy.gov Vehicle Fuel Economy Dataset,https://www.fueleconomy.gov/feg/epadata/vehicles.csv,NHTSA Product Information Catalog (vehicle products API),https://api.nhtsa.gov/products/vehicle/models?modelYear=2022&make=AUDI&issueType=r,2026-07-15,,2,2
Audi,Q5,2009-2026,2009,2026,Active,SUV/Crossover,United States,Yes,Original Source,Fully Verified,EPA FuelEconomy.gov Vehicle Fuel Economy Dataset,https://www.fueleconomy.gov/feg/epadata/vehicles.csv,NHTSA Product Information Catalog (vehicle products API),https://api.nhtsa.gov/products/vehicle/models?modelYear=2009&make=AUDI&issueType=r,2026-07-15,,2,2
Audi,Q5 Sportback,2021-2023,2021,2023,Discontinued,SUV/Crossover,United States,No,Added - Missing Model,Fully Verified,EPA FuelEconomy.gov Vehicle Fuel Economy Dataset,https://www.fueleconomy.gov/feg/epadata/vehicles.csv,NHTSA Product Information Catalog (vehicle products API),https://api.nhtsa.gov/products/vehicle/models?modelYear=2021&make=AUDI&issueType=r,2026-07-15,,2,2
Audi,Q5 Sportback Tfsi,2025-2026,2025,2026,Active,SUV/Crossover,United States,No,Added - Missing Model,Government Verified,EPA FuelEconomy.gov Vehicle Fuel Economy Dataset,https://www.fueleconomy.gov/feg/epadata/vehicles.csv,,,2026-07-15,,1,1
Audi,Q5 Tfsi,2025-2026,2025,2026,Active,SUV/Crossover,United States,No,Added - Missing Model,Government Verified,EPA FuelEconomy.gov Vehicle Fuel Economy Dataset,https://www.fueleconomy.gov/feg/epadata/vehicles.csv,,,2026-07-15,,1,1
Audi,Q5 Tfsi E,2022-2023,2022,2023,Discontinued,SUV/Crossover,United States,No,Added - Missing Model,Government Verified,EPA FuelEconomy.gov Vehicle Fuel Economy Dataset,https://www.fueleconomy.gov/feg/epadata/vehicles.csv,,,2026-07-15,,1,1
Audi,Q6 Sportback e-tron,2025; 2027,2025,2027,Active,SUV/Crossover,United States,No,Added - Missing Model,Fully Verified,EPA FuelEconomy.gov Vehicle Fuel Economy Dataset,https://www.fueleconomy.gov/feg/epadata/vehicles.csv,NHTSA Product Information Catalog (vehicle products API),https://api.nhtsa.gov/products/vehicle/models?modelYear=2025&make=AUDI&issueType=r,2026-07-15,"MY2027 record officially published in government data by the 2026-07-15 research cutoff. Non-contiguous confirmed model years reflect the verified records; gaps are preserved, not bridged.",2,2
Audi,Q6 e-tron,2025-2027,2025,2027,Active,SUV/Crossover,United States,No,Added - Missing Model,Fully Verified,EPA FuelEconomy.gov Vehicle Fuel Economy Dataset,https://www.fueleconomy.gov/feg/epadata/vehicles.csv,NHTSA Product Information Catalog (vehicle products API),https://api.nhtsa.gov/products/vehicle/models?modelYear=2025&make=AUDI&issueType=r,2026-07-15,MY2027 record officially published in government data by the 2026-07-15 research cutoff.,2,2
Audi,Q7,2007-2026,2007,2026,Active,SUV/Crossover,United States,Yes,Original Source,Fully Verified,EPA FuelEconomy.gov Vehicle Fuel Economy Dataset,https://www.fueleconomy.gov/feg/epadata/vehicles.csv,NHTSA Product Information Catalog (vehicle products API),https://api.nhtsa.gov/products/vehicle/models?modelYear=2007&make=AUDI&issueType=r,2026-07-15,,2,2
Audi,Q8,2019-2026,2019,2026,Active,SUV/Crossover,United States,No,Added - Missing Model,Fully Verified,EPA FuelEconomy.gov Vehicle Fuel Economy Dataset,https://www.fueleconomy.gov/feg/epadata/vehicles.csv,NHTSA Product Information Catalog (vehicle products API),https://api.nhtsa.gov/products/vehicle/models?modelYear=2019&make=AUDI&issueType=r,2026-07-15,,2,2
Audi,Q8 Sportback e-tron,2024-2025,2024,2025,Active,SUV/Crossover,United States,No,Added - Missing Model,Government Verified,EPA FuelEconomy.gov Vehicle Fuel Economy Dataset,https://www.fueleconomy.gov/feg/epadata/vehicles.csv,,,2026-07-15,,1,1
Audi,Q8 Sportback e-tron Ultra,2024,2024,2024,Discontinued,SUV/Crossover,United States,No,Added - Missing Model,Government Verified,EPA FuelEconomy.gov Vehicle Fuel Economy Dataset,https://www.fueleconomy.gov/feg/epadata/vehicles.csv,,,2026-07-15,,1,1
Audi,Q8 e-tron,2024-2025,2024,2025,Active,SUV/Crossover,United States,No,Added - Missing Model,Government Verified,EPA FuelEconomy.gov Vehicle Fuel Economy Dataset,https://www.fueleconomy.gov/feg/epadata/vehicles.csv,,,2026-07-15,,1,1
Audi,Quattro,1981-1985; 1987; 1990-1991; 1993-2002; 2009,1981,2009,Discontinued,Passenger Car,United States,No,Added - Missing Model,Fully Verified,EPA FuelEconomy.gov Vehicle Fuel Economy Dataset,https://www.fueleconomy.gov/feg/epadata/vehicles.csv,NHTSA Product Information Catalog (vehicle products API),https://api.nhtsa.gov/products/vehicle/models?modelYear=1984&make=AUDI&issueType=r,2026-07-15,"Non-contiguous confirmed model years reflect the verified records; gaps are preserved, not bridged. Model year(s) [1981, 1982, 1983] added in V3 from the official EPA 1980-1983 historical dataset. V3: EPA historical 1980-83 dataset provides a second independent organization for this model.",2,3
Audi,R8,2008-2012; 2014-2015; 2017-2018; 2020-2023,2008,2023,Discontinued,Passenger Car,United States,No,Added - Missing Model,Fully Verified,EPA FuelEconomy.gov Vehicle Fuel Economy Dataset,https://www.fueleconomy.gov/feg/epadata/vehicles.csv,NHTSA Product Information Catalog (vehicle products API),https://api.nhtsa.gov/products/vehicle/models?modelYear=2008&make=AUDI&issueType=r,2026-07-15,"Non-contiguous confirmed model years reflect the verified records; gaps are preserved, not bridged.",2,2
Audi,RS 3,2017-2020; 2022-2026,2017,2026,Active,Passenger Car,United States,No,Added - Missing Model,Fully Verified,EPA FuelEconomy.gov Vehicle Fuel Economy Dataset,https://www.fueleconomy.gov/feg/epadata/vehicles.csv,NHTSA Product Information Catalog (vehicle products API),https://api.nhtsa.gov/products/vehicle/models?modelYear=2017&make=AUDI&issueType=r,2026-07-15,"Non-contiguous confirmed model years reflect the verified records; gaps are preserved, not bridged.",2,2
Audi,RS 4,2007-2008,2007,2008,Discontinued,Passenger Car,United States,No,Added - Missing Model,Fully Verified,EPA FuelEconomy.gov Vehicle Fuel Economy Dataset,https://www.fueleconomy.gov/feg/epadata/vehicles.csv,NHTSA Product Information Catalog (vehicle products API),https://api.nhtsa.gov/products/vehicle/models?modelYear=2007&make=AUDI&issueType=r,2026-07-15,,2,2
Audi,RS 5,2013-2015; 2018-2019; 2021-2025,2013,2025,Active,Passenger Car,United States,No,Added - Missing Model,Fully Verified,EPA FuelEconomy.gov Vehicle Fuel Economy Dataset,https://www.fueleconomy.gov/feg/epadata/vehicles.csv,NHTSA Product Information Catalog (vehicle products API),https://api.nhtsa.gov/products/vehicle/models?modelYear=2013&make=AUDI&issueType=r,2026-07-15,"Non-contiguous confirmed model years reflect the verified records; gaps are preserved, not bridged.",2,2
Audi,RS 6,2003; 2021-2026,2003,2026,Active,Passenger Car,United States,No,Added - Missing Model,Fully Verified,EPA FuelEconomy.gov Vehicle Fuel Economy Dataset,https://www.fueleconomy.gov/feg/epadata/vehicles.csv,NHTSA Product Information Catalog (vehicle products API),https://api.nhtsa.gov/products/vehicle/models?modelYear=2003&make=AUDI&issueType=r,2026-07-15,"Non-contiguous confirmed model years reflect the verified records; gaps are preserved, not bridged.",2,2
Audi,RS 7,2014-2018; 2021-2026,2014,2026,Active,Passenger Car,United States,No,Added - Missing Model,Fully Verified,EPA FuelEconomy.gov Vehicle Fuel Economy Dataset,https://www.fueleconomy.gov/feg/epadata/vehicles.csv,NHTSA Product Information Catalog (vehicle products API),https://api.nhtsa.gov/products/vehicle/models?modelYear=2014&make=AUDI&issueType=r,2026-07-15,"Non-contiguous confirmed model years reflect the verified records; gaps are preserved, not bridged.",2,2
Audi,RS Q8,2020-2026,2020,2026,Active,SUV/Crossover,United States,No,Added - Missing Model,Fully Verified,EPA FuelEconomy.gov Vehicle Fuel Economy Dataset,https://www.fueleconomy.gov/feg/epadata/vehicles.csv,NHTSA Product Information Catalog (vehicle products API),https://api.nhtsa.gov/products/vehicle/models?modelYear=2020&make=AUDI&issueType=r,2026-07-15,,2,2
Audi,S e-tron,2025-2026,2025,2026,Active,Passenger Car,United States,No,Added - Missing Model,Fully Verified,EPA FuelEconomy.gov Vehicle Fuel Economy Dataset,https://www.fueleconomy.gov/feg/epadata/vehicles.csv,NHTSA Product Information Catalog (vehicle products API),https://api.nhtsa.gov/products/vehicle/models?modelYear=2025&make=AUDI&issueType=r,2026-07-15,,2,2
Audi,S3,2015-2020; 2022-2026,2015,2026,Active,Passenger Car,United States,No,Added - Missing Model,Fully Verified,EPA FuelEconomy.gov Vehicle Fuel Economy Dataset,https://www.fueleconomy.gov/feg/epadata/vehicles.csv,NHTSA Product Information Catalog (vehicle products API),https://api.nhtsa.gov/products/vehicle/models?modelYear=2015&make=AUDI&issueType=r,2026-07-15,"Non-contiguous confirmed model years reflect the verified records; gaps are preserved, not bridged.",2,2
Audi,S4,1992-1995; 2000-2008; 2010-2016; 2018-2025,1992,2025,Active,Passenger Car,United States,No,Added - Missing Model,Fully Verified,EPA FuelEconomy.gov Vehicle Fuel Economy Dataset,https://www.fueleconomy.gov/feg/epadata/vehicles.csv,NHTSA Product Information Catalog (vehicle products API),https://api.nhtsa.gov/products/vehicle/models?modelYear=1992&make=AUDI&issueType=r,2026-07-15,"Non-contiguous confirmed model years reflect the verified records; gaps are preserved, not bridged.",2,2
Audi,S4 Cabriolet,2004-2009,2004,2009,Discontinued,Passenger Car,United States,No,Added - Missing Model,Fully Verified,EPA FuelEconomy.gov Vehicle Fuel Economy Dataset,https://www.fueleconomy.gov/feg/epadata/vehicles.csv,NHTSA Product Information Catalog (vehicle products API),https://api.nhtsa.gov/products/vehicle/models?modelYear=2004&make=AUDI&issueType=r,2026-07-15,,2,2
Audi,S5,2008-2025,2008,2025,Active,Passenger Car,United States,No,Added - Missing Model,Fully Verified,EPA FuelEconomy.gov Vehicle Fuel Economy Dataset,https://www.fueleconomy.gov/feg/epadata/vehicles.csv,NHTSA Product Information Catalog (vehicle products API),https://api.nhtsa.gov/products/vehicle/models?modelYear=2008&make=AUDI&issueType=r,2026-07-15,,2,2
Audi,S5 Cabriolet,2010-2024,2010,2024,Discontinued,Passenger Car,United States,No,Added - Missing Model,Fully Verified,EPA FuelEconomy.gov Vehicle Fuel Economy Dataset,https://www.fueleconomy.gov/feg/epadata/vehicles.csv,NHTSA Product Information Catalog (vehicle products API),https://api.nhtsa.gov/products/vehicle/models?modelYear=2010&make=AUDI&issueType=r,2026-07-15,,2,2
Audi,S5 Sport,2026,2026,2026,Active,Passenger Car,United States,No,Added - Missing Model,Government Verified,EPA FuelEconomy.gov Vehicle Fuel Economy Dataset,https://www.fueleconomy.gov/feg/epadata/vehicles.csv,,,2026-07-15,,1,1
Audi,S5 Sportback,2018-2025,2018,2025,Active,Passenger Car,United States,No,Added - Missing Model,Fully Verified,EPA FuelEconomy.gov Vehicle Fuel Economy Dataset,https://www.fueleconomy.gov/feg/epadata/vehicles.csv,NHTSA Product Information Catalog (vehicle products API),https://api.nhtsa.gov/products/vehicle/models?modelYear=2018&make=AUDI&issueType=r,2026-07-15,,2,2
Audi,S6,1995-1998; 2001-2003; 2007-2011; 2013-2018; 2020-2025,1995,2025,Active,Passenger Car,United States,No,Added - Missing Model,Fully Verified,EPA FuelEconomy.gov Vehicle Fuel Economy Dataset,https://www.fueleconomy.gov/feg/epadata/vehicles.csv,NHTSA Product Information Catalog (vehicle products API),https://api.nhtsa.gov/products/vehicle/models?modelYear=1995&make=AUDI&issueType=r,2026-07-15,"Non-contiguous confirmed model years reflect the verified records; gaps are preserved, not bridged.",2,2
Audi,S6 e-tron,2025; 2027,2025,2027,Active,Passenger Car,United States,No,Added - Missing Model,Fully Verified,EPA FuelEconomy.gov Vehicle Fuel Economy Dataset,https://www.fueleconomy.gov/feg/epadata/vehicles.csv,NHTSA Product Information Catalog (vehicle products API),https://api.nhtsa.gov/products/vehicle/models?modelYear=2025&make=AUDI&issueType=r,2026-07-15,"MY2027 record officially published in government data by the 2026-07-15 research cutoff. Non-contiguous confirmed model years reflect the verified records; gaps are preserved, not bridged. V3: EPA historical 1980-83 dataset provides a second independent organization for this model.",2,2
Audi,S7,2013-2018; 2020-2025,2013,2025,Active,Passenger Car,United States,No,Added - Missing Model,Fully Verified,EPA FuelEconomy.gov Vehicle Fuel Economy Dataset,https://www.fueleconomy.gov/feg/epadata/vehicles.csv,NHTSA Product Information Catalog (vehicle products API),https://api.nhtsa.gov/products/vehicle/models?modelYear=2013&make=AUDI&issueType=r,2026-07-15,"Non-contiguous confirmed model years reflect the verified records; gaps are preserved, not bridged.",2,2
Audi,S8,2001-2003; 2007-2009; 2013-2018; 2020-2027,2001,2027,Active,Passenger Car,United States,No,Added - Missing Model,Fully Verified,EPA FuelEconomy.gov Vehicle Fuel Economy Dataset,https://www.fueleconomy.gov/feg/epadata/vehicles.csv,NHTSA Product Information Catalog (vehicle products API),https://api.nhtsa.gov/products/vehicle/models?modelYear=2001&make=AUDI&issueType=r,2026-07-15,"MY2027 record officially published in government data by the 2026-07-15 research cutoff. Non-contiguous confirmed model years reflect the verified records; gaps are preserved, not bridged.",2,2
Audi,SQ5,2013-2026,2013,2026,Active,SUV/Crossover,United States,No,Added - Missing Model,Fully Verified,EPA FuelEconomy.gov Vehicle Fuel Economy Dataset,https://www.fueleconomy.gov/feg/epadata/vehicles.csv,NHTSA Product Information Catalog (vehicle products API),https://api.nhtsa.gov/products/vehicle/models?modelYear=2013&make=AUDI&issueType=r,2026-07-15,,2,2
Audi,SQ5 Sportback,2021-2026,2021,2026,Active,SUV/Crossover,United States,No,Added - Missing Model,Fully Verified,EPA FuelEconomy.gov Vehicle Fuel Economy Dataset,https://www.fueleconomy.gov/feg/epadata/vehicles.csv,NHTSA Product Information Catalog (vehicle products API),https://api.nhtsa.gov/products/vehicle/models?modelYear=2021&make=AUDI&issueType=r,2026-07-15,,2,2
Audi,SQ6 Sportback e-tron,2025; 2027,2025,2027,Active,SUV/Crossover,United States,No,Added - Missing Model,Government Verified,EPA FuelEconomy.gov Vehicle Fuel Economy Dataset,https://www.fueleconomy.gov/feg/epadata/vehicles.csv,,,2026-07-15,"MY2027 record officially published in government data by the 2026-07-15 research cutoff. Non-contiguous confirmed model years reflect the verified records; gaps are preserved, not bridged.",1,1
Audi,SQ6 e-tron,2025; 2027,2025,2027,Active,SUV/Crossover,United States,No,Added - Missing Model,Fully Verified,EPA FuelEconomy.gov Vehicle Fuel Economy Dataset,https://www.fueleconomy.gov/feg/epadata/vehicles.csv,NHTSA Product Information Catalog (vehicle products API),https://api.nhtsa.gov/products/vehicle/models?modelYear=2025&make=AUDI&issueType=r,2026-07-15,"MY2027 record officially published in government data by the 2026-07-15 research cutoff. Non-contiguous confirmed model years reflect the verified records; gaps are preserved, not bridged.",2,2
Audi,SQ7,2020-2026,2020,2026,Active,SUV/Crossover,United States,No,Added - Missing Model,Fully Verified,EPA FuelEconomy.gov Vehicle Fuel Economy Dataset,https://www.fueleconomy.gov/feg/epadata/vehicles.csv,NHTSA Product Information Catalog (vehicle products API),https://api.nhtsa.gov/products/vehicle/models?modelYear=2020&make=AUDI&issueType=r,2026-07-15,,2,2
Audi,SQ8,2020-2027,2020,2027,Active,SUV/Crossover,United States,No,Added - Missing Model,Fully Verified,EPA FuelEconomy.gov Vehicle Fuel Economy Dataset,https://www.fueleconomy.gov/feg/epadata/vehicles.csv,NHTSA Product Information Catalog (vehicle products API),https://api.nhtsa.gov/products/vehicle/models?modelYear=2020&make=AUDI&issueType=r,2026-07-15,MY2027 record officially published in government data by the 2026-07-15 research cutoff.,2,2
Audi,SQ8 Sportback e-tron,2024-2025,2024,2025,Active,SUV/Crossover,United States,No,Added - Missing Model,Government Verified,EPA FuelEconomy.gov Vehicle Fuel Economy Dataset,https://www.fueleconomy.gov/feg/epadata/vehicles.csv,,,2026-07-15,,1,1
Audi,SQ8 e-tron,2024-2025,2024,2025,Active,SUV/Crossover,United States,No,Added - Missing Model,Government Verified,EPA FuelEconomy.gov Vehicle Fuel Economy Dataset,https://www.fueleconomy.gov/feg/epadata/vehicles.csv,,,2026-07-15,,1,1
Audi,TT,2000-2023,2000,2023,Discontinued,Passenger Car,United States,No,Added - Missing Model,Fully Verified,EPA FuelEconomy.gov Vehicle Fuel Economy Dataset,https://www.fueleconomy.gov/feg/epadata/vehicles.csv,NHTSA Product Information Catalog (vehicle products API),https://api.nhtsa.gov/products/vehicle/models?modelYear=2000&make=AUDI&issueType=r,2026-07-15,,2,2
Audi,TT RS,2012-2013; 2018-2022,2012,2022,Discontinued,Passenger Car,United States,No,Added - Missing Model,Fully Verified,EPA FuelEconomy.gov Vehicle Fuel Economy Dataset,https://www.fueleconomy.gov/feg/epadata/vehicles.csv,NHTSA Product Information Catalog (vehicle products API),https://api.nhtsa.gov/products/vehicle/models?modelYear=2012&make=AUDI&issueType=r,2026-07-15,"Non-contiguous confirmed model years reflect the verified records; gaps are preserved, not bridged.",2,2
Audi,TTS,2009; 2013; 2016-2023,2009,2023,Discontinued,Passenger Car,United States,No,Added - Missing Model,Fully Verified,EPA FuelEconomy.gov Vehicle Fuel Economy Dataset,https://www.fueleconomy.gov/feg/epadata/vehicles.csv,NHTSA vPIC (VIN product data),https://vpic.nhtsa.dot.gov/api/vehicles/GetModelsForMake/Audi?format=json,2026-07-15,"Non-contiguous confirmed model years reflect the verified records; gaps are preserved, not bridged. Upgraded to Fully Verified in V2: independently confirmed by NHTSA vPIC product data.",2,2
Audi,V8,1990-1994,1990,1994,Discontinued,Passenger Car,United States,No,Added - Missing Model,Fully Verified,EPA FuelEconomy.gov Vehicle Fuel Economy Dataset,https://www.fueleconomy.gov/feg/epadata/vehicles.csv,NHTSA Product Information Catalog (vehicle products API),https://api.nhtsa.gov/products/vehicle/models?modelYear=1990&make=AUDI&issueType=r,2026-07-15,Official model name: the Audi V8 (Typ D11) was a distinct US model 1990-1994; deliberately retained despite resembling an engine descriptor.,2,2
Audi,allroad quattro,1998-1999; 2001-2005; 2013-2018,1998,2018,Discontinued,Multiple Categories,United States,No,Added - Missing Model,Fully Verified,EPA FuelEconomy.gov Vehicle Fuel Economy Dataset,https://www.fueleconomy.gov/feg/epadata/vehicles.csv,NHTSA Product Information Catalog (vehicle products API),https://api.nhtsa.gov/products/vehicle/models?modelYear=1998&make=AUDI&issueType=r,2026-07-15,"Non-contiguous confirmed model years reflect the verified records; gaps are preserved, not bridged.",2,2
Audi,e-tron,2019-2023,2019,2023,Discontinued,SUV/Crossover,United States,No,Added - Missing Model,Fully Verified,EPA FuelEconomy.gov Vehicle Fuel Economy Dataset,https://www.fueleconomy.gov/feg/epadata/vehicles.csv,NHTSA Product Information Catalog (vehicle products API),https://api.nhtsa.gov/products/vehicle/models?modelYear=2019&make=AUDI&issueType=r,2026-07-15,,2,2
Audi,e-tron GT,2022-2026,2022,2026,Active,Passenger Car,United States,No,Added - Missing Model,Fully Verified,EPA FuelEconomy.gov Vehicle Fuel Economy Dataset,https://www.fueleconomy.gov/feg/epadata/vehicles.csv,NHTSA Product Information Catalog (vehicle products API),https://api.nhtsa.gov/products/vehicle/models?modelYear=2022&make=AUDI&issueType=r,2026-07-15,,2,2
BMW,1 Series,2000-2013,2000,2013,Discontinued,Passenger Car,United States,No,Added - Missing Model,Fully Verified,EPA FuelEconomy.gov Vehicle Fuel Economy Dataset,https://www.fueleconomy.gov/feg/epadata/vehicles.csv,NHTSA Product Information Catalog (vehicle products API),https://api.nhtsa.gov/products/vehicle/models?modelYear=2000&make=BMW&issueType=r,2026-07-15,Official series-level canonical name; individual designations (e.g. 328i) map here.,2,2
BMW,2 Series,2003; 2014-2026,2003,2026,Active,Passenger Car,United States,No,Added - Missing Model,Fully Verified,EPA FuelEconomy.gov Vehicle Fuel Economy Dataset,https://www.fueleconomy.gov/feg/epadata/vehicles.csv,NHTSA Product Information Catalog (vehicle products API),https://api.nhtsa.gov/products/vehicle/models?modelYear=2003&make=BMW&issueType=r,2026-07-15,"Non-contiguous confirmed model years reflect the verified records; gaps are preserved, not bridged. Official series-level canonical name; individual designations (e.g. 328i) map here.",2,2
BMW,3 Series,1980-2026,1980,2026,Active,Passenger Car,United States,Yes,Original Source,Fully Verified,EPA FuelEconomy.gov Vehicle Fuel Economy Dataset,https://www.fueleconomy.gov/feg/epadata/vehicles.csv,NHTSA Product Information Catalog (vehicle products API),https://api.nhtsa.gov/products/vehicle/models?modelYear=1980&make=BMW&issueType=r,2026-07-15,"Non-contiguous confirmed model years reflect the verified records; gaps are preserved, not bridged. Official series-level canonical name; individual designations (e.g. 328i) map here. Model year(s) [1983] added in V3 from the official EPA 1980-1983 historical dataset.",2,3
BMW,4 Series,2014-2027,2014,2027,Active,Passenger Car,United States,Yes,Original Source,Fully Verified,EPA FuelEconomy.gov Vehicle Fuel Economy Dataset,https://www.fueleconomy.gov/feg/epadata/vehicles.csv,NHTSA Product Information Catalog (vehicle products API),https://api.nhtsa.gov/products/vehicle/models?modelYear=2014&make=BMW&issueType=r,2026-07-15,MY2027 record officially published in government data by the 2026-07-15 research cutoff. Official series-level canonical name; individual designations (e.g. 328i) map here.,2,2
BMW,5 Series,1980-2027,1980,2027,Active,Passenger Car,United States,Yes,Original Source,Fully Verified,EPA FuelEconomy.gov Vehicle Fuel Economy Dataset,https://www.fueleconomy.gov/feg/epadata/vehicles.csv,NHTSA Product Information Catalog (vehicle products API),https://api.nhtsa.gov/products/vehicle/models?modelYear=1980&make=BMW&issueType=r,2026-07-15,"MY2027 record officially published in government data by the 2026-07-15 research cutoff. Non-contiguous confirmed model years reflect the verified records; gaps are preserved, not bridged. Official series-level canonical name; individual designations (e.g. 328i) map here. Model year(s) [1981, 1982] added in V3 from the official EPA 1980-1983 historical dataset.",2,3
BMW,6 Series,1980-1989; 2004-2010; 2012-2019,1980,2019,Discontinued,Passenger Car,United States,No,Added - Missing Model,Fully Verified,EPA FuelEconomy.gov Vehicle Fuel Economy Dataset,https://www.fueleconomy.gov/feg/epadata/vehicles.csv,NHTSA Product Information Catalog (vehicle products API),https://api.nhtsa.gov/products/vehicle/models?modelYear=1983&make=BMW&issueType=r,2026-07-15,"Non-contiguous confirmed model years reflect the verified records; gaps are preserved, not bridged. Official series-level canonical name; individual designations (e.g. 328i) map here. Model year(s) [1980, 1981, 1982] added in V3 from the official EPA 1980-1983 historical dataset.",2,3
BMW,7 Series,1980-1982; 1984-2026,1980,2026,Active,Passenger Car,United States,No,Added - Missing Model,Fully Verified,EPA FuelEconomy.gov Vehicle Fuel Economy Dataset,https://www.fueleconomy.gov/feg/epadata/vehicles.csv,NHTSA Product Information Catalog (vehicle products API),https://api.nhtsa.gov/products/vehicle/models?modelYear=1984&make=BMW&issueType=r,2026-07-15,"Official series-level canonical name; individual designations (e.g. 328i) map here. Model year(s) [1980, 1981, 1982] added in V3 from the official EPA 1980-1983 historical dataset.",2,3
BMW,8 Series,1986-1987; 1991-1997; 2019-2026,1986,2026,Active,Passenger Car,United States,No,Added - Missing Model,Fully Verified,EPA FuelEconomy.gov Vehicle Fuel Economy Dataset,https://www.fueleconomy.gov/feg/epadata/vehicles.csv,NHTSA Product Information Catalog (vehicle products API),https://api.nhtsa.gov/products/vehicle/models?modelYear=1986&make=BMW&issueType=r,2026-07-15,"Non-contiguous confirmed model years reflect the verified records; gaps are preserved, not bridged. Official series-level canonical name; individual designations (e.g. 328i) map here.",2,2
BMW,Active E,2011,2011,2011,Discontinued,Passenger Car,United States,No,Added - Missing Model,Fully Verified,EPA FuelEconomy.gov Vehicle Fuel Economy Dataset,https://www.fueleconomy.gov/feg/epadata/vehicles.csv,NHTSA vPIC (VIN product data),https://vpic.nhtsa.dot.gov/api/vehicles/GetModelsForMake/BMW?format=json,2026-07-15,Upgraded to Fully Verified in V2: independently confirmed by NHTSA vPIC product data.,2,2
BMW,Alpina B6,2015-2019,2015,2019,Discontinued,Passenger Car,United States,No,Added - Missing Model,Government Verified,EPA FuelEconomy.gov Vehicle Fuel Economy Dataset,https://www.fueleconomy.gov/feg/epadata/vehicles.csv,,,2026-07-15,,1,1
BMW,Alpina B7,2003; 2011-2015; 2017-2022,2003,2022,Discontinued,Passenger Car,United States,No,Added - Missing Model,Fully Verified,EPA FuelEconomy.gov Vehicle Fuel Economy Dataset,https://www.fueleconomy.gov/feg/epadata/vehicles.csv,NHTSA vPIC (VIN product data),https://vpic.nhtsa.dot.gov/api/vehicles/GetModelsForMake/BMW?format=json,2026-07-15,"Non-contiguous confirmed model years reflect the verified records; gaps are preserved, not bridged. Upgraded to Fully Verified in V2: independently confirmed by NHTSA vPIC product data.",2,2
BMW,Alpina B8,2022-2025,2022,2025,Active,Passenger Car,United States,No,Added - Missing Model,Fully Verified,EPA FuelEconomy.gov Vehicle Fuel Economy Dataset,https://www.fueleconomy.gov/feg/epadata/vehicles.csv,NHTSA vPIC (VIN product data),https://vpic.nhtsa.dot.gov/api/vehicles/GetModelsForMake/BMW?format=json,2026-07-15,Upgraded to Fully Verified in V2: independently confirmed by NHTSA vPIC product data.,2,2
BMW,Alpina XB7,2021-2026,2021,2026,Active,SUV/Crossover,United States,No,Added - Missing Model,Government Verified,EPA FuelEconomy.gov Vehicle Fuel Economy Dataset,https://www.fueleconomy.gov/feg/epadata/vehicles.csv,,,2026-07-15,,1,1
BMW,M1,2011,2011,2011,Discontinued,Passenger Car,United States,No,Added - Missing Model,Government Verified,EPA FuelEconomy.gov Vehicle Fuel Economy Dataset,https://www.fueleconomy.gov/feg/epadata/vehicles.csv,,,2026-07-15,,1,1
BMW,M2,2016-2021; 2023-2026,2016,2026,Active,Passenger Car,United States,Yes,Original Source,Fully Verified,EPA FuelEconomy.gov Vehicle Fuel Economy Dataset,https://www.fueleconomy.gov/feg/epadata/vehicles.csv,NHTSA Product Information Catalog (vehicle products API),https://api.nhtsa.gov/products/vehicle/models?modelYear=2016&make=BMW&issueType=r,2026-07-15,"Non-contiguous confirmed model years reflect the verified records; gaps are preserved, not bridged.",2,2
BMW,M3,1988-1991; 1995-1999; 2001-2006; 2008-2013; 2015-2018; 2021-2027,1988,2027,Active,Passenger Car,United States,No,Added - Missing Model,Fully Verified,EPA FuelEconomy.gov Vehicle Fuel Economy Dataset,https://www.fueleconomy.gov/feg/epadata/vehicles.csv,NHTSA Product Information Catalog (vehicle products API),https://api.nhtsa.gov/products/vehicle/models?modelYear=1988&make=BMW&issueType=r,2026-07-15,"MY2027 record officially published in government data by the 2026-07-15 research cutoff. Non-contiguous confirmed model years reflect the verified records; gaps are preserved, not bridged.",2,2
BMW,M4,2015-2027,2015,2027,Active,Passenger Car,United States,Yes,Original Source,Fully Verified,EPA FuelEconomy.gov Vehicle Fuel Economy Dataset,https://www.fueleconomy.gov/feg/epadata/vehicles.csv,NHTSA Product Information Catalog (vehicle products API),https://api.nhtsa.gov/products/vehicle/models?modelYear=2015&make=BMW&issueType=r,2026-07-15,MY2027 record officially published in government data by the 2026-07-15 research cutoff.,2,2
BMW,M5,1991-1993; 2000-2003; 2006-2010; 2013-2016; 2018-2023; 2025-2026,1991,2026,Active,Passenger Car,United States,No,Added - Missing Model,Fully Verified,EPA FuelEconomy.gov Vehicle Fuel Economy Dataset,https://www.fueleconomy.gov/feg/epadata/vehicles.csv,NHTSA Product Information Catalog (vehicle products API),https://api.nhtsa.gov/products/vehicle/models?modelYear=1991&make=BMW&issueType=r,2026-07-15,"Non-contiguous confirmed model years reflect the verified records; gaps are preserved, not bridged.",2,2
BMW,M6,1988-1989; 2006-2010; 2012-2019,1988,2019,Discontinued,Passenger Car,United States,No,Added - Missing Model,Fully Verified,EPA FuelEconomy.gov Vehicle Fuel Economy Dataset,https://www.fueleconomy.gov/feg/epadata/vehicles.csv,NHTSA Product Information Catalog (vehicle products API),https://api.nhtsa.gov/products/vehicle/models?modelYear=1988&make=BMW&issueType=r,2026-07-15,"Non-contiguous confirmed model years reflect the verified records; gaps are preserved, not bridged.",2,2
BMW,M8,2020-2025,2020,2025,Active,Passenger Car,United States,No,Added - Missing Model,Fully Verified,EPA FuelEconomy.gov Vehicle Fuel Economy Dataset,https://www.fueleconomy.gov/feg/epadata/vehicles.csv,NHTSA Product Information Catalog (vehicle products API),https://api.nhtsa.gov/products/vehicle/models?modelYear=2020&make=BMW&issueType=r,2026-07-15,,2,2
BMW,X1,2013-2026,2013,2026,Active,Multiple Categories,United States,No,Added - Missing Model,Fully Verified,EPA FuelEconomy.gov Vehicle Fuel Economy Dataset,https://www.fueleconomy.gov/feg/epadata/vehicles.csv,NHTSA Product Information Catalog (vehicle products API),https://api.nhtsa.gov/products/vehicle/models?modelYear=2013&make=BMW&issueType=r,2026-07-15,,2,2
BMW,X2,2018-2026,2018,2026,Active,Multiple Categories,United States,No,Added - Missing Model,Fully Verified,EPA FuelEconomy.gov Vehicle Fuel Economy Dataset,https://www.fueleconomy.gov/feg/epadata/vehicles.csv,NHTSA Product Information Catalog (vehicle products API),https://api.nhtsa.gov/products/vehicle/models?modelYear=2018&make=BMW&issueType=r,2026-07-15,,2,2
BMW,X3,2004-2026,2004,2026,Active,SUV/Crossover,United States,Yes,Original Source,Fully Verified,EPA FuelEconomy.gov Vehicle Fuel Economy Dataset,https://www.fueleconomy.gov/feg/epadata/vehicles.csv,NHTSA Product Information Catalog (vehicle products API),https://api.nhtsa.gov/products/vehicle/models?modelYear=2004&make=BMW&issueType=r,2026-07-15,,2,2
BMW,X4,2015-2025,2015,2025,Active,SUV/Crossover,United States,No,Added - Missing Model,Fully Verified,EPA FuelEconomy.gov Vehicle Fuel Economy Dataset,https://www.fueleconomy.gov/feg/epadata/vehicles.csv,NHTSA Product Information Catalog (vehicle products API),https://api.nhtsa.gov/products/vehicle/models?modelYear=2015&make=BMW&issueType=r,2026-07-15,,2,2
BMW,X5,2000-2026,2000,2026,Active,SUV/Crossover,United States,Yes,Original Source,Fully Verified,EPA FuelEconomy.gov Vehicle Fuel Economy Dataset,https://www.fueleconomy.gov/feg/epadata/vehicles.csv,NHTSA Product Information Catalog (vehicle products API),https://api.nhtsa.gov/products/vehicle/models?modelYear=2000&make=BMW&issueType=r,2026-07-15,,2,2
BMW,X6,2006-2027,2006,2027,Active,SUV/Crossover,United States,No,Added - Missing Model,Fully Verified,EPA FuelEconomy.gov Vehicle Fuel Economy Dataset,https://www.fueleconomy.gov/feg/epadata/vehicles.csv,NHTSA Product Information Catalog (vehicle products API),https://api.nhtsa.gov/products/vehicle/models?modelYear=2006&make=BMW&issueType=r,2026-07-15,MY2027 record officially published in government data by the 2026-07-15 research cutoff.,2,2
BMW,X7,2019-2027,2019,2027,Active,SUV/Crossover,United States,No,Added - Missing Model,Fully Verified,EPA FuelEconomy.gov Vehicle Fuel Economy Dataset,https://www.fueleconomy.gov/feg/epadata/vehicles.csv,NHTSA Product Information Catalog (vehicle products API),https://api.nhtsa.gov/products/vehicle/models?modelYear=2019&make=BMW&issueType=r,2026-07-15,MY2027 record officially published in government data by the 2026-07-15 research cutoff.,2,2
BMW,XM,2023-2026,2023,2026,Active,SUV/Crossover,United States,No,Added - Missing Model,Fully Verified,EPA FuelEconomy.gov Vehicle Fuel Economy Dataset,https://www.fueleconomy.gov/feg/epadata/vehicles.csv,NHTSA Product Information Catalog (vehicle products API),https://api.nhtsa.gov/products/vehicle/models?modelYear=2023&make=BMW&issueType=r,2026-07-15,,2,2
BMW,Z3,1996-2003,1996,2003,Discontinued,Passenger Car,United States,No,Added - Missing Model,Fully Verified,EPA FuelEconomy.gov Vehicle Fuel Economy Dataset,https://www.fueleconomy.gov/feg/epadata/vehicles.csv,NHTSA Product Information Catalog (vehicle products API),https://api.nhtsa.gov/products/vehicle/models?modelYear=1996&make=BMW&issueType=r,2026-07-15,,2,2
BMW,Z4,2002-2016; 2019-2026,2002,2026,Active,Passenger Car,United States,Yes,Original Source,Fully Verified,EPA FuelEconomy.gov Vehicle Fuel Economy Dataset,https://www.fueleconomy.gov/feg/epadata/vehicles.csv,NHTSA Product Information Catalog (vehicle products API),https://api.nhtsa.gov/products/vehicle/models?modelYear=2002&make=BMW&issueType=r,2026-07-15,"Non-contiguous confirmed model years reflect the verified records; gaps are preserved, not bridged.",2,2
BMW,Z8,2000-2003,2000,2003,Discontinued,Passenger Car,United States,No,Added - Missing Model,Fully Verified,EPA FuelEconomy.gov Vehicle Fuel Economy Dataset,https://www.fueleconomy.gov/feg/epadata/vehicles.csv,NHTSA Product Information Catalog (vehicle products API),https://api.nhtsa.gov/products/vehicle/models?modelYear=2000&make=BMW&issueType=r,2026-07-15,,2,2
BMW,i3,2014-2021,2014,2021,Discontinued,Passenger Car,United States,No,Added - Missing Model,Fully Verified,EPA FuelEconomy.gov Vehicle Fuel Economy Dataset,https://www.fueleconomy.gov/feg/epadata/vehicles.csv,NHTSA Product Information Catalog (vehicle products API),https://api.nhtsa.gov/products/vehicle/models?modelYear=2014&make=BMW&issueType=r,2026-07-15,,2,2
BMW,i4,2022-2026,2022,2026,Active,Passenger Car,United States,No,Added - Missing Model,Fully Verified,EPA FuelEconomy.gov Vehicle Fuel Economy Dataset,https://www.fueleconomy.gov/feg/epadata/vehicles.csv,NHTSA Product Information Catalog (vehicle products API),https://api.nhtsa.gov/products/vehicle/models?modelYear=2022&make=BMW&issueType=r,2026-07-15,,2,2
BMW,i5,2024-2027,2024,2027,Active,Passenger Car,United States,No,Added - Missing Model,Fully Verified,EPA FuelEconomy.gov Vehicle Fuel Economy Dataset,https://www.fueleconomy.gov/feg/epadata/vehicles.csv,NHTSA Product Information Catalog (vehicle products API),https://api.nhtsa.gov/products/vehicle/models?modelYear=2024&make=BMW&issueType=r,2026-07-15,MY2027 record officially published in government data by the 2026-07-15 research cutoff.,2,2
BMW,i7,2023-2026,2023,2026,Active,Passenger Car,United States,No,Added - Missing Model,Fully Verified,EPA FuelEconomy.gov Vehicle Fuel Economy Dataset,https://www.fueleconomy.gov/feg/epadata/vehicles.csv,NHTSA Product Information Catalog (vehicle products API),https://api.nhtsa.gov/products/vehicle/models?modelYear=2023&make=BMW&issueType=r,2026-07-15,,2,2
BMW,i8,2014-2017; 2019-2020,2014,2020,Discontinued,Passenger Car,United States,No,Added - Missing Model,Fully Verified,EPA FuelEconomy.gov Vehicle Fuel Economy Dataset,https://www.fueleconomy.gov/feg/epadata/vehicles.csv,NHTSA Product Information Catalog (vehicle products API),https://api.nhtsa.gov/products/vehicle/models?modelYear=2014&make=BMW&issueType=r,2026-07-15,"Non-contiguous confirmed model years reflect the verified records; gaps are preserved, not bridged.",2,2
BMW,iX,2022-2026,2022,2026,Active,SUV/Crossover,United States,No,Added - Missing Model,Fully Verified,EPA FuelEconomy.gov Vehicle Fuel Economy Dataset,https://www.fueleconomy.gov/feg/epadata/vehicles.csv,NHTSA Product Information Catalog (vehicle products API),https://api.nhtsa.gov/products/vehicle/models?modelYear=2022&make=BMW&issueType=r,2026-07-15,,2,2
Bentley,Arnage,1999-2009,1999,2009,Discontinued,Passenger Car,United States,No,Added - Missing Make and Model,Fully Verified,EPA FuelEconomy.gov Vehicle Fuel Economy Dataset,https://www.fueleconomy.gov/feg/epadata/vehicles.csv,NHTSA Product Information Catalog (vehicle products API),https://api.nhtsa.gov/products/vehicle/models?modelYear=1999&make=BENTLEY&issueType=r,2026-07-15,,2,2
Bentley,Arnage LWB,2003-2007,2003,2007,Discontinued,Passenger Car,United States,No,Added - Missing Make and Model,Fully Verified,EPA FuelEconomy.gov Vehicle Fuel Economy Dataset,https://www.fueleconomy.gov/feg/epadata/vehicles.csv,NHTSA Product Information Catalog (vehicle products API),https://api.nhtsa.gov/products/vehicle/models?modelYear=2003&make=BENTLEY&issueType=r,2026-07-15,,2,2
Bentley,Arnage RL,2005; 2008-2009,2005,2009,Discontinued,Passenger Car,United States,No,Added - Missing Make and Model,Fully Verified,EPA FuelEconomy.gov Vehicle Fuel Economy Dataset,https://www.fueleconomy.gov/feg/epadata/vehicles.csv,NHTSA Product Information Catalog (vehicle products API),https://api.nhtsa.gov/products/vehicle/models?modelYear=2005&make=BENTLEY&issueType=r,2026-07-15,"Non-contiguous confirmed model years reflect the verified records; gaps are preserved, not bridged. V3: EPA historical 1980-83 dataset provides a second independent organization for this model.",2,2
Bentley,Azure,1998-2001; 2003; 2007-2010,1998,2010,Discontinued,Passenger Car,United States,No,Added - Missing Make and Model,Fully Verified,EPA FuelEconomy.gov Vehicle Fuel Economy Dataset,https://www.fueleconomy.gov/feg/epadata/vehicles.csv,NHTSA Product Information Catalog (vehicle products API),https://api.nhtsa.gov/products/vehicle/models?modelYear=1998&make=BENTLEY&issueType=r,2026-07-15,"Non-contiguous confirmed model years reflect the verified records; gaps are preserved, not bridged.",2,2
Bentley,Bentayga,2017-2027,2017,2027,Active,SUV/Crossover,United States,No,Added - Missing Make and Model,Fully Verified,EPA FuelEconomy.gov Vehicle Fuel Economy Dataset,https://www.fueleconomy.gov/feg/epadata/vehicles.csv,NHTSA Product Information Catalog (vehicle products API),https://api.nhtsa.gov/products/vehicle/models?modelYear=2017&make=BENTLEY&issueType=r,2026-07-15,MY2027 record officially published in government data by the 2026-07-15 research cutoff.,2,2
Bentley,Bentayga EWB,2023-2027,2023,2027,Active,SUV/Crossover,United States,No,Added - Missing Make and Model,Government Verified,EPA FuelEconomy.gov Vehicle Fuel Economy Dataset,https://www.fueleconomy.gov/feg/epadata/vehicles.csv,,,2026-07-15,MY2027 record officially published in government data by the 2026-07-15 research cutoff.,1,1
Bentley,Bentayga Speed,2021-2023,2021,2023,Discontinued,SUV/Crossover,United States,No,Added - Missing Make and Model,Fully Verified,EPA FuelEconomy.gov Vehicle Fuel Economy Dataset,https://www.fueleconomy.gov/feg/epadata/vehicles.csv,NHTSA Product Information Catalog (vehicle products API),https://api.nhtsa.gov/products/vehicle/models?modelYear=2021&make=BENTLEY&issueType=r,2026-07-15,V3: EPA historical 1980-83 dataset provides a second independent organization for this model.,2,2
Bentley,Brooklands,2009-2010,2009,2010,Discontinued,Passenger Car,United States,No,Added - Missing Make and Model,Fully Verified,EPA FuelEconomy.gov Vehicle Fuel Economy Dataset,https://www.fueleconomy.gov/feg/epadata/vehicles.csv,NHTSA vPIC (VIN product data),https://vpic.nhtsa.dot.gov/api/vehicles/GetModelsForMake/Bentley?format=json,2026-07-15,Upgraded to Fully Verified in V2: independently confirmed by NHTSA vPIC product data.,2,2
Bentley,Brooklands R,1998,1998,1998,Discontinued,Passenger Car,United States,No,Added - Missing Make and Model,Government Verified,EPA FuelEconomy.gov Vehicle Fuel Economy Dataset,https://www.fueleconomy.gov/feg/epadata/vehicles.csv,,,2026-07-15,,1,1
Bentley,Brooklands R Limo,1998-1999,1998,1999,Discontinued,Passenger Car,United States,No,Added - Missing Make and Model,Government Verified,EPA FuelEconomy.gov Vehicle Fuel Economy Dataset,https://www.fueleconomy.gov/feg/epadata/vehicles.csv,,,2026-07-15,,1,1
Bentley,Continental,2004-2010; 2012-2018; 2020-2026,2004,2026,Active,Passenger Car,United States,No,Added - Missing Make and Model,Fully Verified,EPA FuelEconomy.gov Vehicle Fuel Economy Dataset,https://www.fueleconomy.gov/feg/epadata/vehicles.csv,NHTSA Product Information Catalog (vehicle products API),https://api.nhtsa.gov/products/vehicle/models?modelYear=2004&make=BENTLEY&issueType=r,2026-07-15,"Non-contiguous confirmed model years reflect the verified records; gaps are preserved, not bridged.",2,2
Bentley,Continental Flying Spur,2006-2013; 2015,2006,2015,Discontinued,Passenger Car,United States,No,Added - Missing Make and Model,Fully Verified,EPA FuelEconomy.gov Vehicle Fuel Economy Dataset,https://www.fueleconomy.gov/feg/epadata/vehicles.csv,NHTSA Product Information Catalog (vehicle products API),https://api.nhtsa.gov/products/vehicle/models?modelYear=2006&make=BENTLEY&issueType=r,2026-07-15,"Non-contiguous confirmed model years reflect the verified records; gaps are preserved, not bridged.",2,2
Bentley,Continental GT Convertible Speed,2023,2023,2023,Discontinued,Passenger Car,United States,No,Added - Missing Make and Model,Government Verified,EPA FuelEconomy.gov Vehicle Fuel Economy Dataset,https://www.fueleconomy.gov/feg/epadata/vehicles.csv,,,2026-07-15,,1,1
Bentley,Continental GT Speed,2014-2015; 2018; 2022-2023; 2025,2014,2025,Active,Passenger Car,United States,No,Added - Missing Make and Model,Fully Verified,EPA FuelEconomy.gov Vehicle Fuel Economy Dataset,https://www.fueleconomy.gov/feg/epadata/vehicles.csv,NHTSA Product Information Catalog (vehicle products API),https://api.nhtsa.gov/products/vehicle/models?modelYear=2014&make=BENTLEY&issueType=r,2026-07-15,"Non-contiguous confirmed model years reflect the verified records; gaps are preserved, not bridged. V3: EPA historical 1980-83 dataset provides a second independent organization for this model.",2,2
Bentley,Continental GT V8,2015; 2018; 2021-2023,2015,2023,Discontinued,Passenger Car,United States,No,Added - Missing Make and Model,Fully Verified,EPA FuelEconomy.gov Vehicle Fuel Economy Dataset,https://www.fueleconomy.gov/feg/epadata/vehicles.csv,NHTSA Product Information Catalog (vehicle products API),https://api.nhtsa.gov/products/vehicle/models?modelYear=2015&make=BENTLEY&issueType=r,2026-07-15,"Non-contiguous confirmed model years reflect the verified records; gaps are preserved, not bridged. V3: EPA historical 1980-83 dataset provides a second independent organization for this model.",2,2
Bentley,Continental GT3-R,2015,2015,2015,Discontinued,Passenger Car,United States,No,Added - Missing Make and Model,Government Verified,EPA FuelEconomy.gov Vehicle Fuel Economy Dataset,https://www.fueleconomy.gov/feg/epadata/vehicles.csv,,,2026-07-15,,1,1
Bentley,Continental GTC,2007-2014; 2024-2026,2007,2026,Active,Passenger Car,United States,No,Added - Missing Make and Model,Fully Verified,EPA FuelEconomy.gov Vehicle Fuel Economy Dataset,https://www.fueleconomy.gov/feg/epadata/vehicles.csv,NHTSA Product Information Catalog (vehicle products API),https://api.nhtsa.gov/products/vehicle/models?modelYear=2007&make=BENTLEY&issueType=r,2026-07-15,"Non-contiguous confirmed model years reflect the verified records; gaps are preserved, not bridged.",2,2
Bentley,Continental GTC Speed,2025,2025,2025,Active,Passenger Car,United States,No,Added - Missing Make and Model,Government Verified,EPA FuelEconomy.gov Vehicle Fuel Economy Dataset,https://www.fueleconomy.gov/feg/epadata/vehicles.csv,,,2026-07-15,,1,1
Bentley,Continental R,1993; 1998-2001; 2003,1993,2003,Discontinued,Passenger Car,United States,No,Added - Missing Make and Model,Fully Verified,EPA FuelEconomy.gov Vehicle Fuel Economy Dataset,https://www.fueleconomy.gov/feg/epadata/vehicles.csv,NHTSA Product Information Catalog (vehicle products API),https://api.nhtsa.gov/products/vehicle/models?modelYear=1993&make=BENTLEY&issueType=r,2026-07-15,"Non-contiguous confirmed model years reflect the verified records; gaps are preserved, not bridged. V3: EPA historical 1980-83 dataset provides a second independent organization for this model.",2,2
Bentley,Continental SC,1998-2001,1998,2001,Discontinued,Passenger Car,United States,No,Added - Missing Make and Model,Government Verified,EPA FuelEconomy.gov Vehicle Fuel Economy Dataset,https://www.fueleconomy.gov/feg/epadata/vehicles.csv,,,2026-07-15,,1,1
Bentley,Continental Supersports,2010-2013; 2017-2018,2010,2018,Discontinued,Passenger Car,United States,No,Added - Missing Make and Model,Fully Verified,EPA FuelEconomy.gov Vehicle Fuel Economy Dataset,https://www.fueleconomy.gov/feg/epadata/vehicles.csv,NHTSA Product Information Catalog (vehicle products API),https://api.nhtsa.gov/products/vehicle/models?modelYear=2010&make=BENTLEY&issueType=r,2026-07-15,"Non-contiguous confirmed model years reflect the verified records; gaps are preserved, not bridged.",2,2
Bentley,Continental T,1998-2001; 2003,1998,2003,Discontinued,Passenger Car,United States,No,Added - Missing Make and Model,Government Verified,EPA FuelEconomy.gov Vehicle Fuel Economy Dataset,https://www.fueleconomy.gov/feg/epadata/vehicles.csv,,,2026-07-15,"Non-contiguous confirmed model years reflect the verified records; gaps are preserved, not bridged.",1,1
Bentley,Flying Spur,2014-2018; 2020-2026,2014,2026,Active,Passenger Car,United States,No,Added - Missing Make and Model,Fully Verified,EPA FuelEconomy.gov Vehicle Fuel Economy Dataset,https://www.fueleconomy.gov/feg/epadata/vehicles.csv,NHTSA vPIC (VIN product data),https://vpic.nhtsa.dot.gov/api/vehicles/GetModelsForMake/Bentley?format=json,2026-07-15,"Non-contiguous confirmed model years reflect the verified records; gaps are preserved, not bridged. Upgraded to Fully Verified in V2: independently confirmed by NHTSA vPIC product data.",2,2
Bentley,Flying Spur Speed,2025,2025,2025,Active,Passenger Car,United States,No,Added - Missing Make and Model,Government Verified,EPA FuelEconomy.gov Vehicle Fuel Economy Dataset,https://www.fueleconomy.gov/feg/epadata/vehicles.csv,,,2026-07-15,,1,1
Bentley,Mulsanne,2011-2020,2011,2020,Discontinued,Passenger Car,United States,No,Added - Missing Make and Model,Fully Verified,EPA FuelEconomy.gov Vehicle Fuel Economy Dataset,https://www.fueleconomy.gov/feg/epadata/vehicles.csv,NHTSA vPIC (VIN product data),https://vpic.nhtsa.dot.gov/api/vehicles/GetModelsForMake/Bentley?format=json,2026-07-15,Upgraded to Fully Verified in V2: independently confirmed by NHTSA vPIC product data.,2,2
Bentley,Mulsanne EWB,2017,2017,2017,Discontinued,Passenger Car,United States,No,Added - Missing Make and Model,Government Verified,EPA FuelEconomy.gov Vehicle Fuel Economy Dataset,https://www.fueleconomy.gov/feg/epadata/vehicles.csv,,,2026-07-15,,1,1
Bugatti,Chiron,2018-2023,2018,2023,Discontinued,Passenger Car,United States,No,Added - Missing Make and Model,Fully Verified,EPA FuelEconomy.gov Vehicle Fuel Economy Dataset,https://www.fueleconomy.gov/feg/epadata/vehicles.csv,NHTSA vPIC (VIN product data),https://vpic.nhtsa.dot.gov/api/vehicles/GetModelsForMake/Bugatti?format=json,2026-07-15,Upgraded to Fully Verified in V2: independently confirmed by NHTSA vPIC product data.,2,2
Bugatti,Chiron PUR Sport,2021-2023,2021,2023,Discontinued,Passenger Car,United States,No,Added - Missing Make and Model,Fully Verified,EPA FuelEconomy.gov Vehicle Fuel Economy Dataset,https://www.fueleconomy.gov/feg/epadata/vehicles.csv,NHTSA vPIC (VIN product data),https://vpic.nhtsa.dot.gov/api/vehicles/GetModelsForMake/Bugatti?format=json,2026-07-15,Upgraded to Fully Verified in V2: independently confirmed by NHTSA vPIC product data.,2,2
Bugatti,Chiron Super Sport,2022-2024,2022,2024,Discontinued,Passenger Car,United States,No,Added - Missing Make and Model,Fully Verified,EPA FuelEconomy.gov Vehicle Fuel Economy Dataset,https://www.fueleconomy.gov/feg/epadata/vehicles.csv,NHTSA vPIC (VIN product data),https://vpic.nhtsa.dot.gov/api/vehicles/GetModelsForMake/Bugatti?format=json,2026-07-15,Upgraded to Fully Verified in V2: independently confirmed by NHTSA vPIC product data.,2,2
Bugatti,Divo,2020,2020,2020,Discontinued,Passenger Car,United States,No,Added - Missing Make and Model,Government Verified,EPA FuelEconomy.gov Vehicle Fuel Economy Dataset,https://www.fueleconomy.gov/feg/epadata/vehicles.csv,,,2026-07-15,,1,1
Bugatti,Mistral,2025,2025,2025,Active,Passenger Car,United States,No,Added - Missing Make and Model,Fully Verified,EPA FuelEconomy.gov Vehicle Fuel Economy Dataset,https://www.fueleconomy.gov/feg/epadata/vehicles.csv,NHTSA vPIC (VIN product data),https://vpic.nhtsa.dot.gov/api/vehicles/GetModelsForMake/Bugatti?format=json,2026-07-15,Upgraded to Fully Verified in V2: independently confirmed by NHTSA vPIC product data.,2,2
Bugatti,Veyron,2006; 2008; 2010-2015,2006,2015,Discontinued,Passenger Car,United States,No,Added - Missing Make and Model,Fully Verified,EPA FuelEconomy.gov Vehicle Fuel Economy Dataset,https://www.fueleconomy.gov/feg/epadata/vehicles.csv,NHTSA vPIC (VIN product data),https://vpic.nhtsa.dot.gov/api/vehicles/GetModelsForMake/Bugatti?format=json,2026-07-15,"Non-contiguous confirmed model years reflect the verified records; gaps are preserved, not bridged. Upgraded to Fully Verified in V2: independently confirmed by NHTSA vPIC product data.",2,2
Buick,Allure,2005-2010,2005,2010,Discontinued,Passenger Car,United States,No,Added - Missing Model,Fully Verified,EPA FuelEconomy.gov Vehicle Fuel Economy Dataset,https://www.fueleconomy.gov/feg/epadata/vehicles.csv,NHTSA Product Information Catalog (vehicle products API),https://api.nhtsa.gov/products/vehicle/models?modelYear=2005&make=BUICK&issueType=r,2026-07-15,,2,2
Buick,Cascada,2016-2019,2016,2019,Discontinued,Passenger Car,United States,No,Added - Missing Model,Fully Verified,EPA FuelEconomy.gov Vehicle Fuel Economy Dataset,https://www.fueleconomy.gov/feg/epadata/vehicles.csv,NHTSA Product Information Catalog (vehicle products API),https://api.nhtsa.gov/products/vehicle/models?modelYear=2016&make=BUICK&issueType=r,2026-07-15,,2,2
Buick,Century,1980-2005,1980,2005,Discontinued,Passenger Car,United States,No,Added - Missing Model,Fully Verified,EPA FuelEconomy.gov Vehicle Fuel Economy Dataset,https://www.fueleconomy.gov/feg/epadata/vehicles.csv,NHTSA Product Information Catalog (vehicle products API),https://api.nhtsa.gov/products/vehicle/models?modelYear=1981&make=BUICK&issueType=r,2026-07-15,Model year(s) [1980] added in V3 from the official EPA 1980-1983 historical dataset.,2,3
Buick,Century Estate,1984,1984,1984,Discontinued,Passenger Car,United States,No,Added - Missing Model,Government Verified,EPA FuelEconomy.gov Vehicle Fuel Economy Dataset,https://www.fueleconomy.gov/feg/epadata/vehicles.csv,,,2026-07-15,,1,1
Buick,Coachbuilder,1990-1995,1990,1995,Discontinued,SUV/Crossover,United States,No,Added - Missing Model,Government Verified,EPA FuelEconomy.gov Vehicle Fuel Economy Dataset,https://www.fueleconomy.gov/feg/epadata/vehicles.csv,,,2026-07-15,,1,1
Buick,Electra,1980-1990,1980,1990,Discontinued,Passenger Car,United States,No,Added - Missing Model,Fully Verified,EPA FuelEconomy.gov Vehicle Fuel Economy Dataset,https://www.fueleconomy.gov/feg/epadata/vehicles.csv,NHTSA Product Information Catalog (vehicle products API),https://api.nhtsa.gov/products/vehicle/models?modelYear=1983&make=BUICK&issueType=r,2026-07-15,"Model year(s) [1980, 1981, 1982] added in V3 from the official EPA 1980-1983 historical dataset.",2,3
Buick,Electra Estate,1981-1984,1981,1984,Discontinued,Passenger Car,United States,No,Added - Missing Model,Government Verified,EPA FuelEconomy.gov Vehicle Fuel Economy Dataset,https://www.fueleconomy.gov/feg/epadata/vehicles.csv,,,2026-07-15,"Model year(s) [1981, 1982, 1983] added in V3 from the official EPA 1980-1983 historical dataset.",1,2
Buick,Enclave,2008-2026,2008,2026,Active,SUV/Crossover,United States,Yes,Original Source,Fully Verified,EPA FuelEconomy.gov Vehicle Fuel Economy Dataset,https://www.fueleconomy.gov/feg/epadata/vehicles.csv,NHTSA Product Information Catalog (vehicle products API),https://api.nhtsa.gov/products/vehicle/models?modelYear=2008&make=BUICK&issueType=r,2026-07-15,,2,2
Buick,Encore,2013-2022,2013,2022,Discontinued,SUV/Crossover,United States,No,Added - Missing Model,Fully Verified,EPA FuelEconomy.gov Vehicle Fuel Economy Dataset,https://www.fueleconomy.gov/feg/epadata/vehicles.csv,NHTSA Product Information Catalog (vehicle products API),https://api.nhtsa.gov/products/vehicle/models?modelYear=2013&make=BUICK&issueType=r,2026-07-15,,2,2
Buick,Encore GX,2020-2026,2020,2026,Active,SUV/Crossover,United States,No,Added - Missing Model,Fully Verified,EPA FuelEconomy.gov Vehicle Fuel Economy Dataset,https://www.fueleconomy.gov/feg/epadata/vehicles.csv,NHTSA Product Information Catalog (vehicle products API),https://api.nhtsa.gov/products/vehicle/models?modelYear=2020&make=BUICK&issueType=r,2026-07-15,,2,2
Buick,Envision,2016-2026,2016,2026,Active,SUV/Crossover,United States,No,Added - Missing Model,Fully Verified,EPA FuelEconomy.gov Vehicle Fuel Economy Dataset,https://www.fueleconomy.gov/feg/epadata/vehicles.csv,NHTSA Product Information Catalog (vehicle products API),https://api.nhtsa.gov/products/vehicle/models?modelYear=2016&make=BUICK&issueType=r,2026-07-15,,2,2
Buick,Envista,2024-2026,2024,2026,Active,Passenger Car,United States,No,Added - Missing Model,Fully Verified,EPA FuelEconomy.gov Vehicle Fuel Economy Dataset,https://www.fueleconomy.gov/feg/epadata/vehicles.csv,NHTSA Product Information Catalog (vehicle products API),https://api.nhtsa.gov/products/vehicle/models?modelYear=2024&make=BUICK&issueType=r,2026-07-15,,2,2
Buick,Estate,1980; 1986; 1990; 1993-1994,1980,1994,Discontinued,Passenger Car,United States,No,Added - Missing Model,Fully Verified,EPA FuelEconomy.gov Vehicle Fuel Economy Dataset,https://www.fueleconomy.gov/feg/epadata/vehicles.csv,NHTSA Product Information Catalog (vehicle products API),https://api.nhtsa.gov/products/vehicle/models?modelYear=1986&make=BUICK&issueType=r,2026-07-15,"Non-contiguous confirmed model years reflect the verified records; gaps are preserved, not bridged. Model year(s) [1980] added in V3 from the official EPA 1980-1983 historical dataset.",2,3
Buick,LaCrosse,2005-2019,2005,2019,Discontinued,Passenger Car,United States,Yes,Original Source,Fully Verified,EPA FuelEconomy.gov Vehicle Fuel Economy Dataset,https://www.fueleconomy.gov/feg/epadata/vehicles.csv,NHTSA Product Information Catalog (vehicle products API),https://api.nhtsa.gov/products/vehicle/models?modelYear=2005&make=BUICK&issueType=r,2026-07-15,,2,2
Buick,LaCrosse Eassist,2012-2016; 2018-2019,2012,2019,Discontinued,Passenger Car,United States,No,Added - Missing Model,Fully Verified,EPA FuelEconomy.gov Vehicle Fuel Economy Dataset,https://www.fueleconomy.gov/feg/epadata/vehicles.csv,NHTSA Product Information Catalog (vehicle products API),https://api.nhtsa.gov/products/vehicle/models?modelYear=2012&make=BUICK&issueType=r,2026-07-15,"Non-contiguous confirmed model years reflect the verified records; gaps are preserved, not bridged.",2,2
Buick,LeSabre,1980-2006,1980,2006,Discontinued,Passenger Car,United States,No,Added - Missing Model,Fully Verified,EPA FuelEconomy.gov Vehicle Fuel Economy Dataset,https://www.fueleconomy.gov/feg/epadata/vehicles.csv,NHTSA Product Information Catalog (vehicle products API),https://api.nhtsa.gov/products/vehicle/models?modelYear=1982&make=BUICK&issueType=r,2026-07-15,"Model year(s) [1980, 1981] added in V3 from the official EPA 1980-1983 historical dataset.",2,3
Buick,Lucerne,2006-2011,2006,2011,Discontinued,Passenger Car,United States,No,Added - Missing Model,Fully Verified,EPA FuelEconomy.gov Vehicle Fuel Economy Dataset,https://www.fueleconomy.gov/feg/epadata/vehicles.csv,NHTSA Product Information Catalog (vehicle products API),https://api.nhtsa.gov/products/vehicle/models?modelYear=2006&make=BUICK&issueType=r,2026-07-15,,2,2
Buick,Park Avenue,1984-2005,1984,2005,Discontinued,Passenger Car,United States,No,Added - Missing Model,Fully Verified,EPA FuelEconomy.gov Vehicle Fuel Economy Dataset,https://www.fueleconomy.gov/feg/epadata/vehicles.csv,NHTSA Product Information Catalog (vehicle products API),https://api.nhtsa.gov/products/vehicle/models?modelYear=1984&make=BUICK&issueType=r,2026-07-15,,2,2
Buick,Rainier,2003-2007,2003,2007,Discontinued,SUV/Crossover,United States,Yes,Original Source,Fully Verified,EPA FuelEconomy.gov Vehicle Fuel Economy Dataset,https://www.fueleconomy.gov/feg/epadata/vehicles.csv,NHTSA Product Information Catalog (vehicle products API),https://api.nhtsa.gov/products/vehicle/models?modelYear=2003&make=BUICK&issueType=r,2026-07-15,,2,2
Buick,Reatta,1988-1991; 1993,1988,1993,Discontinued,Passenger Car,United States,No,Added - Missing Model,Fully Verified,EPA FuelEconomy.gov Vehicle Fuel Economy Dataset,https://www.fueleconomy.gov/feg/epadata/vehicles.csv,NHTSA Product Information Catalog (vehicle products API),https://api.nhtsa.gov/products/vehicle/models?modelYear=1988&make=BUICK&issueType=r,2026-07-15,"Non-contiguous confirmed model years reflect the verified records; gaps are preserved, not bridged.",2,2
Buick,Regal,1980-2005; 2008-2020,1980,2020,Discontinued,Passenger Car,United States,Yes,Original Source,Fully Verified,EPA FuelEconomy.gov Vehicle Fuel Economy Dataset,https://www.fueleconomy.gov/feg/epadata/vehicles.csv,NHTSA Product Information Catalog (vehicle products API),https://api.nhtsa.gov/products/vehicle/models?modelYear=1982&make=BUICK&issueType=r,2026-07-15,"Non-contiguous confirmed model years reflect the verified records; gaps are preserved, not bridged. Model year(s) [1980, 1981] added in V3 from the official EPA 1980-1983 historical dataset.",2,3
Buick,Regal Eassist,2012-2016,2012,2016,Discontinued,Passenger Car,United States,No,Added - Missing Model,Fully Verified,EPA FuelEconomy.gov Vehicle Fuel Economy Dataset,https://www.fueleconomy.gov/feg/epadata/vehicles.csv,NHTSA Product Information Catalog (vehicle products API),https://api.nhtsa.gov/products/vehicle/models?modelYear=2012&make=BUICK&issueType=r,2026-07-15,,2,2
Buick,Regal Tourx,2018-2020,2018,2020,Discontinued,Passenger Car,United States,No,Added - Missing Model,Fully Verified,EPA FuelEconomy.gov Vehicle Fuel Economy Dataset,https://www.fueleconomy.gov/feg/epadata/vehicles.csv,NHTSA Product Information Catalog (vehicle products API),https://api.nhtsa.gov/products/vehicle/models?modelYear=2018&make=BUICK&issueType=r,2026-07-15,,2,2
Buick,Rendezvous,2001-2007,2001,2007,Discontinued,SUV/Crossover,United States,No,Added - Missing Model,Fully Verified,EPA FuelEconomy.gov Vehicle Fuel Economy Dataset,https://www.fueleconomy.gov/feg/epadata/vehicles.csv,NHTSA Product Information Catalog (vehicle products API),https://api.nhtsa.gov/products/vehicle/models?modelYear=2001&make=BUICK&issueType=r,2026-07-15,,2,2
Buick,Riviera,1980-1993; 1995-1999,1980,1999,Discontinued,Passenger Car,United States,No,Added - Missing Model,Fully Verified,EPA FuelEconomy.gov Vehicle Fuel Economy Dataset,https://www.fueleconomy.gov/feg/epadata/vehicles.csv,NHTSA Product Information Catalog (vehicle products API),https://api.nhtsa.gov/products/vehicle/models?modelYear=1982&make=BUICK&issueType=r,2026-07-15,"Non-contiguous confirmed model years reflect the verified records; gaps are preserved, not bridged. Model year(s) [1980, 1981] added in V3 from the official EPA 1980-1983 historical dataset.",2,3
Buick,Roadmaster,1989; 1991-1996; 1999,1989,1999,Discontinued,Passenger Car,United States,No,Added - Missing Model,Fully Verified,EPA FuelEconomy.gov Vehicle Fuel Economy Dataset,https://www.fueleconomy.gov/feg/epadata/vehicles.csv,NHTSA Product Information Catalog (vehicle products API),https://api.nhtsa.gov/products/vehicle/models?modelYear=1989&make=BUICK&issueType=r,2026-07-15,"Non-contiguous confirmed model years reflect the verified records; gaps are preserved, not bridged.",2,2
Buick,Skyhawk,1980; 1982-1989; 1991-1993,1980,1993,Discontinued,Passenger Car,United States,No,Added - Missing Model,Fully Verified,EPA FuelEconomy.gov Vehicle Fuel Economy Dataset,https://www.fueleconomy.gov/feg/epadata/vehicles.csv,NHTSA Product Information Catalog (vehicle products API),https://api.nhtsa.gov/products/vehicle/models?modelYear=1983&make=BUICK&issueType=r,2026-07-15,"Non-contiguous confirmed model years reflect the verified records; gaps are preserved, not bridged. Model year(s) [1980, 1982] added in V3 from the official EPA 1980-1983 historical dataset.",2,3
Buick,Skylark,1980-1998; 2000,1980,2000,Discontinued,Passenger Car,United States,No,Added - Missing Model,Fully Verified,EPA FuelEconomy.gov Vehicle Fuel Economy Dataset,https://www.fueleconomy.gov/feg/epadata/vehicles.csv,NHTSA Product Information Catalog (vehicle products API),https://api.nhtsa.gov/products/vehicle/models?modelYear=1981&make=BUICK&issueType=r,2026-07-15,"Non-contiguous confirmed model years reflect the verified records; gaps are preserved, not bridged. Model year(s) [1980] added in V3 from the official EPA 1980-1983 historical dataset.",2,3
Buick,Somerset,1985-1987,1985,1987,Discontinued,Passenger Car,United States,No,Added - Missing Model,Fully Verified,EPA FuelEconomy.gov Vehicle Fuel Economy Dataset,https://www.fueleconomy.gov/feg/epadata/vehicles.csv,NHTSA Product Information Catalog (vehicle products API),https://api.nhtsa.gov/products/vehicle/models?modelYear=1985&make=BUICK&issueType=r,2026-07-15,,2,2
Buick,Somerset Regal,1985,1985,1985,Discontinued,Passenger Car,United States,No,Added - Missing Model,Government Verified,EPA FuelEconomy.gov Vehicle Fuel Economy Dataset,https://www.fueleconomy.gov/feg/epadata/vehicles.csv,,,2026-07-15,,1,1
Buick,Terraza,2005-2008,2005,2008,Discontinued,Minivan,United States,No,Added - Missing Model,Fully Verified,EPA FuelEconomy.gov Vehicle Fuel Economy Dataset,https://www.fueleconomy.gov/feg/epadata/vehicles.csv,NHTSA Product Information Catalog (vehicle products API),https://api.nhtsa.gov/products/vehicle/models?modelYear=2005&make=BUICK&issueType=r,2026-07-15,,2,2
Buick,Verano,2012-2017,2012,2017,Discontinued,Passenger Car,United States,No,Added - Missing Model,Fully Verified,EPA FuelEconomy.gov Vehicle Fuel Economy Dataset,https://www.fueleconomy.gov/feg/epadata/vehicles.csv,NHTSA Product Information Catalog (vehicle products API),https://api.nhtsa.gov/products/vehicle/models?modelYear=2012&make=BUICK&issueType=r,2026-07-15,,2,2
Cadillac,60 Special,1993,1993,1993,Discontinued,Passenger Car,United States,No,Added - Missing Model,Fully Verified,EPA FuelEconomy.gov Vehicle Fuel Economy Dataset,https://www.fueleconomy.gov/feg/epadata/vehicles.csv,NHTSA vPIC (VIN product data),https://vpic.nhtsa.dot.gov/api/vehicles/GetModelsForMake/Cadillac?format=json,2026-07-15,Upgraded to Fully Verified in V2: independently confirmed by NHTSA vPIC product data.,2,2
Cadillac,ATS,2013-2019,2013,2019,Discontinued,Passenger Car,United States,Yes,Original Source,Fully Verified,EPA FuelEconomy.gov Vehicle Fuel Economy Dataset,https://www.fueleconomy.gov/feg/epadata/vehicles.csv,NHTSA Product Information Catalog (vehicle products API),https://api.nhtsa.gov/products/vehicle/models?modelYear=2013&make=CADILLAC&issueType=r,2026-07-15,,2,2
Cadillac,ATS-V,2016-2019,2016,2019,Discontinued,Passenger Car,United States,No,Added - Missing Model,Fully Verified,EPA FuelEconomy.gov Vehicle Fuel Economy Dataset,https://www.fueleconomy.gov/feg/epadata/vehicles.csv,NHTSA Product Information Catalog (vehicle products API),https://api.nhtsa.gov/products/vehicle/models?modelYear=2016&make=CADILLAC&issueType=r,2026-07-15,,2,2
Cadillac,Allante,1987-1993; 1995,1987,1995,Discontinued,Passenger Car,United States,No,Added - Missing Model,Fully Verified,EPA FuelEconomy.gov Vehicle Fuel Economy Dataset,https://www.fueleconomy.gov/feg/epadata/vehicles.csv,NHTSA Product Information Catalog (vehicle products API),https://api.nhtsa.gov/products/vehicle/models?modelYear=1987&make=CADILLAC&issueType=r,2026-07-15,"Non-contiguous confirmed model years reflect the verified records; gaps are preserved, not bridged.",2,2
Cadillac,Armored DTS,2006,2006,2006,Discontinued,Passenger Car,United States,No,Added - Missing Model,Government Verified,EPA FuelEconomy.gov Vehicle Fuel Economy Dataset,https://www.fueleconomy.gov/feg/epadata/vehicles.csv,,,2026-07-15,,1,1
Cadillac,Armored DeVille,2004-2005,2004,2005,Discontinued,Passenger Car,United States,No,Added - Missing Model,Government Verified,EPA FuelEconomy.gov Vehicle Fuel Economy Dataset,https://www.fueleconomy.gov/feg/epadata/vehicles.csv,,,2026-07-15,,1,1
Cadillac,Brougham,1980-1996,1980,1996,Discontinued,Passenger Car,United States,No,Added - Missing Model,Fully Verified,EPA FuelEconomy.gov Vehicle Fuel Economy Dataset,https://www.fueleconomy.gov/feg/epadata/vehicles.csv,NHTSA Product Information Catalog (vehicle products API),https://api.nhtsa.gov/products/vehicle/models?modelYear=1984&make=CADILLAC&issueType=r,2026-07-15,"Model year(s) [1980, 1981, 1982, 1983] added in V3 from the official EPA 1980-1983 historical dataset.",2,3
Cadillac,CELESTIQ,2025-2026,2025,2026,Active,Passenger Car,United States,No,Added - Missing Model,Fully Verified,EPA FuelEconomy.gov Vehicle Fuel Economy Dataset,https://www.fueleconomy.gov/feg/epadata/vehicles.csv,NHTSA vPIC (VIN product data),https://vpic.nhtsa.dot.gov/api/vehicles/GetModelsForMake/Cadillac?format=json,2026-07-15,Upgraded to Fully Verified in V2: independently confirmed by NHTSA vPIC product data.,2,2
Cadillac,CT4,2020-2026,2020,2026,Active,Passenger Car,United States,No,Added - Missing Model,Fully Verified,EPA FuelEconomy.gov Vehicle Fuel Economy Dataset,https://www.fueleconomy.gov/feg/epadata/vehicles.csv,NHTSA Product Information Catalog (vehicle products API),https://api.nhtsa.gov/products/vehicle/models?modelYear=2020&make=CADILLAC&issueType=r,2026-07-15,,2,2
Cadillac,CT4 V,2020-2026,2020,2026,Active,Passenger Car,United States,No,Added - Missing Model,Government Verified,EPA FuelEconomy.gov Vehicle Fuel Economy Dataset,https://www.fueleconomy.gov/feg/epadata/vehicles.csv,,,2026-07-15,,1,1
Cadillac,CT5,2020-2026,2020,2026,Active,Passenger Car,United States,No,Added - Missing Model,Fully Verified,EPA FuelEconomy.gov Vehicle Fuel Economy Dataset,https://www.fueleconomy.gov/feg/epadata/vehicles.csv,NHTSA Product Information Catalog (vehicle products API),https://api.nhtsa.gov/products/vehicle/models?modelYear=2020&make=CADILLAC&issueType=r,2026-07-15,,2,2
Cadillac,CT5 V,2020-2026,2020,2026,Active,Passenger Car,United States,No,Added - Missing Model,Government Verified,EPA FuelEconomy.gov Vehicle Fuel Economy Dataset,https://www.fueleconomy.gov/feg/epadata/vehicles.csv,,,2026-07-15,,1,1
Cadillac,CT6,2016-2020,2016,2020,Discontinued,Passenger Car,United States,No,Added - Missing Model,Fully Verified,EPA FuelEconomy.gov Vehicle Fuel Economy Dataset,https://www.fueleconomy.gov/feg/epadata/vehicles.csv,NHTSA Product Information Catalog (vehicle products API),https://api.nhtsa.gov/products/vehicle/models?modelYear=2016&make=CADILLAC&issueType=r,2026-07-15,,2,2
Cadillac,CTS,2003-2019,2003,2019,Discontinued,Passenger Car,United States,Yes,Original Source,Fully Verified,EPA FuelEconomy.gov Vehicle Fuel Economy Dataset,https://www.fueleconomy.gov/feg/epadata/vehicles.csv,NHTSA Product Information Catalog (vehicle products API),https://api.nhtsa.gov/products/vehicle/models?modelYear=2003&make=CADILLAC&issueType=r,2026-07-15,,2,2
Cadillac,CTS V,2004-2007; 2010; 2014-2019,2004,2019,Discontinued,Passenger Car,United States,No,Added - Missing Model,Government Verified,EPA FuelEconomy.gov Vehicle Fuel Economy Dataset,https://www.fueleconomy.gov/feg/epadata/vehicles.csv,,,2026-07-15,,1,1
Cadillac,Catera,1997-2002,1997,2002,Discontinued,Passenger Car,United States,No,Added - Missing Model,Fully Verified,EPA FuelEconomy.gov Vehicle Fuel Economy Dataset,https://www.fueleconomy.gov/feg/epadata/vehicles.csv,NHTSA Product Information Catalog (vehicle products API),https://api.nhtsa.gov/products/vehicle/models?modelYear=1997&make=CADILLAC&issueType=r,2026-07-15,,2,2
Cadillac,Cimarron,1982-1988,1982,1988,Discontinued,Passenger Car,United States,No,Added - Missing Model,Fully Verified,EPA FuelEconomy.gov Vehicle Fuel Economy Dataset,https://www.fueleconomy.gov/feg/epadata/vehicles.csv,NHTSA Product Information Catalog (vehicle products API),https://api.nhtsa.gov/products/vehicle/models?modelYear=1984&make=CADILLAC&issueType=r,2026-07-15,"Model year(s) [1982, 1983] added in V3 from the official EPA 1980-1983 historical dataset.",2,3
Cadillac,Concourse,1994-1995,1994,1995,Discontinued,Passenger Car,United States,No,Added - Missing Model,Government Verified,EPA FuelEconomy.gov Vehicle Fuel Economy Dataset,https://www.fueleconomy.gov/feg/epadata/vehicles.csv,,,2026-07-15,,1,1
Cadillac,DTS,2006-2011,2006,2011,Discontinued,Passenger Car,United States,Yes,Original Source,Fully Verified,EPA FuelEconomy.gov Vehicle Fuel Economy Dataset,https://www.fueleconomy.gov/feg/epadata/vehicles.csv,NHTSA Product Information Catalog (vehicle products API),https://api.nhtsa.gov/products/vehicle/models?modelYear=2006&make=CADILLAC&issueType=r,2026-07-15,,2,2
Cadillac,DeVille,1980-2005,1980,2005,Discontinued,Passenger Car,United States,No,Added - Missing Model,Fully Verified,EPA FuelEconomy.gov Vehicle Fuel Economy Dataset,https://www.fueleconomy.gov/feg/epadata/vehicles.csv,NHTSA Product Information Catalog (vehicle products API),https://api.nhtsa.gov/products/vehicle/models?modelYear=1981&make=CADILLAC&issueType=r,2026-07-15,Model year(s) [1980] added in V3 from the official EPA 1980-1983 historical dataset.,2,3
Cadillac,ELR,2014-2016,2014,2016,Discontinued,Passenger Car,United States,No,Added - Missing Model,Fully Verified,EPA FuelEconomy.gov Vehicle Fuel Economy Dataset,https://www.fueleconomy.gov/feg/epadata/vehicles.csv,NHTSA Product Information Catalog (vehicle products API),https://api.nhtsa.gov/products/vehicle/models?modelYear=2014&make=CADILLAC&issueType=r,2026-07-15,,2,2
Cadillac,ELR Sport,2016,2016,2016,Discontinued,Passenger Car,United States,No,Added - Missing Model,Government Verified,EPA FuelEconomy.gov Vehicle Fuel Economy Dataset,https://www.fueleconomy.gov/feg/epadata/vehicles.csv,,,2026-07-15,,1,1
Cadillac,Eldorado,1980-2002,1980,2002,Discontinued,Passenger Car,United States,No,Added - Missing Model,Fully Verified,EPA FuelEconomy.gov Vehicle Fuel Economy Dataset,https://www.fueleconomy.gov/feg/epadata/vehicles.csv,NHTSA Product Information Catalog (vehicle products API),https://api.nhtsa.gov/products/vehicle/models?modelYear=1981&make=CADILLAC&issueType=r,2026-07-15,Model year(s) [1980] added in V3 from the official EPA 1980-1983 historical dataset.,2,3
Cadillac,Escalade,1999-2026,1999,2026,Active,SUV/Crossover,United States,Yes,Original Source,Fully Verified,EPA FuelEconomy.gov Vehicle Fuel Economy Dataset,https://www.fueleconomy.gov/feg/epadata/vehicles.csv,NHTSA Product Information Catalog (vehicle products API),https://api.nhtsa.gov/products/vehicle/models?modelYear=1999&make=CADILLAC&issueType=r,2026-07-15,,2,2
Cadillac,Escalade ESV,2003-2026,2003,2026,Active,SUV/Crossover,United States,No,Added - Missing Model,Fully Verified,EPA FuelEconomy.gov Vehicle Fuel Economy Dataset,https://www.fueleconomy.gov/feg/epadata/vehicles.csv,NHTSA Product Information Catalog (vehicle products API),https://api.nhtsa.gov/products/vehicle/models?modelYear=2003&make=CADILLAC&issueType=r,2026-07-15,,2,2
Cadillac,Escalade EXT,2002-2013,2002,2013,Discontinued,SUV/Crossover,United States,No,Added - Missing Model,Fully Verified,EPA FuelEconomy.gov Vehicle Fuel Economy Dataset,https://www.fueleconomy.gov/feg/epadata/vehicles.csv,NHTSA Product Information Catalog (vehicle products API),https://api.nhtsa.gov/products/vehicle/models?modelYear=2002&make=CADILLAC&issueType=r,2026-07-15,,2,2
Cadillac,Escalade IQ,2025,2025,2025,Active,SUV/Crossover,United States,No,Added - Missing Model,Government Verified,NHTSA Product Information Catalog (vehicle products API),https://api.nhtsa.gov/products/vehicle/models?modelYear=2025&make=CADILLAC&issueType=r,NHTSA vPIC (VIN product data),https://vpic.nhtsa.dot.gov/api/vehicles/GetModelsForMake/Cadillac?format=json,2026-07-15,"Upgraded to Fully Verified in V2: independently confirmed by NHTSA vPIC product data. V3 source-status correction: confirmation came from two NHTSA datasets (Recall + vPIC), which is cross-dataset confirmation within one organization, not independent multi-source verification.",1,2
Cadillac,Escalade IQL,2026,2026,2026,Active,SUV/Crossover,United States,No,Added - Missing Model,Government Verified,NHTSA Product Information Catalog (vehicle products API),https://api.nhtsa.gov/products/vehicle/models?modelYear=2026&make=CADILLAC&issueType=r,NHTSA vPIC (VIN product data),https://vpic.nhtsa.dot.gov/api/vehicles/GetModelsForMake/Cadillac?format=json,2026-07-15,"Upgraded to Fully Verified in V2: independently confirmed by NHTSA vPIC product data. V3 source-status correction: confirmation came from two NHTSA datasets (Recall + vPIC), which is cross-dataset confirmation within one organization, not independent multi-source verification.",1,2
Cadillac,Escalade V,2023-2026,2023,2026,Active,SUV/Crossover,United States,No,Added - Missing Model,Government Verified,EPA FuelEconomy.gov Vehicle Fuel Economy Dataset,https://www.fueleconomy.gov/feg/epadata/vehicles.csv,,,2026-07-15,,1,1
Cadillac,Fleetwood,1981; 1983-1996; 1998,1981,1998,Discontinued,Passenger Car,United States,No,Added - Missing Model,Fully Verified,EPA FuelEconomy.gov Vehicle Fuel Economy Dataset,https://www.fueleconomy.gov/feg/epadata/vehicles.csv,NHTSA Product Information Catalog (vehicle products API),https://api.nhtsa.gov/products/vehicle/models?modelYear=1981&make=CADILLAC&issueType=r,2026-07-15,"Non-contiguous confirmed model years reflect the verified records; gaps are preserved, not bridged.",2,2
Cadillac,LYRIQ,2023-2026,2023,2026,Active,SUV/Crossover,United States,No,Added - Missing Model,Fully Verified,EPA FuelEconomy.gov Vehicle Fuel Economy Dataset,https://www.fueleconomy.gov/feg/epadata/vehicles.csv,NHTSA Product Information Catalog (vehicle products API),https://api.nhtsa.gov/products/vehicle/models?modelYear=2023&make=CADILLAC&issueType=r,2026-07-15,,2,2
Cadillac,LYRIQ Pawd,2026,2026,2026,Active,SUV/Crossover,United States,No,Added - Missing Model,Government Verified,EPA FuelEconomy.gov Vehicle Fuel Economy Dataset,https://www.fueleconomy.gov/feg/epadata/vehicles.csv,,,2026-07-15,,1,1
Cadillac,LYRIQ Pawd V Series,2026,2026,2026,Active,SUV/Crossover,United States,No,Added - Missing Model,Government Verified,EPA FuelEconomy.gov Vehicle Fuel Economy Dataset,https://www.fueleconomy.gov/feg/epadata/vehicles.csv,,,2026-07-15,,1,1
Cadillac,OPTIQ,2025-2026,2025,2026,Active,SUV/Crossover,United States,No,Added - Missing Model,Fully Verified,EPA FuelEconomy.gov Vehicle Fuel Economy Dataset,https://www.fueleconomy.gov/feg/epadata/vehicles.csv,NHTSA vPIC (VIN product data),https://vpic.nhtsa.dot.gov/api/vehicles/GetModelsForMake/Cadillac?format=json,2026-07-15,Upgraded to Fully Verified in V2: independently confirmed by NHTSA vPIC product data.,2,2
Cadillac,OPTIQ V Series 11 KW Charger 15 Modes,2026,2026,2026,Active,SUV/Crossover,United States,No,Added - Missing Model,Government Verified,EPA FuelEconomy.gov Vehicle Fuel Economy Dataset,https://www.fueleconomy.gov/feg/epadata/vehicles.csv,,,2026-07-15,,1,1
Cadillac,OPTIQ V Series 19 KW Charger 15 Modes,2026,2026,2026,Active,SUV/Crossover,United States,No,Added - Missing Model,Government Verified,EPA FuelEconomy.gov Vehicle Fuel Economy Dataset,https://www.fueleconomy.gov/feg/epadata/vehicles.csv,,,2026-07-15,,1,1
Cadillac,SRX,2004-2016; 2019,2004,2019,Discontinued,SUV/Crossover,United States,Yes,Original Source,Fully Verified,EPA FuelEconomy.gov Vehicle Fuel Economy Dataset,https://www.fueleconomy.gov/feg/epadata/vehicles.csv,NHTSA Product Information Catalog (vehicle products API),https://api.nhtsa.gov/products/vehicle/models?modelYear=2004&make=CADILLAC&issueType=r,2026-07-15,"Non-contiguous confirmed model years reflect the verified records; gaps are preserved, not bridged.",2,2
Cadillac,STS,1998-2001; 2005-2011,1998,2011,Discontinued,Passenger Car,United States,Yes,Original Source,Fully Verified,EPA FuelEconomy.gov Vehicle Fuel Economy Dataset,https://www.fueleconomy.gov/feg/epadata/vehicles.csv,NHTSA Product Information Catalog (vehicle products API),https://api.nhtsa.gov/products/vehicle/models?modelYear=1998&make=CADILLAC&issueType=r,2026-07-15,"Non-contiguous confirmed model years reflect the verified records; gaps are preserved, not bridged.",2,2
Cadillac,Seville,1980-2004,1980,2004,Discontinued,Passenger Car,United States,Yes,Original Source,Fully Verified,EPA FuelEconomy.gov Vehicle Fuel Economy Dataset,https://www.fueleconomy.gov/feg/epadata/vehicles.csv,NHTSA Product Information Catalog (vehicle products API),https://api.nhtsa.gov/products/vehicle/models?modelYear=1981&make=CADILLAC&issueType=r,2026-07-15,"Non-contiguous confirmed model years reflect the verified records; gaps are preserved, not bridged. Model year(s) [1980, 1982] added in V3 from the official EPA 1980-1983 historical dataset.",2,3
Cadillac,Sts-V,2006-2009,2006,2009,Discontinued,Passenger Car,United States,No,Added - Missing Model,Government Verified,EPA FuelEconomy.gov Vehicle Fuel Economy Dataset,https://www.fueleconomy.gov/feg/epadata/vehicles.csv,,,2026-07-15,,1,1
Cadillac,VISTIQ,2026,2026,2026,Active,SUV/Crossover,United States,No,Added - Missing Model,Fully Verified,EPA FuelEconomy.gov Vehicle Fuel Economy Dataset,https://www.fueleconomy.gov/feg/epadata/vehicles.csv,NHTSA Product Information Catalog (vehicle products API),https://api.nhtsa.gov/products/vehicle/models?modelYear=2026&make=CADILLAC&issueType=r,2026-07-15,,2,2
Cadillac,XLR,2004-2009,2004,2009,Discontinued,Passenger Car,United States,No,Added - Missing Model,Fully Verified,EPA FuelEconomy.gov Vehicle Fuel Economy Dataset,https://www.fueleconomy.gov/feg/epadata/vehicles.csv,NHTSA Product Information Catalog (vehicle products API),https://api.nhtsa.gov/products/vehicle/models?modelYear=2004&make=CADILLAC&issueType=r,2026-07-15,,2,2
Cadillac,XT4,2019-2025,2019,2025,Active,SUV/Crossover,United States,No,Added - Missing Model,Fully Verified,EPA FuelEconomy.gov Vehicle Fuel Economy Dataset,https://www.fueleconomy.gov/feg/epadata/vehicles.csv,NHTSA Product Information Catalog (vehicle products API),https://api.nhtsa.gov/products/vehicle/models?modelYear=2019&make=CADILLAC&issueType=r,2026-07-15,,2,2
Cadillac,XT5,2017-2026,2017,2026,Active,SUV/Crossover,United States,No,Added - Missing Model,Fully Verified,EPA FuelEconomy.gov Vehicle Fuel Economy Dataset,https://www.fueleconomy.gov/feg/epadata/vehicles.csv,NHTSA Product Information Catalog (vehicle products API),https://api.nhtsa.gov/products/vehicle/models?modelYear=2017&make=CADILLAC&issueType=r,2026-07-15,,2,2
Cadillac,XT5 Hearse,2021-2024,2021,2024,Discontinued,SUV/Crossover,United States,No,Added - Missing Model,Government Verified,EPA FuelEconomy.gov Vehicle Fuel Economy Dataset,https://www.fueleconomy.gov/feg/epadata/vehicles.csv,,,2026-07-15,,1,1
Cadillac,XT5 Limo,2021-2024,2021,2024,Discontinued,SUV/Crossover,United States,No,Added - Missing Model,Government Verified,EPA FuelEconomy.gov Vehicle Fuel Economy Dataset,https://www.fueleconomy.gov/feg/epadata/vehicles.csv,,,2026-07-15,,1,1
Cadillac,XT6,2020-2025,2020,2025,Active,SUV/Crossover,United States,No,Added - Missing Model,Fully Verified,EPA FuelEconomy.gov Vehicle Fuel Economy Dataset,https://www.fueleconomy.gov/feg/epadata/vehicles.csv,NHTSA Product Information Catalog (vehicle products API),https://api.nhtsa.gov/products/vehicle/models?modelYear=2020&make=CADILLAC&issueType=r,2026-07-15,,2,2
Cadillac,XTS,2013-2019,2013,2019,Discontinued,Passenger Car,United States,Yes,Original Source,Fully Verified,EPA FuelEconomy.gov Vehicle Fuel Economy Dataset,https://www.fueleconomy.gov/feg/epadata/vehicles.csv,NHTSA Product Information Catalog (vehicle products API),https://api.nhtsa.gov/products/vehicle/models?modelYear=2013&make=CADILLAC&issueType=r,2026-07-15,,2,2
Cadillac,XTS Hearse,2013-2019,2013,2019,Discontinued,SUV/Crossover,United States,No,Added - Missing Model,Government Verified,EPA FuelEconomy.gov Vehicle Fuel Economy Dataset,https://www.fueleconomy.gov/feg/epadata/vehicles.csv,,,2026-07-15,,1,1
Cadillac,XTS Limo,2013-2019,2013,2019,Discontinued,SUV/Crossover,United States,No,Added - Missing Model,Government Verified,EPA FuelEconomy.gov Vehicle Fuel Economy Dataset,https://www.fueleconomy.gov/feg/epadata/vehicles.csv,,,2026-07-15,,1,1
Cadillac,Xlr-V,2006-2009,2006,2009,Discontinued,Passenger Car,United States,No,Added - Missing Model,Government Verified,EPA FuelEconomy.gov Vehicle Fuel Economy Dataset,https://www.fueleconomy.gov/feg/epadata/vehicles.csv,,,2026-07-15,,1,1
Chevrolet,Astro,1984-2005,1984,2005,Discontinued,Van,United States,No,Added - Missing Model,Fully Verified,EPA FuelEconomy.gov Vehicle Fuel Economy Dataset,https://www.fueleconomy.gov/feg/epadata/vehicles.csv,NHTSA Product Information Catalog (vehicle products API),https://api.nhtsa.gov/products/vehicle/models?modelYear=1984&make=CHEVROLET&issueType=r,2026-07-15,,2,2
Chevrolet,Avalanche,2000-2013,2000,2013,Discontinued,SUV/Crossover,United States,Yes,Original Source,Fully Verified,EPA FuelEconomy.gov Vehicle Fuel Economy Dataset,https://www.fueleconomy.gov/feg/epadata/vehicles.csv,NHTSA Product Information Catalog (vehicle products API),https://api.nhtsa.gov/products/vehicle/models?modelYear=2000&make=CHEVROLET&issueType=r,2026-07-15,,2,2
Chevrolet,Aveo,2004-2012,2004,2012,Discontinued,Passenger Car,United States,No,Added - Missing Model,Fully Verified,EPA FuelEconomy.gov Vehicle Fuel Economy Dataset,https://www.fueleconomy.gov/feg/epadata/vehicles.csv,NHTSA Product Information Catalog (vehicle products API),https://api.nhtsa.gov/products/vehicle/models?modelYear=2004&make=CHEVROLET&issueType=r,2026-07-15,,2,2
Chevrolet,Beretta,1984; 1987-1999; 2002,1984,2002,Discontinued,Passenger Car,United States,No,Added - Missing Model,Fully Verified,EPA FuelEconomy.gov Vehicle Fuel Economy Dataset,https://www.fueleconomy.gov/feg/epadata/vehicles.csv,NHTSA Product Information Catalog (vehicle products API),https://api.nhtsa.gov/products/vehicle/models?modelYear=1984&make=CHEVROLET&issueType=r,2026-07-15,"Non-contiguous confirmed model years reflect the verified records; gaps are preserved, not bridged.",2,2
Chevrolet,Blazer,1980-2008; 2019-2026,1980,2026,Active,SUV/Crossover,United States,No,Added - Missing Model,Fully Verified,EPA FuelEconomy.gov Vehicle Fuel Economy Dataset,https://www.fueleconomy.gov/feg/epadata/vehicles.csv,NHTSA Product Information Catalog (vehicle products API),https://api.nhtsa.gov/products/vehicle/models?modelYear=1980&make=CHEVROLET&issueType=r,2026-07-15,"Non-contiguous confirmed model years reflect the verified records; gaps are preserved, not bridged.",2,2
Chevrolet,Blazer EV,2024-2026,2024,2026,Active,SUV/Crossover,United States,No,Added - Missing Model,Fully Verified,EPA FuelEconomy.gov Vehicle Fuel Economy Dataset,https://www.fueleconomy.gov/feg/epadata/vehicles.csv,NHTSA Product Information Catalog (vehicle products API),https://api.nhtsa.gov/products/vehicle/models?modelYear=2024&make=CHEVROLET&issueType=r,2026-07-15,,2,2
Chevrolet,Bolt EUV,2022-2023,2022,2023,Discontinued,Passenger Car,United States,No,Added - Missing Model,Fully Verified,EPA FuelEconomy.gov Vehicle Fuel Economy Dataset,https://www.fueleconomy.gov/feg/epadata/vehicles.csv,NHTSA Product Information Catalog (vehicle products API),https://api.nhtsa.gov/products/vehicle/models?modelYear=2022&make=CHEVROLET&issueType=r,2026-07-15,,2,2
Chevrolet,Bolt EV,2017-2023; 2027,2017,2027,Active,Passenger Car,United States,No,Added - Missing Model,Fully Verified,EPA FuelEconomy.gov Vehicle Fuel Economy Dataset,https://www.fueleconomy.gov/feg/epadata/vehicles.csv,NHTSA Product Information Catalog (vehicle products API),https://api.nhtsa.gov/products/vehicle/models?modelYear=2017&make=CHEVROLET&issueType=r,2026-07-15,"MY2027 record officially published in government data by the 2026-07-15 research cutoff. Non-contiguous confirmed model years reflect the verified records; gaps are preserved, not bridged.",2,2
Chevrolet,C/K 1500,1988-1999,1988,1999,Discontinued,Pickup Truck,United States,No,Added - Missing Model,Fully Verified,EPA FuelEconomy.gov Vehicle Fuel Economy Dataset,https://www.fueleconomy.gov/feg/epadata/vehicles.csv,NHTSA Product Information Catalog (vehicle products API),https://api.nhtsa.gov/products/vehicle/models?modelYear=1988&make=CHEVROLET&issueType=r,2026-07-15,,2,2
Chevrolet,C/K 1500-2500 (C10/K10/C20/K20),1980-1996; 1998-2000,1980,2000,Discontinued,Multiple Categories,United States,No,Added - Missing Model,Fully Verified,EPA FuelEconomy.gov Vehicle Fuel Economy Dataset,https://www.fueleconomy.gov/feg/epadata/vehicles.csv,NHTSA Product Information Catalog (vehicle products API),https://api.nhtsa.gov/products/vehicle/models?modelYear=1980&make=CHEVROLET&issueType=r,2026-07-15,"Non-contiguous confirmed model years reflect the verified records; gaps are preserved, not bridged.",2,3
Chevrolet,C/K 2500,1988-1993,1988,1993,Discontinued,Pickup Truck,United States,No,Added - Missing Model,Fully Verified,EPA FuelEconomy.gov Vehicle Fuel Economy Dataset,https://www.fueleconomy.gov/feg/epadata/vehicles.csv,NHTSA Product Information Catalog (vehicle products API),https://api.nhtsa.gov/products/vehicle/models?modelYear=1988&make=CHEVROLET&issueType=r,2026-07-15,,2,2
Chevrolet,C/K 3500 (C30/K30),1981; 1984; 1986-1996; 1998; 2000,1981,2000,Discontinued,Pickup Truck,United States,No,Added - Missing Model,Government Verified,NHTSA Product Information Catalog (vehicle products API),https://api.nhtsa.gov/products/vehicle/models?modelYear=1981&make=CHEVROLET&issueType=r,,,2026-07-15,"Non-contiguous confirmed model years reflect the verified records; gaps are preserved, not bridged.",1,1
Chevrolet,Camaro,1980-2002; 2010-2024,1980,2024,Discontinued,Passenger Car,United States,Yes,Original Source,Fully Verified,EPA FuelEconomy.gov Vehicle Fuel Economy Dataset,https://www.fueleconomy.gov/feg/epadata/vehicles.csv,NHTSA Product Information Catalog (vehicle products API),https://api.nhtsa.gov/products/vehicle/models?modelYear=1981&make=CHEVROLET&issueType=r,2026-07-15,"Non-contiguous confirmed model years reflect the verified records; gaps are preserved, not bridged. Model year(s) [1980] added in V3 from the official EPA 1980-1983 historical dataset.",2,3
Chevrolet,Caprice,1983-1997; 2003; 2011; 2013-2014,1983,2014,Discontinued,Passenger Car,United States,No,Added - Missing Model,Fully Verified,EPA FuelEconomy.gov Vehicle Fuel Economy Dataset,https://www.fueleconomy.gov/feg/epadata/vehicles.csv,NHTSA Product Information Catalog (vehicle products API),https://api.nhtsa.gov/products/vehicle/models?modelYear=1983&make=CHEVROLET&issueType=r,2026-07-15,"Non-contiguous confirmed model years reflect the verified records; gaps are preserved, not bridged.",2,3
Chevrolet,Captiva,2011-2015,2011,2015,Discontinued,SUV/Crossover,United States,No,Added - Missing Model,Fully Verified,EPA FuelEconomy.gov Vehicle Fuel Economy Dataset,https://www.fueleconomy.gov/feg/epadata/vehicles.csv,NHTSA Product Information Catalog (vehicle products API),https://api.nhtsa.gov/products/vehicle/models?modelYear=2011&make=CHEVROLET&issueType=r,2026-07-15,,2,2
Chevrolet,Cavalier,1982-2005,1982,2005,Discontinued,Passenger Car,United States,No,Added - Missing Model,Fully Verified,EPA FuelEconomy.gov Vehicle Fuel Economy Dataset,https://www.fueleconomy.gov/feg/epadata/vehicles.csv,NHTSA Product Information Catalog (vehicle products API),https://api.nhtsa.gov/products/vehicle/models?modelYear=1982&make=CHEVROLET&issueType=r,2026-07-15,,2,3
Chevrolet,Celebrity,1982-1992,1982,1992,Discontinued,Passenger Car,United States,No,Added - Missing Model,Fully Verified,EPA FuelEconomy.gov Vehicle Fuel Economy Dataset,https://www.fueleconomy.gov/feg/epadata/vehicles.csv,NHTSA Product Information Catalog (vehicle products API),https://api.nhtsa.gov/products/vehicle/models?modelYear=1982&make=CHEVROLET&issueType=r,2026-07-15,,2,3
Chevrolet,Chevette,1980-1987,1980,1987,Discontinued,Passenger Car,United States,No,Added - Missing Model,Fully Verified,EPA FuelEconomy.gov Vehicle Fuel Economy Dataset,https://www.fueleconomy.gov/feg/epadata/vehicles.csv,NHTSA Product Information Catalog (vehicle products API),https://api.nhtsa.gov/products/vehicle/models?modelYear=1980&make=CHEVROLET&issueType=r,2026-07-15,,2,3
Chevrolet,Chevy Van (G-Series),1980-2009,1980,2009,Discontinued,Van,United States,No,Added - Missing Model,Fully Verified,EPA FuelEconomy.gov Vehicle Fuel Economy Dataset,https://www.fueleconomy.gov/feg/epadata/vehicles.csv,NHTSA Product Information Catalog (vehicle products API),https://api.nhtsa.gov/products/vehicle/models?modelYear=1982&make=CHEVROLET&issueType=r,2026-07-15,"Model year(s) [1980, 1981] added in V3 from the official EPA 1980-1983 historical dataset.",2,3
Chevrolet,Citation,1980-1985; 1988,1980,1988,Discontinued,Passenger Car,United States,No,Added - Missing Model,Fully Verified,EPA FuelEconomy.gov Vehicle Fuel Economy Dataset,https://www.fueleconomy.gov/feg/epadata/vehicles.csv,NHTSA Product Information Catalog (vehicle products API),https://api.nhtsa.gov/products/vehicle/models?modelYear=1980&make=CHEVROLET&issueType=r,2026-07-15,"Non-contiguous confirmed model years reflect the verified records; gaps are preserved, not bridged. Model year(s) [1982, 1983] added in V3 from the official EPA 1980-1983 historical dataset.",2,3
Chevrolet,City Express,2015-2018,2015,2018,Discontinued,SUV/Crossover,United States,No,Added - Missing Model,Fully Verified,EPA FuelEconomy.gov Vehicle Fuel Economy Dataset,https://www.fueleconomy.gov/feg/epadata/vehicles.csv,NHTSA Product Information Catalog (vehicle products API),https://api.nhtsa.gov/products/vehicle/models?modelYear=2015&make=CHEVROLET&issueType=r,2026-07-15,,2,2
Chevrolet,Classic,2004-2005; 2008,2004,2008,Discontinued,Passenger Car,United States,No,Added - Missing Model,Fully Verified,EPA FuelEconomy.gov Vehicle Fuel Economy Dataset,https://www.fueleconomy.gov/feg/epadata/vehicles.csv,NHTSA Product Information Catalog (vehicle products API),https://api.nhtsa.gov/products/vehicle/models?modelYear=2004&make=CHEVROLET&issueType=r,2026-07-15,"Non-contiguous confirmed model years reflect the verified records; gaps are preserved, not bridged.",2,2
Chevrolet,Cobalt,1996; 2000; 2002; 2005-2012; 2016-2017,1996,2017,Discontinued,Passenger Car,United States,No,Added - Missing Model,Fully Verified,EPA FuelEconomy.gov Vehicle Fuel Economy Dataset,https://www.fueleconomy.gov/feg/epadata/vehicles.csv,NHTSA Product Information Catalog (vehicle products API),https://api.nhtsa.gov/products/vehicle/models?modelYear=1996&make=CHEVROLET&issueType=r,2026-07-15,"Non-contiguous confirmed model years reflect the verified records; gaps are preserved, not bridged.",2,2
Chevrolet,Colorado,2004-2026,2004,2026,Active,Multiple Categories,United States,Yes,Original Source,Fully Verified,EPA FuelEconomy.gov Vehicle Fuel Economy Dataset,https://www.fueleconomy.gov/feg/epadata/vehicles.csv,NHTSA Product Information Catalog (vehicle products API),https://api.nhtsa.gov/products/vehicle/models?modelYear=2004&make=CHEVROLET&issueType=r,2026-07-15,,2,2
Chevrolet,Corsica,1987-1997,1987,1997,Discontinued,Passenger Car,United States,No,Added - Missing Model,Fully Verified,EPA FuelEconomy.gov Vehicle Fuel Economy Dataset,https://www.fueleconomy.gov/feg/epadata/vehicles.csv,NHTSA Product Information Catalog (vehicle products API),https://api.nhtsa.gov/products/vehicle/models?modelYear=1987&make=CHEVROLET&issueType=r,2026-07-15,,2,2
Chevrolet,Corvette,1980-2027,1980,2027,Active,Passenger Car,United States,Yes,Original Source,Fully Verified,EPA FuelEconomy.gov Vehicle Fuel Economy Dataset,https://www.fueleconomy.gov/feg/epadata/vehicles.csv,NHTSA Product Information Catalog (vehicle products API),https://api.nhtsa.gov/products/vehicle/models?modelYear=1980&make=CHEVROLET&issueType=r,2026-07-15,"MY2027 record officially published in government data by the 2026-07-15 research cutoff. Non-contiguous confirmed model years reflect the verified records; gaps are preserved, not bridged. Model year(s) [1982, 1983] added in V3 from the official EPA 1980-1983 historical dataset.",2,3
Chevrolet,Cruze,2010-2019,2010,2019,Discontinued,Passenger Car,United States,No,Added - Missing Model,Fully Verified,EPA FuelEconomy.gov Vehicle Fuel Economy Dataset,https://www.fueleconomy.gov/feg/epadata/vehicles.csv,NHTSA Product Information Catalog (vehicle products API),https://api.nhtsa.gov/products/vehicle/models?modelYear=2010&make=CHEVROLET&issueType=r,2026-07-15,,2,2
Chevrolet,El Camino,1980-1987,1980,1987,Discontinued,Pickup Truck,United States,No,Added - Missing Model,Fully Verified,EPA FuelEconomy.gov Vehicle Fuel Economy Dataset,https://www.fueleconomy.gov/feg/epadata/vehicles.csv,NHTSA Product Information Catalog (vehicle products API),https://api.nhtsa.gov/products/vehicle/models?modelYear=1980&make=CHEVROLET&issueType=r,2026-07-15,"Non-contiguous confirmed model years reflect the verified records; gaps are preserved, not bridged. Model year(s) [1981, 1982] added in V3 from the official EPA 1980-1983 historical dataset.",2,3
Chevrolet,Equinox,2005-2027,2005,2027,Active,SUV/Crossover,United States,Yes,Original Source,Fully Verified,EPA FuelEconomy.gov Vehicle Fuel Economy Dataset,https://www.fueleconomy.gov/feg/epadata/vehicles.csv,NHTSA Product Information Catalog (vehicle products API),https://api.nhtsa.gov/products/vehicle/models?modelYear=2005&make=CHEVROLET&issueType=r,2026-07-15,MY2027 record officially published in government data by the 2026-07-15 research cutoff.,2,2
Chevrolet,Equinox EV,2024-2026,2024,2026,Active,SUV/Crossover,United States,No,Added - Missing Model,Fully Verified,EPA FuelEconomy.gov Vehicle Fuel Economy Dataset,https://www.fueleconomy.gov/feg/epadata/vehicles.csv,NHTSA Product Information Catalog (vehicle products API),https://api.nhtsa.gov/products/vehicle/models?modelYear=2024&make=CHEVROLET&issueType=r,2026-07-15,,2,2
Chevrolet,Express,1995-2024,1995,2024,Discontinued,Van,United States,Yes,Original Source,Fully Verified,EPA FuelEconomy.gov Vehicle Fuel Economy Dataset,https://www.fueleconomy.gov/feg/epadata/vehicles.csv,NHTSA Product Information Catalog (vehicle products API),https://api.nhtsa.gov/products/vehicle/models?modelYear=1995&make=CHEVROLET&issueType=r,2026-07-15,,2,2
Chevrolet,HHR,2006-2011,2006,2011,Discontinued,SUV/Crossover,United States,No,Added - Missing Model,Fully Verified,EPA FuelEconomy.gov Vehicle Fuel Economy Dataset,https://www.fueleconomy.gov/feg/epadata/vehicles.csv,NHTSA Product Information Catalog (vehicle products API),https://api.nhtsa.gov/products/vehicle/models?modelYear=2006&make=CHEVROLET&issueType=r,2026-07-15,,2,2
Chevrolet,Impala,1980-1985; 1987; 1993-2020,1980,2020,Discontinued,Passenger Car,United States,Yes,Original Source,Fully Verified,EPA FuelEconomy.gov Vehicle Fuel Economy Dataset,https://www.fueleconomy.gov/feg/epadata/vehicles.csv,NHTSA Product Information Catalog (vehicle products API),https://api.nhtsa.gov/products/vehicle/models?modelYear=1981&make=CHEVROLET&issueType=r,2026-07-15,"Non-contiguous confirmed model years reflect the verified records; gaps are preserved, not bridged. Model year(s) [1980] added in V3 from the official EPA 1980-1983 historical dataset.",2,3
Chevrolet,K5 Blazer,1983-1988,1983,1988,Discontinued,SUV/Crossover,United States,No,Added - Missing Model,Government Verified,EPA FuelEconomy.gov Vehicle Fuel Economy Dataset,https://www.fueleconomy.gov/feg/epadata/vehicles.csv,,,2026-07-15,Model year(s) [1983] added in V3 from the official EPA 1980-1983 historical dataset.,1,2
Chevrolet,Kodiak,1993-1996; 1998-2001; 2003-2008,1993,2008,Discontinued,Light Commercial Vehicle,United States,Yes,Original Source,Government Verified,NHTSA Product Information Catalog (vehicle products API),https://api.nhtsa.gov/products/vehicle/models?modelYear=1993&make=CHEVROLET&issueType=r,,,2026-07-15,"Non-contiguous confirmed model years reflect the verified records; gaps are preserved, not bridged. Medium-duty line preserved because it appears in the original source file.",1,1
Chevrolet,LUV,1980-1983,1980,1983,Discontinued,Pickup Truck,United States,No,Added - Missing Model,Fully Verified,NHTSA Product Information Catalog (vehicle products API),https://api.nhtsa.gov/products/vehicle/models?modelYear=1981&make=CHEVROLET&issueType=r,NHTSA vPIC (VIN product data),https://vpic.nhtsa.dot.gov/api/vehicles/GetModelsForMake/Chevrolet?format=json,2026-07-15,"Upgraded to Fully Verified in V2: independently confirmed by NHTSA vPIC product data. Model year(s) [1980, 1982, 1983] added in V3 from the official EPA 1980-1983 historical dataset.",2,3
Chevrolet,Lumina,1987; 1990-2001; 2008,1987,2008,Discontinued,Multiple Categories,United States,No,Added - Missing Model,Fully Verified,EPA FuelEconomy.gov Vehicle Fuel Economy Dataset,https://www.fueleconomy.gov/feg/epadata/vehicles.csv,NHTSA Product Information Catalog (vehicle products API),https://api.nhtsa.gov/products/vehicle/models?modelYear=1987&make=CHEVROLET&issueType=r,2026-07-15,"Non-contiguous confirmed model years reflect the verified records; gaps are preserved, not bridged.",2,2
Chevrolet,Malibu,1980-1983; 1986; 1989; 1997-2025,1980,2025,Active,Passenger Car,United States,Yes,Original Source,Fully Verified,EPA FuelEconomy.gov Vehicle Fuel Economy Dataset,https://www.fueleconomy.gov/feg/epadata/vehicles.csv,NHTSA Product Information Catalog (vehicle products API),https://api.nhtsa.gov/products/vehicle/models?modelYear=1980&make=CHEVROLET&issueType=r,2026-07-15,"Non-contiguous confirmed model years reflect the verified records; gaps are preserved, not bridged.",2,3
Chevrolet,Metro,1997-2001,1997,2001,Discontinued,Passenger Car,United States,No,Added - Missing Model,Fully Verified,EPA FuelEconomy.gov Vehicle Fuel Economy Dataset,https://www.fueleconomy.gov/feg/epadata/vehicles.csv,NHTSA Product Information Catalog (vehicle products API),https://api.nhtsa.gov/products/vehicle/models?modelYear=1997&make=CHEVROLET&issueType=r,2026-07-15,,2,2
Chevrolet,Monte Carlo,1980-1988; 1991; 1995-2008; 2010,1980,2010,Discontinued,Passenger Car,United States,Yes,Original Source,Fully Verified,EPA FuelEconomy.gov Vehicle Fuel Economy Dataset,https://www.fueleconomy.gov/feg/epadata/vehicles.csv,NHTSA Product Information Catalog (vehicle products API),https://api.nhtsa.gov/products/vehicle/models?modelYear=1981&make=CHEVROLET&issueType=r,2026-07-15,"Non-contiguous confirmed model years reflect the verified records; gaps are preserved, not bridged. Model year(s) [1980] added in V3 from the official EPA 1980-1983 historical dataset.",2,3
Chevrolet,Nova,1984-1988; 1990,1984,1990,Discontinued,Passenger Car,United States,No,Added - Missing Model,Fully Verified,EPA FuelEconomy.gov Vehicle Fuel Economy Dataset,https://www.fueleconomy.gov/feg/epadata/vehicles.csv,NHTSA Product Information Catalog (vehicle products API),https://api.nhtsa.gov/products/vehicle/models?modelYear=1984&make=CHEVROLET&issueType=r,2026-07-15,"Non-contiguous confirmed model years reflect the verified records; gaps are preserved, not bridged.",2,2
Chevrolet,Prizm,1990-1991; 1996; 1998-2002,1990,2002,Discontinued,Passenger Car,United States,No,Added - Missing Model,Fully Verified,EPA FuelEconomy.gov Vehicle Fuel Economy Dataset,https://www.fueleconomy.gov/feg/epadata/vehicles.csv,NHTSA Product Information Catalog (vehicle products API),https://api.nhtsa.gov/products/vehicle/models?modelYear=1990&make=CHEVROLET&issueType=r,2026-07-15,"Non-contiguous confirmed model years reflect the verified records; gaps are preserved, not bridged.",2,2
Chevrolet,S-10,1981-2004; 2006; 2016-2018,1981,2018,Discontinued,Multiple Categories,United States,No,Added - Missing Model,Fully Verified,EPA FuelEconomy.gov Vehicle Fuel Economy Dataset,https://www.fueleconomy.gov/feg/epadata/vehicles.csv,NHTSA Product Information Catalog (vehicle products API),https://api.nhtsa.gov/products/vehicle/models?modelYear=1981&make=CHEVROLET&issueType=r,2026-07-15,"Non-contiguous confirmed model years reflect the verified records; gaps are preserved, not bridged.",2,3
Chevrolet,S-10 Blazer,1983-1994,1983,1994,Discontinued,SUV/Crossover,United States,No,Added - Missing Model,Fully Verified,EPA FuelEconomy.gov Vehicle Fuel Economy Dataset,https://www.fueleconomy.gov/feg/epadata/vehicles.csv,NHTSA vPIC (VIN product data),https://vpic.nhtsa.dot.gov/api/vehicles/GetModelsForMake/Chevrolet?format=json,2026-07-15,Upgraded to Fully Verified in V2: independently confirmed by NHTSA vPIC product data. Model year(s) [1983] added in V3 from the official EPA 1980-1983 historical dataset.,2,3
Chevrolet,SS,2014-2017,2014,2017,Discontinued,Passenger Car,United States,No,Added - Missing Model,Fully Verified,EPA FuelEconomy.gov Vehicle Fuel Economy Dataset,https://www.fueleconomy.gov/feg/epadata/vehicles.csv,NHTSA Product Information Catalog (vehicle products API),https://api.nhtsa.gov/products/vehicle/models?modelYear=2014&make=CHEVROLET&issueType=r,2026-07-15,,2,2
Chevrolet,SSR,2003-2006,2003,2006,Discontinued,Pickup Truck,United States,Yes,Original Source,Fully Verified,EPA FuelEconomy.gov Vehicle Fuel Economy Dataset,https://www.fueleconomy.gov/feg/epadata/vehicles.csv,NHTSA Product Information Catalog (vehicle products API),https://api.nhtsa.gov/products/vehicle/models?modelYear=2003&make=CHEVROLET&issueType=r,2026-07-15,,2,2
Chevrolet,Silverado 1500,1997; 1999-2006; 2009-2026,1997,2026,Active,Pickup Truck,United States,Yes,Existing Standardized Catalog,Fully Verified,EPA FuelEconomy.gov Vehicle Fuel Economy Dataset,https://www.fueleconomy.gov/feg/epadata/vehicles.csv,NHTSA Product Information Catalog (vehicle products API),https://api.nhtsa.gov/products/vehicle/models?modelYear=1997&make=CHEVROLET&issueType=r,2026-07-15,"Non-contiguous confirmed model years reflect the verified records; gaps are preserved, not bridged.",2,2
Chevrolet,Silverado 2500,1997; 1999-2000; 2002-2003; 2007; 2009-2026,1997,2026,Active,Pickup Truck,United States,Yes,Existing Standardized Catalog,Fully Verified,EPA FuelEconomy.gov Vehicle Fuel Economy Dataset,https://www.fueleconomy.gov/feg/epadata/vehicles.csv,NHTSA Product Information Catalog (vehicle products API),https://api.nhtsa.gov/products/vehicle/models?modelYear=1997&make=CHEVROLET&issueType=r,2026-07-15,"Non-contiguous confirmed model years reflect the verified records; gaps are preserved, not bridged.",2,2
Chevrolet,Silverado 2500HD,1998-1999; 2004-2005,1998,2005,Discontinued,Pickup Truck,United States,No,Added - Missing Model,Fully Verified,EPA FuelEconomy.gov Vehicle Fuel Economy Dataset,https://www.fueleconomy.gov/feg/epadata/vehicles.csv,NHTSA Product Information Catalog (vehicle products API),https://api.nhtsa.gov/products/vehicle/models?modelYear=1998&make=CHEVROLET&issueType=r,2026-07-15,"Non-contiguous confirmed model years reflect the verified records; gaps are preserved, not bridged. V3: EPA historical 1980-83 dataset provides a second independent organization for this model.",2,2
Chevrolet,Silverado 3500,1997; 1999; 2007; 2009-2026,1997,2026,Active,Pickup Truck,United States,Yes,Existing Standardized Catalog,Government Verified,NHTSA Product Information Catalog (vehicle products API),https://api.nhtsa.gov/products/vehicle/models?modelYear=1997&make=CHEVROLET&issueType=r,,,2026-07-15,"Non-contiguous confirmed model years reflect the verified records; gaps are preserved, not bridged.",1,1
Chevrolet,Silverado 3500HD,1997-1998,1997,1998,Discontinued,Pickup Truck,United States,No,Added - Missing Model,Government Verified,NHTSA Product Information Catalog (vehicle products API),https://api.nhtsa.gov/products/vehicle/models?modelYear=1997&make=CHEVROLET&issueType=r,,,2026-07-15,,1,1
Chevrolet,Silverado EV,2024-2026,2024,2026,Active,Pickup Truck,United States,No,Added - Missing Model,Fully Verified,EPA FuelEconomy.gov Vehicle Fuel Economy Dataset,https://www.fueleconomy.gov/feg/epadata/vehicles.csv,NHTSA Product Information Catalog (vehicle products API),https://api.nhtsa.gov/products/vehicle/models?modelYear=2024&make=CHEVROLET&issueType=r,2026-07-15,,2,2
Chevrolet,Sonic,2011-2020,2011,2020,Discontinued,Passenger Car,United States,No,Added - Missing Model,Fully Verified,EPA FuelEconomy.gov Vehicle Fuel Economy Dataset,https://www.fueleconomy.gov/feg/epadata/vehicles.csv,NHTSA Product Information Catalog (vehicle products API),https://api.nhtsa.gov/products/vehicle/models?modelYear=2011&make=CHEVROLET&issueType=r,2026-07-15,,2,2
Chevrolet,Spark,2013-2022,2013,2022,Discontinued,Passenger Car,United States,No,Added - Missing Model,Fully Verified,EPA FuelEconomy.gov Vehicle Fuel Economy Dataset,https://www.fueleconomy.gov/feg/epadata/vehicles.csv,NHTSA Product Information Catalog (vehicle products API),https://api.nhtsa.gov/products/vehicle/models?modelYear=2013&make=CHEVROLET&issueType=r,2026-07-15,,2,2
Chevrolet,Spark EV,2014-2016,2014,2016,Discontinued,Passenger Car,United States,No,Added - Missing Model,Fully Verified,EPA FuelEconomy.gov Vehicle Fuel Economy Dataset,https://www.fueleconomy.gov/feg/epadata/vehicles.csv,NHTSA Product Information Catalog (vehicle products API),https://api.nhtsa.gov/products/vehicle/models?modelYear=2014&make=CHEVROLET&issueType=r,2026-07-15,,2,2
Chevrolet,Spectrum,1985-1989,1985,1989,Discontinued,Passenger Car,United States,No,Added - Missing Model,Fully Verified,EPA FuelEconomy.gov Vehicle Fuel Economy Dataset,https://www.fueleconomy.gov/feg/epadata/vehicles.csv,NHTSA Product Information Catalog (vehicle products API),https://api.nhtsa.gov/products/vehicle/models?modelYear=1985&make=CHEVROLET&issueType=r,2026-07-15,,2,2
Chevrolet,Sportvan (G-Series),1985-1987; 1989-1991; 1993-1996; 2000,1985,2000,Discontinued,Van,United States,No,Added - Missing Model,Fully Verified,EPA FuelEconomy.gov Vehicle Fuel Economy Dataset,https://www.fueleconomy.gov/feg/epadata/vehicles.csv,NHTSA Product Information Catalog (vehicle products API),https://api.nhtsa.gov/products/vehicle/models?modelYear=1985&make=CHEVROLET&issueType=r,2026-07-15,"Non-contiguous confirmed model years reflect the verified records; gaps are preserved, not bridged.",2,2
Chevrolet,Sprint,1985-1994,1985,1994,Discontinued,Passenger Car,United States,No,Added - Missing Model,Fully Verified,EPA FuelEconomy.gov Vehicle Fuel Economy Dataset,https://www.fueleconomy.gov/feg/epadata/vehicles.csv,NHTSA Product Information Catalog (vehicle products API),https://api.nhtsa.gov/products/vehicle/models?modelYear=1985&make=CHEVROLET&issueType=r,2026-07-15,,2,2
Chevrolet,Suburban,1981-2026,1981,2026,Active,SUV/Crossover,United States,Yes,Original Source,Fully Verified,EPA FuelEconomy.gov Vehicle Fuel Economy Dataset,https://www.fueleconomy.gov/feg/epadata/vehicles.csv,NHTSA Product Information Catalog (vehicle products API),https://api.nhtsa.gov/products/vehicle/models?modelYear=1981&make=CHEVROLET&issueType=r,2026-07-15,,2,2
Chevrolet,Tahoe,1988; 1991-2026,1988,2026,Active,SUV/Crossover,United States,Yes,Original Source,Fully Verified,EPA FuelEconomy.gov Vehicle Fuel Economy Dataset,https://www.fueleconomy.gov/feg/epadata/vehicles.csv,NHTSA Product Information Catalog (vehicle products API),https://api.nhtsa.gov/products/vehicle/models?modelYear=1988&make=CHEVROLET&issueType=r,2026-07-15,"Non-contiguous confirmed model years reflect the verified records; gaps are preserved, not bridged.",2,2
Chevrolet,Tracker,1989-1990; 1992-1993; 1995-2004,1989,2004,Discontinued,SUV/Crossover,United States,No,Added - Missing Model,Fully Verified,EPA FuelEconomy.gov Vehicle Fuel Economy Dataset,https://www.fueleconomy.gov/feg/epadata/vehicles.csv,NHTSA Product Information Catalog (vehicle products API),https://api.nhtsa.gov/products/vehicle/models?modelYear=1989&make=CHEVROLET&issueType=r,2026-07-15,"Non-contiguous confirmed model years reflect the verified records; gaps are preserved, not bridged.",2,2
Chevrolet,TrailBlazer,1999-2009; 2014; 2021-2026,1999,2026,Active,SUV/Crossover,United States,Yes,Original Source,Fully Verified,EPA FuelEconomy.gov Vehicle Fuel Economy Dataset,https://www.fueleconomy.gov/feg/epadata/vehicles.csv,NHTSA Product Information Catalog (vehicle products API),https://api.nhtsa.gov/products/vehicle/models?modelYear=1999&make=CHEVROLET&issueType=r,2026-07-15,"Non-contiguous confirmed model years reflect the verified records; gaps are preserved, not bridged.",2,2
Chevrolet,TrailBlazer EXT,2002-2007,2002,2007,Discontinued,SUV/Crossover,United States,No,Added - Missing Model,Fully Verified,EPA FuelEconomy.gov Vehicle Fuel Economy Dataset,https://www.fueleconomy.gov/feg/epadata/vehicles.csv,NHTSA Product Information Catalog (vehicle products API),https://api.nhtsa.gov/products/vehicle/models?modelYear=2002&make=CHEVROLET&issueType=r,2026-07-15,,2,2
Chevrolet,Traverse,2009-2026,2009,2026,Active,SUV/Crossover,United States,Yes,Original Source,Fully Verified,EPA FuelEconomy.gov Vehicle Fuel Economy Dataset,https://www.fueleconomy.gov/feg/epadata/vehicles.csv,NHTSA Product Information Catalog (vehicle products API),https://api.nhtsa.gov/products/vehicle/models?modelYear=2009&make=CHEVROLET&issueType=r,2026-07-15,,2,2
Chevrolet,Trax,2015-2022; 2024-2026,2015,2026,Active,Multiple Categories,United States,No,Added - Missing Model,Fully Verified,EPA FuelEconomy.gov Vehicle Fuel Economy Dataset,https://www.fueleconomy.gov/feg/epadata/vehicles.csv,NHTSA Product Information Catalog (vehicle products API),https://api.nhtsa.gov/products/vehicle/models?modelYear=2015&make=CHEVROLET&issueType=r,2026-07-15,"Non-contiguous confirmed model years reflect the verified records; gaps are preserved, not bridged.",2,2
Chevrolet,Uplander,2005-2009,2005,2009,Discontinued,Minivan,United States,No,Added - Missing Model,Fully Verified,EPA FuelEconomy.gov Vehicle Fuel Economy Dataset,https://www.fueleconomy.gov/feg/epadata/vehicles.csv,NHTSA Product Information Catalog (vehicle products API),https://api.nhtsa.gov/products/vehicle/models?modelYear=2005&make=CHEVROLET&issueType=r,2026-07-15,,2,2
Chevrolet,Venture,1988; 1996-2005,1988,2005,Discontinued,Multiple Categories,United States,No,Added - Missing Model,Fully Verified,EPA FuelEconomy.gov Vehicle Fuel Economy Dataset,https://www.fueleconomy.gov/feg/epadata/vehicles.csv,NHTSA Product Information Catalog (vehicle products API),https://api.nhtsa.gov/products/vehicle/models?modelYear=1988&make=CHEVROLET&issueType=r,2026-07-15,"Non-contiguous confirmed model years reflect the verified records; gaps are preserved, not bridged.",2,2
Chevrolet,Volt,2011-2019,2011,2019,Discontinued,Passenger Car,United States,No,Added - Missing Model,Fully Verified,EPA FuelEconomy.gov Vehicle Fuel Economy Dataset,https://www.fueleconomy.gov/feg/epadata/vehicles.csv,NHTSA Product Information Catalog (vehicle products API),https://api.nhtsa.gov/products/vehicle/models?modelYear=2011&make=CHEVROLET&issueType=r,2026-07-15,,2,2
Chrysler,200,2010-2018,2010,2018,Discontinued,Passenger Car,United States,No,Added - Missing Model,Fully Verified,EPA FuelEconomy.gov Vehicle Fuel Economy Dataset,https://www.fueleconomy.gov/feg/epadata/vehicles.csv,NHTSA Product Information Catalog (vehicle products API),https://api.nhtsa.gov/products/vehicle/models?modelYear=2010&make=CHRYSLER&issueType=r,2026-07-15,,2,2
Chrysler,300,1980; 2004-2023,1980,2023,Discontinued,Passenger Car,United States,Yes,Original Source,Fully Verified,EPA FuelEconomy.gov Vehicle Fuel Economy Dataset,https://www.fueleconomy.gov/feg/epadata/vehicles.csv,NHTSA Product Information Catalog (vehicle products API),https://api.nhtsa.gov/products/vehicle/models?modelYear=2004&make=CHRYSLER&issueType=r,2026-07-15,Model year(s) [1980] added in V3 from the official EPA 1980-1983 historical dataset.,2,3
Chrysler,300 M,1993-1994; 1999-2004,1993,2004,Discontinued,Passenger Car,United States,No,Added - Missing Model,Government Verified,EPA FuelEconomy.gov Vehicle Fuel Economy Dataset,https://www.fueleconomy.gov/feg/epadata/vehicles.csv,,,2026-07-15,,1,1
Chrysler,300C,2005-2006; 2011-2017,2005,2017,Discontinued,Passenger Car,United States,Yes,Original Source,Fully Verified,EPA FuelEconomy.gov Vehicle Fuel Economy Dataset,https://www.fueleconomy.gov/feg/epadata/vehicles.csv,NHTSA vPIC (VIN product data),https://vpic.nhtsa.dot.gov/api/vehicles/GetModelsForMake/Chrysler?format=json,2026-07-15,"Non-contiguous confirmed model years reflect the verified records; gaps are preserved, not bridged. Upgraded to Fully Verified in V2: independently confirmed by NHTSA vPIC product data.",2,2
Chrysler,5TH Avenue,1988,1988,1988,Discontinued,Passenger Car,United States,No,Added - Missing Model,Government Verified,EPA FuelEconomy.gov Vehicle Fuel Economy Dataset,https://www.fueleconomy.gov/feg/epadata/vehicles.csv,,,2026-07-15,,1,1
Chrysler,Aspen,2006-2009,2006,2009,Discontinued,SUV/Crossover,United States,No,Added - Missing Model,Fully Verified,EPA FuelEconomy.gov Vehicle Fuel Economy Dataset,https://www.fueleconomy.gov/feg/epadata/vehicles.csv,NHTSA Product Information Catalog (vehicle products API),https://api.nhtsa.gov/products/vehicle/models?modelYear=2006&make=CHRYSLER&issueType=r,2026-07-15,,2,2
Chrysler,Cirrus,1994-2001,1994,2001,Discontinued,Passenger Car,United States,No,Added - Missing Model,Fully Verified,EPA FuelEconomy.gov Vehicle Fuel Economy Dataset,https://www.fueleconomy.gov/feg/epadata/vehicles.csv,NHTSA Product Information Catalog (vehicle products API),https://api.nhtsa.gov/products/vehicle/models?modelYear=1994&make=CHRYSLER&issueType=r,2026-07-15,,2,2
Chrysler,Concorde,1993-2004,1993,2004,Discontinued,Passenger Car,United States,No,Added - Missing Model,Fully Verified,EPA FuelEconomy.gov Vehicle Fuel Economy Dataset,https://www.fueleconomy.gov/feg/epadata/vehicles.csv,NHTSA Product Information Catalog (vehicle products API),https://api.nhtsa.gov/products/vehicle/models?modelYear=1993&make=CHRYSLER&issueType=r,2026-07-15,,2,2
Chrysler,Conquest,1986-1989,1986,1989,Discontinued,Passenger Car,United States,No,Added - Missing Model,Fully Verified,EPA FuelEconomy.gov Vehicle Fuel Economy Dataset,https://www.fueleconomy.gov/feg/epadata/vehicles.csv,NHTSA Product Information Catalog (vehicle products API),https://api.nhtsa.gov/products/vehicle/models?modelYear=1986&make=CHRYSLER&issueType=r,2026-07-15,,2,2
Chrysler,Cordoba,1980-1983,1980,1983,Discontinued,Passenger Car,United States,No,Added - Missing Model,Fully Verified,NHTSA Product Information Catalog (vehicle products API),https://api.nhtsa.gov/products/vehicle/models?modelYear=1982&make=CHRYSLER&issueType=r,NHTSA vPIC (VIN product data),https://vpic.nhtsa.dot.gov/api/vehicles/GetModelsForMake/Chrysler?format=json,2026-07-15,"Upgraded to Fully Verified in V2: independently confirmed by NHTSA vPIC product data. Model year(s) [1980, 1981, 1983] added in V3 from the official EPA 1980-1983 historical dataset.",2,3
Chrysler,Crossfire,2004-2008,2004,2008,Discontinued,Passenger Car,United States,No,Added - Missing Model,Fully Verified,EPA FuelEconomy.gov Vehicle Fuel Economy Dataset,https://www.fueleconomy.gov/feg/epadata/vehicles.csv,NHTSA Product Information Catalog (vehicle products API),https://api.nhtsa.gov/products/vehicle/models?modelYear=2004&make=CHRYSLER&issueType=r,2026-07-15,,2,2
Chrysler,Daytona,1984; 1986-1987,1984,1987,Discontinued,Passenger Car,United States,No,Added - Missing Model,Fully Verified,EPA FuelEconomy.gov Vehicle Fuel Economy Dataset,https://www.fueleconomy.gov/feg/epadata/vehicles.csv,NHTSA vPIC (VIN product data),https://vpic.nhtsa.dot.gov/api/vehicles/GetModelsForMake/Chrysler?format=json,2026-07-15,"Non-contiguous confirmed model years reflect the verified records; gaps are preserved, not bridged. Upgraded to Fully Verified in V2: independently confirmed by NHTSA vPIC product data.",2,2
Chrysler,E Class,1983-1984,1983,1984,Discontinued,Passenger Car,United States,No,Added - Missing Model,Fully Verified,EPA FuelEconomy.gov Vehicle Fuel Economy Dataset,https://www.fueleconomy.gov/feg/epadata/vehicles.csv,NHTSA vPIC (VIN product data),https://vpic.nhtsa.dot.gov/api/vehicles/GetModelsForMake/Chrysler?format=json,2026-07-15,Upgraded to Fully Verified in V2: independently confirmed by NHTSA vPIC product data.,2,3
Chrysler,Eagle,1981; 1984; 1986-1993; 1995-1996; 2000,1981,2000,Discontinued,Passenger Car,United States,No,Added - Missing Model,Government Verified,NHTSA Product Information Catalog (vehicle products API),https://api.nhtsa.gov/products/vehicle/models?modelYear=1981&make=CHRYSLER&issueType=r,,,2026-07-15,"Non-contiguous confirmed model years reflect the verified records; gaps are preserved, not bridged.",1,1
Chrysler,Executive,1983-1985,1983,1985,Discontinued,Passenger Car,United States,No,Added - Missing Model,Fully Verified,EPA FuelEconomy.gov Vehicle Fuel Economy Dataset,https://www.fueleconomy.gov/feg/epadata/vehicles.csv,NHTSA vPIC (VIN product data),https://vpic.nhtsa.dot.gov/api/vehicles/GetModelsForMake/Chrysler?format=json,2026-07-15,Upgraded to Fully Verified in V2: independently confirmed by NHTSA vPIC product data. Model year(s) [1983] added in V3 from the official EPA 1980-1983 historical dataset.,2,3
Chrysler,Fifth Avenue,1983-1989; 1992-1993; 1997,1983,1997,Discontinued,Passenger Car,United States,No,Added - Missing Model,Fully Verified,EPA FuelEconomy.gov Vehicle Fuel Economy Dataset,https://www.fueleconomy.gov/feg/epadata/vehicles.csv,NHTSA Product Information Catalog (vehicle products API),https://api.nhtsa.gov/products/vehicle/models?modelYear=1983&make=CHRYSLER&issueType=r,2026-07-15,"Non-contiguous confirmed model years reflect the verified records; gaps are preserved, not bridged.",2,2
Chrysler,Grand VOY,2000-2004; 2007-2008,2000,2008,Discontinued,Minivan,United States,No,Added - Missing Model,Government Verified,EPA FuelEconomy.gov Vehicle Fuel Economy Dataset,https://www.fueleconomy.gov/feg/epadata/vehicles.csv,,,2026-07-15,"Non-contiguous confirmed model years reflect the verified records; gaps are preserved, not bridged.",1,1
Chrysler,Grand Voyager,1996; 2000; 2011,1996,2011,Discontinued,Minivan,United States,No,Added - Missing Model,Government Verified,NHTSA Product Information Catalog (vehicle products API),https://api.nhtsa.gov/products/vehicle/models?modelYear=1996&make=CHRYSLER&issueType=r,NHTSA vPIC (VIN product data),https://vpic.nhtsa.dot.gov/api/vehicles/GetModelsForMake/Chrysler?format=json,2026-07-15,"Non-contiguous confirmed model years reflect the verified records; gaps are preserved, not bridged. Upgraded to Fully Verified in V2: independently confirmed by NHTSA vPIC product data. V3 source-status correction: confirmation came from two NHTSA datasets (Recall + vPIC), which is cross-dataset confirmation within one organization, not independent multi-source verification.",1,2
Chrysler,Imperial,1989-1995,1989,1995,Discontinued,Passenger Car,United States,No,Added - Missing Model,Fully Verified,EPA FuelEconomy.gov Vehicle Fuel Economy Dataset,https://www.fueleconomy.gov/feg/epadata/vehicles.csv,NHTSA Product Information Catalog (vehicle products API),https://api.nhtsa.gov/products/vehicle/models?modelYear=1989&make=CHRYSLER&issueType=r,2026-07-15,,2,2
Chrysler,JX,1998,1998,1998,Discontinued,Passenger Car,United States,No,Added - Missing Model,Government Verified,EPA FuelEconomy.gov Vehicle Fuel Economy Dataset,https://www.fueleconomy.gov/feg/epadata/vehicles.csv,,,2026-07-15,,1,1
Chrysler,JXI,1998,1998,1998,Discontinued,Passenger Car,United States,No,Added - Missing Model,Government Verified,EPA FuelEconomy.gov Vehicle Fuel Economy Dataset,https://www.fueleconomy.gov/feg/epadata/vehicles.csv,,,2026-07-15,,1,1
Chrysler,LHS,1993-2004,1993,2004,Discontinued,Passenger Car,United States,No,Added - Missing Model,Fully Verified,EPA FuelEconomy.gov Vehicle Fuel Economy Dataset,https://www.fueleconomy.gov/feg/epadata/vehicles.csv,NHTSA Product Information Catalog (vehicle products API),https://api.nhtsa.gov/products/vehicle/models?modelYear=1993&make=CHRYSLER&issueType=r,2026-07-15,,2,2
Chrysler,Laser,1984-1987,1984,1987,Discontinued,Passenger Car,United States,No,Added - Missing Model,Fully Verified,EPA FuelEconomy.gov Vehicle Fuel Economy Dataset,https://www.fueleconomy.gov/feg/epadata/vehicles.csv,NHTSA Product Information Catalog (vehicle products API),https://api.nhtsa.gov/products/vehicle/models?modelYear=1984&make=CHRYSLER&issueType=r,2026-07-15,,2,2
Chrysler,LeBaron,1980-1997; 2003,1980,2003,Discontinued,Passenger Car,United States,No,Added - Missing Model,Fully Verified,EPA FuelEconomy.gov Vehicle Fuel Economy Dataset,https://www.fueleconomy.gov/feg/epadata/vehicles.csv,NHTSA Product Information Catalog (vehicle products API),https://api.nhtsa.gov/products/vehicle/models?modelYear=1982&make=CHRYSLER&issueType=r,2026-07-15,"Non-contiguous confirmed model years reflect the verified records; gaps are preserved, not bridged. Model year(s) [1980, 1981] added in V3 from the official EPA 1980-1983 historical dataset.",2,3
Chrysler,LeBaron GTS,1985-1989,1985,1989,Discontinued,Passenger Car,United States,No,Added - Missing Model,Government Verified,EPA FuelEconomy.gov Vehicle Fuel Economy Dataset,https://www.fueleconomy.gov/feg/epadata/vehicles.csv,,,2026-07-15,,1,1
Chrysler,Limited,1998,1998,1998,Discontinued,Passenger Car,United States,No,Added - Missing Model,Government Verified,EPA FuelEconomy.gov Vehicle Fuel Economy Dataset,https://www.fueleconomy.gov/feg/epadata/vehicles.csv,,,2026-07-15,,1,1
Chrysler,New Yorker,1980-2000; 2004,1980,2004,Discontinued,Passenger Car,United States,No,Added - Missing Model,Fully Verified,EPA FuelEconomy.gov Vehicle Fuel Economy Dataset,https://www.fueleconomy.gov/feg/epadata/vehicles.csv,NHTSA Product Information Catalog (vehicle products API),https://api.nhtsa.gov/products/vehicle/models?modelYear=1981&make=CHRYSLER&issueType=r,2026-07-15,"Non-contiguous confirmed model years reflect the verified records; gaps are preserved, not bridged. Model year(s) [1980, 1982] added in V3 from the official EPA 1980-1983 historical dataset.",2,3
Chrysler,New Yorker Fifth Avenue,1989-1992,1989,1992,Discontinued,Passenger Car,United States,No,Added - Missing Model,Government Verified,EPA FuelEconomy.gov Vehicle Fuel Economy Dataset,https://www.fueleconomy.gov/feg/epadata/vehicles.csv,,,2026-07-15,,1,1
Chrysler,Newport,1980-1981; 1984-1989,1980,1989,Discontinued,Passenger Car,United States,No,Added - Missing Model,Fully Verified,EPA FuelEconomy.gov Vehicle Fuel Economy Dataset,https://www.fueleconomy.gov/feg/epadata/vehicles.csv,NHTSA vPIC (VIN product data),https://vpic.nhtsa.dot.gov/api/vehicles/GetModelsForMake/Chrysler?format=json,2026-07-15,"Upgraded to Fully Verified in V2: independently confirmed by NHTSA vPIC product data. Model year(s) [1980, 1981] added in V3 from the official EPA 1980-1983 historical dataset.",2,3
Chrysler,PT Cruiser,2001-2010,2001,2010,Discontinued,Multiple Categories,United States,No,Added - Missing Model,Fully Verified,EPA FuelEconomy.gov Vehicle Fuel Economy Dataset,https://www.fueleconomy.gov/feg/epadata/vehicles.csv,NHTSA Product Information Catalog (vehicle products API),https://api.nhtsa.gov/products/vehicle/models?modelYear=2001&make=CHRYSLER&issueType=r,2026-07-15,,2,2
Chrysler,Pacifica,2003-2008; 2016-2027,2003,2027,Active,Multiple Categories,United States,Yes,Original Source,Fully Verified,EPA FuelEconomy.gov Vehicle Fuel Economy Dataset,https://www.fueleconomy.gov/feg/epadata/vehicles.csv,NHTSA Product Information Catalog (vehicle products API),https://api.nhtsa.gov/products/vehicle/models?modelYear=2003&make=CHRYSLER&issueType=r,2026-07-15,"MY2027 record officially published in government data by the 2026-07-15 research cutoff. Non-contiguous confirmed model years reflect the verified records; gaps are preserved, not bridged.",2,2
Chrysler,Pacifica Hybrid,2017-2026,2017,2026,Active,Minivan,United States,No,Added - Missing Model,Fully Verified,EPA FuelEconomy.gov Vehicle Fuel Economy Dataset,https://www.fueleconomy.gov/feg/epadata/vehicles.csv,NHTSA Product Information Catalog (vehicle products API),https://api.nhtsa.gov/products/vehicle/models?modelYear=2017&make=CHRYSLER&issueType=r,2026-07-15,,2,2
Chrysler,Prowler,2001-2002,2001,2002,Discontinued,Passenger Car,United States,No,Added - Missing Model,Fully Verified,EPA FuelEconomy.gov Vehicle Fuel Economy Dataset,https://www.fueleconomy.gov/feg/epadata/vehicles.csv,NHTSA Product Information Catalog (vehicle products API),https://api.nhtsa.gov/products/vehicle/models?modelYear=2001&make=CHRYSLER&issueType=r,2026-07-15,,2,2
Chrysler,QC,1988,1988,1988,Discontinued,Passenger Car,United States,No,Added - Missing Model,Government Verified,EPA FuelEconomy.gov Vehicle Fuel Economy Dataset,https://www.fueleconomy.gov/feg/epadata/vehicles.csv,,,2026-07-15,,1,1
Chrysler,SRT-8,2005-2010,2005,2010,Discontinued,Passenger Car,United States,No,Added - Missing Model,Government Verified,EPA FuelEconomy.gov Vehicle Fuel Economy Dataset,https://www.fueleconomy.gov/feg/epadata/vehicles.csv,,,2026-07-15,,1,1
Chrysler,Sebring,1995-2011,1995,2011,Discontinued,Passenger Car,United States,No,Added - Missing Model,Fully Verified,EPA FuelEconomy.gov Vehicle Fuel Economy Dataset,https://www.fueleconomy.gov/feg/epadata/vehicles.csv,NHTSA Product Information Catalog (vehicle products API),https://api.nhtsa.gov/products/vehicle/models?modelYear=1995&make=CHRYSLER&issueType=r,2026-07-15,,2,2
Chrysler,Sebring 4,2001-2006,2001,2006,Discontinued,Passenger Car,United States,No,Added - Missing Model,Government Verified,EPA FuelEconomy.gov Vehicle Fuel Economy Dataset,https://www.fueleconomy.gov/feg/epadata/vehicles.csv,,,2026-07-15,,1,1
Chrysler,Town &,1982-1988; 1990-1999; 2005-2006,1982,2006,Discontinued,Multiple Categories,United States,No,Added - Missing Model,Government Verified,EPA FuelEconomy.gov Vehicle Fuel Economy Dataset,https://www.fueleconomy.gov/feg/epadata/vehicles.csv,,,2026-07-15,"Non-contiguous confirmed model years reflect the verified records; gaps are preserved, not bridged. Model year(s) [1982, 1983] added in V3 from the official EPA 1980-1983 historical dataset.",1,2
Chrysler,Town & Country,1983-1984; 1986; 1988-2017,1983,2017,Discontinued,Multiple Categories,United States,Yes,Original Source,Fully Verified,EPA FuelEconomy.gov Vehicle Fuel Economy Dataset,https://www.fueleconomy.gov/feg/epadata/vehicles.csv,NHTSA Product Information Catalog (vehicle products API),https://api.nhtsa.gov/products/vehicle/models?modelYear=1983&make=CHRYSLER&issueType=r,2026-07-15,"Non-contiguous confirmed model years reflect the verified records; gaps are preserved, not bridged.",2,2
Chrysler,Voyager,2000-2008; 2020-2026,2000,2026,Active,Minivan,United States,No,Added - Missing Model,Fully Verified,EPA FuelEconomy.gov Vehicle Fuel Economy Dataset,https://www.fueleconomy.gov/feg/epadata/vehicles.csv,NHTSA Product Information Catalog (vehicle products API),https://api.nhtsa.gov/products/vehicle/models?modelYear=2000&make=CHRYSLER&issueType=r,2026-07-15,"Non-contiguous confirmed model years reflect the verified records; gaps are preserved, not bridged.",2,2
Chrysler,tC BY,1989-1990,1989,1990,Discontinued,Passenger Car,United States,No,Added - Missing Model,Government Verified,EPA FuelEconomy.gov Vehicle Fuel Economy Dataset,https://www.fueleconomy.gov/feg/epadata/vehicles.csv,,,2026-07-15,,1,1
Chrysler,tC BY Maserati,1991,1991,1991,Discontinued,Passenger Car,United States,No,Added - Missing Model,Government Verified,EPA FuelEconomy.gov Vehicle Fuel Economy Dataset,https://www.fueleconomy.gov/feg/epadata/vehicles.csv,,,2026-07-15,,1,1
Daewoo,Kalos,2004,2004,2004,Discontinued,Passenger Car,United States,No,Added - Missing Make and Model,Government Verified,EPA FuelEconomy.gov Vehicle Fuel Economy Dataset,https://www.fueleconomy.gov/feg/epadata/vehicles.csv,,,2026-07-15,,1,1
Daewoo,Lacetti,2004,2004,2004,Discontinued,Passenger Car,United States,No,Added - Missing Make and Model,Government Verified,EPA FuelEconomy.gov Vehicle Fuel Economy Dataset,https://www.fueleconomy.gov/feg/epadata/vehicles.csv,,,2026-07-15,,1,1
Daewoo,Lanos,1998-2003,1998,2003,Discontinued,Passenger Car,United States,No,Added - Missing Make and Model,Fully Verified,EPA FuelEconomy.gov Vehicle Fuel Economy Dataset,https://www.fueleconomy.gov/feg/epadata/vehicles.csv,NHTSA Product Information Catalog (vehicle products API),https://api.nhtsa.gov/products/vehicle/models?modelYear=1998&make=DAEWOO&issueType=r,2026-07-15,,2,2
Daewoo,Leganza,1998-2002,1998,2002,Discontinued,Passenger Car,United States,No,Added - Missing Make and Model,Fully Verified,EPA FuelEconomy.gov Vehicle Fuel Economy Dataset,https://www.fueleconomy.gov/feg/epadata/vehicles.csv,NHTSA Product Information Catalog (vehicle products API),https://api.nhtsa.gov/products/vehicle/models?modelYear=1998&make=DAEWOO&issueType=r,2026-07-15,,2,2
Daewoo,Magnus,2004,2004,2004,Discontinued,Passenger Car,United States,No,Added - Missing Make and Model,Government Verified,EPA FuelEconomy.gov Vehicle Fuel Economy Dataset,https://www.fueleconomy.gov/feg/epadata/vehicles.csv,,,2026-07-15,,1,1
Daewoo,Nubira,1998-2003,1998,2003,Discontinued,Passenger Car,United States,No,Added - Missing Make and Model,Fully Verified,EPA FuelEconomy.gov Vehicle Fuel Economy Dataset,https://www.fueleconomy.gov/feg/epadata/vehicles.csv,NHTSA Product Information Catalog (vehicle products API),https://api.nhtsa.gov/products/vehicle/models?modelYear=1998&make=DAEWOO&issueType=r,2026-07-15,,2,2
Daewoo,Nubira Station,1999-2003,1999,2003,Discontinued,Passenger Car,United States,No,Added - Missing Make and Model,Government Verified,EPA FuelEconomy.gov Vehicle Fuel Economy Dataset,https://www.fueleconomy.gov/feg/epadata/vehicles.csv,,,2026-07-15,,1,1
Daihatsu,Charade,1988-1992,1988,1992,Discontinued,Passenger Car,United States,No,Added - Missing Make and Model,Fully Verified,EPA FuelEconomy.gov Vehicle Fuel Economy Dataset,https://www.fueleconomy.gov/feg/epadata/vehicles.csv,NHTSA Product Information Catalog (vehicle products API),https://api.nhtsa.gov/products/vehicle/models?modelYear=1988&make=DAIHATSU&issueType=r,2026-07-15,,2,2
Daihatsu,Charade E,1989,1989,1989,Discontinued,Passenger Car,United States,No,Added - Missing Make and Model,Government Verified,EPA FuelEconomy.gov Vehicle Fuel Economy Dataset,https://www.fueleconomy.gov/feg/epadata/vehicles.csv,,,2026-07-15,,1,1
Daihatsu,Rocky,1990-1992,1990,1992,Discontinued,SUV/Crossover,United States,No,Added - Missing Make and Model,Fully Verified,EPA FuelEconomy.gov Vehicle Fuel Economy Dataset,https://www.fueleconomy.gov/feg/epadata/vehicles.csv,NHTSA Product Information Catalog (vehicle products API),https://api.nhtsa.gov/products/vehicle/models?modelYear=1990&make=DAIHATSU&issueType=r,2026-07-15,,2,2
Datsun,280Z,1981-1982,1981,1982,Discontinued,Passenger Car,United States,No,Added - Missing Make and Model,Government Verified,NHTSA Product Information Catalog (vehicle products API),https://api.nhtsa.gov/products/vehicle/models?modelYear=1981&make=DATSUN&issueType=r,,,2026-07-15,Datsun brand era; renamed Nissan in 1984.,1,1
Datsun,Maxima,1982,1982,1982,Discontinued,Passenger Car,United States,No,Added - Missing Make and Model,Government Verified,NHTSA Product Information Catalog (vehicle products API),https://api.nhtsa.gov/products/vehicle/models?modelYear=1982&make=DATSUN&issueType=r,,,2026-07-15,Datsun brand era; renamed Nissan in 1984.,1,1
Datsun,Truck,1980,1980,1980,Discontinued,Passenger Car,United States,No,Added - Missing Make and Model,Government Verified,NHTSA Product Information Catalog (vehicle products API),https://api.nhtsa.gov/products/vehicle/models?modelYear=1980&make=DATSUN&issueType=r,,,2026-07-15,Datsun brand era; renamed Nissan in 1984.,1,1
Dodge,600,1983-1990,1983,1990,Discontinued,Passenger Car,United States,No,Added - Missing Model,Fully Verified,EPA FuelEconomy.gov Vehicle Fuel Economy Dataset,https://www.fueleconomy.gov/feg/epadata/vehicles.csv,NHTSA Product Information Catalog (vehicle products API),https://api.nhtsa.gov/products/vehicle/models?modelYear=1984&make=DODGE&issueType=r,2026-07-15,Model year(s) [1983] added in V3 from the official EPA 1980-1983 historical dataset.,2,3
Dodge,Aries,1981-1989,1981,1989,Discontinued,Passenger Car,United States,No,Added - Missing Model,Fully Verified,EPA FuelEconomy.gov Vehicle Fuel Economy Dataset,https://www.fueleconomy.gov/feg/epadata/vehicles.csv,NHTSA Product Information Catalog (vehicle products API),https://api.nhtsa.gov/products/vehicle/models?modelYear=1981&make=DODGE&issueType=r,2026-07-15,,2,3
Dodge,Avenger,1995-2000; 2007-2015,1995,2015,Discontinued,Passenger Car,United States,No,Added - Missing Model,Fully Verified,EPA FuelEconomy.gov Vehicle Fuel Economy Dataset,https://www.fueleconomy.gov/feg/epadata/vehicles.csv,NHTSA Product Information Catalog (vehicle products API),https://api.nhtsa.gov/products/vehicle/models?modelYear=1995&make=DODGE&issueType=r,2026-07-15,"Non-contiguous confirmed model years reflect the verified records; gaps are preserved, not bridged.",2,2
Dodge,CSX,1989,1989,1989,Discontinued,Passenger Car,United States,No,Added - Missing Model,Government Verified,EPA FuelEconomy.gov Vehicle Fuel Economy Dataset,https://www.fueleconomy.gov/feg/epadata/vehicles.csv,,,2026-07-15,,1,1
Dodge,Caliber,2006-2012,2006,2012,Discontinued,Passenger Car,United States,No,Added - Missing Model,Fully Verified,EPA FuelEconomy.gov Vehicle Fuel Economy Dataset,https://www.fueleconomy.gov/feg/epadata/vehicles.csv,NHTSA Product Information Catalog (vehicle products API),https://api.nhtsa.gov/products/vehicle/models?modelYear=2006&make=DODGE&issueType=r,2026-07-15,,2,2
Dodge,Caravan,1984-2009; 2011-2020,1984,2020,Discontinued,Multiple Categories,United States,No,Added - Missing Model,Fully Verified,EPA FuelEconomy.gov Vehicle Fuel Economy Dataset,https://www.fueleconomy.gov/feg/epadata/vehicles.csv,NHTSA Product Information Catalog (vehicle products API),https://api.nhtsa.gov/products/vehicle/models?modelYear=1984&make=DODGE&issueType=r,2026-07-15,"Non-contiguous confirmed model years reflect the verified records; gaps are preserved, not bridged.",2,2
Dodge,Challenger,1980-1983; 2008-2023,1980,2023,Discontinued,Passenger Car,United States,No,Added - Missing Model,Fully Verified,EPA FuelEconomy.gov Vehicle Fuel Economy Dataset,https://www.fueleconomy.gov/feg/epadata/vehicles.csv,NHTSA Product Information Catalog (vehicle products API),https://api.nhtsa.gov/products/vehicle/models?modelYear=1981&make=DODGE&issueType=r,2026-07-15,"Non-contiguous confirmed model years reflect the verified records; gaps are preserved, not bridged. Model year(s) [1980, 1982, 1983] added in V3 from the official EPA 1980-1983 historical dataset.",2,3
Dodge,Charger,1983-1987; 2001; 2006-2026,1983,2026,Active,Passenger Car,United States,Yes,Original Source,Fully Verified,EPA FuelEconomy.gov Vehicle Fuel Economy Dataset,https://www.fueleconomy.gov/feg/epadata/vehicles.csv,NHTSA Product Information Catalog (vehicle products API),https://api.nhtsa.gov/products/vehicle/models?modelYear=1984&make=DODGE&issueType=r,2026-07-15,"Non-contiguous confirmed model years reflect the verified records; gaps are preserved, not bridged. Model year(s) [1983] added in V3 from the official EPA 1980-1983 historical dataset.",2,3
Dodge,Colt,1980-1994; 1996,1980,1996,Discontinued,Multiple Categories,United States,No,Added - Missing Model,Fully Verified,EPA FuelEconomy.gov Vehicle Fuel Economy Dataset,https://www.fueleconomy.gov/feg/epadata/vehicles.csv,NHTSA Product Information Catalog (vehicle products API),https://api.nhtsa.gov/products/vehicle/models?modelYear=1982&make=DODGE&issueType=r,2026-07-15,"Non-contiguous confirmed model years reflect the verified records; gaps are preserved, not bridged. Model year(s) [1980, 1981, 1983] added in V3 from the official EPA 1980-1983 historical dataset.",2,3
Dodge,Colt Vista,1984-1992; 1994; 1998; 2001,1984,2001,Discontinued,Multiple Categories,United States,No,Added - Missing Model,Fully Verified,EPA FuelEconomy.gov Vehicle Fuel Economy Dataset,https://www.fueleconomy.gov/feg/epadata/vehicles.csv,NHTSA Product Information Catalog (vehicle products API),https://api.nhtsa.gov/products/vehicle/models?modelYear=1984&make=DODGE&issueType=r,2026-07-15,"Non-contiguous confirmed model years reflect the verified records; gaps are preserved, not bridged.",2,2
Dodge,Conquest,1984-1986,1984,1986,Discontinued,Passenger Car,United States,No,Added - Missing Model,Fully Verified,EPA FuelEconomy.gov Vehicle Fuel Economy Dataset,https://www.fueleconomy.gov/feg/epadata/vehicles.csv,NHTSA Product Information Catalog (vehicle products API),https://api.nhtsa.gov/products/vehicle/models?modelYear=1984&make=DODGE&issueType=r,2026-07-15,,2,2
Dodge,Dakota,1985-2011,1985,2011,Discontinued,Multiple Categories,United States,Yes,Existing Standardized Catalog,Fully Verified,EPA FuelEconomy.gov Vehicle Fuel Economy Dataset,https://www.fueleconomy.gov/feg/epadata/vehicles.csv,NHTSA Product Information Catalog (vehicle products API),https://api.nhtsa.gov/products/vehicle/models?modelYear=1985&make=DODGE&issueType=r,2026-07-15,,2,2
Dodge,Dart,2013-2016,2013,2016,Discontinued,Passenger Car,United States,No,Added - Missing Model,Fully Verified,EPA FuelEconomy.gov Vehicle Fuel Economy Dataset,https://www.fueleconomy.gov/feg/epadata/vehicles.csv,NHTSA Product Information Catalog (vehicle products API),https://api.nhtsa.gov/products/vehicle/models?modelYear=2013&make=DODGE&issueType=r,2026-07-15,,2,2
Dodge,Daytona,1984-1993,1984,1993,Discontinued,Passenger Car,United States,No,Added - Missing Model,Fully Verified,EPA FuelEconomy.gov Vehicle Fuel Economy Dataset,https://www.fueleconomy.gov/feg/epadata/vehicles.csv,NHTSA Product Information Catalog (vehicle products API),https://api.nhtsa.gov/products/vehicle/models?modelYear=1984&make=DODGE&issueType=r,2026-07-15,,2,2
Dodge,Diplomat,1980-1989,1980,1989,Discontinued,Passenger Car,United States,No,Added - Missing Model,Fully Verified,EPA FuelEconomy.gov Vehicle Fuel Economy Dataset,https://www.fueleconomy.gov/feg/epadata/vehicles.csv,NHTSA Product Information Catalog (vehicle products API),https://api.nhtsa.gov/products/vehicle/models?modelYear=1984&make=DODGE&issueType=r,2026-07-15,"Model year(s) [1980, 1981, 1982, 1983] added in V3 from the official EPA 1980-1983 historical dataset.",2,3
Dodge,Durango,1997-2009; 2011-2026,1997,2026,Active,SUV/Crossover,United States,Yes,Original Source,Fully Verified,EPA FuelEconomy.gov Vehicle Fuel Economy Dataset,https://www.fueleconomy.gov/feg/epadata/vehicles.csv,NHTSA Product Information Catalog (vehicle products API),https://api.nhtsa.gov/products/vehicle/models?modelYear=1997&make=DODGE&issueType=r,2026-07-15,"Non-contiguous confirmed model years reflect the verified records; gaps are preserved, not bridged.",2,2
Dodge,Dynasty,1988-1995; 1997,1988,1997,Discontinued,Passenger Car,United States,No,Added - Missing Model,Fully Verified,EPA FuelEconomy.gov Vehicle Fuel Economy Dataset,https://www.fueleconomy.gov/feg/epadata/vehicles.csv,NHTSA Product Information Catalog (vehicle products API),https://api.nhtsa.gov/products/vehicle/models?modelYear=1988&make=DODGE&issueType=r,2026-07-15,"Non-contiguous confirmed model years reflect the verified records; gaps are preserved, not bridged.",2,2
Dodge,Grand Caravan,1985; 1987-2020,1985,2020,Discontinued,Minivan,United States,Yes,Original Source,Fully Verified,EPA FuelEconomy.gov Vehicle Fuel Economy Dataset,https://www.fueleconomy.gov/feg/epadata/vehicles.csv,NHTSA Product Information Catalog (vehicle products API),https://api.nhtsa.gov/products/vehicle/models?modelYear=1985&make=DODGE&issueType=r,2026-07-15,"Non-contiguous confirmed model years reflect the verified records; gaps are preserved, not bridged.",2,2
Dodge,Hornet,2023-2025,2023,2025,Active,SUV/Crossover,United States,No,Added - Missing Model,Fully Verified,EPA FuelEconomy.gov Vehicle Fuel Economy Dataset,https://www.fueleconomy.gov/feg/epadata/vehicles.csv,NHTSA Product Information Catalog (vehicle products API),https://api.nhtsa.gov/products/vehicle/models?modelYear=2023&make=DODGE&issueType=r,2026-07-15,,2,2
Dodge,Intrepid,1987-1988; 1992-2004,1987,2004,Discontinued,Passenger Car,United States,No,Added - Missing Model,Fully Verified,EPA FuelEconomy.gov Vehicle Fuel Economy Dataset,https://www.fueleconomy.gov/feg/epadata/vehicles.csv,NHTSA Product Information Catalog (vehicle products API),https://api.nhtsa.gov/products/vehicle/models?modelYear=1987&make=DODGE&issueType=r,2026-07-15,"Non-contiguous confirmed model years reflect the verified records; gaps are preserved, not bridged.",2,2
Dodge,Journey,2007-2020,2007,2020,Discontinued,SUV/Crossover,United States,Yes,Original Source,Fully Verified,EPA FuelEconomy.gov Vehicle Fuel Economy Dataset,https://www.fueleconomy.gov/feg/epadata/vehicles.csv,NHTSA Product Information Catalog (vehicle products API),https://api.nhtsa.gov/products/vehicle/models?modelYear=2007&make=DODGE&issueType=r,2026-07-15,,2,2
Dodge,Lancer,1985-1989; 1995; 2001-2002,1985,2002,Discontinued,Passenger Car,United States,No,Added - Missing Model,Fully Verified,EPA FuelEconomy.gov Vehicle Fuel Economy Dataset,https://www.fueleconomy.gov/feg/epadata/vehicles.csv,NHTSA Product Information Catalog (vehicle products API),https://api.nhtsa.gov/products/vehicle/models?modelYear=1985&make=DODGE&issueType=r,2026-07-15,"Non-contiguous confirmed model years reflect the verified records; gaps are preserved, not bridged.",2,2
Dodge,Magnum,2003; 2005-2009,2003,2009,Discontinued,SUV/Crossover,United States,Yes,Original Source,Fully Verified,EPA FuelEconomy.gov Vehicle Fuel Economy Dataset,https://www.fueleconomy.gov/feg/epadata/vehicles.csv,NHTSA Product Information Catalog (vehicle products API),https://api.nhtsa.gov/products/vehicle/models?modelYear=2003&make=DODGE&issueType=r,2026-07-15,"Non-contiguous confirmed model years reflect the verified records; gaps are preserved, not bridged.",2,2
Dodge,Monaco,1990-1992,1990,1992,Discontinued,Passenger Car,United States,No,Added - Missing Model,Fully Verified,EPA FuelEconomy.gov Vehicle Fuel Economy Dataset,https://www.fueleconomy.gov/feg/epadata/vehicles.csv,NHTSA Product Information Catalog (vehicle products API),https://api.nhtsa.gov/products/vehicle/models?modelYear=1990&make=DODGE&issueType=r,2026-07-15,,2,2
Dodge,Neon,1993-2005,1993,2005,Discontinued,Passenger Car,United States,No,Added - Missing Model,Fully Verified,EPA FuelEconomy.gov Vehicle Fuel Economy Dataset,https://www.fueleconomy.gov/feg/epadata/vehicles.csv,NHTSA Product Information Catalog (vehicle products API),https://api.nhtsa.gov/products/vehicle/models?modelYear=1993&make=DODGE&issueType=r,2026-07-15,,2,2
Dodge,Nitro,2005; 2007-2012,2005,2012,Discontinued,SUV/Crossover,United States,No,Added - Missing Model,Fully Verified,EPA FuelEconomy.gov Vehicle Fuel Economy Dataset,https://www.fueleconomy.gov/feg/epadata/vehicles.csv,NHTSA Product Information Catalog (vehicle products API),https://api.nhtsa.gov/products/vehicle/models?modelYear=2005&make=DODGE&issueType=r,2026-07-15,"Non-contiguous confirmed model years reflect the verified records; gaps are preserved, not bridged.",2,2
Dodge,Omni,1980-1990,1980,1990,Discontinued,Passenger Car,United States,No,Added - Missing Model,Fully Verified,EPA FuelEconomy.gov Vehicle Fuel Economy Dataset,https://www.fueleconomy.gov/feg/epadata/vehicles.csv,NHTSA Product Information Catalog (vehicle products API),https://api.nhtsa.gov/products/vehicle/models?modelYear=1984&make=DODGE&issueType=r,2026-07-15,"Model year(s) [1980, 1981, 1982, 1983] added in V3 from the official EPA 1980-1983 historical dataset.",2,3
Dodge,Raider,1986-1990,1986,1990,Discontinued,SUV/Crossover,United States,No,Added - Missing Model,Fully Verified,EPA FuelEconomy.gov Vehicle Fuel Economy Dataset,https://www.fueleconomy.gov/feg/epadata/vehicles.csv,NHTSA Product Information Catalog (vehicle products API),https://api.nhtsa.gov/products/vehicle/models?modelYear=1986&make=DODGE&issueType=r,2026-07-15,,2,2
Dodge,Ram 150-350 (D/W Series),1980-1995,1980,1995,Discontinued,Multiple Categories,United States,No,Added - Missing Model,Fully Verified,EPA FuelEconomy.gov Vehicle Fuel Economy Dataset,https://www.fueleconomy.gov/feg/epadata/vehicles.csv,NHTSA Product Information Catalog (vehicle products API),https://api.nhtsa.gov/products/vehicle/models?modelYear=1981&make=DODGE&issueType=r,2026-07-15,"Non-contiguous confirmed model years reflect the verified records; gaps are preserved, not bridged. Dodge-era Ram truck (Ram became a standalone brand for MY2011). Model year(s) [1980, 1982] added in V3 from the official EPA 1980-1983 historical dataset.",2,3
Dodge,Ram 1500,1991; 1994-2010,1991,2010,Discontinued,Pickup Truck,United States,Yes,Original Source,Fully Verified,EPA FuelEconomy.gov Vehicle Fuel Economy Dataset,https://www.fueleconomy.gov/feg/epadata/vehicles.csv,NHTSA Product Information Catalog (vehicle products API),https://api.nhtsa.gov/products/vehicle/models?modelYear=1991&make=DODGE&issueType=r,2026-07-15,"Non-contiguous confirmed model years reflect the verified records; gaps are preserved, not bridged. Dodge-era Ram truck (Ram became a standalone brand for MY2011).",2,2
Dodge,Ram 2500,1991; 1994-1996; 1998-2000; 2002-2010,1991,2010,Discontinued,Pickup Truck,United States,Yes,Original Source,Fully Verified,EPA FuelEconomy.gov Vehicle Fuel Economy Dataset,https://www.fueleconomy.gov/feg/epadata/vehicles.csv,NHTSA Product Information Catalog (vehicle products API),https://api.nhtsa.gov/products/vehicle/models?modelYear=1991&make=DODGE&issueType=r,2026-07-15,"Non-contiguous confirmed model years reflect the verified records; gaps are preserved, not bridged. Dodge-era Ram truck (Ram became a standalone brand for MY2011).",2,2
Dodge,Ram 3500,1991-1996; 1998-2000; 2002-2010,1991,2010,Discontinued,Pickup Truck,United States,Yes,Original Source,Government Verified,NHTSA Product Information Catalog (vehicle products API),https://api.nhtsa.gov/products/vehicle/models?modelYear=1991&make=DODGE&issueType=r,,,2026-07-15,"Non-contiguous confirmed model years reflect the verified records; gaps are preserved, not bridged. Dodge-era Ram truck (Ram became a standalone brand for MY2011).",1,1
Dodge,Ram 50,1980-1993,1980,1993,Discontinued,Pickup Truck,United States,No,Added - Missing Model,Fully Verified,EPA FuelEconomy.gov Vehicle Fuel Economy Dataset,https://www.fueleconomy.gov/feg/epadata/vehicles.csv,NHTSA Product Information Catalog (vehicle products API),https://api.nhtsa.gov/products/vehicle/models?modelYear=1984&make=DODGE&issueType=r,2026-07-15,"Dodge-era Ram truck (Ram became a standalone brand for MY2011). Model year(s) [1980, 1981, 1982, 1983] added in V3 from the official EPA 1980-1983 historical dataset.",2,3
Dodge,Ram Van,1981-2003,1981,2003,Discontinued,Van,United States,No,Added - Missing Model,Fully Verified,EPA FuelEconomy.gov Vehicle Fuel Economy Dataset,https://www.fueleconomy.gov/feg/epadata/vehicles.csv,NHTSA Product Information Catalog (vehicle products API),https://api.nhtsa.gov/products/vehicle/models?modelYear=1981&make=DODGE&issueType=r,2026-07-15,"Non-contiguous confirmed model years reflect the verified records; gaps are preserved, not bridged. Dodge-era Ram truck (Ram became a standalone brand for MY2011). Model year(s) [1983] added in V3 from the official EPA 1980-1983 historical dataset.",2,3
Dodge,Ram Wagon,1991; 1995-1996; 1998-2003,1991,2003,Discontinued,Van,United States,No,Added - Missing Model,Fully Verified,EPA FuelEconomy.gov Vehicle Fuel Economy Dataset,https://www.fueleconomy.gov/feg/epadata/vehicles.csv,NHTSA Product Information Catalog (vehicle products API),https://api.nhtsa.gov/products/vehicle/models?modelYear=1991&make=DODGE&issueType=r,2026-07-15,"Non-contiguous confirmed model years reflect the verified records; gaps are preserved, not bridged. Dodge-era Ram truck (Ram became a standalone brand for MY2011).",2,2
Dodge,Ramcharger,1980-1993,1980,1993,Discontinued,SUV/Crossover,United States,No,Added - Missing Model,Fully Verified,EPA FuelEconomy.gov Vehicle Fuel Economy Dataset,https://www.fueleconomy.gov/feg/epadata/vehicles.csv,NHTSA Product Information Catalog (vehicle products API),https://api.nhtsa.gov/products/vehicle/models?modelYear=1981&make=DODGE&issueType=r,2026-07-15,"Non-contiguous confirmed model years reflect the verified records; gaps are preserved, not bridged. Dodge-era Ram truck (Ram became a standalone brand for MY2011). Model year(s) [1980, 1982, 1983] added in V3 from the official EPA 1980-1983 historical dataset.",2,3
Dodge,Rampage,1982-1984,1982,1984,Discontinued,Pickup Truck,United States,No,Added - Missing Model,Fully Verified,EPA FuelEconomy.gov Vehicle Fuel Economy Dataset,https://www.fueleconomy.gov/feg/epadata/vehicles.csv,NHTSA Product Information Catalog (vehicle products API),https://api.nhtsa.gov/products/vehicle/models?modelYear=1984&make=DODGE&issueType=r,2026-07-15,"Dodge-era Ram truck (Ram became a standalone brand for MY2011). Model year(s) [1982, 1983] added in V3 from the official EPA 1980-1983 historical dataset.",2,3
Dodge,SRT-4,2005,2005,2005,Discontinued,Passenger Car,United States,No,Added - Missing Model,Government Verified,NHTSA Product Information Catalog (vehicle products API),https://api.nhtsa.gov/products/vehicle/models?modelYear=2005&make=DODGE&issueType=r,,,2026-07-15,,1,1
Dodge,Shadow,1986-1995; 1997-1999,1986,1999,Discontinued,Passenger Car,United States,No,Added - Missing Model,Fully Verified,EPA FuelEconomy.gov Vehicle Fuel Economy Dataset,https://www.fueleconomy.gov/feg/epadata/vehicles.csv,NHTSA Product Information Catalog (vehicle products API),https://api.nhtsa.gov/products/vehicle/models?modelYear=1986&make=DODGE&issueType=r,2026-07-15,"Non-contiguous confirmed model years reflect the verified records; gaps are preserved, not bridged.",2,2
Dodge,Spirit,1989-1995; 1998; 2002,1989,2002,Discontinued,Passenger Car,United States,No,Added - Missing Model,Fully Verified,EPA FuelEconomy.gov Vehicle Fuel Economy Dataset,https://www.fueleconomy.gov/feg/epadata/vehicles.csv,NHTSA Product Information Catalog (vehicle products API),https://api.nhtsa.gov/products/vehicle/models?modelYear=1989&make=DODGE&issueType=r,2026-07-15,"Non-contiguous confirmed model years reflect the verified records; gaps are preserved, not bridged.",2,2
Dodge,Sprinter,2001; 2003-2009; 2012-2013,2001,2013,Discontinued,Van,United States,No,Added - Missing Model,Government Verified,NHTSA Product Information Catalog (vehicle products API),https://api.nhtsa.gov/products/vehicle/models?modelYear=2001&make=DODGE&issueType=r,NHTSA vPIC (VIN product data),https://vpic.nhtsa.dot.gov/api/vehicles/GetModelsForMake/Dodge?format=json,2026-07-15,"Non-contiguous confirmed model years reflect the verified records; gaps are preserved, not bridged. Upgraded to Fully Verified in V2: independently confirmed by NHTSA vPIC product data. V3 source-status correction: confirmation came from two NHTSA datasets (Recall + vPIC), which is cross-dataset confirmation within one organization, not independent multi-source verification.",1,2
Dodge,Stealth,1991-1997,1991,1997,Discontinued,Passenger Car,United States,No,Added - Missing Model,Fully Verified,EPA FuelEconomy.gov Vehicle Fuel Economy Dataset,https://www.fueleconomy.gov/feg/epadata/vehicles.csv,NHTSA Product Information Catalog (vehicle products API),https://api.nhtsa.gov/products/vehicle/models?modelYear=1991&make=DODGE&issueType=r,2026-07-15,,2,2
Dodge,Stratus,1992; 1995-2007,1992,2007,Discontinued,Passenger Car,United States,No,Added - Missing Model,Fully Verified,EPA FuelEconomy.gov Vehicle Fuel Economy Dataset,https://www.fueleconomy.gov/feg/epadata/vehicles.csv,NHTSA Product Information Catalog (vehicle products API),https://api.nhtsa.gov/products/vehicle/models?modelYear=1992&make=DODGE&issueType=r,2026-07-15,"Non-contiguous confirmed model years reflect the verified records; gaps are preserved, not bridged.",2,2
Dodge,Viper,1992-2006; 2008-2010; 2013-2017,1992,2017,Discontinued,Passenger Car,United States,No,Added - Missing Model,Fully Verified,EPA FuelEconomy.gov Vehicle Fuel Economy Dataset,https://www.fueleconomy.gov/feg/epadata/vehicles.csv,NHTSA Product Information Catalog (vehicle products API),https://api.nhtsa.gov/products/vehicle/models?modelYear=1992&make=DODGE&issueType=r,2026-07-15,"Non-contiguous confirmed model years reflect the verified records; gaps are preserved, not bridged.",2,2
Eagle,Medallion,1988-1989,1988,1989,Discontinued,Passenger Car,United States,No,Added - Missing Make and Model,Fully Verified,EPA FuelEconomy.gov Vehicle Fuel Economy Dataset,https://www.fueleconomy.gov/feg/epadata/vehicles.csv,NHTSA Product Information Catalog (vehicle products API),https://api.nhtsa.gov/products/vehicle/models?modelYear=1988&make=EAGLE&issueType=r,2026-07-15,,2,2
Eagle,Premier,1988-1992; 1994,1988,1994,Discontinued,Passenger Car,United States,No,Added - Missing Make and Model,Fully Verified,EPA FuelEconomy.gov Vehicle Fuel Economy Dataset,https://www.fueleconomy.gov/feg/epadata/vehicles.csv,NHTSA Product Information Catalog (vehicle products API),https://api.nhtsa.gov/products/vehicle/models?modelYear=1988&make=EAGLE&issueType=r,2026-07-15,"Non-contiguous confirmed model years reflect the verified records; gaps are preserved, not bridged.",2,2
Eagle,Renault Medallion,1988,1988,1988,Discontinued,Passenger Car,United States,No,Added - Missing Make and Model,Government Verified,EPA FuelEconomy.gov Vehicle Fuel Economy Dataset,https://www.fueleconomy.gov/feg/epadata/vehicles.csv,,,2026-07-15,,1,1
Eagle,Summit,1989-1996,1989,1996,Discontinued,Passenger Car,United States,No,Added - Missing Make and Model,Fully Verified,EPA FuelEconomy.gov Vehicle Fuel Economy Dataset,https://www.fueleconomy.gov/feg/epadata/vehicles.csv,NHTSA Product Information Catalog (vehicle products API),https://api.nhtsa.gov/products/vehicle/models?modelYear=1989&make=EAGLE&issueType=r,2026-07-15,,2,2
Eagle,Talon,1990-1998,1990,1998,Discontinued,Passenger Car,United States,No,Added - Missing Make and Model,Fully Verified,EPA FuelEconomy.gov Vehicle Fuel Economy Dataset,https://www.fueleconomy.gov/feg/epadata/vehicles.csv,NHTSA Product Information Catalog (vehicle products API),https://api.nhtsa.gov/products/vehicle/models?modelYear=1990&make=EAGLE&issueType=r,2026-07-15,,2,2
Eagle,Vision,1992-1997,1992,1997,Discontinued,Passenger Car,United States,No,Added - Missing Make and Model,Fully Verified,EPA FuelEconomy.gov Vehicle Fuel Economy Dataset,https://www.fueleconomy.gov/feg/epadata/vehicles.csv,NHTSA Product Information Catalog (vehicle products API),https://api.nhtsa.gov/products/vehicle/models?modelYear=1992&make=EAGLE&issueType=r,2026-07-15,,2,2
Eagle,Wagon,1988,1988,1988,Discontinued,SUV/Crossover,United States,No,Added - Missing Make and Model,Government Verified,EPA FuelEconomy.gov Vehicle Fuel Economy Dataset,https://www.fueleconomy.gov/feg/epadata/vehicles.csv,,,2026-07-15,,1,1
Ferrari,12CILINDRI,2026,2026,2026,Active,Passenger Car,United States,No,Added - Missing Make and Model,Fully Verified,EPA FuelEconomy.gov Vehicle Fuel Economy Dataset,https://www.fueleconomy.gov/feg/epadata/vehicles.csv,NHTSA vPIC (VIN product data),https://vpic.nhtsa.dot.gov/api/vehicles/GetModelsForMake/Ferrari?format=json,2026-07-15,Upgraded to Fully Verified in V2: independently confirmed by NHTSA vPIC product data.,2,2
Ferrari,296,2022-2023; 2025-2026,2022,2026,Active,Passenger Car,United States,No,Added - Missing Make and Model,Fully Verified,EPA FuelEconomy.gov Vehicle Fuel Economy Dataset,https://www.fueleconomy.gov/feg/epadata/vehicles.csv,NHTSA vPIC (VIN product data),https://vpic.nhtsa.dot.gov/api/vehicles/GetModelsForMake/Ferrari?format=json,2026-07-15,"Non-contiguous confirmed model years reflect the verified records; gaps are preserved, not bridged. Upgraded to Fully Verified in V2: independently confirmed by NHTSA vPIC product data.",2,2
Ferrari,296 GTS,2025-2026,2025,2026,Active,Passenger Car,United States,No,Added - Missing Make and Model,Government Verified,EPA FuelEconomy.gov Vehicle Fuel Economy Dataset,https://www.fueleconomy.gov/feg/epadata/vehicles.csv,,,2026-07-15,,1,1
Ferrari,296 Speciale,2026,2026,2026,Active,Passenger Car,United States,No,Added - Missing Make and Model,Fully Verified,EPA FuelEconomy.gov Vehicle Fuel Economy Dataset,https://www.fueleconomy.gov/feg/epadata/vehicles.csv,NHTSA vPIC (VIN product data),https://vpic.nhtsa.dot.gov/api/vehicles/GetModelsForMake/Ferrari?format=json,2026-07-15,Upgraded to Fully Verified in V2: independently confirmed by NHTSA vPIC product data.,2,2
Ferrari,296 Speciale A,2026,2026,2026,Active,Passenger Car,United States,No,Added - Missing Make and Model,Fully Verified,EPA FuelEconomy.gov Vehicle Fuel Economy Dataset,https://www.fueleconomy.gov/feg/epadata/vehicles.csv,NHTSA vPIC (VIN product data),https://vpic.nhtsa.dot.gov/api/vehicles/GetModelsForMake/Ferrari?format=json,2026-07-15,Upgraded to Fully Verified in V2: independently confirmed by NHTSA vPIC product data.,2,2
Ferrari,3.2 Mondial,1987-1989,1987,1989,Discontinued,Passenger Car,United States,No,Added - Missing Make and Model,Fully Verified,EPA FuelEconomy.gov Vehicle Fuel Economy Dataset,https://www.fueleconomy.gov/feg/epadata/vehicles.csv,NHTSA vPIC (VIN product data),https://vpic.nhtsa.dot.gov/api/vehicles/GetModelsForMake/Ferrari?format=json,2026-07-15,Upgraded to Fully Verified in V2: independently confirmed by NHTSA vPIC product data.,2,2
Ferrari,308,1980-1983; 1985,1980,1985,Discontinued,Passenger Car,United States,No,Added - Missing Make and Model,Fully Verified,EPA FuelEconomy.gov Vehicle Fuel Economy Dataset,https://www.fueleconomy.gov/feg/epadata/vehicles.csv,NHTSA vPIC (VIN product data),https://vpic.nhtsa.dot.gov/api/vehicles/GetModelsForMake/Ferrari?format=json,2026-07-15,"Upgraded to Fully Verified in V2: independently confirmed by NHTSA vPIC product data. Model year(s) [1980, 1981, 1982, 1983] added in V3 from the official EPA 1980-1983 historical dataset.",2,3
Ferrari,328 GTS,1986-1989,1986,1989,Discontinued,Passenger Car,United States,No,Added - Missing Make and Model,Fully Verified,EPA FuelEconomy.gov Vehicle Fuel Economy Dataset,https://www.fueleconomy.gov/feg/epadata/vehicles.csv,NHTSA vPIC (VIN product data),https://vpic.nhtsa.dot.gov/api/vehicles/GetModelsForMake/Ferrari?format=json,2026-07-15,Upgraded to Fully Verified in V2: independently confirmed by NHTSA vPIC product data.,2,2
Ferrari,348 TB,1989-1995,1989,1995,Discontinued,Passenger Car,United States,No,Added - Missing Make and Model,Fully Verified,EPA FuelEconomy.gov Vehicle Fuel Economy Dataset,https://www.fueleconomy.gov/feg/epadata/vehicles.csv,NHTSA Product Information Catalog (vehicle products API),https://api.nhtsa.gov/products/vehicle/models?modelYear=1989&make=FERRARI&issueType=r,2026-07-15,,2,2
Ferrari,355 F1,1998-1999,1998,1999,Discontinued,Passenger Car,United States,No,Added - Missing Make and Model,Government Verified,EPA FuelEconomy.gov Vehicle Fuel Economy Dataset,https://www.fueleconomy.gov/feg/epadata/vehicles.csv,,,2026-07-15,,1,1
Ferrari,360 Modena,1999-2005,1999,2005,Discontinued,Passenger Car,United States,No,Added - Missing Make and Model,Fully Verified,EPA FuelEconomy.gov Vehicle Fuel Economy Dataset,https://www.fueleconomy.gov/feg/epadata/vehicles.csv,NHTSA Product Information Catalog (vehicle products API),https://api.nhtsa.gov/products/vehicle/models?modelYear=1999&make=FERRARI&issueType=r,2026-07-15,,2,2
Ferrari,456,1995; 1997-1998,1995,1998,Discontinued,Passenger Car,United States,No,Added - Missing Make and Model,Fully Verified,EPA FuelEconomy.gov Vehicle Fuel Economy Dataset,https://www.fueleconomy.gov/feg/epadata/vehicles.csv,NHTSA vPIC (VIN product data),https://vpic.nhtsa.dot.gov/api/vehicles/GetModelsForMake/Ferrari?format=json,2026-07-15,"Non-contiguous confirmed model years reflect the verified records; gaps are preserved, not bridged. Upgraded to Fully Verified in V2: independently confirmed by NHTSA vPIC product data.",2,2
Ferrari,456 MGT,1999-2003,1999,2003,Discontinued,Passenger Car,United States,No,Added - Missing Make and Model,Government Verified,EPA FuelEconomy.gov Vehicle Fuel Economy Dataset,https://www.fueleconomy.gov/feg/epadata/vehicles.csv,,,2026-07-15,,1,1
Ferrari,458,2012-2015,2012,2015,Discontinued,Passenger Car,United States,No,Added - Missing Make and Model,Fully Verified,EPA FuelEconomy.gov Vehicle Fuel Economy Dataset,https://www.fueleconomy.gov/feg/epadata/vehicles.csv,NHTSA Product Information Catalog (vehicle products API),https://api.nhtsa.gov/products/vehicle/models?modelYear=2012&make=FERRARI&issueType=r,2026-07-15,,2,2
Ferrari,458 Italia,2010-2015,2010,2015,Discontinued,Passenger Car,United States,No,Added - Missing Make and Model,Fully Verified,EPA FuelEconomy.gov Vehicle Fuel Economy Dataset,https://www.fueleconomy.gov/feg/epadata/vehicles.csv,NHTSA Product Information Catalog (vehicle products API),https://api.nhtsa.gov/products/vehicle/models?modelYear=2010&make=FERRARI&issueType=r,2026-07-15,,2,2
Ferrari,458 Speciale,2014-2015,2014,2015,Discontinued,Passenger Car,United States,No,Added - Missing Make and Model,Fully Verified,EPA FuelEconomy.gov Vehicle Fuel Economy Dataset,https://www.fueleconomy.gov/feg/epadata/vehicles.csv,NHTSA Product Information Catalog (vehicle products API),https://api.nhtsa.gov/products/vehicle/models?modelYear=2014&make=FERRARI&issueType=r,2026-07-15,,2,2
Ferrari,488,2016-2019,2016,2019,Discontinued,Passenger Car,United States,No,Added - Missing Make and Model,Fully Verified,EPA FuelEconomy.gov Vehicle Fuel Economy Dataset,https://www.fueleconomy.gov/feg/epadata/vehicles.csv,NHTSA Product Information Catalog (vehicle products API),https://api.nhtsa.gov/products/vehicle/models?modelYear=2016&make=FERRARI&issueType=r,2026-07-15,,2,2
Ferrari,488 Pista,2019-2020,2019,2020,Discontinued,Passenger Car,United States,No,Added - Missing Make and Model,Government Verified,EPA FuelEconomy.gov Vehicle Fuel Economy Dataset,https://www.fueleconomy.gov/feg/epadata/vehicles.csv,,,2026-07-15,,1,1
Ferrari,512 TR,1993-1994,1993,1994,Discontinued,Passenger Car,United States,No,Added - Missing Make and Model,Fully Verified,EPA FuelEconomy.gov Vehicle Fuel Economy Dataset,https://www.fueleconomy.gov/feg/epadata/vehicles.csv,NHTSA vPIC (VIN product data),https://vpic.nhtsa.dot.gov/api/vehicles/GetModelsForMake/Ferrari?format=json,2026-07-15,Upgraded to Fully Verified in V2: independently confirmed by NHTSA vPIC product data.,2,2
Ferrari,550 Maranello,1998-2001,1998,2001,Discontinued,Passenger Car,United States,No,Added - Missing Make and Model,Fully Verified,EPA FuelEconomy.gov Vehicle Fuel Economy Dataset,https://www.fueleconomy.gov/feg/epadata/vehicles.csv,NHTSA Product Information Catalog (vehicle products API),https://api.nhtsa.gov/products/vehicle/models?modelYear=1998&make=FERRARI&issueType=r,2026-07-15,,2,2
Ferrari,575,2002,2002,2002,Discontinued,Passenger Car,United States,No,Added - Missing Make and Model,Government Verified,EPA FuelEconomy.gov Vehicle Fuel Economy Dataset,https://www.fueleconomy.gov/feg/epadata/vehicles.csv,,,2026-07-15,,1,1
Ferrari,575 M Maranello,2003-2004,2003,2004,Discontinued,Passenger Car,United States,No,Added - Missing Make and Model,Fully Verified,EPA FuelEconomy.gov Vehicle Fuel Economy Dataset,https://www.fueleconomy.gov/feg/epadata/vehicles.csv,NHTSA vPIC (VIN product data),https://vpic.nhtsa.dot.gov/api/vehicles/GetModelsForMake/Ferrari?format=json,2026-07-15,Upgraded to Fully Verified in V2: independently confirmed by NHTSA vPIC product data.,2,2
Ferrari,575 M Maranello & Superamerica,2005,2005,2005,Discontinued,Passenger Car,United States,No,Added - Missing Make and Model,Government Verified,EPA FuelEconomy.gov Vehicle Fuel Economy Dataset,https://www.fueleconomy.gov/feg/epadata/vehicles.csv,,,2026-07-15,,1,1
Ferrari,599,2007,2007,2007,Discontinued,Passenger Car,United States,No,Added - Missing Make and Model,Fully Verified,EPA FuelEconomy.gov Vehicle Fuel Economy Dataset,https://www.fueleconomy.gov/feg/epadata/vehicles.csv,NHTSA vPIC (VIN product data),https://vpic.nhtsa.dot.gov/api/vehicles/GetModelsForMake/Ferrari?format=json,2026-07-15,Upgraded to Fully Verified in V2: independently confirmed by NHTSA vPIC product data.,2,2
Ferrari,599 GTB Fiorano,2008-2011,2008,2011,Discontinued,Passenger Car,United States,No,Added - Missing Make and Model,Fully Verified,EPA FuelEconomy.gov Vehicle Fuel Economy Dataset,https://www.fueleconomy.gov/feg/epadata/vehicles.csv,NHTSA vPIC (VIN product data),https://vpic.nhtsa.dot.gov/api/vehicles/GetModelsForMake/Ferrari?format=json,2026-07-15,Upgraded to Fully Verified in V2: independently confirmed by NHTSA vPIC product data.,2,2
Ferrari,599 GTO,2011,2011,2011,Discontinued,Passenger Car,United States,No,Added - Missing Make and Model,Government Verified,EPA FuelEconomy.gov Vehicle Fuel Economy Dataset,https://www.fueleconomy.gov/feg/epadata/vehicles.csv,,,2026-07-15,,1,1
Ferrari,599 SA Aperta,2011,2011,2011,Discontinued,Passenger Car,United States,No,Added - Missing Make and Model,Government Verified,EPA FuelEconomy.gov Vehicle Fuel Economy Dataset,https://www.fueleconomy.gov/feg/epadata/vehicles.csv,,,2026-07-15,,1,1
Ferrari,612 Scaglietti,2005-2011,2005,2011,Discontinued,Passenger Car,United States,No,Added - Missing Make and Model,Fully Verified,EPA FuelEconomy.gov Vehicle Fuel Economy Dataset,https://www.fueleconomy.gov/feg/epadata/vehicles.csv,NHTSA vPIC (VIN product data),https://vpic.nhtsa.dot.gov/api/vehicles/GetModelsForMake/Ferrari?format=json,2026-07-15,Upgraded to Fully Verified in V2: independently confirmed by NHTSA vPIC product data.,2,2
Ferrari,812 Competizione,2022-2024,2022,2024,Discontinued,Passenger Car,United States,No,Added - Missing Make and Model,Government Verified,EPA FuelEconomy.gov Vehicle Fuel Economy Dataset,https://www.fueleconomy.gov/feg/epadata/vehicles.csv,,,2026-07-15,,1,1
Ferrari,812 Competizione A,2023-2024,2023,2024,Discontinued,Passenger Car,United States,No,Added - Missing Make and Model,Government Verified,EPA FuelEconomy.gov Vehicle Fuel Economy Dataset,https://www.fueleconomy.gov/feg/epadata/vehicles.csv,,,2026-07-15,,1,1
Ferrari,812 GTS,2021-2023,2021,2023,Discontinued,Passenger Car,United States,No,Added - Missing Make and Model,Government Verified,EPA FuelEconomy.gov Vehicle Fuel Economy Dataset,https://www.fueleconomy.gov/feg/epadata/vehicles.csv,,,2026-07-15,,1,1
Ferrari,812 Superfast,2018-2021,2018,2021,Discontinued,Passenger Car,United States,No,Added - Missing Make and Model,Fully Verified,EPA FuelEconomy.gov Vehicle Fuel Economy Dataset,https://www.fueleconomy.gov/feg/epadata/vehicles.csv,NHTSA Product Information Catalog (vehicle products API),https://api.nhtsa.gov/products/vehicle/models?modelYear=2018&make=FERRARI&issueType=r,2026-07-15,,2,2
Ferrari,Barchetta,2001,2001,2001,Discontinued,Passenger Car,United States,No,Added - Missing Make and Model,Government Verified,EPA FuelEconomy.gov Vehicle Fuel Economy Dataset,https://www.fueleconomy.gov/feg/epadata/vehicles.csv,,,2026-07-15,,1,1
Ferrari,Cabriolet,1986-1994,1986,1994,Discontinued,Passenger Car,United States,No,Added - Missing Make and Model,Government Verified,EPA FuelEconomy.gov Vehicle Fuel Economy Dataset,https://www.fueleconomy.gov/feg/epadata/vehicles.csv,,,2026-07-15,,1,1
Ferrari,California,2009-2014,2009,2014,Discontinued,Passenger Car,United States,No,Added - Missing Make and Model,Fully Verified,EPA FuelEconomy.gov Vehicle Fuel Economy Dataset,https://www.fueleconomy.gov/feg/epadata/vehicles.csv,NHTSA Product Information Catalog (vehicle products API),https://api.nhtsa.gov/products/vehicle/models?modelYear=2009&make=FERRARI&issueType=r,2026-07-15,,2,2
Ferrari,California T,2015-2018,2015,2018,Discontinued,Passenger Car,United States,No,Added - Missing Make and Model,Fully Verified,EPA FuelEconomy.gov Vehicle Fuel Economy Dataset,https://www.fueleconomy.gov/feg/epadata/vehicles.csv,NHTSA Product Information Catalog (vehicle products API),https://api.nhtsa.gov/products/vehicle/models?modelYear=2015&make=FERRARI&issueType=r,2026-07-15,,2,2
Ferrari,Challenge,2004-2005,2004,2005,Discontinued,Passenger Car,United States,No,Added - Missing Make and Model,Government Verified,EPA FuelEconomy.gov Vehicle Fuel Economy Dataset,https://www.fueleconomy.gov/feg/epadata/vehicles.csv,,,2026-07-15,,1,1
Ferrari,Daytona SP3,2023-2025,2023,2025,Active,Passenger Car,United States,No,Added - Missing Make and Model,Fully Verified,EPA FuelEconomy.gov Vehicle Fuel Economy Dataset,https://www.fueleconomy.gov/feg/epadata/vehicles.csv,NHTSA vPIC (VIN product data),https://vpic.nhtsa.dot.gov/api/vehicles/GetModelsForMake/Ferrari?format=json,2026-07-15,Upgraded to Fully Verified in V2: independently confirmed by NHTSA vPIC product data.,2,2
Ferrari,Enzo Ferrari,2003,2003,2003,Discontinued,Passenger Car,United States,No,Added - Missing Make and Model,Government Verified,EPA FuelEconomy.gov Vehicle Fuel Economy Dataset,https://www.fueleconomy.gov/feg/epadata/vehicles.csv,,,2026-07-15,,1,1
Ferrari,F 40,1990-1992,1990,1992,Discontinued,Passenger Car,United States,No,Added - Missing Make and Model,Fully Verified,EPA FuelEconomy.gov Vehicle Fuel Economy Dataset,https://www.fueleconomy.gov/feg/epadata/vehicles.csv,NHTSA vPIC (VIN product data),https://vpic.nhtsa.dot.gov/api/vehicles/GetModelsForMake/Ferrari?format=json,2026-07-15,Upgraded to Fully Verified in V2: independently confirmed by NHTSA vPIC product data.,2,2
Ferrari,F12,2013-2016,2013,2016,Discontinued,Passenger Car,United States,No,Added - Missing Make and Model,Government Verified,EPA FuelEconomy.gov Vehicle Fuel Economy Dataset,https://www.fueleconomy.gov/feg/epadata/vehicles.csv,,,2026-07-15,,1,1
Ferrari,F12 Berlinetta,2017,2017,2017,Discontinued,Passenger Car,United States,No,Added - Missing Make and Model,Fully Verified,EPA FuelEconomy.gov Vehicle Fuel Economy Dataset,https://www.fueleconomy.gov/feg/epadata/vehicles.csv,NHTSA vPIC (VIN product data),https://vpic.nhtsa.dot.gov/api/vehicles/GetModelsForMake/Ferrari?format=json,2026-07-15,Upgraded to Fully Verified in V2: independently confirmed by NHTSA vPIC product data.,2,2
Ferrari,F12 TDF,2016-2017,2016,2017,Discontinued,Passenger Car,United States,No,Added - Missing Make and Model,Fully Verified,EPA FuelEconomy.gov Vehicle Fuel Economy Dataset,https://www.fueleconomy.gov/feg/epadata/vehicles.csv,NHTSA vPIC (VIN product data),https://vpic.nhtsa.dot.gov/api/vehicles/GetModelsForMake/Ferrari?format=json,2026-07-15,Upgraded to Fully Verified in V2: independently confirmed by NHTSA vPIC product data.,2,2
Ferrari,F141,2006,2006,2006,Discontinued,Passenger Car,United States,No,Added - Missing Make and Model,Government Verified,EPA FuelEconomy.gov Vehicle Fuel Economy Dataset,https://www.fueleconomy.gov/feg/epadata/vehicles.csv,,,2026-07-15,,1,1
Ferrari,F167 ABA,2025,2025,2025,Active,Passenger Car,United States,No,Added - Missing Make and Model,Government Verified,EPA FuelEconomy.gov Vehicle Fuel Economy Dataset,https://www.fueleconomy.gov/feg/epadata/vehicles.csv,,,2026-07-15,,1,1
Ferrari,F175 AHA,2023,2023,2023,Discontinued,Passenger Car,United States,No,Added - Missing Make and Model,Government Verified,EPA FuelEconomy.gov Vehicle Fuel Economy Dataset,https://www.fueleconomy.gov/feg/epadata/vehicles.csv,,,2026-07-15,,1,1
Ferrari,F355,1995-1999,1995,1999,Discontinued,Passenger Car,United States,No,Added - Missing Make and Model,Fully Verified,EPA FuelEconomy.gov Vehicle Fuel Economy Dataset,https://www.fueleconomy.gov/feg/epadata/vehicles.csv,NHTSA Product Information Catalog (vehicle products API),https://api.nhtsa.gov/products/vehicle/models?modelYear=1995&make=FERRARI&issueType=r,2026-07-15,,2,2
Ferrari,F355 Berlinetta,1995-1996,1995,1996,Discontinued,Passenger Car,United States,No,Added - Missing Make and Model,Government Verified,EPA FuelEconomy.gov Vehicle Fuel Economy Dataset,https://www.fueleconomy.gov/feg/epadata/vehicles.csv,,,2026-07-15,,1,1
Ferrari,F430,2005-2009,2005,2009,Discontinued,Passenger Car,United States,No,Added - Missing Make and Model,Fully Verified,EPA FuelEconomy.gov Vehicle Fuel Economy Dataset,https://www.fueleconomy.gov/feg/epadata/vehicles.csv,NHTSA Product Information Catalog (vehicle products API),https://api.nhtsa.gov/products/vehicle/models?modelYear=2005&make=FERRARI&issueType=r,2026-07-15,,2,2
Ferrari,F50,1995; 2000,1995,2000,Discontinued,Passenger Car,United States,No,Added - Missing Make and Model,Fully Verified,EPA FuelEconomy.gov Vehicle Fuel Economy Dataset,https://www.fueleconomy.gov/feg/epadata/vehicles.csv,NHTSA vPIC (VIN product data),https://vpic.nhtsa.dot.gov/api/vehicles/GetModelsForMake/Ferrari?format=json,2026-07-15,"Non-contiguous confirmed model years reflect the verified records; gaps are preserved, not bridged. Upgraded to Fully Verified in V2: independently confirmed by NHTSA vPIC product data.",2,2
Ferrari,F512M,1995,1995,1995,Discontinued,Passenger Car,United States,No,Added - Missing Make and Model,Government Verified,EPA FuelEconomy.gov Vehicle Fuel Economy Dataset,https://www.fueleconomy.gov/feg/epadata/vehicles.csv,,,2026-07-15,,1,1
Ferrari,F60 America,2016,2016,2016,Discontinued,Passenger Car,United States,No,Added - Missing Make and Model,Fully Verified,EPA FuelEconomy.gov Vehicle Fuel Economy Dataset,https://www.fueleconomy.gov/feg/epadata/vehicles.csv,NHTSA vPIC (VIN product data),https://vpic.nhtsa.dot.gov/api/vehicles/GetModelsForMake/Ferrari?format=json,2026-07-15,Upgraded to Fully Verified in V2: independently confirmed by NHTSA vPIC product data.,2,2
Ferrari,F8,2021-2023,2021,2023,Discontinued,Passenger Car,United States,No,Added - Missing Make and Model,Fully Verified,EPA FuelEconomy.gov Vehicle Fuel Economy Dataset,https://www.fueleconomy.gov/feg/epadata/vehicles.csv,NHTSA vPIC (VIN product data),https://vpic.nhtsa.dot.gov/api/vehicles/GetModelsForMake/Ferrari?format=json,2026-07-15,Upgraded to Fully Verified in V2: independently confirmed by NHTSA vPIC product data.,2,2
Ferrari,F8 Tributo,2020-2023,2020,2023,Discontinued,Passenger Car,United States,No,Added - Missing Make and Model,Government Verified,EPA FuelEconomy.gov Vehicle Fuel Economy Dataset,https://www.fueleconomy.gov/feg/epadata/vehicles.csv,,,2026-07-15,,1,1
Ferrari,F80,2026,2026,2026,Active,Passenger Car,United States,No,Added - Missing Make and Model,Fully Verified,EPA FuelEconomy.gov Vehicle Fuel Economy Dataset,https://www.fueleconomy.gov/feg/epadata/vehicles.csv,NHTSA vPIC (VIN product data),https://vpic.nhtsa.dot.gov/api/vehicles/GetModelsForMake/Ferrari?format=json,2026-07-15,Upgraded to Fully Verified in V2: independently confirmed by NHTSA vPIC product data.,2,2
Ferrari,FF,2012-2016,2012,2016,Discontinued,Passenger Car,United States,No,Added - Missing Make and Model,Fully Verified,EPA FuelEconomy.gov Vehicle Fuel Economy Dataset,https://www.fueleconomy.gov/feg/epadata/vehicles.csv,NHTSA vPIC (VIN product data),https://vpic.nhtsa.dot.gov/api/vehicles/GetModelsForMake/Ferrari?format=json,2026-07-15,Upgraded to Fully Verified in V2: independently confirmed by NHTSA vPIC product data.,2,2
Ferrari,GTA,1998,1998,1998,Discontinued,Passenger Car,United States,No,Added - Missing Make and Model,Government Verified,EPA FuelEconomy.gov Vehicle Fuel Economy Dataset,https://www.fueleconomy.gov/feg/epadata/vehicles.csv,,,2026-07-15,,1,1
Ferrari,GTB,1986-1989,1986,1989,Discontinued,Passenger Car,United States,No,Added - Missing Make and Model,Government Verified,EPA FuelEconomy.gov Vehicle Fuel Economy Dataset,https://www.fueleconomy.gov/feg/epadata/vehicles.csv,,,2026-07-15,,1,1
Ferrari,GTC4LUSSO,2017-2020,2017,2020,Discontinued,Passenger Car,United States,No,Added - Missing Make and Model,Fully Verified,EPA FuelEconomy.gov Vehicle Fuel Economy Dataset,https://www.fueleconomy.gov/feg/epadata/vehicles.csv,NHTSA Product Information Catalog (vehicle products API),https://api.nhtsa.gov/products/vehicle/models?modelYear=2017&make=FERRARI&issueType=r,2026-07-15,,2,2
Ferrari,GTC4LUSSO T,2018-2020,2018,2020,Discontinued,Passenger Car,United States,No,Added - Missing Make and Model,Fully Verified,EPA FuelEconomy.gov Vehicle Fuel Economy Dataset,https://www.fueleconomy.gov/feg/epadata/vehicles.csv,NHTSA Product Information Catalog (vehicle products API),https://api.nhtsa.gov/products/vehicle/models?modelYear=2018&make=FERRARI&issueType=r,2026-07-15,,2,2
Ferrari,GTS,1995-1996,1995,1996,Discontinued,Passenger Car,United States,No,Added - Missing Make and Model,Government Verified,EPA FuelEconomy.gov Vehicle Fuel Economy Dataset,https://www.fueleconomy.gov/feg/epadata/vehicles.csv,,,2026-07-15,,1,1
Ferrari,Laferrari,2014,2014,2014,Discontinued,Passenger Car,United States,No,Added - Missing Make and Model,Fully Verified,EPA FuelEconomy.gov Vehicle Fuel Economy Dataset,https://www.fueleconomy.gov/feg/epadata/vehicles.csv,NHTSA vPIC (VIN product data),https://vpic.nhtsa.dot.gov/api/vehicles/GetModelsForMake/Ferrari?format=json,2026-07-15,Upgraded to Fully Verified in V2: independently confirmed by NHTSA vPIC product data.,2,2
Ferrari,Laferrari Aperta,2017,2017,2017,Discontinued,Passenger Car,United States,No,Added - Missing Make and Model,Government Verified,EPA FuelEconomy.gov Vehicle Fuel Economy Dataset,https://www.fueleconomy.gov/feg/epadata/vehicles.csv,,,2026-07-15,,1,1
Ferrari,MGA,1999-2003,1999,2003,Discontinued,Passenger Car,United States,No,Added - Missing Make and Model,Government Verified,EPA FuelEconomy.gov Vehicle Fuel Economy Dataset,https://www.fueleconomy.gov/feg/epadata/vehicles.csv,,,2026-07-15,,1,1
Ferrari,Modena F1,1999,1999,1999,Discontinued,Passenger Car,United States,No,Added - Missing Make and Model,Government Verified,EPA FuelEconomy.gov Vehicle Fuel Economy Dataset,https://www.fueleconomy.gov/feg/epadata/vehicles.csv,,,2026-07-15,,1,1
Ferrari,Mondial,1983; 1985-1986,1983,1986,Discontinued,Passenger Car,United States,No,Added - Missing Make and Model,Government Verified,EPA FuelEconomy.gov Vehicle Fuel Economy Dataset,https://www.fueleconomy.gov/feg/epadata/vehicles.csv,,,2026-07-15,Model year(s) [1983] added in V3 from the official EPA 1980-1983 historical dataset.,1,2
Ferrari,Mondial T,1989-1994,1989,1994,Discontinued,Passenger Car,United States,No,Added - Missing Make and Model,Fully Verified,EPA FuelEconomy.gov Vehicle Fuel Economy Dataset,https://www.fueleconomy.gov/feg/epadata/vehicles.csv,NHTSA vPIC (VIN product data),https://vpic.nhtsa.dot.gov/api/vehicles/GetModelsForMake/Ferrari?format=json,2026-07-15,Upgraded to Fully Verified in V2: independently confirmed by NHTSA vPIC product data.,2,2
Ferrari,Monza SP1,2023,2023,2023,Discontinued,Passenger Car,United States,No,Added - Missing Make and Model,Fully Verified,EPA FuelEconomy.gov Vehicle Fuel Economy Dataset,https://www.fueleconomy.gov/feg/epadata/vehicles.csv,NHTSA vPIC (VIN product data),https://vpic.nhtsa.dot.gov/api/vehicles/GetModelsForMake/Ferrari?format=json,2026-07-15,Upgraded to Fully Verified in V2: independently confirmed by NHTSA vPIC product data.,2,2
Ferrari,Monza SP2,2023,2023,2023,Discontinued,Passenger Car,United States,No,Added - Missing Make and Model,Government Verified,EPA FuelEconomy.gov Vehicle Fuel Economy Dataset,https://www.fueleconomy.gov/feg/epadata/vehicles.csv,,,2026-07-15,,1,1
Ferrari,Portofino,2019-2021,2019,2021,Discontinued,Passenger Car,United States,No,Added - Missing Make and Model,Fully Verified,EPA FuelEconomy.gov Vehicle Fuel Economy Dataset,https://www.fueleconomy.gov/feg/epadata/vehicles.csv,NHTSA vPIC (VIN product data),https://vpic.nhtsa.dot.gov/api/vehicles/GetModelsForMake/Ferrari?format=json,2026-07-15,Upgraded to Fully Verified in V2: independently confirmed by NHTSA vPIC product data.,2,2
Ferrari,Portofino M,2021-2023,2021,2023,Discontinued,Passenger Car,United States,No,Added - Missing Make and Model,Fully Verified,EPA FuelEconomy.gov Vehicle Fuel Economy Dataset,https://www.fueleconomy.gov/feg/epadata/vehicles.csv,NHTSA vPIC (VIN product data),https://vpic.nhtsa.dot.gov/api/vehicles/GetModelsForMake/Ferrari?format=json,2026-07-15,Upgraded to Fully Verified in V2: independently confirmed by NHTSA vPIC product data.,2,2
Ferrari,Purosangue,2023-2026,2023,2026,Active,Multiple Categories,United States,No,Added - Missing Make and Model,Fully Verified,EPA FuelEconomy.gov Vehicle Fuel Economy Dataset,https://www.fueleconomy.gov/feg/epadata/vehicles.csv,NHTSA vPIC (VIN product data),https://vpic.nhtsa.dot.gov/api/vehicles/GetModelsForMake/Ferrari?format=json,2026-07-15,Upgraded to Fully Verified in V2: independently confirmed by NHTSA vPIC product data.,2,2
Ferrari,Roma,2021-2026,2021,2026,Active,Passenger Car,United States,No,Added - Missing Make and Model,Fully Verified,EPA FuelEconomy.gov Vehicle Fuel Economy Dataset,https://www.fueleconomy.gov/feg/epadata/vehicles.csv,NHTSA vPIC (VIN product data),https://vpic.nhtsa.dot.gov/api/vehicles/GetModelsForMake/Ferrari?format=json,2026-07-15,Upgraded to Fully Verified in V2: independently confirmed by NHTSA vPIC product data.,2,2
Ferrari,SF90,2022-2025,2022,2025,Active,Passenger Car,United States,No,Added - Missing Make and Model,Fully Verified,EPA FuelEconomy.gov Vehicle Fuel Economy Dataset,https://www.fueleconomy.gov/feg/epadata/vehicles.csv,NHTSA vPIC (VIN product data),https://vpic.nhtsa.dot.gov/api/vehicles/GetModelsForMake/Ferrari?format=json,2026-07-15,Upgraded to Fully Verified in V2: independently confirmed by NHTSA vPIC product data.,2,2
Ferrari,SF90 Stradale,2021-2024,2021,2024,Discontinued,Passenger Car,United States,No,Added - Missing Make and Model,Government Verified,EPA FuelEconomy.gov Vehicle Fuel Economy Dataset,https://www.fueleconomy.gov/feg/epadata/vehicles.csv,,,2026-07-15,,1,1
Ferrari,SF90 XX,2025,2025,2025,Active,Passenger Car,United States,No,Added - Missing Make and Model,Government Verified,EPA FuelEconomy.gov Vehicle Fuel Economy Dataset,https://www.fueleconomy.gov/feg/epadata/vehicles.csv,,,2026-07-15,,1,1
Ferrari,SF90 XX Stradale,2025,2025,2025,Active,Passenger Car,United States,No,Added - Missing Make and Model,Government Verified,EPA FuelEconomy.gov Vehicle Fuel Economy Dataset,https://www.fueleconomy.gov/feg/epadata/vehicles.csv,,,2026-07-15,,1,1
Ferrari,Spider,1994-1995; 2000-2005,1994,2005,Discontinued,Passenger Car,United States,No,Added - Missing Make and Model,Government Verified,EPA FuelEconomy.gov Vehicle Fuel Economy Dataset,https://www.fueleconomy.gov/feg/epadata/vehicles.csv,,,2026-07-15,"Non-contiguous confirmed model years reflect the verified records; gaps are preserved, not bridged.",1,1
Ferrari,TS,1989-1995,1989,1995,Discontinued,Passenger Car,United States,No,Added - Missing Make and Model,Government Verified,EPA FuelEconomy.gov Vehicle Fuel Economy Dataset,https://www.fueleconomy.gov/feg/epadata/vehicles.csv,,,2026-07-15,,1,1
Ferrari,Testarossa,1985-1992,1985,1992,Discontinued,Passenger Car,United States,No,Added - Missing Make and Model,Fully Verified,EPA FuelEconomy.gov Vehicle Fuel Economy Dataset,https://www.fueleconomy.gov/feg/epadata/vehicles.csv,NHTSA Product Information Catalog (vehicle products API),https://api.nhtsa.gov/products/vehicle/models?modelYear=1985&make=FERRARI&issueType=r,2026-07-15,,2,2
Fiat,124,2017-2020,2017,2020,Discontinued,Passenger Car,United States,No,Added - Missing Make and Model,Fully Verified,EPA FuelEconomy.gov Vehicle Fuel Economy Dataset,https://www.fueleconomy.gov/feg/epadata/vehicles.csv,NHTSA Product Information Catalog (vehicle products API),https://api.nhtsa.gov/products/vehicle/models?modelYear=2017&make=FIAT&issueType=r,2026-07-15,,2,2
Fiat,500,2011-2019,2011,2019,Discontinued,Passenger Car,United States,No,Added - Missing Make and Model,Fully Verified,EPA FuelEconomy.gov Vehicle Fuel Economy Dataset,https://www.fueleconomy.gov/feg/epadata/vehicles.csv,NHTSA Product Information Catalog (vehicle products API),https://api.nhtsa.gov/products/vehicle/models?modelYear=2011&make=FIAT&issueType=r,2026-07-15,,2,2
Fiat,500 Abarth,2012-2019,2012,2019,Discontinued,Passenger Car,United States,No,Added - Missing Make and Model,Fully Verified,EPA FuelEconomy.gov Vehicle Fuel Economy Dataset,https://www.fueleconomy.gov/feg/epadata/vehicles.csv,NHTSA Product Information Catalog (vehicle products API),https://api.nhtsa.gov/products/vehicle/models?modelYear=2012&make=FIAT&issueType=r,2026-07-15,,2,2
Fiat,500 Cabrio,2012; 2014; 2016-2018,2012,2018,Discontinued,Passenger Car,United States,No,Added - Missing Make and Model,Fully Verified,EPA FuelEconomy.gov Vehicle Fuel Economy Dataset,https://www.fueleconomy.gov/feg/epadata/vehicles.csv,NHTSA Product Information Catalog (vehicle products API),https://api.nhtsa.gov/products/vehicle/models?modelYear=2012&make=FIAT&issueType=r,2026-07-15,"Non-contiguous confirmed model years reflect the verified records; gaps are preserved, not bridged.",2,2
Fiat,500 L,2014-2020,2014,2020,Discontinued,Passenger Car,United States,No,Added - Missing Make and Model,Fully Verified,EPA FuelEconomy.gov Vehicle Fuel Economy Dataset,https://www.fueleconomy.gov/feg/epadata/vehicles.csv,NHTSA vPIC (VIN product data),https://vpic.nhtsa.dot.gov/api/vehicles/GetModelsForMake/Fiat?format=json,2026-07-15,Upgraded to Fully Verified in V2: independently confirmed by NHTSA vPIC product data.,2,2
Fiat,500 X,2016-2023,2016,2023,Discontinued,SUV/Crossover,United States,No,Added - Missing Make and Model,Fully Verified,EPA FuelEconomy.gov Vehicle Fuel Economy Dataset,https://www.fueleconomy.gov/feg/epadata/vehicles.csv,NHTSA vPIC (VIN product data),https://vpic.nhtsa.dot.gov/api/vehicles/GetModelsForMake/Fiat?format=json,2026-07-15,Upgraded to Fully Verified in V2: independently confirmed by NHTSA vPIC product data.,2,2
Fiat,500E,2013-2019; 2024-2026,2013,2026,Active,Passenger Car,United States,No,Added - Missing Make and Model,Fully Verified,EPA FuelEconomy.gov Vehicle Fuel Economy Dataset,https://www.fueleconomy.gov/feg/epadata/vehicles.csv,NHTSA Product Information Catalog (vehicle products API),https://api.nhtsa.gov/products/vehicle/models?modelYear=2013&make=FIAT&issueType=r,2026-07-15,"Non-contiguous confirmed model years reflect the verified records; gaps are preserved, not bridged.",2,2
Fiat,500E ALL Season,2024-2026,2024,2026,Active,Passenger Car,United States,No,Added - Missing Make and Model,Government Verified,EPA FuelEconomy.gov Vehicle Fuel Economy Dataset,https://www.fueleconomy.gov/feg/epadata/vehicles.csv,,,2026-07-15,,1,1
Fisker,Karma,2012,2012,2012,Discontinued,Passenger Car,United States,No,Added - Missing Make and Model,Fully Verified,EPA FuelEconomy.gov Vehicle Fuel Economy Dataset,https://www.fueleconomy.gov/feg/epadata/vehicles.csv,NHTSA Product Information Catalog (vehicle products API),https://api.nhtsa.gov/products/vehicle/models?modelYear=2012&make=FISKER&issueType=r,2026-07-15,,2,2
Fisker,Ocean,2023-2024,2023,2024,Discontinued,SUV/Crossover,United States,No,Added - Missing Make and Model,Fully Verified,EPA FuelEconomy.gov Vehicle Fuel Economy Dataset,https://www.fueleconomy.gov/feg/epadata/vehicles.csv,NHTSA Product Information Catalog (vehicle products API),https://api.nhtsa.gov/products/vehicle/models?modelYear=2023&make=FISKER&issueType=r,2026-07-15,,2,2
Ford,Aerostar,1986-2000,1986,2000,Discontinued,Van,United States,No,Added - Missing Model,Fully Verified,EPA FuelEconomy.gov Vehicle Fuel Economy Dataset,https://www.fueleconomy.gov/feg/epadata/vehicles.csv,NHTSA Product Information Catalog (vehicle products API),https://api.nhtsa.gov/products/vehicle/models?modelYear=1986&make=FORD&issueType=r,2026-07-15,,2,2
Ford,Aspire,1987; 1994-1997,1987,1997,Discontinued,Passenger Car,United States,No,Added - Missing Model,Fully Verified,EPA FuelEconomy.gov Vehicle Fuel Economy Dataset,https://www.fueleconomy.gov/feg/epadata/vehicles.csv,NHTSA Product Information Catalog (vehicle products API),https://api.nhtsa.gov/products/vehicle/models?modelYear=1987&make=FORD&issueType=r,2026-07-15,"Non-contiguous confirmed model years reflect the verified records; gaps are preserved, not bridged.",2,2
Ford,Bronco,1980-1999; 2021-2026,1980,2026,Active,SUV/Crossover,United States,Yes,Original Source,Fully Verified,EPA FuelEconomy.gov Vehicle Fuel Economy Dataset,https://www.fueleconomy.gov/feg/epadata/vehicles.csv,NHTSA Product Information Catalog (vehicle products API),https://api.nhtsa.gov/products/vehicle/models?modelYear=1981&make=FORD&issueType=r,2026-07-15,"Non-contiguous confirmed model years reflect the verified records; gaps are preserved, not bridged. Model year(s) [1980] added in V3 from the official EPA 1980-1983 historical dataset.",2,3
Ford,Bronco II,1982-1990; 1992-1994; 1996,1982,1996,Discontinued,SUV/Crossover,United States,No,Added - Missing Model,Fully Verified,EPA FuelEconomy.gov Vehicle Fuel Economy Dataset,https://www.fueleconomy.gov/feg/epadata/vehicles.csv,NHTSA Product Information Catalog (vehicle products API),https://api.nhtsa.gov/products/vehicle/models?modelYear=1982&make=FORD&issueType=r,2026-07-15,"Non-contiguous confirmed model years reflect the verified records; gaps are preserved, not bridged. Model year(s) [1983] added in V3 from the official EPA 1980-1983 historical dataset.",2,3
Ford,Bronco Sport,2021-2026,2021,2026,Active,SUV/Crossover,United States,No,Added - Missing Model,Fully Verified,EPA FuelEconomy.gov Vehicle Fuel Economy Dataset,https://www.fueleconomy.gov/feg/epadata/vehicles.csv,NHTSA Product Information Catalog (vehicle products API),https://api.nhtsa.gov/products/vehicle/models?modelYear=2021&make=FORD&issueType=r,2026-07-15,,2,2
Ford,C-MAX,2013-2018,2013,2018,Discontinued,Passenger Car,United States,No,Added - Missing Model,Fully Verified,EPA FuelEconomy.gov Vehicle Fuel Economy Dataset,https://www.fueleconomy.gov/feg/epadata/vehicles.csv,NHTSA Product Information Catalog (vehicle products API),https://api.nhtsa.gov/products/vehicle/models?modelYear=2013&make=FORD&issueType=r,2026-07-15,,2,2
Ford,Contour,1993-2001,1993,2001,Discontinued,Passenger Car,United States,No,Added - Missing Model,Fully Verified,EPA FuelEconomy.gov Vehicle Fuel Economy Dataset,https://www.fueleconomy.gov/feg/epadata/vehicles.csv,NHTSA Product Information Catalog (vehicle products API),https://api.nhtsa.gov/products/vehicle/models?modelYear=1993&make=FORD&issueType=r,2026-07-15,,2,2
Ford,Courier,1980-1984; 1986-1989,1980,1989,Discontinued,Pickup Truck,United States,No,Added - Missing Model,Fully Verified,EPA FuelEconomy.gov Vehicle Fuel Economy Dataset,https://www.fueleconomy.gov/feg/epadata/vehicles.csv,NHTSA vPIC (VIN product data),https://vpic.nhtsa.dot.gov/api/vehicles/GetModelsForMake/Ford?format=json,2026-07-15,"Non-contiguous confirmed model years reflect the verified records; gaps are preserved, not bridged. Upgraded to Fully Verified in V2: independently confirmed by NHTSA vPIC product data. Model year(s) [1980, 1981, 1982, 1983] added in V3 from the official EPA 1980-1983 historical dataset.",2,3
Ford,Crown Victoria,1980-2011,1980,2011,Discontinued,Passenger Car,United States,Yes,Original Source,Fully Verified,EPA FuelEconomy.gov Vehicle Fuel Economy Dataset,https://www.fueleconomy.gov/feg/epadata/vehicles.csv,NHTSA Product Information Catalog (vehicle products API),https://api.nhtsa.gov/products/vehicle/models?modelYear=1980&make=FORD&issueType=r,2026-07-15,,2,2
Ford,E-100,1981-1984,1981,1984,Discontinued,Van,United States,No,Added - Missing Model,Fully Verified,NHTSA Product Information Catalog (vehicle products API),https://api.nhtsa.gov/products/vehicle/models?modelYear=1984&make=FORD&issueType=r,NHTSA vPIC (VIN product data),https://vpic.nhtsa.dot.gov/api/vehicles/GetModelsForMake/Ford?format=json,2026-07-15,"Upgraded to Fully Verified in V2: independently confirmed by NHTSA vPIC product data. Model year(s) [1981, 1982, 1983] added in V3 from the official EPA 1980-1983 historical dataset.",2,3
Ford,E-150,1981-2016; 2021,1981,2021,Discontinued,Van,United States,Yes,Existing Standardized Catalog,Fully Verified,EPA FuelEconomy.gov Vehicle Fuel Economy Dataset,https://www.fueleconomy.gov/feg/epadata/vehicles.csv,NHTSA Product Information Catalog (vehicle products API),https://api.nhtsa.gov/products/vehicle/models?modelYear=1981&make=FORD&issueType=r,2026-07-15,"Non-contiguous confirmed model years reflect the verified records; gaps are preserved, not bridged.",2,3
Ford,E-250,1980-2014; 2016-2017; 2022,1980,2022,Discontinued,Van,United States,No,Added - Missing Model,Fully Verified,EPA FuelEconomy.gov Vehicle Fuel Economy Dataset,https://www.fueleconomy.gov/feg/epadata/vehicles.csv,NHTSA Product Information Catalog (vehicle products API),https://api.nhtsa.gov/products/vehicle/models?modelYear=1980&make=FORD&issueType=r,2026-07-15,"Non-contiguous confirmed model years reflect the verified records; gaps are preserved, not bridged. Model year(s) [1981, 1982, 1983] added in V3 from the official EPA 1980-1983 historical dataset.",2,3
Ford,E-350,1983-1991; 1998; 2005-2025,1983,2025,Active,Van,United States,No,Added - Missing Model,Fully Verified,EPA FuelEconomy.gov Vehicle Fuel Economy Dataset,https://www.fueleconomy.gov/feg/epadata/vehicles.csv,NHTSA Product Information Catalog (vehicle products API),https://api.nhtsa.gov/products/vehicle/models?modelYear=1983&make=FORD&issueType=r,2026-07-15,"Non-contiguous confirmed model years reflect the verified records; gaps are preserved, not bridged.",2,2
Ford,EXP,1982-1989; 1994,1982,1994,Discontinued,Passenger Car,United States,No,Added - Missing Model,Fully Verified,EPA FuelEconomy.gov Vehicle Fuel Economy Dataset,https://www.fueleconomy.gov/feg/epadata/vehicles.csv,NHTSA Product Information Catalog (vehicle products API),https://api.nhtsa.gov/products/vehicle/models?modelYear=1984&make=FORD&issueType=r,2026-07-15,"Non-contiguous confirmed model years reflect the verified records; gaps are preserved, not bridged. Model year(s) [1982, 1983] added in V3 from the official EPA 1980-1983 historical dataset.",2,3
Ford,EcoSport,2005; 2018-2022,2005,2022,Discontinued,SUV/Crossover,United States,No,Added - Missing Model,Fully Verified,EPA FuelEconomy.gov Vehicle Fuel Economy Dataset,https://www.fueleconomy.gov/feg/epadata/vehicles.csv,NHTSA Product Information Catalog (vehicle products API),https://api.nhtsa.gov/products/vehicle/models?modelYear=2005&make=FORD&issueType=r,2026-07-15,"Non-contiguous confirmed model years reflect the verified records; gaps are preserved, not bridged.",2,2
Ford,Econoline,1980; 1982-2004; 2010; 2012; 2016-2017; 2019,1980,2019,Discontinued,Van,United States,Yes,Existing Standardized Catalog,Government Verified,NHTSA Product Information Catalog (vehicle products API),https://api.nhtsa.gov/products/vehicle/models?modelYear=1980&make=FORD&issueType=r,,,2026-07-15,"Non-contiguous confirmed model years reflect the verified records; gaps are preserved, not bridged.",1,1
Ford,Edge,2004; 2007-2024,2004,2024,Discontinued,SUV/Crossover,United States,Yes,Original Source,Fully Verified,EPA FuelEconomy.gov Vehicle Fuel Economy Dataset,https://www.fueleconomy.gov/feg/epadata/vehicles.csv,NHTSA Product Information Catalog (vehicle products API),https://api.nhtsa.gov/products/vehicle/models?modelYear=2004&make=FORD&issueType=r,2026-07-15,"Non-contiguous confirmed model years reflect the verified records; gaps are preserved, not bridged.",2,2
Ford,Escape,2000-2026,2000,2026,Active,SUV/Crossover,United States,Yes,Original Source,Fully Verified,EPA FuelEconomy.gov Vehicle Fuel Economy Dataset,https://www.fueleconomy.gov/feg/epadata/vehicles.csv,NHTSA Product Information Catalog (vehicle products API),https://api.nhtsa.gov/products/vehicle/models?modelYear=2000&make=FORD&issueType=r,2026-07-15,,2,2
Ford,Escort,1981-2003,1981,2003,Discontinued,Passenger Car,United States,No,Added - Missing Model,Fully Verified,EPA FuelEconomy.gov Vehicle Fuel Economy Dataset,https://www.fueleconomy.gov/feg/epadata/vehicles.csv,NHTSA Product Information Catalog (vehicle products API),https://api.nhtsa.gov/products/vehicle/models?modelYear=1981&make=FORD&issueType=r,2026-07-15,,2,3
Ford,Excursion,1997; 1999-2005; 2010,1997,2010,Discontinued,SUV/Crossover,United States,Yes,Original Source,Government Verified,NHTSA Product Information Catalog (vehicle products API),https://api.nhtsa.gov/products/vehicle/models?modelYear=1997&make=FORD&issueType=r,NHTSA vPIC (VIN product data),https://vpic.nhtsa.dot.gov/api/vehicles/GetModelsForMake/Ford?format=json,2026-07-15,"Non-contiguous confirmed model years reflect the verified records; gaps are preserved, not bridged. Upgraded to Fully Verified in V2: independently confirmed by NHTSA vPIC product data. V3 source-status correction: confirmation came from two NHTSA datasets (Recall + vPIC), which is cross-dataset confirmation within one organization, not independent multi-source verification.",1,2
Ford,Expedition,1991; 1993-2027,1991,2027,Active,SUV/Crossover,United States,Yes,Original Source,Fully Verified,EPA FuelEconomy.gov Vehicle Fuel Economy Dataset,https://www.fueleconomy.gov/feg/epadata/vehicles.csv,NHTSA Product Information Catalog (vehicle products API),https://api.nhtsa.gov/products/vehicle/models?modelYear=1991&make=FORD&issueType=r,2026-07-15,"MY2027 record officially published in government data by the 2026-07-15 research cutoff. Non-contiguous confirmed model years reflect the verified records; gaps are preserved, not bridged.",2,2
Ford,Explorer,1984-2026,1984,2026,Active,SUV/Crossover,United States,Yes,Original Source,Fully Verified,EPA FuelEconomy.gov Vehicle Fuel Economy Dataset,https://www.fueleconomy.gov/feg/epadata/vehicles.csv,NHTSA Product Information Catalog (vehicle products API),https://api.nhtsa.gov/products/vehicle/models?modelYear=1984&make=FORD&issueType=r,2026-07-15,,2,2
Ford,Explorer Sport,2001-2003,2001,2003,Discontinued,SUV/Crossover,United States,No,Added - Missing Model,Fully Verified,EPA FuelEconomy.gov Vehicle Fuel Economy Dataset,https://www.fueleconomy.gov/feg/epadata/vehicles.csv,NHTSA Product Information Catalog (vehicle products API),https://api.nhtsa.gov/products/vehicle/models?modelYear=2001&make=FORD&issueType=r,2026-07-15,,2,2
Ford,Explorer Sport Trac,2001-2005; 2007-2010,2001,2010,Discontinued,Pickup Truck,United States,No,Added - Missing Model,Fully Verified,EPA FuelEconomy.gov Vehicle Fuel Economy Dataset,https://www.fueleconomy.gov/feg/epadata/vehicles.csv,NHTSA Product Information Catalog (vehicle products API),https://api.nhtsa.gov/products/vehicle/models?modelYear=2001&make=FORD&issueType=r,2026-07-15,"Non-contiguous confirmed model years reflect the verified records; gaps are preserved, not bridged.",2,2
Ford,F-100,1980-1985; 1988; 1990; 1996,1980,1996,Discontinued,Pickup Truck,United States,No,Added - Missing Model,Fully Verified,NHTSA Product Information Catalog (vehicle products API),https://api.nhtsa.gov/products/vehicle/models?modelYear=1980&make=FORD&issueType=r,NHTSA vPIC (VIN product data),https://vpic.nhtsa.dot.gov/api/vehicles/GetModelsForMake/Ford?format=json,2026-07-15,"Non-contiguous confirmed model years reflect the verified records; gaps are preserved, not bridged. Upgraded to Fully Verified in V2: independently confirmed by NHTSA vPIC product data. Model year(s) [1981, 1982] added in V3 from the official EPA 1980-1983 historical dataset.",2,3
Ford,F-150,1980-2026,1980,2026,Active,Pickup Truck,United States,Yes,Original Source,Fully Verified,EPA FuelEconomy.gov Vehicle Fuel Economy Dataset,https://www.fueleconomy.gov/feg/epadata/vehicles.csv,NHTSA Product Information Catalog (vehicle products API),https://api.nhtsa.gov/products/vehicle/models?modelYear=1980&make=FORD&issueType=r,2026-07-15,,2,3
Ford,F-150 Lightning,2022-2025,2022,2025,Active,Pickup Truck,United States,No,Added - Missing Model,Fully Verified,EPA FuelEconomy.gov Vehicle Fuel Economy Dataset,https://www.fueleconomy.gov/feg/epadata/vehicles.csv,NHTSA Product Information Catalog (vehicle products API),https://api.nhtsa.gov/products/vehicle/models?modelYear=2022&make=FORD&issueType=r,2026-07-15,,2,2
Ford,F-250,1980-2026,1980,2026,Active,Multiple Categories,United States,Yes,Original Source,Fully Verified,EPA FuelEconomy.gov Vehicle Fuel Economy Dataset,https://www.fueleconomy.gov/feg/epadata/vehicles.csv,NHTSA Product Information Catalog (vehicle products API),https://api.nhtsa.gov/products/vehicle/models?modelYear=1981&make=FORD&issueType=r,2026-07-15,"Non-contiguous confirmed model years reflect the verified records; gaps are preserved, not bridged. Model year(s) [1980, 1982] added in V3 from the official EPA 1980-1983 historical dataset.",2,3
Ford,F-350,1981; 1983-2026,1981,2026,Active,Pickup Truck,United States,Yes,Existing Standardized Catalog,Government Verified,NHTSA Product Information Catalog (vehicle products API),https://api.nhtsa.gov/products/vehicle/models?modelYear=1981&make=FORD&issueType=r,NHTSA vPIC (VIN product data),https://vpic.nhtsa.dot.gov/api/vehicles/GetModelsForMake/Ford?format=json,2026-07-15,"Non-contiguous confirmed model years reflect the verified records; gaps are preserved, not bridged. Upgraded to Fully Verified in V2: independently confirmed by NHTSA vPIC product data. V3 source-status correction: confirmation came from two NHTSA datasets (Recall + vPIC), which is cross-dataset confirmation within one organization, not independent multi-source verification.",1,2
Ford,F-450,1990-2026,1990,2026,Active,Pickup Truck,United States,No,Added - Missing Model,Government Verified,NHTSA Product Information Catalog (vehicle products API),https://api.nhtsa.gov/products/vehicle/models?modelYear=1990&make=FORD&issueType=r,NHTSA vPIC (VIN product data),https://vpic.nhtsa.dot.gov/api/vehicles/GetModelsForMake/Ford?format=json,2026-07-15,"Upgraded to Fully Verified in V2: independently confirmed by NHTSA vPIC product data. V3 source-status correction: confirmation came from two NHTSA datasets (Recall + vPIC), which is cross-dataset confirmation within one organization, not independent multi-source verification.",1,2
Ford,Fairmont,1980-1983,1980,1983,Discontinued,Passenger Car,United States,No,Added - Missing Model,Fully Verified,NHTSA Product Information Catalog (vehicle products API),https://api.nhtsa.gov/products/vehicle/models?modelYear=1981&make=FORD&issueType=r,NHTSA vPIC (VIN product data),https://vpic.nhtsa.dot.gov/api/vehicles/GetModelsForMake/Ford?format=json,2026-07-15,Upgraded to Fully Verified in V2: independently confirmed by NHTSA vPIC product data. Model year(s) [1980] added in V3 from the official EPA 1980-1983 historical dataset.,2,3
Ford,Festiva,1984; 1988-1994,1984,1994,Discontinued,Passenger Car,United States,No,Added - Missing Model,Fully Verified,EPA FuelEconomy.gov Vehicle Fuel Economy Dataset,https://www.fueleconomy.gov/feg/epadata/vehicles.csv,NHTSA Product Information Catalog (vehicle products API),https://api.nhtsa.gov/products/vehicle/models?modelYear=1984&make=FORD&issueType=r,2026-07-15,"Non-contiguous confirmed model years reflect the verified records; gaps are preserved, not bridged.",2,2
Ford,Fiesta,1980; 1988-1989; 1991; 2001-2002; 2011-2019,1980,2019,Discontinued,Passenger Car,United States,No,Added - Missing Model,Fully Verified,EPA FuelEconomy.gov Vehicle Fuel Economy Dataset,https://www.fueleconomy.gov/feg/epadata/vehicles.csv,NHTSA Product Information Catalog (vehicle products API),https://api.nhtsa.gov/products/vehicle/models?modelYear=1988&make=FORD&issueType=r,2026-07-15,"Non-contiguous confirmed model years reflect the verified records; gaps are preserved, not bridged. Model year(s) [1980] added in V3 from the official EPA 1980-1983 historical dataset.",2,3
Ford,Five Hundred,2004-2007,2004,2007,Discontinued,Passenger Car,United States,No,Added - Missing Model,Fully Verified,EPA FuelEconomy.gov Vehicle Fuel Economy Dataset,https://www.fueleconomy.gov/feg/epadata/vehicles.csv,NHTSA Product Information Catalog (vehicle products API),https://api.nhtsa.gov/products/vehicle/models?modelYear=2004&make=FORD&issueType=r,2026-07-15,,2,2
Ford,Flex,2009-2019,2009,2019,Discontinued,SUV/Crossover,United States,Yes,Original Source,Fully Verified,EPA FuelEconomy.gov Vehicle Fuel Economy Dataset,https://www.fueleconomy.gov/feg/epadata/vehicles.csv,NHTSA Product Information Catalog (vehicle products API),https://api.nhtsa.gov/products/vehicle/models?modelYear=2009&make=FORD&issueType=r,2026-07-15,,2,2
Ford,Focus,1999-2018,1999,2018,Discontinued,Passenger Car,United States,No,Added - Missing Model,Fully Verified,EPA FuelEconomy.gov Vehicle Fuel Economy Dataset,https://www.fueleconomy.gov/feg/epadata/vehicles.csv,NHTSA Product Information Catalog (vehicle products API),https://api.nhtsa.gov/products/vehicle/models?modelYear=1999&make=FORD&issueType=r,2026-07-15,,2,2
Ford,Freestar,2004-2007,2004,2007,Discontinued,Minivan,United States,No,Added - Missing Model,Fully Verified,EPA FuelEconomy.gov Vehicle Fuel Economy Dataset,https://www.fueleconomy.gov/feg/epadata/vehicles.csv,NHTSA Product Information Catalog (vehicle products API),https://api.nhtsa.gov/products/vehicle/models?modelYear=2004&make=FORD&issueType=r,2026-07-15,,2,2
Ford,Freestyle,2002; 2004-2007,2002,2007,Discontinued,SUV/Crossover,United States,No,Added - Missing Model,Fully Verified,EPA FuelEconomy.gov Vehicle Fuel Economy Dataset,https://www.fueleconomy.gov/feg/epadata/vehicles.csv,NHTSA Product Information Catalog (vehicle products API),https://api.nhtsa.gov/products/vehicle/models?modelYear=2002&make=FORD&issueType=r,2026-07-15,"Non-contiguous confirmed model years reflect the verified records; gaps are preserved, not bridged.",2,2
Ford,Fusion,2006-2020,2006,2020,Discontinued,Passenger Car,United States,Yes,Original Source,Fully Verified,EPA FuelEconomy.gov Vehicle Fuel Economy Dataset,https://www.fueleconomy.gov/feg/epadata/vehicles.csv,NHTSA Product Information Catalog (vehicle products API),https://api.nhtsa.gov/products/vehicle/models?modelYear=2006&make=FORD&issueType=r,2026-07-15,,2,2
Ford,GT,2004-2006; 2017-2022,2004,2022,Discontinued,Passenger Car,United States,No,Added - Missing Model,Fully Verified,EPA FuelEconomy.gov Vehicle Fuel Economy Dataset,https://www.fueleconomy.gov/feg/epadata/vehicles.csv,NHTSA Product Information Catalog (vehicle products API),https://api.nhtsa.gov/products/vehicle/models?modelYear=2004&make=FORD&issueType=r,2026-07-15,"Non-contiguous confirmed model years reflect the verified records; gaps are preserved, not bridged.",2,2
Ford,Granada,1980-1982,1980,1982,Discontinued,Passenger Car,United States,No,Added - Missing Model,Fully Verified,NHTSA Product Information Catalog (vehicle products API),https://api.nhtsa.gov/products/vehicle/models?modelYear=1981&make=FORD&issueType=r,NHTSA vPIC (VIN product data),https://vpic.nhtsa.dot.gov/api/vehicles/GetModelsForMake/Ford?format=json,2026-07-15,Upgraded to Fully Verified in V2: independently confirmed by NHTSA vPIC product data. Model year(s) [1980] added in V3 from the official EPA 1980-1983 historical dataset.,2,3
Ford,LTD,1980-1993; 1995-1996; 2000,1980,2000,Discontinued,Passenger Car,United States,No,Added - Missing Model,Fully Verified,EPA FuelEconomy.gov Vehicle Fuel Economy Dataset,https://www.fueleconomy.gov/feg/epadata/vehicles.csv,NHTSA Product Information Catalog (vehicle products API),https://api.nhtsa.gov/products/vehicle/models?modelYear=1983&make=FORD&issueType=r,2026-07-15,"Non-contiguous confirmed model years reflect the verified records; gaps are preserved, not bridged. Model year(s) [1980, 1981, 1982] added in V3 from the official EPA 1980-1983 historical dataset.",2,3
Ford,LTD Crown Victoria,1983-1994,1983,1994,Discontinued,Passenger Car,United States,No,Added - Missing Model,Government Verified,EPA FuelEconomy.gov Vehicle Fuel Economy Dataset,https://www.fueleconomy.gov/feg/epadata/vehicles.csv,,,2026-07-15,Model year(s) [1983] added in V3 from the official EPA 1980-1983 historical dataset.,1,2
Ford,Laser,1981-1989,1981,1989,Discontinued,Passenger Car,United States,No,Added - Missing Model,Fully Verified,EPA FuelEconomy.gov Vehicle Fuel Economy Dataset,https://www.fueleconomy.gov/feg/epadata/vehicles.csv,NHTSA vPIC (VIN product data),https://vpic.nhtsa.dot.gov/api/vehicles/GetModelsForMake/Ford?format=json,2026-07-15,"Upgraded to Fully Verified in V2: independently confirmed by NHTSA vPIC product data. Model year(s) [1981, 1982, 1983] added in V3 from the official EPA 1980-1983 historical dataset.",2,3
Ford,Maverick,2022-2026,2022,2026,Active,Pickup Truck,United States,No,Added - Missing Model,Fully Verified,EPA FuelEconomy.gov Vehicle Fuel Economy Dataset,https://www.fueleconomy.gov/feg/epadata/vehicles.csv,NHTSA Product Information Catalog (vehicle products API),https://api.nhtsa.gov/products/vehicle/models?modelYear=2022&make=FORD&issueType=r,2026-07-15,,2,2
Ford,Mustang,1980-2026,1980,2026,Active,Passenger Car,United States,Yes,Original Source,Fully Verified,EPA FuelEconomy.gov Vehicle Fuel Economy Dataset,https://www.fueleconomy.gov/feg/epadata/vehicles.csv,NHTSA Product Information Catalog (vehicle products API),https://api.nhtsa.gov/products/vehicle/models?modelYear=1980&make=FORD&issueType=r,2026-07-15,"Non-contiguous confirmed model years reflect the verified records; gaps are preserved, not bridged. Model year(s) [1981] added in V3 from the official EPA 1980-1983 historical dataset.",2,3
Ford,Mustang Mach-E,2021-2026,2021,2026,Active,Multiple Categories,United States,No,Added - Missing Model,Fully Verified,EPA FuelEconomy.gov Vehicle Fuel Economy Dataset,https://www.fueleconomy.gov/feg/epadata/vehicles.csv,NHTSA Product Information Catalog (vehicle products API),https://api.nhtsa.gov/products/vehicle/models?modelYear=2021&make=FORD&issueType=r,2026-07-15,,2,2
Ford,Pinto,1980,1980,1980,Discontinued,Passenger Car,United States,No,Added - Missing Model,Fully Verified,NHTSA Product Information Catalog (vehicle products API),https://api.nhtsa.gov/products/vehicle/models?modelYear=1980&make=FORD&issueType=r,,,2026-07-15,V3: EPA historical 1980-83 dataset provides a second independent organization for this model.,2,2
Ford,Probe,1984; 1989-1997; 1999,1984,1999,Discontinued,Passenger Car,United States,No,Added - Missing Model,Fully Verified,EPA FuelEconomy.gov Vehicle Fuel Economy Dataset,https://www.fueleconomy.gov/feg/epadata/vehicles.csv,NHTSA Product Information Catalog (vehicle products API),https://api.nhtsa.gov/products/vehicle/models?modelYear=1984&make=FORD&issueType=r,2026-07-15,"Non-contiguous confirmed model years reflect the verified records; gaps are preserved, not bridged.",2,2
Ford,Ranger,1982-2011; 2014; 2016-2017; 2019-2026,1982,2026,Active,Multiple Categories,United States,Yes,Original Source,Fully Verified,EPA FuelEconomy.gov Vehicle Fuel Economy Dataset,https://www.fueleconomy.gov/feg/epadata/vehicles.csv,NHTSA Product Information Catalog (vehicle products API),https://api.nhtsa.gov/products/vehicle/models?modelYear=1983&make=FORD&issueType=r,2026-07-15,"Non-contiguous confirmed model years reflect the verified records; gaps are preserved, not bridged. Model year(s) [1982] added in V3 from the official EPA 1980-1983 historical dataset.",2,3
Ford,Taurus,1981; 1983-2019,1981,2019,Discontinued,Passenger Car,United States,Yes,Original Source,Fully Verified,EPA FuelEconomy.gov Vehicle Fuel Economy Dataset,https://www.fueleconomy.gov/feg/epadata/vehicles.csv,NHTSA Product Information Catalog (vehicle products API),https://api.nhtsa.gov/products/vehicle/models?modelYear=1981&make=FORD&issueType=r,2026-07-15,"Non-contiguous confirmed model years reflect the verified records; gaps are preserved, not bridged.",2,2
Ford,Taurus X,2008-2009,2008,2009,Discontinued,SUV/Crossover,United States,No,Added - Missing Model,Fully Verified,EPA FuelEconomy.gov Vehicle Fuel Economy Dataset,https://www.fueleconomy.gov/feg/epadata/vehicles.csv,NHTSA Product Information Catalog (vehicle products API),https://api.nhtsa.gov/products/vehicle/models?modelYear=2008&make=FORD&issueType=r,2026-07-15,,2,2
Ford,Tempo,1981; 1983-2000,1981,2000,Discontinued,Passenger Car,United States,No,Added - Missing Model,Fully Verified,EPA FuelEconomy.gov Vehicle Fuel Economy Dataset,https://www.fueleconomy.gov/feg/epadata/vehicles.csv,NHTSA Product Information Catalog (vehicle products API),https://api.nhtsa.gov/products/vehicle/models?modelYear=1981&make=FORD&issueType=r,2026-07-15,"Non-contiguous confirmed model years reflect the verified records; gaps are preserved, not bridged. Model year(s) [1983] added in V3 from the official EPA 1980-1983 historical dataset.",2,3
Ford,Th!nk,2001,2001,2001,Discontinued,Passenger Car,United States,No,Added - Missing Model,Government Verified,EPA FuelEconomy.gov Vehicle Fuel Economy Dataset,https://www.fueleconomy.gov/feg/epadata/vehicles.csv,,,2026-07-15,,1,1
Ford,Thunderbird,1980-1999; 2002-2005,1980,2005,Discontinued,Passenger Car,United States,No,Added - Missing Model,Fully Verified,EPA FuelEconomy.gov Vehicle Fuel Economy Dataset,https://www.fueleconomy.gov/feg/epadata/vehicles.csv,NHTSA Product Information Catalog (vehicle products API),https://api.nhtsa.gov/products/vehicle/models?modelYear=1980&make=FORD&issueType=r,2026-07-15,"Non-contiguous confirmed model years reflect the verified records; gaps are preserved, not bridged. Model year(s) [1981, 1982] added in V3 from the official EPA 1980-1983 historical dataset.",2,3
Ford,Transit,2001; 2014-2026,2001,2026,Active,Van,United States,Yes,Original Source,Fully Verified,EPA FuelEconomy.gov Vehicle Fuel Economy Dataset,https://www.fueleconomy.gov/feg/epadata/vehicles.csv,NHTSA Product Information Catalog (vehicle products API),https://api.nhtsa.gov/products/vehicle/models?modelYear=2001&make=FORD&issueType=r,2026-07-15,"Non-contiguous confirmed model years reflect the verified records; gaps are preserved, not bridged.",2,2
Ford,Transit Connect,2010-2023,2010,2023,Discontinued,SUV/Crossover,United States,Yes,Original Source,Fully Verified,EPA FuelEconomy.gov Vehicle Fuel Economy Dataset,https://www.fueleconomy.gov/feg/epadata/vehicles.csv,NHTSA Product Information Catalog (vehicle products API),https://api.nhtsa.gov/products/vehicle/models?modelYear=2010&make=FORD&issueType=r,2026-07-15,,2,2
Ford,Windstar,1985; 1990-2005,1985,2005,Discontinued,Multiple Categories,United States,No,Added - Missing Model,Fully Verified,EPA FuelEconomy.gov Vehicle Fuel Economy Dataset,https://www.fueleconomy.gov/feg/epadata/vehicles.csv,NHTSA Product Information Catalog (vehicle products API),https://api.nhtsa.gov/products/vehicle/models?modelYear=1985&make=FORD&issueType=r,2026-07-15,"Non-contiguous confirmed model years reflect the verified records; gaps are preserved, not bridged.",2,2
GMC,Acadia,2007-2026,2007,2026,Active,SUV/Crossover,United States,Yes,Original Source,Fully Verified,EPA FuelEconomy.gov Vehicle Fuel Economy Dataset,https://www.fueleconomy.gov/feg/epadata/vehicles.csv,NHTSA Product Information Catalog (vehicle products API),https://api.nhtsa.gov/products/vehicle/models?modelYear=2007&make=GMC&issueType=r,2026-07-15,,2,2
GMC,C/K 1500-2500 (Sierra Classic era),1980-1999,1980,1999,Discontinued,Multiple Categories,United States,No,Added - Missing Model,Fully Verified,EPA FuelEconomy.gov Vehicle Fuel Economy Dataset,https://www.fueleconomy.gov/feg/epadata/vehicles.csv,NHTSA Product Information Catalog (vehicle products API),https://api.nhtsa.gov/products/vehicle/models?modelYear=1984&make=GMC&issueType=r,2026-07-15,"Model year(s) [1980, 1981, 1982, 1983] added in V3 from the official EPA 1980-1983 historical dataset.",2,3
GMC,Caballero,1980-1987,1980,1987,Discontinued,Pickup Truck,United States,No,Added - Missing Model,Fully Verified,EPA FuelEconomy.gov Vehicle Fuel Economy Dataset,https://www.fueleconomy.gov/feg/epadata/vehicles.csv,NHTSA vPIC (VIN product data),https://vpic.nhtsa.dot.gov/api/vehicles/GetModelsForMake/GMC?format=json,2026-07-15,"Upgraded to Fully Verified in V2: independently confirmed by NHTSA vPIC product data. Model year(s) [1980, 1981, 1982, 1983] added in V3 from the official EPA 1980-1983 historical dataset.",2,3
GMC,Canyon,2004-2012; 2015-2026,2004,2026,Active,Multiple Categories,United States,Yes,Original Source,Fully Verified,EPA FuelEconomy.gov Vehicle Fuel Economy Dataset,https://www.fueleconomy.gov/feg/epadata/vehicles.csv,NHTSA Product Information Catalog (vehicle products API),https://api.nhtsa.gov/products/vehicle/models?modelYear=2004&make=GMC&issueType=r,2026-07-15,"Non-contiguous confirmed model years reflect the verified records; gaps are preserved, not bridged.",2,2
GMC,EV1,1999,1999,1999,Discontinued,Passenger Car,United States,No,Added - Missing Model,Government Verified,EPA FuelEconomy.gov Vehicle Fuel Economy Dataset,https://www.fueleconomy.gov/feg/epadata/vehicles.csv,,,2026-07-15,,1,1
GMC,Envoy,1995-2009,1995,2009,Discontinued,SUV/Crossover,United States,Yes,Original Source,Fully Verified,EPA FuelEconomy.gov Vehicle Fuel Economy Dataset,https://www.fueleconomy.gov/feg/epadata/vehicles.csv,NHTSA Product Information Catalog (vehicle products API),https://api.nhtsa.gov/products/vehicle/models?modelYear=1995&make=GMC&issueType=r,2026-07-15,,2,2
GMC,Envoy XUV,2004-2006,2004,2006,Discontinued,SUV/Crossover,United States,No,Added - Missing Model,Fully Verified,EPA FuelEconomy.gov Vehicle Fuel Economy Dataset,https://www.fueleconomy.gov/feg/epadata/vehicles.csv,NHTSA Product Information Catalog (vehicle products API),https://api.nhtsa.gov/products/vehicle/models?modelYear=2004&make=GMC&issueType=r,2026-07-15,,2,2
GMC,Hummer EV,2022-2025,2022,2025,Active,Multiple Categories,United States,No,Added - Missing Model,Fully Verified,EPA FuelEconomy.gov Vehicle Fuel Economy Dataset,https://www.fueleconomy.gov/feg/epadata/vehicles.csv,NHTSA Product Information Catalog (vehicle products API),https://api.nhtsa.gov/products/vehicle/models?modelYear=2022&make=GMC&issueType=r,2026-07-15,,2,2
GMC,Jimmy,1982-2004,1982,2004,Discontinued,SUV/Crossover,United States,No,Added - Missing Model,Fully Verified,EPA FuelEconomy.gov Vehicle Fuel Economy Dataset,https://www.fueleconomy.gov/feg/epadata/vehicles.csv,NHTSA Product Information Catalog (vehicle products API),https://api.nhtsa.gov/products/vehicle/models?modelYear=1982&make=GMC&issueType=r,2026-07-15,,2,2
GMC,Rally Wagon,1983; 1988-1989; 1992-1995; 1999,1983,1999,Discontinued,Van,United States,No,Added - Missing Model,Fully Verified,EPA FuelEconomy.gov Vehicle Fuel Economy Dataset,https://www.fueleconomy.gov/feg/epadata/vehicles.csv,NHTSA Product Information Catalog (vehicle products API),https://api.nhtsa.gov/products/vehicle/models?modelYear=1983&make=GMC&issueType=r,2026-07-15,"Non-contiguous confirmed model years reflect the verified records; gaps are preserved, not bridged.",2,2
GMC,S-15 Jimmy,1983-1990,1983,1990,Discontinued,SUV/Crossover,United States,No,Added - Missing Model,Government Verified,EPA FuelEconomy.gov Vehicle Fuel Economy Dataset,https://www.fueleconomy.gov/feg/epadata/vehicles.csv,,,2026-07-15,Model year(s) [1983] added in V3 from the official EPA 1980-1983 historical dataset.,1,2
GMC,Safari,1985-2005,1985,2005,Discontinued,Van,United States,No,Added - Missing Model,Fully Verified,EPA FuelEconomy.gov Vehicle Fuel Economy Dataset,https://www.fueleconomy.gov/feg/epadata/vehicles.csv,NHTSA Product Information Catalog (vehicle products API),https://api.nhtsa.gov/products/vehicle/models?modelYear=1985&make=GMC&issueType=r,2026-07-15,,2,2
GMC,Savana,1994-2019; 2021-2022; 2025,1994,2025,Active,Van,United States,Yes,Original Source,Fully Verified,EPA FuelEconomy.gov Vehicle Fuel Economy Dataset,https://www.fueleconomy.gov/feg/epadata/vehicles.csv,NHTSA Product Information Catalog (vehicle products API),https://api.nhtsa.gov/products/vehicle/models?modelYear=1994&make=GMC&issueType=r,2026-07-15,"Non-contiguous confirmed model years reflect the verified records; gaps are preserved, not bridged.",2,2
GMC,Sierra 1500,1989-2006; 2009-2026,1989,2026,Active,Pickup Truck,United States,Yes,Existing Standardized Catalog,Fully Verified,EPA FuelEconomy.gov Vehicle Fuel Economy Dataset,https://www.fueleconomy.gov/feg/epadata/vehicles.csv,NHTSA Product Information Catalog (vehicle products API),https://api.nhtsa.gov/products/vehicle/models?modelYear=1989&make=GMC&issueType=r,2026-07-15,"Non-contiguous confirmed model years reflect the verified records; gaps are preserved, not bridged.",2,2
GMC,Sierra 2500,1991; 1993-2000; 2007; 2009-2026,1991,2026,Active,Pickup Truck,United States,Yes,Existing Standardized Catalog,Fully Verified,EPA FuelEconomy.gov Vehicle Fuel Economy Dataset,https://www.fueleconomy.gov/feg/epadata/vehicles.csv,NHTSA Product Information Catalog (vehicle products API),https://api.nhtsa.gov/products/vehicle/models?modelYear=1991&make=GMC&issueType=r,2026-07-15,"Non-contiguous confirmed model years reflect the verified records; gaps are preserved, not bridged.",2,2
GMC,Sierra 2500HD,2005; 2024,2005,2024,Discontinued,Pickup Truck,United States,No,Added - Missing Model,Fully Verified,EPA FuelEconomy.gov Vehicle Fuel Economy Dataset,https://www.fueleconomy.gov/feg/epadata/vehicles.csv,NHTSA Product Information Catalog (vehicle products API),https://api.nhtsa.gov/products/vehicle/models?modelYear=2005&make=GMC&issueType=r,2026-07-15,"Non-contiguous confirmed model years reflect the verified records; gaps are preserved, not bridged. V3: EPA historical 1980-83 dataset provides a second independent organization for this model.",2,2
GMC,Sierra 3500,1999-2001; 2007; 2009-2024; 2026,1999,2026,Active,Pickup Truck,United States,Yes,Existing Standardized Catalog,Government Verified,NHTSA Product Information Catalog (vehicle products API),https://api.nhtsa.gov/products/vehicle/models?modelYear=1999&make=GMC&issueType=r,,,2026-07-15,"Non-contiguous confirmed model years reflect the verified records; gaps are preserved, not bridged.",1,1
GMC,Sierra EV,2024-2026,2024,2026,Active,Pickup Truck,United States,No,Added - Missing Model,Fully Verified,EPA FuelEconomy.gov Vehicle Fuel Economy Dataset,https://www.fueleconomy.gov/feg/epadata/vehicles.csv,NHTSA Product Information Catalog (vehicle products API),https://api.nhtsa.gov/products/vehicle/models?modelYear=2024&make=GMC&issueType=r,2026-07-15,,2,2
GMC,Sonoma,1980; 1982-2005,1980,2005,Discontinued,Multiple Categories,United States,No,Added - Missing Model,Fully Verified,EPA FuelEconomy.gov Vehicle Fuel Economy Dataset,https://www.fueleconomy.gov/feg/epadata/vehicles.csv,NHTSA Product Information Catalog (vehicle products API),https://api.nhtsa.gov/products/vehicle/models?modelYear=1980&make=GMC&issueType=r,2026-07-15,"Non-contiguous confirmed model years reflect the verified records; gaps are preserved, not bridged. Model year(s) [1982, 1983] added in V3 from the official EPA 1980-1983 historical dataset.",2,3
GMC,Suburban,1983-2004,1983,2004,Discontinued,SUV/Crossover,United States,No,Added - Missing Model,Fully Verified,EPA FuelEconomy.gov Vehicle Fuel Economy Dataset,https://www.fueleconomy.gov/feg/epadata/vehicles.csv,NHTSA Product Information Catalog (vehicle products API),https://api.nhtsa.gov/products/vehicle/models?modelYear=1983&make=GMC&issueType=r,2026-07-15,,2,2
GMC,Terrain,2010-2027,2010,2027,Active,SUV/Crossover,United States,No,Added - Missing Model,Fully Verified,EPA FuelEconomy.gov Vehicle Fuel Economy Dataset,https://www.fueleconomy.gov/feg/epadata/vehicles.csv,NHTSA Product Information Catalog (vehicle products API),https://api.nhtsa.gov/products/vehicle/models?modelYear=2010&make=GMC&issueType=r,2026-07-15,MY2027 record officially published in government data by the 2026-07-15 research cutoff.,2,2
GMC,TopKick,1993-1997; 1999-2000; 2003-2009,1993,2009,Discontinued,Light Commercial Vehicle,United States,Yes,Original Source,Government Verified,NHTSA Product Information Catalog (vehicle products API),https://api.nhtsa.gov/products/vehicle/models?modelYear=1993&make=GMC&issueType=r,,,2026-07-15,"Non-contiguous confirmed model years reflect the verified records; gaps are preserved, not bridged. Medium-duty line preserved because it appears in the original source file.",1,1
GMC,Vandura,1980-2000,1980,2000,Discontinued,Multiple Categories,United States,No,Added - Missing Model,Fully Verified,EPA FuelEconomy.gov Vehicle Fuel Economy Dataset,https://www.fueleconomy.gov/feg/epadata/vehicles.csv,NHTSA Product Information Catalog (vehicle products API),https://api.nhtsa.gov/products/vehicle/models?modelYear=1983&make=GMC&issueType=r,2026-07-15,"Model year(s) [1980, 1981, 1982] added in V3 from the official EPA 1980-1983 historical dataset.",2,3
GMC,Yukon,1986-1987; 1992-2026,1986,2026,Active,SUV/Crossover,United States,Yes,Original Source,Fully Verified,EPA FuelEconomy.gov Vehicle Fuel Economy Dataset,https://www.fueleconomy.gov/feg/epadata/vehicles.csv,NHTSA Product Information Catalog (vehicle products API),https://api.nhtsa.gov/products/vehicle/models?modelYear=1986&make=GMC&issueType=r,2026-07-15,"Non-contiguous confirmed model years reflect the verified records; gaps are preserved, not bridged.",2,2
GMC,Yukon XL,2000-2026,2000,2026,Active,SUV/Crossover,United States,No,Added - Missing Model,Fully Verified,EPA FuelEconomy.gov Vehicle Fuel Economy Dataset,https://www.fueleconomy.gov/feg/epadata/vehicles.csv,NHTSA Product Information Catalog (vehicle products API),https://api.nhtsa.gov/products/vehicle/models?modelYear=2000&make=GMC&issueType=r,2026-07-15,,2,2
Genesis,Electrified G80,2023-2026,2023,2026,Active,Passenger Car,United States,No,Added - Missing Make and Model,Fully Verified,EPA FuelEconomy.gov Vehicle Fuel Economy Dataset,https://www.fueleconomy.gov/feg/epadata/vehicles.csv,NHTSA Product Information Catalog (vehicle products API),https://api.nhtsa.gov/products/vehicle/models?modelYear=2023&make=GENESIS&issueType=r,2026-07-15,,2,2
Genesis,Electrified GV70,2023-2026,2023,2026,Active,SUV/Crossover,United States,No,Added - Missing Make and Model,Fully Verified,EPA FuelEconomy.gov Vehicle Fuel Economy Dataset,https://www.fueleconomy.gov/feg/epadata/vehicles.csv,NHTSA Product Information Catalog (vehicle products API),https://api.nhtsa.gov/products/vehicle/models?modelYear=2023&make=GENESIS&issueType=r,2026-07-15,V3: EPA historical 1980-83 dataset provides a second independent organization for this model.,2,2
Genesis,G70,2019-2026,2019,2026,Active,Passenger Car,United States,No,Added - Missing Make and Model,Fully Verified,EPA FuelEconomy.gov Vehicle Fuel Economy Dataset,https://www.fueleconomy.gov/feg/epadata/vehicles.csv,NHTSA Product Information Catalog (vehicle products API),https://api.nhtsa.gov/products/vehicle/models?modelYear=2019&make=GENESIS&issueType=r,2026-07-15,,2,2
Genesis,G80,2017-2027,2017,2027,Active,Passenger Car,United States,No,Added - Missing Make and Model,Fully Verified,EPA FuelEconomy.gov Vehicle Fuel Economy Dataset,https://www.fueleconomy.gov/feg/epadata/vehicles.csv,NHTSA Product Information Catalog (vehicle products API),https://api.nhtsa.gov/products/vehicle/models?modelYear=2017&make=GENESIS&issueType=r,2026-07-15,MY2027 record officially published in government data by the 2026-07-15 research cutoff.,2,2
Genesis,G90,2017-2026,2017,2026,Active,Passenger Car,United States,No,Added - Missing Make and Model,Fully Verified,EPA FuelEconomy.gov Vehicle Fuel Economy Dataset,https://www.fueleconomy.gov/feg/epadata/vehicles.csv,NHTSA Product Information Catalog (vehicle products API),https://api.nhtsa.gov/products/vehicle/models?modelYear=2017&make=GENESIS&issueType=r,2026-07-15,,2,2
Genesis,GV60,2023-2026,2023,2026,Active,Multiple Categories,United States,No,Added - Missing Make and Model,Fully Verified,EPA FuelEconomy.gov Vehicle Fuel Economy Dataset,https://www.fueleconomy.gov/feg/epadata/vehicles.csv,NHTSA Product Information Catalog (vehicle products API),https://api.nhtsa.gov/products/vehicle/models?modelYear=2023&make=GENESIS&issueType=r,2026-07-15,,2,2
Genesis,GV70,2022-2027,2022,2027,Active,SUV/Crossover,United States,No,Added - Missing Make and Model,Fully Verified,EPA FuelEconomy.gov Vehicle Fuel Economy Dataset,https://www.fueleconomy.gov/feg/epadata/vehicles.csv,NHTSA Product Information Catalog (vehicle products API),https://api.nhtsa.gov/products/vehicle/models?modelYear=2022&make=GENESIS&issueType=r,2026-07-15,MY2027 record officially published in government data by the 2026-07-15 research cutoff.,2,2
Genesis,GV80,2021-2027,2021,2027,Active,SUV/Crossover,United States,No,Added - Missing Make and Model,Fully Verified,EPA FuelEconomy.gov Vehicle Fuel Economy Dataset,https://www.fueleconomy.gov/feg/epadata/vehicles.csv,NHTSA Product Information Catalog (vehicle products API),https://api.nhtsa.gov/products/vehicle/models?modelYear=2021&make=GENESIS&issueType=r,2026-07-15,MY2027 record officially published in government data by the 2026-07-15 research cutoff.,2,2
Geo,Metro,1989-1997,1989,1997,Discontinued,Passenger Car,United States,No,Added - Missing Make and Model,Fully Verified,EPA FuelEconomy.gov Vehicle Fuel Economy Dataset,https://www.fueleconomy.gov/feg/epadata/vehicles.csv,NHTSA Product Information Catalog (vehicle products API),https://api.nhtsa.gov/products/vehicle/models?modelYear=1989&make=GEO&issueType=r,2026-07-15,,2,2
Geo,Metro LSI,1989-1993,1989,1993,Discontinued,Passenger Car,United States,No,Added - Missing Make and Model,Government Verified,EPA FuelEconomy.gov Vehicle Fuel Economy Dataset,https://www.fueleconomy.gov/feg/epadata/vehicles.csv,,,2026-07-15,,1,1
Geo,Metro XFI,1990-1994,1990,1994,Discontinued,Passenger Car,United States,No,Added - Missing Make and Model,Government Verified,EPA FuelEconomy.gov Vehicle Fuel Economy Dataset,https://www.fueleconomy.gov/feg/epadata/vehicles.csv,,,2026-07-15,,1,1
Geo,Prizm,1989-1997,1989,1997,Discontinued,Passenger Car,United States,No,Added - Missing Make and Model,Fully Verified,EPA FuelEconomy.gov Vehicle Fuel Economy Dataset,https://www.fueleconomy.gov/feg/epadata/vehicles.csv,NHTSA Product Information Catalog (vehicle products API),https://api.nhtsa.gov/products/vehicle/models?modelYear=1989&make=GEO&issueType=r,2026-07-15,,2,2
Geo,Spectrum,1989,1989,1989,Discontinued,Passenger Car,United States,No,Added - Missing Make and Model,Fully Verified,EPA FuelEconomy.gov Vehicle Fuel Economy Dataset,https://www.fueleconomy.gov/feg/epadata/vehicles.csv,NHTSA Product Information Catalog (vehicle products API),https://api.nhtsa.gov/products/vehicle/models?modelYear=1989&make=GEO&issueType=r,2026-07-15,,2,2
Geo,Storm,1990-1993,1990,1993,Discontinued,Passenger Car,United States,No,Added - Missing Make and Model,Fully Verified,EPA FuelEconomy.gov Vehicle Fuel Economy Dataset,https://www.fueleconomy.gov/feg/epadata/vehicles.csv,NHTSA Product Information Catalog (vehicle products API),https://api.nhtsa.gov/products/vehicle/models?modelYear=1990&make=GEO&issueType=r,2026-07-15,,2,2
Geo,Tracker,1989-1997,1989,1997,Discontinued,SUV/Crossover,United States,No,Added - Missing Make and Model,Fully Verified,EPA FuelEconomy.gov Vehicle Fuel Economy Dataset,https://www.fueleconomy.gov/feg/epadata/vehicles.csv,NHTSA Product Information Catalog (vehicle products API),https://api.nhtsa.gov/products/vehicle/models?modelYear=1989&make=GEO&issueType=r,2026-07-15,,2,2
Honda,Accord,1980-2026,1980,2026,Active,Passenger Car,United States,Yes,Original Source,Fully Verified,EPA FuelEconomy.gov Vehicle Fuel Economy Dataset,https://www.fueleconomy.gov/feg/epadata/vehicles.csv,NHTSA Product Information Catalog (vehicle products API),https://api.nhtsa.gov/products/vehicle/models?modelYear=1980&make=HONDA&issueType=r,2026-07-15,,2,3
Honda,Accord Crosstour,2010-2011; 2013,2010,2013,Discontinued,SUV/Crossover,United States,No,Added - Missing Model,Fully Verified,EPA FuelEconomy.gov Vehicle Fuel Economy Dataset,https://www.fueleconomy.gov/feg/epadata/vehicles.csv,NHTSA Product Information Catalog (vehicle products API),https://api.nhtsa.gov/products/vehicle/models?modelYear=2010&make=HONDA&issueType=r,2026-07-15,"Non-contiguous confirmed model years reflect the verified records; gaps are preserved, not bridged.",2,2
Honda,CR-V,1997-2026,1997,2026,Active,Multiple Categories,United States,Yes,Original Source,Fully Verified,EPA FuelEconomy.gov Vehicle Fuel Economy Dataset,https://www.fueleconomy.gov/feg/epadata/vehicles.csv,NHTSA Product Information Catalog (vehicle products API),https://api.nhtsa.gov/products/vehicle/models?modelYear=1997&make=HONDA&issueType=r,2026-07-15,,2,2
Honda,CR-Z,2011-2016,2011,2016,Discontinued,Passenger Car,United States,No,Added - Missing Model,Fully Verified,EPA FuelEconomy.gov Vehicle Fuel Economy Dataset,https://www.fueleconomy.gov/feg/epadata/vehicles.csv,NHTSA Product Information Catalog (vehicle products API),https://api.nhtsa.gov/products/vehicle/models?modelYear=2011&make=HONDA&issueType=r,2026-07-15,,2,2
Honda,CRX,1984-1991,1984,1991,Discontinued,Passenger Car,United States,No,Added - Missing Model,Fully Verified,EPA FuelEconomy.gov Vehicle Fuel Economy Dataset,https://www.fueleconomy.gov/feg/epadata/vehicles.csv,NHTSA Product Information Catalog (vehicle products API),https://api.nhtsa.gov/products/vehicle/models?modelYear=1984&make=HONDA&issueType=r,2026-07-15,,2,2
Honda,Civic,1980-2026,1980,2026,Active,Passenger Car,United States,Yes,Original Source,Fully Verified,EPA FuelEconomy.gov Vehicle Fuel Economy Dataset,https://www.fueleconomy.gov/feg/epadata/vehicles.csv,NHTSA Product Information Catalog (vehicle products API),https://api.nhtsa.gov/products/vehicle/models?modelYear=1981&make=HONDA&issueType=r,2026-07-15,Model year(s) [1980] added in V3 from the official EPA 1980-1983 historical dataset.,2,3
Honda,Civic del Sol,1993-1998,1993,1998,Discontinued,Passenger Car,United States,No,Added - Missing Model,Fully Verified,EPA FuelEconomy.gov Vehicle Fuel Economy Dataset,https://www.fueleconomy.gov/feg/epadata/vehicles.csv,NHTSA Product Information Catalog (vehicle products API),https://api.nhtsa.gov/products/vehicle/models?modelYear=1993&make=HONDA&issueType=r,2026-07-15,,2,2
Honda,Clarity,2017-2021,2017,2021,Discontinued,Passenger Car,United States,No,Added - Missing Model,Fully Verified,EPA FuelEconomy.gov Vehicle Fuel Economy Dataset,https://www.fueleconomy.gov/feg/epadata/vehicles.csv,NHTSA Product Information Catalog (vehicle products API),https://api.nhtsa.gov/products/vehicle/models?modelYear=2017&make=HONDA&issueType=r,2026-07-15,,2,2
Honda,Crosstour,2010-2015,2010,2015,Discontinued,SUV/Crossover,United States,No,Added - Missing Model,Fully Verified,EPA FuelEconomy.gov Vehicle Fuel Economy Dataset,https://www.fueleconomy.gov/feg/epadata/vehicles.csv,NHTSA Product Information Catalog (vehicle products API),https://api.nhtsa.gov/products/vehicle/models?modelYear=2010&make=HONDA&issueType=r,2026-07-15,,2,2
Honda,EV Plus,1998-1999,1998,1999,Discontinued,Passenger Car,United States,No,Added - Missing Model,Fully Verified,EPA FuelEconomy.gov Vehicle Fuel Economy Dataset,https://www.fueleconomy.gov/feg/epadata/vehicles.csv,NHTSA vPIC (VIN product data),https://vpic.nhtsa.dot.gov/api/vehicles/GetModelsForMake/Honda?format=json,2026-07-15,Upgraded to Fully Verified in V2: independently confirmed by NHTSA vPIC product data.,2,2
Honda,Element,2003-2011,2003,2011,Discontinued,SUV/Crossover,United States,No,Added - Missing Model,Fully Verified,EPA FuelEconomy.gov Vehicle Fuel Economy Dataset,https://www.fueleconomy.gov/feg/epadata/vehicles.csv,NHTSA Product Information Catalog (vehicle products API),https://api.nhtsa.gov/products/vehicle/models?modelYear=2003&make=HONDA&issueType=r,2026-07-15,,2,2
Honda,FCX Clarity,2014,2014,2014,Discontinued,Passenger Car,United States,No,Added - Missing Model,Fully Verified,EPA FuelEconomy.gov Vehicle Fuel Economy Dataset,https://www.fueleconomy.gov/feg/epadata/vehicles.csv,NHTSA vPIC (VIN product data),https://vpic.nhtsa.dot.gov/api/vehicles/GetModelsForMake/Honda?format=json,2026-07-15,Upgraded to Fully Verified in V2: independently confirmed by NHTSA vPIC product data.,2,2
Honda,Fit,2007-2013; 2015-2020,2007,2020,Discontinued,Passenger Car,United States,No,Added - Missing Model,Fully Verified,EPA FuelEconomy.gov Vehicle Fuel Economy Dataset,https://www.fueleconomy.gov/feg/epadata/vehicles.csv,NHTSA Product Information Catalog (vehicle products API),https://api.nhtsa.gov/products/vehicle/models?modelYear=2007&make=HONDA&issueType=r,2026-07-15,"Non-contiguous confirmed model years reflect the verified records; gaps are preserved, not bridged.",2,2
Honda,Fit EV,2013-2014,2013,2014,Discontinued,Passenger Car,United States,No,Added - Missing Model,Fully Verified,EPA FuelEconomy.gov Vehicle Fuel Economy Dataset,https://www.fueleconomy.gov/feg/epadata/vehicles.csv,NHTSA Product Information Catalog (vehicle products API),https://api.nhtsa.gov/products/vehicle/models?modelYear=2013&make=HONDA&issueType=r,2026-07-15,,2,2
Honda,HR-V,2016-2027,2016,2027,Active,Multiple Categories,United States,No,Added - Missing Model,Fully Verified,EPA FuelEconomy.gov Vehicle Fuel Economy Dataset,https://www.fueleconomy.gov/feg/epadata/vehicles.csv,NHTSA Product Information Catalog (vehicle products API),https://api.nhtsa.gov/products/vehicle/models?modelYear=2016&make=HONDA&issueType=r,2026-07-15,MY2027 record officially published in government data by the 2026-07-15 research cutoff.,2,2
Honda,Insight,2000-2006; 2010-2014; 2019-2022,2000,2022,Discontinued,Passenger Car,United States,No,Added - Missing Model,Fully Verified,EPA FuelEconomy.gov Vehicle Fuel Economy Dataset,https://www.fueleconomy.gov/feg/epadata/vehicles.csv,NHTSA Product Information Catalog (vehicle products API),https://api.nhtsa.gov/products/vehicle/models?modelYear=2000&make=HONDA&issueType=r,2026-07-15,"Non-contiguous confirmed model years reflect the verified records; gaps are preserved, not bridged.",2,2
Honda,Odyssey,1995-2026,1995,2026,Active,Multiple Categories,United States,Yes,Original Source,Fully Verified,EPA FuelEconomy.gov Vehicle Fuel Economy Dataset,https://www.fueleconomy.gov/feg/epadata/vehicles.csv,NHTSA Product Information Catalog (vehicle products API),https://api.nhtsa.gov/products/vehicle/models?modelYear=1995&make=HONDA&issueType=r,2026-07-15,,2,2
Honda,Passport,1994-2002; 2019-2026,1994,2026,Active,SUV/Crossover,United States,No,Added - Missing Model,Fully Verified,EPA FuelEconomy.gov Vehicle Fuel Economy Dataset,https://www.fueleconomy.gov/feg/epadata/vehicles.csv,NHTSA Product Information Catalog (vehicle products API),https://api.nhtsa.gov/products/vehicle/models?modelYear=1994&make=HONDA&issueType=r,2026-07-15,"Non-contiguous confirmed model years reflect the verified records; gaps are preserved, not bridged.",2,2
Honda,Pilot,2003-2026,2003,2026,Active,SUV/Crossover,United States,Yes,Original Source,Fully Verified,EPA FuelEconomy.gov Vehicle Fuel Economy Dataset,https://www.fueleconomy.gov/feg/epadata/vehicles.csv,NHTSA Product Information Catalog (vehicle products API),https://api.nhtsa.gov/products/vehicle/models?modelYear=2003&make=HONDA&issueType=r,2026-07-15,,2,2
Honda,Prelude,1980-2001; 2026,1980,2026,Active,Passenger Car,United States,No,Added - Missing Model,Fully Verified,EPA FuelEconomy.gov Vehicle Fuel Economy Dataset,https://www.fueleconomy.gov/feg/epadata/vehicles.csv,NHTSA Product Information Catalog (vehicle products API),https://api.nhtsa.gov/products/vehicle/models?modelYear=1981&make=HONDA&issueType=r,2026-07-15,"Non-contiguous confirmed model years reflect the verified records; gaps are preserved, not bridged. Model year(s) [1980, 1982] added in V3 from the official EPA 1980-1983 historical dataset.",2,3
Honda,Prologue,2024-2026,2024,2026,Active,SUV/Crossover,United States,No,Added - Missing Model,Fully Verified,EPA FuelEconomy.gov Vehicle Fuel Economy Dataset,https://www.fueleconomy.gov/feg/epadata/vehicles.csv,NHTSA Product Information Catalog (vehicle products API),https://api.nhtsa.gov/products/vehicle/models?modelYear=2024&make=HONDA&issueType=r,2026-07-15,,2,2
Honda,Ridgeline,2006-2015; 2017-2026,2006,2026,Active,Pickup Truck,United States,Yes,Existing Standardized Catalog,Fully Verified,EPA FuelEconomy.gov Vehicle Fuel Economy Dataset,https://www.fueleconomy.gov/feg/epadata/vehicles.csv,NHTSA Product Information Catalog (vehicle products API),https://api.nhtsa.gov/products/vehicle/models?modelYear=2006&make=HONDA&issueType=r,2026-07-15,"Non-contiguous confirmed model years reflect the verified records; gaps are preserved, not bridged.",2,2
Honda,S2000,2000-2009,2000,2009,Discontinued,Passenger Car,United States,No,Added - Missing Model,Fully Verified,EPA FuelEconomy.gov Vehicle Fuel Economy Dataset,https://www.fueleconomy.gov/feg/epadata/vehicles.csv,NHTSA Product Information Catalog (vehicle products API),https://api.nhtsa.gov/products/vehicle/models?modelYear=2000&make=HONDA&issueType=r,2026-07-15,,2,2
Hummer,H1,2003,2003,2003,Discontinued,SUV/Crossover,United States,No,Added - Missing Model,Government Verified,NHTSA Product Information Catalog (vehicle products API),https://api.nhtsa.gov/products/vehicle/models?modelYear=2003&make=HUMMER&issueType=r,NHTSA vPIC (VIN product data),https://vpic.nhtsa.dot.gov/api/vehicles/GetModelsForMake/Hummer?format=json,2026-07-15,"Upgraded to Fully Verified in V2: independently confirmed by NHTSA vPIC product data. V3 source-status correction: confirmation came from two NHTSA datasets (Recall + vPIC), which is cross-dataset confirmation within one organization, not independent multi-source verification.",1,2
Hummer,H2,2003-2009,2003,2009,Discontinued,SUV/Crossover,United States,Yes,Original Source,Government Verified,NHTSA Product Information Catalog (vehicle products API),https://api.nhtsa.gov/products/vehicle/models?modelYear=2003&make=HUMMER&issueType=r,NHTSA vPIC (VIN product data),https://vpic.nhtsa.dot.gov/api/vehicles/GetModelsForMake/Hummer?format=json,2026-07-15,"Upgraded to Fully Verified in V2: independently confirmed by NHTSA vPIC product data. V3 source-status correction: confirmation came from two NHTSA datasets (Recall + vPIC), which is cross-dataset confirmation within one organization, not independent multi-source verification.",1,2
Hummer,H3,2003; 2006-2010,2003,2010,Discontinued,SUV/Crossover,United States,Yes,Original Source,Fully Verified,EPA FuelEconomy.gov Vehicle Fuel Economy Dataset,https://www.fueleconomy.gov/feg/epadata/vehicles.csv,NHTSA Product Information Catalog (vehicle products API),https://api.nhtsa.gov/products/vehicle/models?modelYear=2003&make=HUMMER&issueType=r,2026-07-15,"Non-contiguous confirmed model years reflect the verified records; gaps are preserved, not bridged.",2,2
Hummer,H3T,2009-2010,2009,2010,Discontinued,Pickup Truck,United States,No,Added - Missing Model,Fully Verified,EPA FuelEconomy.gov Vehicle Fuel Economy Dataset,https://www.fueleconomy.gov/feg/epadata/vehicles.csv,NHTSA Product Information Catalog (vehicle products API),https://api.nhtsa.gov/products/vehicle/models?modelYear=2009&make=HUMMER&issueType=r,2026-07-15,,2,2
Hyundai,Accent,1991; 1993; 1995-2022,1991,2022,Discontinued,Passenger Car,United States,No,Added - Missing Model,Fully Verified,EPA FuelEconomy.gov Vehicle Fuel Economy Dataset,https://www.fueleconomy.gov/feg/epadata/vehicles.csv,NHTSA Product Information Catalog (vehicle products API),https://api.nhtsa.gov/products/vehicle/models?modelYear=1991&make=HYUNDAI&issueType=r,2026-07-15,"Non-contiguous confirmed model years reflect the verified records; gaps are preserved, not bridged.",2,2
Hyundai,Azera,2006-2017,2006,2017,Discontinued,Passenger Car,United States,No,Added - Missing Model,Fully Verified,EPA FuelEconomy.gov Vehicle Fuel Economy Dataset,https://www.fueleconomy.gov/feg/epadata/vehicles.csv,NHTSA Product Information Catalog (vehicle products API),https://api.nhtsa.gov/products/vehicle/models?modelYear=2006&make=HYUNDAI&issueType=r,2026-07-15,,2,2
Hyundai,Elantra,1992-2026,1992,2026,Active,Passenger Car,United States,Yes,Original Source,Fully Verified,EPA FuelEconomy.gov Vehicle Fuel Economy Dataset,https://www.fueleconomy.gov/feg/epadata/vehicles.csv,NHTSA Product Information Catalog (vehicle products API),https://api.nhtsa.gov/products/vehicle/models?modelYear=1992&make=HYUNDAI&issueType=r,2026-07-15,,2,2
Hyundai,Elantra GT,2013-2020,2013,2020,Discontinued,Passenger Car,United States,No,Added - Missing Model,Fully Verified,EPA FuelEconomy.gov Vehicle Fuel Economy Dataset,https://www.fueleconomy.gov/feg/epadata/vehicles.csv,NHTSA Product Information Catalog (vehicle products API),https://api.nhtsa.gov/products/vehicle/models?modelYear=2013&make=HYUNDAI&issueType=r,2026-07-15,,2,2
Hyundai,Entourage,2006-2011,2006,2011,Discontinued,Minivan,United States,No,Added - Missing Model,Fully Verified,EPA FuelEconomy.gov Vehicle Fuel Economy Dataset,https://www.fueleconomy.gov/feg/epadata/vehicles.csv,NHTSA Product Information Catalog (vehicle products API),https://api.nhtsa.gov/products/vehicle/models?modelYear=2006&make=HYUNDAI&issueType=r,2026-07-15,,2,2
Hyundai,Equus,2011-2016,2011,2016,Discontinued,Passenger Car,United States,No,Added - Missing Model,Fully Verified,EPA FuelEconomy.gov Vehicle Fuel Economy Dataset,https://www.fueleconomy.gov/feg/epadata/vehicles.csv,NHTSA Product Information Catalog (vehicle products API),https://api.nhtsa.gov/products/vehicle/models?modelYear=2011&make=HYUNDAI&issueType=r,2026-07-15,,2,2
Hyundai,Excel,1986-1998; 2001,1986,2001,Discontinued,Passenger Car,United States,No,Added - Missing Model,Fully Verified,EPA FuelEconomy.gov Vehicle Fuel Economy Dataset,https://www.fueleconomy.gov/feg/epadata/vehicles.csv,NHTSA Product Information Catalog (vehicle products API),https://api.nhtsa.gov/products/vehicle/models?modelYear=1986&make=HYUNDAI&issueType=r,2026-07-15,"Non-contiguous confirmed model years reflect the verified records; gaps are preserved, not bridged.",2,2
Hyundai,Genesis,2008-2016; 2018,2008,2018,Discontinued,Passenger Car,United States,Yes,Original Source,Fully Verified,EPA FuelEconomy.gov Vehicle Fuel Economy Dataset,https://www.fueleconomy.gov/feg/epadata/vehicles.csv,NHTSA Product Information Catalog (vehicle products API),https://api.nhtsa.gov/products/vehicle/models?modelYear=2008&make=HYUNDAI&issueType=r,2026-07-15,"Non-contiguous confirmed model years reflect the verified records; gaps are preserved, not bridged.",2,2
Hyundai,Genesis Coupe,2010-2016,2010,2016,Discontinued,Passenger Car,United States,No,Added - Missing Model,Fully Verified,EPA FuelEconomy.gov Vehicle Fuel Economy Dataset,https://www.fueleconomy.gov/feg/epadata/vehicles.csv,NHTSA Product Information Catalog (vehicle products API),https://api.nhtsa.gov/products/vehicle/models?modelYear=2010&make=HYUNDAI&issueType=r,2026-07-15,,2,2
Hyundai,IONIQ,2017-2022,2017,2022,Discontinued,Passenger Car,United States,No,Added - Missing Model,Fully Verified,EPA FuelEconomy.gov Vehicle Fuel Economy Dataset,https://www.fueleconomy.gov/feg/epadata/vehicles.csv,NHTSA Product Information Catalog (vehicle products API),https://api.nhtsa.gov/products/vehicle/models?modelYear=2017&make=HYUNDAI&issueType=r,2026-07-15,,2,2
Hyundai,IONIQ 5,2022-2026,2022,2026,Active,Multiple Categories,United States,No,Added - Missing Model,Fully Verified,EPA FuelEconomy.gov Vehicle Fuel Economy Dataset,https://www.fueleconomy.gov/feg/epadata/vehicles.csv,NHTSA Product Information Catalog (vehicle products API),https://api.nhtsa.gov/products/vehicle/models?modelYear=2022&make=HYUNDAI&issueType=r,2026-07-15,,2,2
Hyundai,IONIQ 5 N,2025-2026,2025,2026,Active,SUV/Crossover,United States,No,Added - Missing Model,Fully Verified,EPA FuelEconomy.gov Vehicle Fuel Economy Dataset,https://www.fueleconomy.gov/feg/epadata/vehicles.csv,NHTSA Product Information Catalog (vehicle products API),https://api.nhtsa.gov/products/vehicle/models?modelYear=2025&make=HYUNDAI&issueType=r,2026-07-15,,2,2
Hyundai,IONIQ 6,2023-2025,2023,2025,Active,Passenger Car,United States,No,Added - Missing Model,Fully Verified,EPA FuelEconomy.gov Vehicle Fuel Economy Dataset,https://www.fueleconomy.gov/feg/epadata/vehicles.csv,NHTSA Product Information Catalog (vehicle products API),https://api.nhtsa.gov/products/vehicle/models?modelYear=2023&make=HYUNDAI&issueType=r,2026-07-15,,2,2
Hyundai,IONIQ 9,2026-2027,2026,2027,Active,SUV/Crossover,United States,No,Added - Missing Model,Fully Verified,EPA FuelEconomy.gov Vehicle Fuel Economy Dataset,https://www.fueleconomy.gov/feg/epadata/vehicles.csv,NHTSA Product Information Catalog (vehicle products API),https://api.nhtsa.gov/products/vehicle/models?modelYear=2026&make=HYUNDAI&issueType=r,2026-07-15,MY2027 record officially published in government data by the 2026-07-15 research cutoff.,2,2
Hyundai,Ioniq Electric,2017-2021,2017,2021,Discontinued,Passenger Car,United States,No,Added - Missing Model,Fully Verified,EPA FuelEconomy.gov Vehicle Fuel Economy Dataset,https://www.fueleconomy.gov/feg/epadata/vehicles.csv,NHTSA Product Information Catalog (vehicle products API),https://api.nhtsa.gov/products/vehicle/models?modelYear=2017&make=HYUNDAI&issueType=r,2026-07-15,,2,2
Hyundai,J-Car,1992,1992,1992,Discontinued,Passenger Car,United States,No,Added - Missing Model,Government Verified,EPA FuelEconomy.gov Vehicle Fuel Economy Dataset,https://www.fueleconomy.gov/feg/epadata/vehicles.csv,,,2026-07-15,,1,1
Hyundai,Kona,2018-2027,2018,2027,Active,SUV/Crossover,United States,No,Added - Missing Model,Fully Verified,EPA FuelEconomy.gov Vehicle Fuel Economy Dataset,https://www.fueleconomy.gov/feg/epadata/vehicles.csv,NHTSA Product Information Catalog (vehicle products API),https://api.nhtsa.gov/products/vehicle/models?modelYear=2018&make=HYUNDAI&issueType=r,2026-07-15,MY2027 record officially published in government data by the 2026-07-15 research cutoff.,2,2
Hyundai,Nexo,2019-2026,2019,2026,Active,SUV/Crossover,United States,No,Added - Missing Model,Fully Verified,EPA FuelEconomy.gov Vehicle Fuel Economy Dataset,https://www.fueleconomy.gov/feg/epadata/vehicles.csv,NHTSA Product Information Catalog (vehicle products API),https://api.nhtsa.gov/products/vehicle/models?modelYear=2019&make=HYUNDAI&issueType=r,2026-07-15,,2,2
Hyundai,Palisade,2020-2027,2020,2027,Active,SUV/Crossover,United States,No,Added - Missing Model,Fully Verified,EPA FuelEconomy.gov Vehicle Fuel Economy Dataset,https://www.fueleconomy.gov/feg/epadata/vehicles.csv,NHTSA Product Information Catalog (vehicle products API),https://api.nhtsa.gov/products/vehicle/models?modelYear=2020&make=HYUNDAI&issueType=r,2026-07-15,MY2027 record officially published in government data by the 2026-07-15 research cutoff.,2,2
Hyundai,Palisade XRT PRO,2026,2026,2026,Active,SUV/Crossover,United States,No,Added - Missing Model,Government Verified,EPA FuelEconomy.gov Vehicle Fuel Economy Dataset,https://www.fueleconomy.gov/feg/epadata/vehicles.csv,,,2026-07-15,,1,1
Hyundai,Pony Excel,1986,1986,1986,Discontinued,Passenger Car,United States,No,Added - Missing Model,Government Verified,EPA FuelEconomy.gov Vehicle Fuel Economy Dataset,https://www.fueleconomy.gov/feg/epadata/vehicles.csv,,,2026-07-15,,1,1
Hyundai,Precis,1994,1994,1994,Discontinued,Passenger Car,United States,No,Added - Missing Model,Government Verified,EPA FuelEconomy.gov Vehicle Fuel Economy Dataset,https://www.fueleconomy.gov/feg/epadata/vehicles.csv,,,2026-07-15,,1,1
Hyundai,Santa Cruz,2022-2026,2022,2026,Active,SUV/Crossover,United States,No,Added - Missing Model,Fully Verified,EPA FuelEconomy.gov Vehicle Fuel Economy Dataset,https://www.fueleconomy.gov/feg/epadata/vehicles.csv,NHTSA Product Information Catalog (vehicle products API),https://api.nhtsa.gov/products/vehicle/models?modelYear=2022&make=HYUNDAI&issueType=r,2026-07-15,,2,2
Hyundai,Santa Fe,2001-2026,2001,2026,Active,SUV/Crossover,United States,Yes,Original Source,Fully Verified,EPA FuelEconomy.gov Vehicle Fuel Economy Dataset,https://www.fueleconomy.gov/feg/epadata/vehicles.csv,NHTSA Product Information Catalog (vehicle products API),https://api.nhtsa.gov/products/vehicle/models?modelYear=2001&make=HYUNDAI&issueType=r,2026-07-15,,2,2
Hyundai,Santa Fe Sport,2013-2018,2013,2018,Discontinued,SUV/Crossover,United States,No,Added - Missing Model,Fully Verified,EPA FuelEconomy.gov Vehicle Fuel Economy Dataset,https://www.fueleconomy.gov/feg/epadata/vehicles.csv,NHTSA Product Information Catalog (vehicle products API),https://api.nhtsa.gov/products/vehicle/models?modelYear=2013&make=HYUNDAI&issueType=r,2026-07-15,,2,2
Hyundai,Santa Fe XL,2019,2019,2019,Discontinued,SUV/Crossover,United States,No,Added - Missing Model,Fully Verified,EPA FuelEconomy.gov Vehicle Fuel Economy Dataset,https://www.fueleconomy.gov/feg/epadata/vehicles.csv,NHTSA Product Information Catalog (vehicle products API),https://api.nhtsa.gov/products/vehicle/models?modelYear=2019&make=HYUNDAI&issueType=r,2026-07-15,,2,2
Hyundai,Scoupe,1986; 1991-1995,1986,1995,Discontinued,Passenger Car,United States,No,Added - Missing Model,Fully Verified,EPA FuelEconomy.gov Vehicle Fuel Economy Dataset,https://www.fueleconomy.gov/feg/epadata/vehicles.csv,NHTSA Product Information Catalog (vehicle products API),https://api.nhtsa.gov/products/vehicle/models?modelYear=1986&make=HYUNDAI&issueType=r,2026-07-15,"Non-contiguous confirmed model years reflect the verified records; gaps are preserved, not bridged.",2,2
Hyundai,Sonata,1987; 1989-2026,1987,2026,Active,Passenger Car,United States,Yes,Original Source,Fully Verified,EPA FuelEconomy.gov Vehicle Fuel Economy Dataset,https://www.fueleconomy.gov/feg/epadata/vehicles.csv,NHTSA Product Information Catalog (vehicle products API),https://api.nhtsa.gov/products/vehicle/models?modelYear=1987&make=HYUNDAI&issueType=r,2026-07-15,"Non-contiguous confirmed model years reflect the verified records; gaps are preserved, not bridged.",2,2
Hyundai,Sonata Sport,2015-2017,2015,2017,Discontinued,Passenger Car,United States,No,Added - Missing Model,Government Verified,EPA FuelEconomy.gov Vehicle Fuel Economy Dataset,https://www.fueleconomy.gov/feg/epadata/vehicles.csv,,,2026-07-15,,1,1
Hyundai,Sonata W,2026,2026,2026,Active,Passenger Car,United States,No,Added - Missing Model,Government Verified,EPA FuelEconomy.gov Vehicle Fuel Economy Dataset,https://www.fueleconomy.gov/feg/epadata/vehicles.csv,,,2026-07-15,,1,1
Hyundai,Stop-Start,2026,2026,2026,Active,Passenger Car,United States,No,Added - Missing Model,Government Verified,EPA FuelEconomy.gov Vehicle Fuel Economy Dataset,https://www.fueleconomy.gov/feg/epadata/vehicles.csv,,,2026-07-15,,1,1
Hyundai,Tiburon,1997-2008,1997,2008,Discontinued,Passenger Car,United States,No,Added - Missing Model,Fully Verified,EPA FuelEconomy.gov Vehicle Fuel Economy Dataset,https://www.fueleconomy.gov/feg/epadata/vehicles.csv,NHTSA Product Information Catalog (vehicle products API),https://api.nhtsa.gov/products/vehicle/models?modelYear=1997&make=HYUNDAI&issueType=r,2026-07-15,,2,2
Hyundai,Tucson,2005-2026,2005,2026,Active,SUV/Crossover,United States,Yes,Original Source,Fully Verified,EPA FuelEconomy.gov Vehicle Fuel Economy Dataset,https://www.fueleconomy.gov/feg/epadata/vehicles.csv,NHTSA Product Information Catalog (vehicle products API),https://api.nhtsa.gov/products/vehicle/models?modelYear=2005&make=HYUNDAI&issueType=r,2026-07-15,,2,2
Hyundai,Tucson ECO,2016-2017,2016,2017,Discontinued,SUV/Crossover,United States,No,Added - Missing Model,Government Verified,EPA FuelEconomy.gov Vehicle Fuel Economy Dataset,https://www.fueleconomy.gov/feg/epadata/vehicles.csv,,,2026-07-15,,1,1
Hyundai,Tucson Fuel Cell,2015-2017,2015,2017,Discontinued,SUV/Crossover,United States,No,Added - Missing Model,Fully Verified,EPA FuelEconomy.gov Vehicle Fuel Economy Dataset,https://www.fueleconomy.gov/feg/epadata/vehicles.csv,NHTSA Product Information Catalog (vehicle products API),https://api.nhtsa.gov/products/vehicle/models?modelYear=2015&make=HYUNDAI&issueType=r,2026-07-15,,2,2
Hyundai,Veloster,2012-2017; 2019-2022,2012,2022,Discontinued,Passenger Car,United States,No,Added - Missing Model,Fully Verified,EPA FuelEconomy.gov Vehicle Fuel Economy Dataset,https://www.fueleconomy.gov/feg/epadata/vehicles.csv,NHTSA Product Information Catalog (vehicle products API),https://api.nhtsa.gov/products/vehicle/models?modelYear=2012&make=HYUNDAI&issueType=r,2026-07-15,"Non-contiguous confirmed model years reflect the verified records; gaps are preserved, not bridged.",2,2
Hyundai,Veloster N,2019-2022,2019,2022,Discontinued,Passenger Car,United States,No,Added - Missing Model,Fully Verified,EPA FuelEconomy.gov Vehicle Fuel Economy Dataset,https://www.fueleconomy.gov/feg/epadata/vehicles.csv,NHTSA Product Information Catalog (vehicle products API),https://api.nhtsa.gov/products/vehicle/models?modelYear=2019&make=HYUNDAI&issueType=r,2026-07-15,,2,2
Hyundai,Venue,2020-2026,2020,2026,Active,Multiple Categories,United States,No,Added - Missing Model,Fully Verified,EPA FuelEconomy.gov Vehicle Fuel Economy Dataset,https://www.fueleconomy.gov/feg/epadata/vehicles.csv,NHTSA Product Information Catalog (vehicle products API),https://api.nhtsa.gov/products/vehicle/models?modelYear=2020&make=HYUNDAI&issueType=r,2026-07-15,,2,2
Hyundai,Veracruz,2007-2012,2007,2012,Discontinued,SUV/Crossover,United States,No,Added - Missing Model,Fully Verified,EPA FuelEconomy.gov Vehicle Fuel Economy Dataset,https://www.fueleconomy.gov/feg/epadata/vehicles.csv,NHTSA Product Information Catalog (vehicle products API),https://api.nhtsa.gov/products/vehicle/models?modelYear=2007&make=HYUNDAI&issueType=r,2026-07-15,,2,2
Hyundai,XG300,2001-2004,2001,2004,Discontinued,Passenger Car,United States,No,Added - Missing Model,Fully Verified,EPA FuelEconomy.gov Vehicle Fuel Economy Dataset,https://www.fueleconomy.gov/feg/epadata/vehicles.csv,NHTSA Product Information Catalog (vehicle products API),https://api.nhtsa.gov/products/vehicle/models?modelYear=2001&make=HYUNDAI&issueType=r,2026-07-15,,2,2
Hyundai,XG350,2001-2006,2001,2006,Discontinued,Passenger Car,United States,No,Added - Missing Model,Fully Verified,EPA FuelEconomy.gov Vehicle Fuel Economy Dataset,https://www.fueleconomy.gov/feg/epadata/vehicles.csv,NHTSA Product Information Catalog (vehicle products API),https://api.nhtsa.gov/products/vehicle/models?modelYear=2001&make=HYUNDAI&issueType=r,2026-07-15,,2,2
INEOS,Grenadier,2023-2025,2023,2025,Active,SUV/Crossover,United States,No,Added - Missing Make and Model,Fully Verified,EPA FuelEconomy.gov Vehicle Fuel Economy Dataset,https://www.fueleconomy.gov/feg/epadata/vehicles.csv,NHTSA Product Information Catalog (vehicle products API),https://api.nhtsa.gov/products/vehicle/models?modelYear=2023&make=INEOS&issueType=r,2026-07-15,,2,2
INEOS,Grenadier Trialmaster Edition,2023-2025,2023,2025,Active,SUV/Crossover,United States,No,Added - Missing Make and Model,Government Verified,EPA FuelEconomy.gov Vehicle Fuel Economy Dataset,https://www.fueleconomy.gov/feg/epadata/vehicles.csv,,,2026-07-15,,1,1
Infiniti,EX35,2008-2012,2008,2012,Discontinued,Passenger Car,United States,Yes,Original Source,Fully Verified,EPA FuelEconomy.gov Vehicle Fuel Economy Dataset,https://www.fueleconomy.gov/feg/epadata/vehicles.csv,NHTSA Product Information Catalog (vehicle products API),https://api.nhtsa.gov/products/vehicle/models?modelYear=2008&make=INFINITI&issueType=r,2026-07-15,,2,2
Infiniti,EX37,2013,2013,2013,Discontinued,Passenger Car,United States,No,Added - Missing Model,Fully Verified,EPA FuelEconomy.gov Vehicle Fuel Economy Dataset,https://www.fueleconomy.gov/feg/epadata/vehicles.csv,NHTSA Product Information Catalog (vehicle products API),https://api.nhtsa.gov/products/vehicle/models?modelYear=2013&make=INFINITI&issueType=r,2026-07-15,,2,2
Infiniti,FX35,2002-2013,2002,2013,Discontinued,SUV/Crossover,United States,Yes,Original Source,Fully Verified,EPA FuelEconomy.gov Vehicle Fuel Economy Dataset,https://www.fueleconomy.gov/feg/epadata/vehicles.csv,NHTSA Product Information Catalog (vehicle products API),https://api.nhtsa.gov/products/vehicle/models?modelYear=2002&make=INFINITI&issueType=r,2026-07-15,,2,2
Infiniti,FX37,2013,2013,2013,Discontinued,SUV/Crossover,United States,Yes,Existing Standardized Catalog,Fully Verified,EPA FuelEconomy.gov Vehicle Fuel Economy Dataset,https://www.fueleconomy.gov/feg/epadata/vehicles.csv,NHTSA Product Information Catalog (vehicle products API),https://api.nhtsa.gov/products/vehicle/models?modelYear=2013&make=INFINITI&issueType=r,2026-07-15,,2,2
Infiniti,FX45,2001; 2003-2008,2001,2008,Discontinued,SUV/Crossover,United States,Yes,Existing Standardized Catalog,Fully Verified,EPA FuelEconomy.gov Vehicle Fuel Economy Dataset,https://www.fueleconomy.gov/feg/epadata/vehicles.csv,NHTSA Product Information Catalog (vehicle products API),https://api.nhtsa.gov/products/vehicle/models?modelYear=2001&make=INFINITI&issueType=r,2026-07-15,"Non-contiguous confirmed model years reflect the verified records; gaps are preserved, not bridged.",2,2
Infiniti,FX50,2009-2013,2009,2013,Discontinued,SUV/Crossover,United States,Yes,Existing Standardized Catalog,Fully Verified,EPA FuelEconomy.gov Vehicle Fuel Economy Dataset,https://www.fueleconomy.gov/feg/epadata/vehicles.csv,NHTSA Product Information Catalog (vehicle products API),https://api.nhtsa.gov/products/vehicle/models?modelYear=2009&make=INFINITI&issueType=r,2026-07-15,,2,2
Infiniti,G20,1991-1996; 1999-2002,1991,2002,Discontinued,Passenger Car,United States,No,Added - Missing Model,Fully Verified,EPA FuelEconomy.gov Vehicle Fuel Economy Dataset,https://www.fueleconomy.gov/feg/epadata/vehicles.csv,NHTSA Product Information Catalog (vehicle products API),https://api.nhtsa.gov/products/vehicle/models?modelYear=1991&make=INFINITI&issueType=r,2026-07-15,"Non-contiguous confirmed model years reflect the verified records; gaps are preserved, not bridged.",2,2
Infiniti,G25,2005; 2011-2012,2005,2012,Discontinued,Passenger Car,United States,No,Added - Missing Model,Fully Verified,EPA FuelEconomy.gov Vehicle Fuel Economy Dataset,https://www.fueleconomy.gov/feg/epadata/vehicles.csv,NHTSA Product Information Catalog (vehicle products API),https://api.nhtsa.gov/products/vehicle/models?modelYear=2005&make=INFINITI&issueType=r,2026-07-15,"Non-contiguous confirmed model years reflect the verified records; gaps are preserved, not bridged.",2,2
Infiniti,G25X,2011-2012,2011,2012,Discontinued,Passenger Car,United States,No,Added - Missing Model,Government Verified,EPA FuelEconomy.gov Vehicle Fuel Economy Dataset,https://www.fueleconomy.gov/feg/epadata/vehicles.csv,,,2026-07-15,,1,1
Infiniti,G35,2002-2009,2002,2009,Discontinued,Passenger Car,United States,Yes,Original Source,Fully Verified,EPA FuelEconomy.gov Vehicle Fuel Economy Dataset,https://www.fueleconomy.gov/feg/epadata/vehicles.csv,NHTSA Product Information Catalog (vehicle products API),https://api.nhtsa.gov/products/vehicle/models?modelYear=2002&make=INFINITI&issueType=r,2026-07-15,,2,2
Infiniti,G35X,2007-2008,2007,2008,Discontinued,Passenger Car,United States,No,Added - Missing Model,Government Verified,EPA FuelEconomy.gov Vehicle Fuel Economy Dataset,https://www.fueleconomy.gov/feg/epadata/vehicles.csv,,,2026-07-15,,1,1
Infiniti,G37,2007-2013; 2015,2007,2015,Discontinued,Passenger Car,United States,Yes,Original Source,Fully Verified,EPA FuelEconomy.gov Vehicle Fuel Economy Dataset,https://www.fueleconomy.gov/feg/epadata/vehicles.csv,NHTSA Product Information Catalog (vehicle products API),https://api.nhtsa.gov/products/vehicle/models?modelYear=2007&make=INFINITI&issueType=r,2026-07-15,"Non-contiguous confirmed model years reflect the verified records; gaps are preserved, not bridged.",2,2
Infiniti,G37X,2009-2013,2009,2013,Discontinued,Passenger Car,United States,No,Added - Missing Model,Government Verified,EPA FuelEconomy.gov Vehicle Fuel Economy Dataset,https://www.fueleconomy.gov/feg/epadata/vehicles.csv,,,2026-07-15,,1,1
Infiniti,I30,1996-2004,1996,2004,Discontinued,Passenger Car,United States,No,Added - Missing Model,Fully Verified,EPA FuelEconomy.gov Vehicle Fuel Economy Dataset,https://www.fueleconomy.gov/feg/epadata/vehicles.csv,NHTSA Product Information Catalog (vehicle products API),https://api.nhtsa.gov/products/vehicle/models?modelYear=1996&make=INFINITI&issueType=r,2026-07-15,,2,2
Infiniti,I35,2001-2004,2001,2004,Discontinued,Passenger Car,United States,No,Added - Missing Model,Fully Verified,EPA FuelEconomy.gov Vehicle Fuel Economy Dataset,https://www.fueleconomy.gov/feg/epadata/vehicles.csv,NHTSA Product Information Catalog (vehicle products API),https://api.nhtsa.gov/products/vehicle/models?modelYear=2001&make=INFINITI&issueType=r,2026-07-15,,2,2
Infiniti,J30,1992-1997; 2000-2002; 2006,1992,2006,Discontinued,Passenger Car,United States,No,Added - Missing Model,Fully Verified,EPA FuelEconomy.gov Vehicle Fuel Economy Dataset,https://www.fueleconomy.gov/feg/epadata/vehicles.csv,NHTSA Product Information Catalog (vehicle products API),https://api.nhtsa.gov/products/vehicle/models?modelYear=1992&make=INFINITI&issueType=r,2026-07-15,"Non-contiguous confirmed model years reflect the verified records; gaps are preserved, not bridged.",2,2
Infiniti,JX35,2013,2013,2013,Discontinued,SUV/Crossover,United States,No,Added - Missing Model,Fully Verified,EPA FuelEconomy.gov Vehicle Fuel Economy Dataset,https://www.fueleconomy.gov/feg/epadata/vehicles.csv,NHTSA vPIC (VIN product data),https://vpic.nhtsa.dot.gov/api/vehicles/GetModelsForMake/Infiniti?format=json,2026-07-15,Upgraded to Fully Verified in V2: independently confirmed by NHTSA vPIC product data.,2,2
Infiniti,M30,1990-1992,1990,1992,Discontinued,Passenger Car,United States,No,Added - Missing Model,Fully Verified,EPA FuelEconomy.gov Vehicle Fuel Economy Dataset,https://www.fueleconomy.gov/feg/epadata/vehicles.csv,NHTSA Product Information Catalog (vehicle products API),https://api.nhtsa.gov/products/vehicle/models?modelYear=1990&make=INFINITI&issueType=r,2026-07-15,,2,2
Infiniti,M35,2006-2010; 2012-2013,2006,2013,Discontinued,Passenger Car,United States,Yes,Original Source,Fully Verified,EPA FuelEconomy.gov Vehicle Fuel Economy Dataset,https://www.fueleconomy.gov/feg/epadata/vehicles.csv,NHTSA Product Information Catalog (vehicle products API),https://api.nhtsa.gov/products/vehicle/models?modelYear=2006&make=INFINITI&issueType=r,2026-07-15,"Non-contiguous confirmed model years reflect the verified records; gaps are preserved, not bridged.",2,2
Infiniti,M35H,2012-2013,2012,2013,Discontinued,Passenger Car,United States,No,Added - Missing Model,Fully Verified,EPA FuelEconomy.gov Vehicle Fuel Economy Dataset,https://www.fueleconomy.gov/feg/epadata/vehicles.csv,NHTSA vPIC (VIN product data),https://vpic.nhtsa.dot.gov/api/vehicles/GetModelsForMake/Infiniti?format=json,2026-07-15,Upgraded to Fully Verified in V2: independently confirmed by NHTSA vPIC product data.,2,2
Infiniti,M35X,2007-2010,2007,2010,Discontinued,Passenger Car,United States,No,Added - Missing Model,Government Verified,EPA FuelEconomy.gov Vehicle Fuel Economy Dataset,https://www.fueleconomy.gov/feg/epadata/vehicles.csv,,,2026-07-15,,1,1
Infiniti,M37,2011-2013,2011,2013,Discontinued,Passenger Car,United States,Yes,Existing Standardized Catalog,Fully Verified,EPA FuelEconomy.gov Vehicle Fuel Economy Dataset,https://www.fueleconomy.gov/feg/epadata/vehicles.csv,NHTSA Product Information Catalog (vehicle products API),https://api.nhtsa.gov/products/vehicle/models?modelYear=2011&make=INFINITI&issueType=r,2026-07-15,,2,2
Infiniti,M37X,2011-2013,2011,2013,Discontinued,Passenger Car,United States,No,Added - Missing Model,Government Verified,EPA FuelEconomy.gov Vehicle Fuel Economy Dataset,https://www.fueleconomy.gov/feg/epadata/vehicles.csv,,,2026-07-15,,1,1
Infiniti,M45,2003-2004; 2006-2010,2003,2010,Discontinued,Passenger Car,United States,Yes,Original Source,Fully Verified,EPA FuelEconomy.gov Vehicle Fuel Economy Dataset,https://www.fueleconomy.gov/feg/epadata/vehicles.csv,NHTSA Product Information Catalog (vehicle products API),https://api.nhtsa.gov/products/vehicle/models?modelYear=2003&make=INFINITI&issueType=r,2026-07-15,"Non-contiguous confirmed model years reflect the verified records; gaps are preserved, not bridged.",2,2
Infiniti,M45X,2008-2010,2008,2010,Discontinued,Passenger Car,United States,No,Added - Missing Model,Government Verified,EPA FuelEconomy.gov Vehicle Fuel Economy Dataset,https://www.fueleconomy.gov/feg/epadata/vehicles.csv,,,2026-07-15,,1,1
Infiniti,M56,2011-2013,2011,2013,Discontinued,Passenger Car,United States,Yes,Existing Standardized Catalog,Fully Verified,EPA FuelEconomy.gov Vehicle Fuel Economy Dataset,https://www.fueleconomy.gov/feg/epadata/vehicles.csv,NHTSA Product Information Catalog (vehicle products API),https://api.nhtsa.gov/products/vehicle/models?modelYear=2011&make=INFINITI&issueType=r,2026-07-15,,2,2
Infiniti,M56X,2011-2013,2011,2013,Discontinued,Passenger Car,United States,No,Added - Missing Model,Government Verified,EPA FuelEconomy.gov Vehicle Fuel Economy Dataset,https://www.fueleconomy.gov/feg/epadata/vehicles.csv,,,2026-07-15,,1,1
Infiniti,Q40,2015,2015,2015,Discontinued,Passenger Car,United States,No,Added - Missing Model,Fully Verified,EPA FuelEconomy.gov Vehicle Fuel Economy Dataset,https://www.fueleconomy.gov/feg/epadata/vehicles.csv,NHTSA Product Information Catalog (vehicle products API),https://api.nhtsa.gov/products/vehicle/models?modelYear=2015&make=INFINITI&issueType=r,2026-07-15,,2,2
Infiniti,Q45,1990-2006,1990,2006,Discontinued,Passenger Car,United States,No,Added - Missing Model,Fully Verified,EPA FuelEconomy.gov Vehicle Fuel Economy Dataset,https://www.fueleconomy.gov/feg/epadata/vehicles.csv,NHTSA Product Information Catalog (vehicle products API),https://api.nhtsa.gov/products/vehicle/models?modelYear=1990&make=INFINITI&issueType=r,2026-07-15,,2,2
Infiniti,Q45 Full-Active Suspension,1991-1995,1991,1995,Discontinued,Passenger Car,United States,No,Added - Missing Model,Government Verified,EPA FuelEconomy.gov Vehicle Fuel Economy Dataset,https://www.fueleconomy.gov/feg/epadata/vehicles.csv,,,2026-07-15,,1,1
Infiniti,Q45 Sport,2006,2006,2006,Discontinued,Passenger Car,United States,No,Added - Missing Model,Government Verified,EPA FuelEconomy.gov Vehicle Fuel Economy Dataset,https://www.fueleconomy.gov/feg/epadata/vehicles.csv,,,2026-07-15,,1,1
Infiniti,Q50,2014-2024,2014,2024,Discontinued,Passenger Car,United States,Yes,Original Source,Fully Verified,EPA FuelEconomy.gov Vehicle Fuel Economy Dataset,https://www.fueleconomy.gov/feg/epadata/vehicles.csv,NHTSA Product Information Catalog (vehicle products API),https://api.nhtsa.gov/products/vehicle/models?modelYear=2014&make=INFINITI&issueType=r,2026-07-15,,2,2
Infiniti,Q50 RED Sport,2018-2024,2018,2024,Discontinued,Passenger Car,United States,No,Added - Missing Model,Government Verified,EPA FuelEconomy.gov Vehicle Fuel Economy Dataset,https://www.fueleconomy.gov/feg/epadata/vehicles.csv,,,2026-07-15,,1,1
Infiniti,Q50A,2014-2015,2014,2015,Discontinued,Passenger Car,United States,No,Added - Missing Model,Government Verified,EPA FuelEconomy.gov Vehicle Fuel Economy Dataset,https://www.fueleconomy.gov/feg/epadata/vehicles.csv,,,2026-07-15,,1,1
Infiniti,Q50S,2014-2016,2014,2016,Discontinued,Passenger Car,United States,No,Added - Missing Model,Government Verified,EPA FuelEconomy.gov Vehicle Fuel Economy Dataset,https://www.fueleconomy.gov/feg/epadata/vehicles.csv,,,2026-07-15,,1,1
Infiniti,Q50S RED Sport,2016-2017,2016,2017,Discontinued,Passenger Car,United States,No,Added - Missing Model,Government Verified,EPA FuelEconomy.gov Vehicle Fuel Economy Dataset,https://www.fueleconomy.gov/feg/epadata/vehicles.csv,,,2026-07-15,,1,1
Infiniti,Q60,2014-2015; 2017-2022,2014,2022,Discontinued,Passenger Car,United States,No,Added - Missing Model,Fully Verified,EPA FuelEconomy.gov Vehicle Fuel Economy Dataset,https://www.fueleconomy.gov/feg/epadata/vehicles.csv,NHTSA Product Information Catalog (vehicle products API),https://api.nhtsa.gov/products/vehicle/models?modelYear=2014&make=INFINITI&issueType=r,2026-07-15,"Non-contiguous confirmed model years reflect the verified records; gaps are preserved, not bridged.",2,2
Infiniti,Q60 RED Sport,2018-2022,2018,2022,Discontinued,Passenger Car,United States,No,Added - Missing Model,Government Verified,EPA FuelEconomy.gov Vehicle Fuel Economy Dataset,https://www.fueleconomy.gov/feg/epadata/vehicles.csv,,,2026-07-15,,1,1
Infiniti,Q60S RED Sport,2017,2017,2017,Discontinued,Passenger Car,United States,No,Added - Missing Model,Government Verified,EPA FuelEconomy.gov Vehicle Fuel Economy Dataset,https://www.fueleconomy.gov/feg/epadata/vehicles.csv,,,2026-07-15,,1,1
Infiniti,Q70,2014-2019,2014,2019,Discontinued,Passenger Car,United States,No,Added - Missing Model,Fully Verified,EPA FuelEconomy.gov Vehicle Fuel Economy Dataset,https://www.fueleconomy.gov/feg/epadata/vehicles.csv,NHTSA Product Information Catalog (vehicle products API),https://api.nhtsa.gov/products/vehicle/models?modelYear=2014&make=INFINITI&issueType=r,2026-07-15,,2,2
Infiniti,QX30,2017-2019,2017,2019,Discontinued,Passenger Car,United States,Yes,Existing Standardized Catalog,Fully Verified,EPA FuelEconomy.gov Vehicle Fuel Economy Dataset,https://www.fueleconomy.gov/feg/epadata/vehicles.csv,NHTSA Product Information Catalog (vehicle products API),https://api.nhtsa.gov/products/vehicle/models?modelYear=2017&make=INFINITI&issueType=r,2026-07-15,,2,2
Infiniti,QX4,1997-2004; 2006,1997,2006,Discontinued,SUV/Crossover,United States,Yes,Existing Standardized Catalog,Fully Verified,EPA FuelEconomy.gov Vehicle Fuel Economy Dataset,https://www.fueleconomy.gov/feg/epadata/vehicles.csv,NHTSA Product Information Catalog (vehicle products API),https://api.nhtsa.gov/products/vehicle/models?modelYear=1997&make=INFINITI&issueType=r,2026-07-15,"Non-contiguous confirmed model years reflect the verified records; gaps are preserved, not bridged.",2,2
Infiniti,QX50,2014-2017; 2019-2025,2014,2025,Active,Multiple Categories,United States,Yes,Original Source,Fully Verified,EPA FuelEconomy.gov Vehicle Fuel Economy Dataset,https://www.fueleconomy.gov/feg/epadata/vehicles.csv,NHTSA Product Information Catalog (vehicle products API),https://api.nhtsa.gov/products/vehicle/models?modelYear=2014&make=INFINITI&issueType=r,2026-07-15,"Non-contiguous confirmed model years reflect the verified records; gaps are preserved, not bridged.",2,2
Infiniti,QX55,2022-2025,2022,2025,Active,SUV/Crossover,United States,Yes,Existing Standardized Catalog,Fully Verified,EPA FuelEconomy.gov Vehicle Fuel Economy Dataset,https://www.fueleconomy.gov/feg/epadata/vehicles.csv,NHTSA Product Information Catalog (vehicle products API),https://api.nhtsa.gov/products/vehicle/models?modelYear=2022&make=INFINITI&issueType=r,2026-07-15,,2,2
Infiniti,QX56,2004-2013,2004,2013,Discontinued,SUV/Crossover,United States,Yes,Original Source,Fully Verified,EPA FuelEconomy.gov Vehicle Fuel Economy Dataset,https://www.fueleconomy.gov/feg/epadata/vehicles.csv,NHTSA Product Information Catalog (vehicle products API),https://api.nhtsa.gov/products/vehicle/models?modelYear=2004&make=INFINITI&issueType=r,2026-07-15,,2,2
Infiniti,QX60,2014-2020; 2022-2027,2014,2027,Active,SUV/Crossover,United States,Yes,Original Source,Fully Verified,EPA FuelEconomy.gov Vehicle Fuel Economy Dataset,https://www.fueleconomy.gov/feg/epadata/vehicles.csv,NHTSA Product Information Catalog (vehicle products API),https://api.nhtsa.gov/products/vehicle/models?modelYear=2014&make=INFINITI&issueType=r,2026-07-15,"MY2027 record officially published in government data by the 2026-07-15 research cutoff. Non-contiguous confirmed model years reflect the verified records; gaps are preserved, not bridged.",2,2
Infiniti,QX65,2027,2027,2027,Official Early/Future Model Year,SUV/Crossover,United States,Yes,Existing Standardized Catalog,Fully Verified,EPA FuelEconomy.gov Vehicle Fuel Economy Dataset,https://www.fueleconomy.gov/feg/epadata/vehicles.csv,NHTSA vPIC (VIN product data),https://vpic.nhtsa.dot.gov/api/vehicles/GetModelsForMake/Infiniti?format=json,2026-07-15,MY2027 record officially published in government data by the 2026-07-15 research cutoff. Upgraded to Fully Verified in V2: independently confirmed by NHTSA vPIC product data.,2,2
Infiniti,QX70,2014-2017,2014,2017,Discontinued,SUV/Crossover,United States,Yes,Existing Standardized Catalog,Fully Verified,EPA FuelEconomy.gov Vehicle Fuel Economy Dataset,https://www.fueleconomy.gov/feg/epadata/vehicles.csv,NHTSA Product Information Catalog (vehicle products API),https://api.nhtsa.gov/products/vehicle/models?modelYear=2014&make=INFINITI&issueType=r,2026-07-15,,2,2
Infiniti,QX80,2014-2027,2014,2027,Active,SUV/Crossover,United States,Yes,Existing Standardized Catalog,Fully Verified,EPA FuelEconomy.gov Vehicle Fuel Economy Dataset,https://www.fueleconomy.gov/feg/epadata/vehicles.csv,NHTSA Product Information Catalog (vehicle products API),https://api.nhtsa.gov/products/vehicle/models?modelYear=2014&make=INFINITI&issueType=r,2026-07-15,MY2027 record officially published in government data by the 2026-07-15 research cutoff.,2,2
Isuzu,750C,1985,1985,1985,Discontinued,Passenger Car,United States,No,Added - Missing Model,Government Verified,EPA FuelEconomy.gov Vehicle Fuel Economy Dataset,https://www.fueleconomy.gov/feg/epadata/vehicles.csv,,,2026-07-15,,1,1
Isuzu,Amigo,1987; 1989-1994; 1997-2000; 2002,1987,2002,Discontinued,SUV/Crossover,United States,No,Added - Missing Model,Fully Verified,EPA FuelEconomy.gov Vehicle Fuel Economy Dataset,https://www.fueleconomy.gov/feg/epadata/vehicles.csv,NHTSA Product Information Catalog (vehicle products API),https://api.nhtsa.gov/products/vehicle/models?modelYear=1987&make=ISUZU&issueType=r,2026-07-15,"Non-contiguous confirmed model years reflect the verified records; gaps are preserved, not bridged.",2,2
Isuzu,Ascender,2003-2009,2003,2009,Discontinued,SUV/Crossover,United States,No,Added - Missing Model,Fully Verified,EPA FuelEconomy.gov Vehicle Fuel Economy Dataset,https://www.fueleconomy.gov/feg/epadata/vehicles.csv,NHTSA Product Information Catalog (vehicle products API),https://api.nhtsa.gov/products/vehicle/models?modelYear=2003&make=ISUZU&issueType=r,2026-07-15,,2,2
Isuzu,Axiom,2001-2004,2001,2004,Discontinued,SUV/Crossover,United States,No,Added - Missing Model,Fully Verified,EPA FuelEconomy.gov Vehicle Fuel Economy Dataset,https://www.fueleconomy.gov/feg/epadata/vehicles.csv,NHTSA Product Information Catalog (vehicle products API),https://api.nhtsa.gov/products/vehicle/models?modelYear=2001&make=ISUZU&issueType=r,2026-07-15,,2,2
Isuzu,Hombre,1996-2002,1996,2002,Discontinued,Pickup Truck,United States,No,Added - Missing Model,Fully Verified,EPA FuelEconomy.gov Vehicle Fuel Economy Dataset,https://www.fueleconomy.gov/feg/epadata/vehicles.csv,NHTSA Product Information Catalog (vehicle products API),https://api.nhtsa.gov/products/vehicle/models?modelYear=1996&make=ISUZU&issueType=r,2026-07-15,,2,2
Isuzu,I-Mark,1981-1989,1981,1989,Discontinued,Passenger Car,United States,No,Added - Missing Model,Fully Verified,EPA FuelEconomy.gov Vehicle Fuel Economy Dataset,https://www.fueleconomy.gov/feg/epadata/vehicles.csv,NHTSA Product Information Catalog (vehicle products API),https://api.nhtsa.gov/products/vehicle/models?modelYear=1983&make=ISUZU&issueType=r,2026-07-15,"Model year(s) [1981, 1982] added in V3 from the official EPA 1980-1983 historical dataset.",2,3
Isuzu,Impulse,1983-1994,1983,1994,Discontinued,Passenger Car,United States,No,Added - Missing Model,Fully Verified,EPA FuelEconomy.gov Vehicle Fuel Economy Dataset,https://www.fueleconomy.gov/feg/epadata/vehicles.csv,NHTSA Product Information Catalog (vehicle products API),https://api.nhtsa.gov/products/vehicle/models?modelYear=1984&make=ISUZU&issueType=r,2026-07-15,Model year(s) [1983] added in V3 from the official EPA 1980-1983 historical dataset.,2,3
Isuzu,NPR,1991; 1993-2000; 2002; 2005-2009; 2012-2013; 2015-2017; 2019-2020,1991,2020,Discontinued,Light Commercial Vehicle,United States,Yes,Existing Standardized Catalog,Government Verified,NHTSA Product Information Catalog (vehicle products API),https://api.nhtsa.gov/products/vehicle/models?modelYear=1991&make=ISUZU&issueType=r,NHTSA vPIC (VIN product data),https://vpic.nhtsa.dot.gov/api/vehicles/GetModelsForMake/Isuzu?format=json,2026-07-15,"Non-contiguous confirmed model years reflect the verified records; gaps are preserved, not bridged. Medium-duty line preserved because it appears in the original source file. Upgraded to Fully Verified in V2: independently confirmed by NHTSA vPIC product data. V3 source-status correction: confirmation came from two NHTSA datasets (Recall + vPIC), which is cross-dataset confirmation within one organization, not independent multi-source verification.",1,2
Isuzu,Oasis,1996-1999,1996,1999,Discontinued,Passenger Car,United States,No,Added - Missing Model,Fully Verified,EPA FuelEconomy.gov Vehicle Fuel Economy Dataset,https://www.fueleconomy.gov/feg/epadata/vehicles.csv,NHTSA Product Information Catalog (vehicle products API),https://api.nhtsa.gov/products/vehicle/models?modelYear=1996&make=ISUZU&issueType=r,2026-07-15,,2,2
Isuzu,P'up (Pickup),1981-1995,1981,1995,Discontinued,Pickup Truck,United States,No,Added - Missing Model,Fully Verified,EPA FuelEconomy.gov Vehicle Fuel Economy Dataset,https://www.fueleconomy.gov/feg/epadata/vehicles.csv,NHTSA Product Information Catalog (vehicle products API),https://api.nhtsa.gov/products/vehicle/models?modelYear=1984&make=ISUZU&issueType=r,2026-07-15,"Model year(s) [1981, 1982, 1983] added in V3 from the official EPA 1980-1983 historical dataset.",2,3
Isuzu,Rodeo,1991-2004; 2008,1991,2008,Discontinued,SUV/Crossover,United States,No,Added - Missing Model,Fully Verified,EPA FuelEconomy.gov Vehicle Fuel Economy Dataset,https://www.fueleconomy.gov/feg/epadata/vehicles.csv,NHTSA Product Information Catalog (vehicle products API),https://api.nhtsa.gov/products/vehicle/models?modelYear=1991&make=ISUZU&issueType=r,2026-07-15,"Non-contiguous confirmed model years reflect the verified records; gaps are preserved, not bridged.",2,2
Isuzu,Rodeo Sport,2001-2003,2001,2003,Discontinued,SUV/Crossover,United States,No,Added - Missing Model,Fully Verified,EPA FuelEconomy.gov Vehicle Fuel Economy Dataset,https://www.fueleconomy.gov/feg/epadata/vehicles.csv,NHTSA Product Information Catalog (vehicle products API),https://api.nhtsa.gov/products/vehicle/models?modelYear=2001&make=ISUZU&issueType=r,2026-07-15,,2,2
Isuzu,Stylus,1990-1994,1990,1994,Discontinued,Passenger Car,United States,No,Added - Missing Model,Fully Verified,EPA FuelEconomy.gov Vehicle Fuel Economy Dataset,https://www.fueleconomy.gov/feg/epadata/vehicles.csv,NHTSA Product Information Catalog (vehicle products API),https://api.nhtsa.gov/products/vehicle/models?modelYear=1990&make=ISUZU&issueType=r,2026-07-15,,2,2
Isuzu,Trooper,1984-2002,1984,2002,Discontinued,SUV/Crossover,United States,No,Added - Missing Model,Fully Verified,EPA FuelEconomy.gov Vehicle Fuel Economy Dataset,https://www.fueleconomy.gov/feg/epadata/vehicles.csv,NHTSA Product Information Catalog (vehicle products API),https://api.nhtsa.gov/products/vehicle/models?modelYear=1984&make=ISUZU&issueType=r,2026-07-15,,2,2
Isuzu,VehiCROSS,1998-2001,1998,2001,Discontinued,SUV/Crossover,United States,No,Added - Missing Model,Fully Verified,EPA FuelEconomy.gov Vehicle Fuel Economy Dataset,https://www.fueleconomy.gov/feg/epadata/vehicles.csv,NHTSA Product Information Catalog (vehicle products API),https://api.nhtsa.gov/products/vehicle/models?modelYear=1998&make=ISUZU&issueType=r,2026-07-15,,2,2
Isuzu,i-Series,2006-2008,2006,2008,Discontinued,Pickup Truck,United States,No,Added - Missing Model,Fully Verified,EPA FuelEconomy.gov Vehicle Fuel Economy Dataset,https://www.fueleconomy.gov/feg/epadata/vehicles.csv,NHTSA Product Information Catalog (vehicle products API),https://api.nhtsa.gov/products/vehicle/models?modelYear=2006&make=ISUZU&issueType=r,2026-07-15,,2,2
Jaguar,E-PACE,2018-2024,2018,2024,Discontinued,SUV/Crossover,United States,No,Added - Missing Model,Fully Verified,EPA FuelEconomy.gov Vehicle Fuel Economy Dataset,https://www.fueleconomy.gov/feg/epadata/vehicles.csv,NHTSA Product Information Catalog (vehicle products API),https://api.nhtsa.gov/products/vehicle/models?modelYear=2018&make=JAGUAR&issueType=r,2026-07-15,,2,2
Jaguar,F-PACE,2017-2026,2017,2026,Active,SUV/Crossover,United States,No,Added - Missing Model,Fully Verified,EPA FuelEconomy.gov Vehicle Fuel Economy Dataset,https://www.fueleconomy.gov/feg/epadata/vehicles.csv,NHTSA Product Information Catalog (vehicle products API),https://api.nhtsa.gov/products/vehicle/models?modelYear=2017&make=JAGUAR&issueType=r,2026-07-15,,2,2
Jaguar,F-TYPE,2014-2024,2014,2024,Discontinued,Passenger Car,United States,No,Added - Missing Model,Fully Verified,EPA FuelEconomy.gov Vehicle Fuel Economy Dataset,https://www.fueleconomy.gov/feg/epadata/vehicles.csv,NHTSA Product Information Catalog (vehicle products API),https://api.nhtsa.gov/products/vehicle/models?modelYear=2014&make=JAGUAR&issueType=r,2026-07-15,,2,2
Jaguar,I-PACE,2019-2024,2019,2024,Discontinued,SUV/Crossover,United States,No,Added - Missing Model,Fully Verified,EPA FuelEconomy.gov Vehicle Fuel Economy Dataset,https://www.fueleconomy.gov/feg/epadata/vehicles.csv,NHTSA Product Information Catalog (vehicle products API),https://api.nhtsa.gov/products/vehicle/models?modelYear=2019&make=JAGUAR&issueType=r,2026-07-15,,2,2
Jaguar,S-Type,1999-2008,1999,2008,Discontinued,Passenger Car,United States,No,Added - Missing Model,Fully Verified,EPA FuelEconomy.gov Vehicle Fuel Economy Dataset,https://www.fueleconomy.gov/feg/epadata/vehicles.csv,NHTSA Product Information Catalog (vehicle products API),https://api.nhtsa.gov/products/vehicle/models?modelYear=1999&make=JAGUAR&issueType=r,2026-07-15,,2,2
Jaguar,Super V8,2002-2003; 2005-2009,2002,2009,Discontinued,Passenger Car,United States,No,Added - Missing Model,Government Verified,EPA FuelEconomy.gov Vehicle Fuel Economy Dataset,https://www.fueleconomy.gov/feg/epadata/vehicles.csv,,,2026-07-15,"Non-contiguous confirmed model years reflect the verified records; gaps are preserved, not bridged.",1,1
Jaguar,Vanden Plas,1984-1985; 1988-1991; 1994-2009,1984,2009,Discontinued,Passenger Car,United States,No,Added - Missing Model,Fully Verified,EPA FuelEconomy.gov Vehicle Fuel Economy Dataset,https://www.fueleconomy.gov/feg/epadata/vehicles.csv,NHTSA Product Information Catalog (vehicle products API),https://api.nhtsa.gov/products/vehicle/models?modelYear=1984&make=JAGUAR&issueType=r,2026-07-15,"Non-contiguous confirmed model years reflect the verified records; gaps are preserved, not bridged.",2,2
Jaguar,X-Type,2001-2008,2001,2008,Discontinued,Passenger Car,United States,Yes,Existing Standardized Catalog,Fully Verified,EPA FuelEconomy.gov Vehicle Fuel Economy Dataset,https://www.fueleconomy.gov/feg/epadata/vehicles.csv,NHTSA Product Information Catalog (vehicle products API),https://api.nhtsa.gov/products/vehicle/models?modelYear=2001&make=JAGUAR&issueType=r,2026-07-15,,2,2
Jaguar,XE,2017-2021,2017,2021,Discontinued,Passenger Car,United States,No,Added - Missing Model,Fully Verified,EPA FuelEconomy.gov Vehicle Fuel Economy Dataset,https://www.fueleconomy.gov/feg/epadata/vehicles.csv,NHTSA Product Information Catalog (vehicle products API),https://api.nhtsa.gov/products/vehicle/models?modelYear=2017&make=JAGUAR&issueType=r,2026-07-15,,2,2
Jaguar,XF,2009-2024,2009,2024,Discontinued,Passenger Car,United States,Yes,Original Source,Fully Verified,EPA FuelEconomy.gov Vehicle Fuel Economy Dataset,https://www.fueleconomy.gov/feg/epadata/vehicles.csv,NHTSA Product Information Catalog (vehicle products API),https://api.nhtsa.gov/products/vehicle/models?modelYear=2009&make=JAGUAR&issueType=r,2026-07-15,,2,2
Jaguar,XJ,1980-1988; 1995; 1997-1998; 2000; 2002-2019,1980,2019,Discontinued,Passenger Car,United States,Yes,Original Source,Fully Verified,EPA FuelEconomy.gov Vehicle Fuel Economy Dataset,https://www.fueleconomy.gov/feg/epadata/vehicles.csv,NHTSA Product Information Catalog (vehicle products API),https://api.nhtsa.gov/products/vehicle/models?modelYear=1984&make=JAGUAR&issueType=r,2026-07-15,"Non-contiguous confirmed model years reflect the verified records; gaps are preserved, not bridged. Model year(s) [1980, 1981, 1982, 1983] added in V3 from the official EPA 1980-1983 historical dataset.",2,3
Jaguar,XJ12,1991; 1994-1996,1991,1996,Discontinued,Passenger Car,United States,No,Added - Missing Model,Fully Verified,EPA FuelEconomy.gov Vehicle Fuel Economy Dataset,https://www.fueleconomy.gov/feg/epadata/vehicles.csv,NHTSA Product Information Catalog (vehicle products API),https://api.nhtsa.gov/products/vehicle/models?modelYear=1991&make=JAGUAR&issueType=r,2026-07-15,"Non-contiguous confirmed model years reflect the verified records; gaps are preserved, not bridged.",2,2
Jaguar,XJ6,1983-1998; 2000,1983,2000,Discontinued,Passenger Car,United States,No,Added - Missing Model,Fully Verified,EPA FuelEconomy.gov Vehicle Fuel Economy Dataset,https://www.fueleconomy.gov/feg/epadata/vehicles.csv,NHTSA Product Information Catalog (vehicle products API),https://api.nhtsa.gov/products/vehicle/models?modelYear=1983&make=JAGUAR&issueType=r,2026-07-15,"Non-contiguous confirmed model years reflect the verified records; gaps are preserved, not bridged.",2,2
Jaguar,XJ8,1998-2009,1998,2009,Discontinued,Passenger Car,United States,No,Added - Missing Model,Fully Verified,EPA FuelEconomy.gov Vehicle Fuel Economy Dataset,https://www.fueleconomy.gov/feg/epadata/vehicles.csv,NHTSA Product Information Catalog (vehicle products API),https://api.nhtsa.gov/products/vehicle/models?modelYear=1998&make=JAGUAR&issueType=r,2026-07-15,,2,2
Jaguar,XJR,1995-2009; 2014,1995,2014,Discontinued,Passenger Car,United States,No,Added - Missing Model,Fully Verified,EPA FuelEconomy.gov Vehicle Fuel Economy Dataset,https://www.fueleconomy.gov/feg/epadata/vehicles.csv,NHTSA Product Information Catalog (vehicle products API),https://api.nhtsa.gov/products/vehicle/models?modelYear=1995&make=JAGUAR&issueType=r,2026-07-15,"Non-contiguous confirmed model years reflect the verified records; gaps are preserved, not bridged.",2,2
Jaguar,XJR-S,1993,1993,1993,Discontinued,Passenger Car,United States,No,Added - Missing Model,Government Verified,EPA FuelEconomy.gov Vehicle Fuel Economy Dataset,https://www.fueleconomy.gov/feg/epadata/vehicles.csv,,,2026-07-15,,1,1
Jaguar,XJS,1980-1996; 1998; 2001,1980,2001,Discontinued,Passenger Car,United States,No,Added - Missing Model,Fully Verified,EPA FuelEconomy.gov Vehicle Fuel Economy Dataset,https://www.fueleconomy.gov/feg/epadata/vehicles.csv,NHTSA Product Information Catalog (vehicle products API),https://api.nhtsa.gov/products/vehicle/models?modelYear=1980&make=JAGUAR&issueType=r,2026-07-15,"Non-contiguous confirmed model years reflect the verified records; gaps are preserved, not bridged. Model year(s) [1981] added in V3 from the official EPA 1980-1983 historical dataset.",2,3
Jaguar,XK,2000; 2002-2003; 2006-2015,2000,2015,Discontinued,Passenger Car,United States,No,Added - Missing Model,Fully Verified,EPA FuelEconomy.gov Vehicle Fuel Economy Dataset,https://www.fueleconomy.gov/feg/epadata/vehicles.csv,NHTSA Product Information Catalog (vehicle products API),https://api.nhtsa.gov/products/vehicle/models?modelYear=2000&make=JAGUAR&issueType=r,2026-07-15,"Non-contiguous confirmed model years reflect the verified records; gaps are preserved, not bridged.",2,2
Jaguar,XK8,1997-2006,1997,2006,Discontinued,Passenger Car,United States,Yes,Original Source,Fully Verified,EPA FuelEconomy.gov Vehicle Fuel Economy Dataset,https://www.fueleconomy.gov/feg/epadata/vehicles.csv,NHTSA Product Information Catalog (vehicle products API),https://api.nhtsa.gov/products/vehicle/models?modelYear=1997&make=JAGUAR&issueType=r,2026-07-15,,2,2
Jaguar,XKR,2000-2009,2000,2009,Discontinued,Passenger Car,United States,Yes,Original Source,Fully Verified,EPA FuelEconomy.gov Vehicle Fuel Economy Dataset,https://www.fueleconomy.gov/feg/epadata/vehicles.csv,NHTSA Product Information Catalog (vehicle products API),https://api.nhtsa.gov/products/vehicle/models?modelYear=2000&make=JAGUAR&issueType=r,2026-07-15,,2,2
Jeep,CJ-7,1983-1986,1983,1986,Discontinued,SUV/Crossover,United States,No,Added - Missing Model,Fully Verified,EPA FuelEconomy.gov Vehicle Fuel Economy Dataset,https://www.fueleconomy.gov/feg/epadata/vehicles.csv,NHTSA Product Information Catalog (vehicle products API),https://api.nhtsa.gov/products/vehicle/models?modelYear=1983&make=JEEP&issueType=r,2026-07-15,,2,2
Jeep,CJ-8 Scrambler,1982-1986,1982,1986,Discontinued,Multiple Categories,United States,No,Added - Missing Model,Fully Verified,EPA FuelEconomy.gov Vehicle Fuel Economy Dataset,https://www.fueleconomy.gov/feg/epadata/vehicles.csv,NHTSA Product Information Catalog (vehicle products API),https://api.nhtsa.gov/products/vehicle/models?modelYear=1984&make=JEEP&issueType=r,2026-07-15,"Model year(s) [1982, 1983] added in V3 from the official EPA 1980-1983 historical dataset.",2,3
Jeep,Cherokee,1980-2001; 2014-2023; 2026,1980,2026,Active,SUV/Crossover,United States,Yes,Original Source,Fully Verified,EPA FuelEconomy.gov Vehicle Fuel Economy Dataset,https://www.fueleconomy.gov/feg/epadata/vehicles.csv,NHTSA Product Information Catalog (vehicle products API),https://api.nhtsa.gov/products/vehicle/models?modelYear=1980&make=JEEP&issueType=r,2026-07-15,"Non-contiguous confirmed model years reflect the verified records; gaps are preserved, not bridged. Model year(s) [1982, 1983] added in V3 from the official EPA 1980-1983 historical dataset.",2,3
Jeep,Comanche,1985-1993,1985,1993,Discontinued,Pickup Truck,United States,No,Added - Missing Model,Fully Verified,EPA FuelEconomy.gov Vehicle Fuel Economy Dataset,https://www.fueleconomy.gov/feg/epadata/vehicles.csv,NHTSA Product Information Catalog (vehicle products API),https://api.nhtsa.gov/products/vehicle/models?modelYear=1985&make=JEEP&issueType=r,2026-07-15,,2,2
Jeep,Commander,2005-2010,2005,2010,Discontinued,SUV/Crossover,United States,Yes,Existing Standardized Catalog,Fully Verified,EPA FuelEconomy.gov Vehicle Fuel Economy Dataset,https://www.fueleconomy.gov/feg/epadata/vehicles.csv,NHTSA Product Information Catalog (vehicle products API),https://api.nhtsa.gov/products/vehicle/models?modelYear=2005&make=JEEP&issueType=r,2026-07-15,,2,2
Jeep,Compass,2007-2026,2007,2026,Active,SUV/Crossover,United States,No,Added - Missing Model,Fully Verified,EPA FuelEconomy.gov Vehicle Fuel Economy Dataset,https://www.fueleconomy.gov/feg/epadata/vehicles.csv,NHTSA Product Information Catalog (vehicle products API),https://api.nhtsa.gov/products/vehicle/models?modelYear=2007&make=JEEP&issueType=r,2026-07-15,,2,2
Jeep,Gladiator,2020-2026,2020,2026,Active,Pickup Truck,United States,No,Added - Missing Model,Fully Verified,EPA FuelEconomy.gov Vehicle Fuel Economy Dataset,https://www.fueleconomy.gov/feg/epadata/vehicles.csv,NHTSA Product Information Catalog (vehicle products API),https://api.nhtsa.gov/products/vehicle/models?modelYear=2020&make=JEEP&issueType=r,2026-07-15,,2,2
Jeep,Grand Cherokee,1989; 1993-2026,1989,2026,Active,SUV/Crossover,United States,Yes,Original Source,Fully Verified,EPA FuelEconomy.gov Vehicle Fuel Economy Dataset,https://www.fueleconomy.gov/feg/epadata/vehicles.csv,NHTSA Product Information Catalog (vehicle products API),https://api.nhtsa.gov/products/vehicle/models?modelYear=1989&make=JEEP&issueType=r,2026-07-15,"Non-contiguous confirmed model years reflect the verified records; gaps are preserved, not bridged.",2,2
Jeep,Grand Cherokee 4xe,2022-2026,2022,2026,Active,SUV/Crossover,United States,No,Added - Missing Model,Fully Verified,EPA FuelEconomy.gov Vehicle Fuel Economy Dataset,https://www.fueleconomy.gov/feg/epadata/vehicles.csv,NHTSA Product Information Catalog (vehicle products API),https://api.nhtsa.gov/products/vehicle/models?modelYear=2022&make=JEEP&issueType=r,2026-07-15,,2,2
Jeep,Grand Cherokee L,2021-2026,2021,2026,Active,SUV/Crossover,United States,No,Added - Missing Model,Fully Verified,EPA FuelEconomy.gov Vehicle Fuel Economy Dataset,https://www.fueleconomy.gov/feg/epadata/vehicles.csv,NHTSA Product Information Catalog (vehicle products API),https://api.nhtsa.gov/products/vehicle/models?modelYear=2021&make=JEEP&issueType=r,2026-07-15,,2,2
Jeep,Grand Wagoneer,1984-1995; 1997-1999; 2022-2026,1984,2026,Active,SUV/Crossover,United States,No,Added - Missing Model,Fully Verified,EPA FuelEconomy.gov Vehicle Fuel Economy Dataset,https://www.fueleconomy.gov/feg/epadata/vehicles.csv,NHTSA Product Information Catalog (vehicle products API),https://api.nhtsa.gov/products/vehicle/models?modelYear=1984&make=JEEP&issueType=r,2026-07-15,"Non-contiguous confirmed model years reflect the verified records; gaps are preserved, not bridged.",2,2
Jeep,Grand Wagoneer L,2023-2026,2023,2026,Active,SUV/Crossover,United States,No,Added - Missing Model,Fully Verified,EPA FuelEconomy.gov Vehicle Fuel Economy Dataset,https://www.fueleconomy.gov/feg/epadata/vehicles.csv,NHTSA vPIC (VIN product data),https://vpic.nhtsa.dot.gov/api/vehicles/GetModelsForMake/Jeep?format=json,2026-07-15,Upgraded to Fully Verified in V2: independently confirmed by NHTSA vPIC product data.,2,2
Jeep,J-10/J-20 Pickup,1980-1988,1980,1988,Discontinued,Pickup Truck,United States,No,Added - Missing Model,Fully Verified,EPA FuelEconomy.gov Vehicle Fuel Economy Dataset,https://www.fueleconomy.gov/feg/epadata/vehicles.csv,NHTSA vPIC (VIN product data),https://vpic.nhtsa.dot.gov/api/vehicles/GetModelsForMake/Jeep?format=json,2026-07-15,"Upgraded to Fully Verified in V2: independently confirmed by NHTSA vPIC product data. Model year(s) [1980, 1981, 1982, 1983] added in V3 from the official EPA 1980-1983 historical dataset.",2,3
Jeep,Liberty,2000-2012,2000,2012,Discontinued,SUV/Crossover,United States,Yes,Original Source,Fully Verified,EPA FuelEconomy.gov Vehicle Fuel Economy Dataset,https://www.fueleconomy.gov/feg/epadata/vehicles.csv,NHTSA Product Information Catalog (vehicle products API),https://api.nhtsa.gov/products/vehicle/models?modelYear=2000&make=JEEP&issueType=r,2026-07-15,,2,2
Jeep,New Compass,2017,2017,2017,Discontinued,SUV/Crossover,United States,No,Added - Missing Model,Government Verified,EPA FuelEconomy.gov Vehicle Fuel Economy Dataset,https://www.fueleconomy.gov/feg/epadata/vehicles.csv,,,2026-07-15,,1,1
Jeep,New Wrangler,2018,2018,2018,Discontinued,SUV/Crossover,United States,No,Added - Missing Model,Government Verified,EPA FuelEconomy.gov Vehicle Fuel Economy Dataset,https://www.fueleconomy.gov/feg/epadata/vehicles.csv,,,2026-07-15,,1,1
Jeep,New Wrangler Unlimited,2018,2018,2018,Discontinued,SUV/Crossover,United States,No,Added - Missing Model,Government Verified,EPA FuelEconomy.gov Vehicle Fuel Economy Dataset,https://www.fueleconomy.gov/feg/epadata/vehicles.csv,,,2026-07-15,,1,1
Jeep,Patriot,2002; 2007-2017,2002,2017,Discontinued,SUV/Crossover,United States,No,Added - Missing Model,Fully Verified,EPA FuelEconomy.gov Vehicle Fuel Economy Dataset,https://www.fueleconomy.gov/feg/epadata/vehicles.csv,NHTSA Product Information Catalog (vehicle products API),https://api.nhtsa.gov/products/vehicle/models?modelYear=2002&make=JEEP&issueType=r,2026-07-15,"Non-contiguous confirmed model years reflect the verified records; gaps are preserved, not bridged.",2,2
Jeep,Recon Moab,2026,2026,2026,Active,SUV/Crossover,United States,No,Added - Missing Model,Government Verified,EPA FuelEconomy.gov Vehicle Fuel Economy Dataset,https://www.fueleconomy.gov/feg/epadata/vehicles.csv,,,2026-07-15,,1,1
Jeep,Renegade,2015-2023,2015,2023,Discontinued,SUV/Crossover,United States,No,Added - Missing Model,Fully Verified,EPA FuelEconomy.gov Vehicle Fuel Economy Dataset,https://www.fueleconomy.gov/feg/epadata/vehicles.csv,NHTSA Product Information Catalog (vehicle products API),https://api.nhtsa.gov/products/vehicle/models?modelYear=2015&make=JEEP&issueType=r,2026-07-15,,2,2
Jeep,Wagoneer,1982-1994; 1996-2001; 2022-2026,1982,2026,Active,SUV/Crossover,United States,No,Added - Missing Model,Fully Verified,EPA FuelEconomy.gov Vehicle Fuel Economy Dataset,https://www.fueleconomy.gov/feg/epadata/vehicles.csv,NHTSA Product Information Catalog (vehicle products API),https://api.nhtsa.gov/products/vehicle/models?modelYear=1982&make=JEEP&issueType=r,2026-07-15,"Non-contiguous confirmed model years reflect the verified records; gaps are preserved, not bridged.",2,2
Jeep,Wagoneer L,2023-2025,2023,2025,Active,SUV/Crossover,United States,No,Added - Missing Model,Fully Verified,EPA FuelEconomy.gov Vehicle Fuel Economy Dataset,https://www.fueleconomy.gov/feg/epadata/vehicles.csv,NHTSA vPIC (VIN product data),https://vpic.nhtsa.dot.gov/api/vehicles/GetModelsForMake/Jeep?format=json,2026-07-15,Upgraded to Fully Verified in V2: independently confirmed by NHTSA vPIC product data.,2,2
Jeep,Wrangler,1986-2026,1986,2026,Active,SUV/Crossover,United States,Yes,Original Source,Fully Verified,EPA FuelEconomy.gov Vehicle Fuel Economy Dataset,https://www.fueleconomy.gov/feg/epadata/vehicles.csv,NHTSA Product Information Catalog (vehicle products API),https://api.nhtsa.gov/products/vehicle/models?modelYear=1986&make=JEEP&issueType=r,2026-07-15,,2,2
Karma,GS-6,2021,2021,2021,Discontinued,Passenger Car,United States,No,Added - Missing Make and Model,Fully Verified,EPA FuelEconomy.gov Vehicle Fuel Economy Dataset,https://www.fueleconomy.gov/feg/epadata/vehicles.csv,NHTSA vPIC (VIN product data),https://vpic.nhtsa.dot.gov/api/vehicles/GetModelsForMake/Karma?format=json,2026-07-15,Upgraded to Fully Verified in V2: independently confirmed by NHTSA vPIC product data.,2,2
Karma,Revero,2018-2020,2018,2020,Discontinued,Passenger Car,United States,No,Added - Missing Make and Model,Fully Verified,EPA FuelEconomy.gov Vehicle Fuel Economy Dataset,https://www.fueleconomy.gov/feg/epadata/vehicles.csv,NHTSA vPIC (VIN product data),https://vpic.nhtsa.dot.gov/api/vehicles/GetModelsForMake/Karma?format=json,2026-07-15,Upgraded to Fully Verified in V2: independently confirmed by NHTSA vPIC product data.,2,2
Kia,Amanti,2004-2009,2004,2009,Discontinued,Passenger Car,United States,No,Added - Missing Model,Fully Verified,EPA FuelEconomy.gov Vehicle Fuel Economy Dataset,https://www.fueleconomy.gov/feg/epadata/vehicles.csv,NHTSA Product Information Catalog (vehicle products API),https://api.nhtsa.gov/products/vehicle/models?modelYear=2004&make=KIA&issueType=r,2026-07-15,,2,2
Kia,Borrego,2008-2011,2008,2011,Discontinued,SUV/Crossover,United States,No,Added - Missing Model,Fully Verified,EPA FuelEconomy.gov Vehicle Fuel Economy Dataset,https://www.fueleconomy.gov/feg/epadata/vehicles.csv,NHTSA Product Information Catalog (vehicle products API),https://api.nhtsa.gov/products/vehicle/models?modelYear=2008&make=KIA&issueType=r,2026-07-15,,2,2
Kia,Cadenza,2014-2020,2014,2020,Discontinued,Passenger Car,United States,No,Added - Missing Model,Fully Verified,EPA FuelEconomy.gov Vehicle Fuel Economy Dataset,https://www.fueleconomy.gov/feg/epadata/vehicles.csv,NHTSA Product Information Catalog (vehicle products API),https://api.nhtsa.gov/products/vehicle/models?modelYear=2014&make=KIA&issueType=r,2026-07-15,,2,2
Kia,Carnival,2022-2027,2022,2027,Active,Minivan,United States,No,Added - Missing Model,Fully Verified,EPA FuelEconomy.gov Vehicle Fuel Economy Dataset,https://www.fueleconomy.gov/feg/epadata/vehicles.csv,NHTSA Product Information Catalog (vehicle products API),https://api.nhtsa.gov/products/vehicle/models?modelYear=2022&make=KIA&issueType=r,2026-07-15,MY2027 record officially published in government data by the 2026-07-15 research cutoff.,2,2
Kia,DMS,2026,2026,2026,Active,Passenger Car,United States,No,Added - Missing Model,Government Verified,EPA FuelEconomy.gov Vehicle Fuel Economy Dataset,https://www.fueleconomy.gov/feg/epadata/vehicles.csv,,,2026-07-15,,1,1
Kia,EV6,2022-2026,2022,2026,Active,Multiple Categories,United States,No,Added - Missing Model,Fully Verified,EPA FuelEconomy.gov Vehicle Fuel Economy Dataset,https://www.fueleconomy.gov/feg/epadata/vehicles.csv,NHTSA Product Information Catalog (vehicle products API),https://api.nhtsa.gov/products/vehicle/models?modelYear=2022&make=KIA&issueType=r,2026-07-15,,2,2
Kia,EV6 Long Range,2023-2026,2023,2026,Active,Multiple Categories,United States,No,Added - Missing Model,Government Verified,EPA FuelEconomy.gov Vehicle Fuel Economy Dataset,https://www.fueleconomy.gov/feg/epadata/vehicles.csv,,,2026-07-15,,1,1
Kia,EV6 Standard Range,2023-2026,2023,2026,Active,Multiple Categories,United States,No,Added - Missing Model,Government Verified,EPA FuelEconomy.gov Vehicle Fuel Economy Dataset,https://www.fueleconomy.gov/feg/epadata/vehicles.csv,,,2026-07-15,,1,1
Kia,EV9,2024-2026,2024,2026,Active,SUV/Crossover,United States,No,Added - Missing Model,Fully Verified,EPA FuelEconomy.gov Vehicle Fuel Economy Dataset,https://www.fueleconomy.gov/feg/epadata/vehicles.csv,NHTSA Product Information Catalog (vehicle products API),https://api.nhtsa.gov/products/vehicle/models?modelYear=2024&make=KIA&issueType=r,2026-07-15,,2,2
Kia,EV9 Long Range,2024-2026,2024,2026,Active,SUV/Crossover,United States,No,Added - Missing Model,Government Verified,EPA FuelEconomy.gov Vehicle Fuel Economy Dataset,https://www.fueleconomy.gov/feg/epadata/vehicles.csv,,,2026-07-15,,1,1
Kia,EV9 Long Range Gt-Line,2024-2026,2024,2026,Active,SUV/Crossover,United States,No,Added - Missing Model,Government Verified,EPA FuelEconomy.gov Vehicle Fuel Economy Dataset,https://www.fueleconomy.gov/feg/epadata/vehicles.csv,,,2026-07-15,,1,1
Kia,EV9 Standard Range,2024-2026,2024,2026,Active,SUV/Crossover,United States,No,Added - Missing Model,Government Verified,EPA FuelEconomy.gov Vehicle Fuel Economy Dataset,https://www.fueleconomy.gov/feg/epadata/vehicles.csv,,,2026-07-15,,1,1
Kia,Forte,2009-2024,2009,2024,Discontinued,Passenger Car,United States,No,Added - Missing Model,Fully Verified,EPA FuelEconomy.gov Vehicle Fuel Economy Dataset,https://www.fueleconomy.gov/feg/epadata/vehicles.csv,NHTSA Product Information Catalog (vehicle products API),https://api.nhtsa.gov/products/vehicle/models?modelYear=2009&make=KIA&issueType=r,2026-07-15,,2,2
Kia,K4,2025-2026,2025,2026,Active,Passenger Car,United States,No,Added - Missing Model,Fully Verified,EPA FuelEconomy.gov Vehicle Fuel Economy Dataset,https://www.fueleconomy.gov/feg/epadata/vehicles.csv,NHTSA Product Information Catalog (vehicle products API),https://api.nhtsa.gov/products/vehicle/models?modelYear=2025&make=KIA&issueType=r,2026-07-15,,2,2
Kia,K4 4DR W,2026,2026,2026,Active,Passenger Car,United States,No,Added - Missing Model,Government Verified,EPA FuelEconomy.gov Vehicle Fuel Economy Dataset,https://www.fueleconomy.gov/feg/epadata/vehicles.csv,,,2026-07-15,,1,1
Kia,K4 Without DMS,2026,2026,2026,Active,Passenger Car,United States,No,Added - Missing Model,Government Verified,EPA FuelEconomy.gov Vehicle Fuel Economy Dataset,https://www.fueleconomy.gov/feg/epadata/vehicles.csv,,,2026-07-15,,1,1
Kia,K5,2021-2026,2021,2026,Active,Passenger Car,United States,No,Added - Missing Model,Fully Verified,EPA FuelEconomy.gov Vehicle Fuel Economy Dataset,https://www.fueleconomy.gov/feg/epadata/vehicles.csv,NHTSA Product Information Catalog (vehicle products API),https://api.nhtsa.gov/products/vehicle/models?modelYear=2021&make=KIA&issueType=r,2026-07-15,,2,2
Kia,K5 W,2026,2026,2026,Active,Passenger Car,United States,No,Added - Missing Model,Government Verified,EPA FuelEconomy.gov Vehicle Fuel Economy Dataset,https://www.fueleconomy.gov/feg/epadata/vehicles.csv,,,2026-07-15,,1,1
Kia,K900,2015-2020,2015,2020,Discontinued,Passenger Car,United States,No,Added - Missing Model,Fully Verified,EPA FuelEconomy.gov Vehicle Fuel Economy Dataset,https://www.fueleconomy.gov/feg/epadata/vehicles.csv,NHTSA Product Information Catalog (vehicle products API),https://api.nhtsa.gov/products/vehicle/models?modelYear=2015&make=KIA&issueType=r,2026-07-15,,2,2
Kia,Niro,2017-2026,2017,2026,Active,Multiple Categories,United States,No,Added - Missing Model,Fully Verified,EPA FuelEconomy.gov Vehicle Fuel Economy Dataset,https://www.fueleconomy.gov/feg/epadata/vehicles.csv,NHTSA Product Information Catalog (vehicle products API),https://api.nhtsa.gov/products/vehicle/models?modelYear=2017&make=KIA&issueType=r,2026-07-15,,2,2
Kia,Niro EV,2018-2026,2018,2026,Active,Multiple Categories,United States,No,Added - Missing Model,Fully Verified,EPA FuelEconomy.gov Vehicle Fuel Economy Dataset,https://www.fueleconomy.gov/feg/epadata/vehicles.csv,NHTSA Product Information Catalog (vehicle products API),https://api.nhtsa.gov/products/vehicle/models?modelYear=2018&make=KIA&issueType=r,2026-07-15,,2,2
Kia,Niro FE,2017-2026,2017,2026,Active,Multiple Categories,United States,No,Added - Missing Model,Government Verified,EPA FuelEconomy.gov Vehicle Fuel Economy Dataset,https://www.fueleconomy.gov/feg/epadata/vehicles.csv,,,2026-07-15,,1,1
Kia,Optima,2001-2020,2001,2020,Discontinued,Passenger Car,United States,Yes,Original Source,Fully Verified,EPA FuelEconomy.gov Vehicle Fuel Economy Dataset,https://www.fueleconomy.gov/feg/epadata/vehicles.csv,NHTSA Product Information Catalog (vehicle products API),https://api.nhtsa.gov/products/vehicle/models?modelYear=2001&make=KIA&issueType=r,2026-07-15,,2,2
Kia,Rio,2000-2023,2000,2023,Discontinued,Passenger Car,United States,No,Added - Missing Model,Fully Verified,EPA FuelEconomy.gov Vehicle Fuel Economy Dataset,https://www.fueleconomy.gov/feg/epadata/vehicles.csv,NHTSA Product Information Catalog (vehicle products API),https://api.nhtsa.gov/products/vehicle/models?modelYear=2000&make=KIA&issueType=r,2026-07-15,,2,2
Kia,Rio ECO,2013-2017,2013,2017,Discontinued,Passenger Car,United States,No,Added - Missing Model,Government Verified,EPA FuelEconomy.gov Vehicle Fuel Economy Dataset,https://www.fueleconomy.gov/feg/epadata/vehicles.csv,,,2026-07-15,,1,1
Kia,Rondo,2007-2012,2007,2012,Discontinued,Passenger Car,United States,No,Added - Missing Model,Fully Verified,EPA FuelEconomy.gov Vehicle Fuel Economy Dataset,https://www.fueleconomy.gov/feg/epadata/vehicles.csv,NHTSA Product Information Catalog (vehicle products API),https://api.nhtsa.gov/products/vehicle/models?modelYear=2007&make=KIA&issueType=r,2026-07-15,,2,2
Kia,Sedona,2002-2012; 2014-2021,2002,2021,Discontinued,Minivan,United States,No,Added - Missing Model,Fully Verified,EPA FuelEconomy.gov Vehicle Fuel Economy Dataset,https://www.fueleconomy.gov/feg/epadata/vehicles.csv,NHTSA Product Information Catalog (vehicle products API),https://api.nhtsa.gov/products/vehicle/models?modelYear=2002&make=KIA&issueType=r,2026-07-15,"Non-contiguous confirmed model years reflect the verified records; gaps are preserved, not bridged.",2,2
Kia,Seltos,2021-2027,2021,2027,Active,SUV/Crossover,United States,No,Added - Missing Model,Fully Verified,EPA FuelEconomy.gov Vehicle Fuel Economy Dataset,https://www.fueleconomy.gov/feg/epadata/vehicles.csv,NHTSA Product Information Catalog (vehicle products API),https://api.nhtsa.gov/products/vehicle/models?modelYear=2021&make=KIA&issueType=r,2026-07-15,MY2027 record officially published in government data by the 2026-07-15 research cutoff.,2,2
Kia,Sephia,1993-2003,1993,2003,Discontinued,Passenger Car,United States,No,Added - Missing Model,Fully Verified,EPA FuelEconomy.gov Vehicle Fuel Economy Dataset,https://www.fueleconomy.gov/feg/epadata/vehicles.csv,NHTSA Product Information Catalog (vehicle products API),https://api.nhtsa.gov/products/vehicle/models?modelYear=1993&make=KIA&issueType=r,2026-07-15,,2,2
Kia,Sorento,2003-2026,2003,2026,Active,SUV/Crossover,United States,Yes,Original Source,Fully Verified,EPA FuelEconomy.gov Vehicle Fuel Economy Dataset,https://www.fueleconomy.gov/feg/epadata/vehicles.csv,NHTSA Product Information Catalog (vehicle products API),https://api.nhtsa.gov/products/vehicle/models?modelYear=2003&make=KIA&issueType=r,2026-07-15,,2,2
Kia,Soul,2010-2025,2010,2025,Active,Passenger Car,United States,Yes,Original Source,Fully Verified,EPA FuelEconomy.gov Vehicle Fuel Economy Dataset,https://www.fueleconomy.gov/feg/epadata/vehicles.csv,NHTSA Product Information Catalog (vehicle products API),https://api.nhtsa.gov/products/vehicle/models?modelYear=2010&make=KIA&issueType=r,2026-07-15,,2,2
Kia,Soul ECO,2012-2013,2012,2013,Discontinued,Passenger Car,United States,No,Added - Missing Model,Government Verified,EPA FuelEconomy.gov Vehicle Fuel Economy Dataset,https://www.fueleconomy.gov/feg/epadata/vehicles.csv,,,2026-07-15,,1,1
Kia,Soul ECO Dynamics,2014-2016; 2020-2025,2014,2025,Active,Passenger Car,United States,No,Added - Missing Model,Government Verified,EPA FuelEconomy.gov Vehicle Fuel Economy Dataset,https://www.fueleconomy.gov/feg/epadata/vehicles.csv,,,2026-07-15,"Non-contiguous confirmed model years reflect the verified records; gaps are preserved, not bridged.",1,1
Kia,Soul EV,2015-2020,2015,2020,Discontinued,Passenger Car,United States,No,Added - Missing Model,Fully Verified,EPA FuelEconomy.gov Vehicle Fuel Economy Dataset,https://www.fueleconomy.gov/feg/epadata/vehicles.csv,NHTSA Product Information Catalog (vehicle products API),https://api.nhtsa.gov/products/vehicle/models?modelYear=2015&make=KIA&issueType=r,2026-07-15,,2,2
Kia,Spectra,2000-2009,2000,2009,Discontinued,Passenger Car,United States,No,Added - Missing Model,Fully Verified,EPA FuelEconomy.gov Vehicle Fuel Economy Dataset,https://www.fueleconomy.gov/feg/epadata/vehicles.csv,NHTSA Product Information Catalog (vehicle products API),https://api.nhtsa.gov/products/vehicle/models?modelYear=2000&make=KIA&issueType=r,2026-07-15,,2,2
Kia,Sportage,1995-2003; 2005-2027,1995,2027,Active,SUV/Crossover,United States,Yes,Original Source,Fully Verified,EPA FuelEconomy.gov Vehicle Fuel Economy Dataset,https://www.fueleconomy.gov/feg/epadata/vehicles.csv,NHTSA Product Information Catalog (vehicle products API),https://api.nhtsa.gov/products/vehicle/models?modelYear=1995&make=KIA&issueType=r,2026-07-15,"MY2027 record officially published in government data by the 2026-07-15 research cutoff. Non-contiguous confirmed model years reflect the verified records; gaps are preserved, not bridged.",2,2
Kia,Stinger,2018-2023,2018,2023,Discontinued,Passenger Car,United States,No,Added - Missing Model,Fully Verified,EPA FuelEconomy.gov Vehicle Fuel Economy Dataset,https://www.fueleconomy.gov/feg/epadata/vehicles.csv,NHTSA Product Information Catalog (vehicle products API),https://api.nhtsa.gov/products/vehicle/models?modelYear=2018&make=KIA&issueType=r,2026-07-15,,2,2
Kia,Stop-Start,2026,2026,2026,Active,Passenger Car,United States,No,Added - Missing Model,Government Verified,EPA FuelEconomy.gov Vehicle Fuel Economy Dataset,https://www.fueleconomy.gov/feg/epadata/vehicles.csv,,,2026-07-15,,1,1
Kia,Telluride,2020-2025; 2027,2020,2027,Active,SUV/Crossover,United States,Yes,Original Source,Fully Verified,EPA FuelEconomy.gov Vehicle Fuel Economy Dataset,https://www.fueleconomy.gov/feg/epadata/vehicles.csv,NHTSA Product Information Catalog (vehicle products API),https://api.nhtsa.gov/products/vehicle/models?modelYear=2020&make=KIA&issueType=r,2026-07-15,"MY2027 record officially published in government data by the 2026-07-15 research cutoff. Non-contiguous confirmed model years reflect the verified records; gaps are preserved, not bridged.",2,2
Lamborghini,141 Gallardo,2004-2005,2004,2005,Discontinued,Passenger Car,United States,No,Added - Missing Make and Model,Government Verified,EPA FuelEconomy.gov Vehicle Fuel Economy Dataset,https://www.fueleconomy.gov/feg/epadata/vehicles.csv,,,2026-07-15,,1,1
Lamborghini,Diablo,1990-1999; 2001,1990,2001,Discontinued,Passenger Car,United States,No,Added - Missing Make and Model,Government Verified,EPA FuelEconomy.gov Vehicle Fuel Economy Dataset,https://www.fueleconomy.gov/feg/epadata/vehicles.csv,,,2026-07-15,Canonical name corrected in V2 (internal project code replaced by official model name). Merged with corrected-name row in V2 (union of confirmed years).,1,1
Lamborghini,148 Murcielago,2004-2007,2004,2007,Discontinued,Passenger Car,United States,No,Added - Missing Make and Model,Government Verified,EPA FuelEconomy.gov Vehicle Fuel Economy Dataset,https://www.fueleconomy.gov/feg/epadata/vehicles.csv,,,2026-07-15,,1,1
Lamborghini,715 Gallardo,2006,2006,2006,Discontinued,Passenger Car,United States,No,Added - Missing Make and Model,Government Verified,EPA FuelEconomy.gov Vehicle Fuel Economy Dataset,https://www.fueleconomy.gov/feg/epadata/vehicles.csv,,,2026-07-15,,1,1
Lamborghini,Aventador,2012-2022,2012,2022,Discontinued,Passenger Car,United States,No,Added - Missing Make and Model,Fully Verified,EPA FuelEconomy.gov Vehicle Fuel Economy Dataset,https://www.fueleconomy.gov/feg/epadata/vehicles.csv,NHTSA Product Information Catalog (vehicle products API),https://api.nhtsa.gov/products/vehicle/models?modelYear=2012&make=LAMBORGHINI&issueType=r,2026-07-15,,2,2
Lamborghini,Aventador Countach,2022,2022,2022,Discontinued,Passenger Car,United States,No,Added - Missing Make and Model,Government Verified,EPA FuelEconomy.gov Vehicle Fuel Economy Dataset,https://www.fueleconomy.gov/feg/epadata/vehicles.csv,,,2026-07-15,,1,1
Lamborghini,Aventador Coupe LP740-4,2017,2017,2017,Discontinued,Passenger Car,United States,No,Added - Missing Make and Model,Government Verified,EPA FuelEconomy.gov Vehicle Fuel Economy Dataset,https://www.fueleconomy.gov/feg/epadata/vehicles.csv,,,2026-07-15,,1,1
Lamborghini,Aventador Roadster LP740-4,2017,2017,2017,Discontinued,Passenger Car,United States,No,Added - Missing Make and Model,Government Verified,EPA FuelEconomy.gov Vehicle Fuel Economy Dataset,https://www.fueleconomy.gov/feg/epadata/vehicles.csv,,,2026-07-15,,1,1
Lamborghini,Aventador S,2018,2018,2018,Discontinued,Passenger Car,United States,No,Added - Missing Make and Model,Fully Verified,EPA FuelEconomy.gov Vehicle Fuel Economy Dataset,https://www.fueleconomy.gov/feg/epadata/vehicles.csv,NHTSA Product Information Catalog (vehicle products API),https://api.nhtsa.gov/products/vehicle/models?modelYear=2018&make=LAMBORGHINI&issueType=r,2026-07-15,,2,2
Lamborghini,Aventador Sian,2020-2021,2020,2021,Discontinued,Passenger Car,United States,No,Added - Missing Make and Model,Government Verified,EPA FuelEconomy.gov Vehicle Fuel Economy Dataset,https://www.fueleconomy.gov/feg/epadata/vehicles.csv,,,2026-07-15,,1,1
Lamborghini,Aventador Veneno,2014,2014,2014,Discontinued,Passenger Car,United States,No,Added - Missing Make and Model,Government Verified,EPA FuelEconomy.gov Vehicle Fuel Economy Dataset,https://www.fueleconomy.gov/feg/epadata/vehicles.csv,,,2026-07-15,,1,1
Lamborghini,Countach,1986-1990,1986,1990,Discontinued,Passenger Car,United States,No,Added - Missing Make and Model,Government Verified,EPA FuelEconomy.gov Vehicle Fuel Economy Dataset,https://www.fueleconomy.gov/feg/epadata/vehicles.csv,,,2026-07-15,,1,1
Lamborghini,Countach LP500S,1983-1984,1983,1984,Discontinued,Passenger Car,United States,No,Added - Missing Make and Model,Government Verified,EPA FuelEconomy.gov Vehicle Fuel Economy Dataset,https://www.fueleconomy.gov/feg/epadata/vehicles.csv,,,2026-07-15,Model year(s) [1983] added in V3 from the official EPA 1980-1983 historical dataset.,1,2
Lamborghini,DB132,1990-1999; 2001,1990,2001,Discontinued,Passenger Car,United States,No,Added - Missing Make and Model,Government Verified,EPA FuelEconomy.gov Vehicle Fuel Economy Dataset,https://www.fueleconomy.gov/feg/epadata/vehicles.csv,,,2026-07-15,"Non-contiguous confirmed model years reflect the verified records; gaps are preserved, not bridged.",1,1
Lamborghini,Gallardo,2004; 2006-2014,2004,2014,Discontinued,Passenger Car,United States,No,Added - Missing Make and Model,Fully Verified,EPA FuelEconomy.gov Vehicle Fuel Economy Dataset,https://www.fueleconomy.gov/feg/epadata/vehicles.csv,NHTSA Product Information Catalog (vehicle products API),https://api.nhtsa.gov/products/vehicle/models?modelYear=2004&make=LAMBORGHINI&issueType=r,2026-07-15,"Non-contiguous confirmed model years reflect the verified records; gaps are preserved, not bridged.",2,2
Lamborghini,Gallardo Coupe SL,2007,2007,2007,Discontinued,Passenger Car,United States,No,Added - Missing Make and Model,Government Verified,EPA FuelEconomy.gov Vehicle Fuel Economy Dataset,https://www.fueleconomy.gov/feg/epadata/vehicles.csv,,,2026-07-15,,1,1
Lamborghini,Huracan,2015-2024,2015,2024,Discontinued,Passenger Car,United States,No,Added - Missing Make and Model,Fully Verified,EPA FuelEconomy.gov Vehicle Fuel Economy Dataset,https://www.fueleconomy.gov/feg/epadata/vehicles.csv,NHTSA Product Information Catalog (vehicle products API),https://api.nhtsa.gov/products/vehicle/models?modelYear=2015&make=LAMBORGHINI&issueType=r,2026-07-15,,2,2
Lamborghini,Huracan Sterrato,2024,2024,2024,Discontinued,Passenger Car,United States,No,Added - Missing Make and Model,Government Verified,EPA FuelEconomy.gov Vehicle Fuel Economy Dataset,https://www.fueleconomy.gov/feg/epadata/vehicles.csv,,,2026-07-15,,1,1
Lamborghini,L-140,2004-2006,2004,2006,Discontinued,Passenger Car,United States,No,Added - Missing Make and Model,Government Verified,EPA FuelEconomy.gov Vehicle Fuel Economy Dataset,https://www.fueleconomy.gov/feg/epadata/vehicles.csv,,,2026-07-15,,1,1
Lamborghini,L-147,2004-2007,2004,2007,Discontinued,Passenger Car,United States,No,Added - Missing Make and Model,Government Verified,EPA FuelEconomy.gov Vehicle Fuel Economy Dataset,https://www.fueleconomy.gov/feg/epadata/vehicles.csv,,,2026-07-15,,1,1
Lamborghini,L-147 Murcielago,2002-2003,2002,2003,Discontinued,Passenger Car,United States,No,Added - Missing Make and Model,Government Verified,EPA FuelEconomy.gov Vehicle Fuel Economy Dataset,https://www.fueleconomy.gov/feg/epadata/vehicles.csv,,,2026-07-15,,1,1
Lamborghini,Murcielago,2003; 2008-2010,2003,2010,Discontinued,Passenger Car,United States,No,Added - Missing Make and Model,Fully Verified,EPA FuelEconomy.gov Vehicle Fuel Economy Dataset,https://www.fueleconomy.gov/feg/epadata/vehicles.csv,NHTSA vPIC (VIN product data),https://vpic.nhtsa.dot.gov/api/vehicles/GetModelsForMake/Lamborghini?format=json,2026-07-15,"Non-contiguous confirmed model years reflect the verified records; gaps are preserved, not bridged. Upgraded to Fully Verified in V2: independently confirmed by NHTSA vPIC product data.",2,2
Lamborghini,Murcielago Reventon,2008; 2010,2008,2010,Discontinued,Passenger Car,United States,No,Added - Missing Make and Model,Government Verified,EPA FuelEconomy.gov Vehicle Fuel Economy Dataset,https://www.fueleconomy.gov/feg/epadata/vehicles.csv,,,2026-07-15,"Non-contiguous confirmed model years reflect the verified records; gaps are preserved, not bridged.",1,1
Lamborghini,Revuelto,2024-2025,2024,2025,Active,Passenger Car,United States,No,Added - Missing Make and Model,Fully Verified,EPA FuelEconomy.gov Vehicle Fuel Economy Dataset,https://www.fueleconomy.gov/feg/epadata/vehicles.csv,NHTSA vPIC (VIN product data),https://vpic.nhtsa.dot.gov/api/vehicles/GetModelsForMake/Lamborghini?format=json,2026-07-15,Upgraded to Fully Verified in V2: independently confirmed by NHTSA vPIC product data.,2,2
Lamborghini,Urus,2019-2023; 2025-2026,2019,2026,Active,SUV/Crossover,United States,No,Added - Missing Make and Model,Fully Verified,EPA FuelEconomy.gov Vehicle Fuel Economy Dataset,https://www.fueleconomy.gov/feg/epadata/vehicles.csv,NHTSA Product Information Catalog (vehicle products API),https://api.nhtsa.gov/products/vehicle/models?modelYear=2019&make=LAMBORGHINI&issueType=r,2026-07-15,"Non-contiguous confirmed model years reflect the verified records; gaps are preserved, not bridged.",2,2
Lamborghini,Urus Performante,2023-2024,2023,2024,Discontinued,Passenger Car,United States,No,Added - Missing Make and Model,Government Verified,EPA FuelEconomy.gov Vehicle Fuel Economy Dataset,https://www.fueleconomy.gov/feg/epadata/vehicles.csv,,,2026-07-15,,1,1
Lamborghini,Urus S,2023-2024,2023,2024,Discontinued,SUV/Crossover,United States,No,Added - Missing Make and Model,Government Verified,EPA FuelEconomy.gov Vehicle Fuel Economy Dataset,https://www.fueleconomy.gov/feg/epadata/vehicles.csv,,,2026-07-15,,1,1
Lamborghini,Veneno,2015,2015,2015,Discontinued,Passenger Car,United States,No,Added - Missing Make and Model,Government Verified,EPA FuelEconomy.gov Vehicle Fuel Economy Dataset,https://www.fueleconomy.gov/feg/epadata/vehicles.csv,,,2026-07-15,,1,1
Land Rover,Defender,1990; 1993-1997; 1999; 2001-2003; 2020-2026,1990,2026,Active,SUV/Crossover,United States,No,Added - Missing Model,Fully Verified,EPA FuelEconomy.gov Vehicle Fuel Economy Dataset,https://www.fueleconomy.gov/feg/epadata/vehicles.csv,NHTSA Product Information Catalog (vehicle products API),https://api.nhtsa.gov/products/vehicle/models?modelYear=1990&make=LAND%20ROVER&issueType=r,2026-07-15,"Non-contiguous confirmed model years reflect the verified records; gaps are preserved, not bridged.",2,2
Land Rover,Discovery,1994-2001; 2006; 2016-2026,1994,2026,Active,SUV/Crossover,United States,Yes,Original Source,Fully Verified,EPA FuelEconomy.gov Vehicle Fuel Economy Dataset,https://www.fueleconomy.gov/feg/epadata/vehicles.csv,NHTSA Product Information Catalog (vehicle products API),https://api.nhtsa.gov/products/vehicle/models?modelYear=1994&make=LAND%20ROVER&issueType=r,2026-07-15,"Non-contiguous confirmed model years reflect the verified records; gaps are preserved, not bridged.",2,2
Land Rover,Discovery Series II,1999-2004,1999,2004,Discontinued,SUV/Crossover,United States,No,Added - Missing Model,Fully Verified,EPA FuelEconomy.gov Vehicle Fuel Economy Dataset,https://www.fueleconomy.gov/feg/epadata/vehicles.csv,NHTSA Product Information Catalog (vehicle products API),https://api.nhtsa.gov/products/vehicle/models?modelYear=1999&make=LAND%20ROVER&issueType=r,2026-07-15,,2,2
Land Rover,Discovery Sport,2015-2026,2015,2026,Active,SUV/Crossover,United States,No,Added - Missing Model,Fully Verified,EPA FuelEconomy.gov Vehicle Fuel Economy Dataset,https://www.fueleconomy.gov/feg/epadata/vehicles.csv,NHTSA Product Information Catalog (vehicle products API),https://api.nhtsa.gov/products/vehicle/models?modelYear=2015&make=LAND%20ROVER&issueType=r,2026-07-15,,2,2
Land Rover,Evoque,2020-2021,2020,2021,Discontinued,SUV/Crossover,United States,No,Added - Missing Model,Government Verified,EPA FuelEconomy.gov Vehicle Fuel Economy Dataset,https://www.fueleconomy.gov/feg/epadata/vehicles.csv,,,2026-07-15,,1,1
Land Rover,Freelander,2000-2005,2000,2005,Discontinued,SUV/Crossover,United States,No,Added - Missing Model,Fully Verified,EPA FuelEconomy.gov Vehicle Fuel Economy Dataset,https://www.fueleconomy.gov/feg/epadata/vehicles.csv,NHTSA Product Information Catalog (vehicle products API),https://api.nhtsa.gov/products/vehicle/models?modelYear=2000&make=LAND%20ROVER&issueType=r,2026-07-15,,2,2
Land Rover,LR2,2008-2015,2008,2015,Discontinued,SUV/Crossover,United States,No,Added - Missing Model,Fully Verified,EPA FuelEconomy.gov Vehicle Fuel Economy Dataset,https://www.fueleconomy.gov/feg/epadata/vehicles.csv,NHTSA Product Information Catalog (vehicle products API),https://api.nhtsa.gov/products/vehicle/models?modelYear=2008&make=LAND%20ROVER&issueType=r,2026-07-15,,2,2
Land Rover,LR3,2005-2009,2005,2009,Discontinued,SUV/Crossover,United States,Yes,Original Source,Fully Verified,EPA FuelEconomy.gov Vehicle Fuel Economy Dataset,https://www.fueleconomy.gov/feg/epadata/vehicles.csv,NHTSA Product Information Catalog (vehicle products API),https://api.nhtsa.gov/products/vehicle/models?modelYear=2005&make=LAND%20ROVER&issueType=r,2026-07-15,,2,2
Land Rover,LR4,2010-2016,2010,2016,Discontinued,SUV/Crossover,United States,No,Added - Missing Model,Fully Verified,EPA FuelEconomy.gov Vehicle Fuel Economy Dataset,https://www.fueleconomy.gov/feg/epadata/vehicles.csv,NHTSA Product Information Catalog (vehicle products API),https://api.nhtsa.gov/products/vehicle/models?modelYear=2010&make=LAND%20ROVER&issueType=r,2026-07-15,,2,2
Land Rover,New Range Rover,2022-2023,2022,2023,Discontinued,SUV/Crossover,United States,No,Added - Missing Model,Fully Verified,EPA FuelEconomy.gov Vehicle Fuel Economy Dataset,https://www.fueleconomy.gov/feg/epadata/vehicles.csv,NHTSA vPIC (VIN product data),https://vpic.nhtsa.dot.gov/api/vehicles/GetModelsForMake/Land%20Rover?format=json,2026-07-15,Upgraded to Fully Verified in V2: independently confirmed by NHTSA vPIC product data.,2,2
Land Rover,New Range Rover LWB,2022-2023,2022,2023,Discontinued,SUV/Crossover,United States,No,Added - Missing Model,Government Verified,EPA FuelEconomy.gov Vehicle Fuel Economy Dataset,https://www.fueleconomy.gov/feg/epadata/vehicles.csv,,,2026-07-15,,1,1
Land Rover,New Range Rover Sport,2023,2023,2023,Discontinued,SUV/Crossover,United States,No,Added - Missing Model,Government Verified,EPA FuelEconomy.gov Vehicle Fuel Economy Dataset,https://www.fueleconomy.gov/feg/epadata/vehicles.csv,,,2026-07-15,,1,1
Land Rover,Range Rover,1987-2026,1987,2026,Active,SUV/Crossover,United States,Yes,Original Source,Fully Verified,EPA FuelEconomy.gov Vehicle Fuel Economy Dataset,https://www.fueleconomy.gov/feg/epadata/vehicles.csv,NHTSA Product Information Catalog (vehicle products API),https://api.nhtsa.gov/products/vehicle/models?modelYear=1987&make=LAND%20ROVER&issueType=r,2026-07-15,,2,2
Land Rover,Range Rover Evoque,2012-2026,2012,2026,Active,SUV/Crossover,United States,Yes,Original Source,Fully Verified,EPA FuelEconomy.gov Vehicle Fuel Economy Dataset,https://www.fueleconomy.gov/feg/epadata/vehicles.csv,NHTSA Product Information Catalog (vehicle products API),https://api.nhtsa.gov/products/vehicle/models?modelYear=2012&make=LAND%20ROVER&issueType=r,2026-07-15,,2,2
Land Rover,Range Rover Sport,2006-2026,2006,2026,Active,SUV/Crossover,United States,Yes,Original Source,Fully Verified,EPA FuelEconomy.gov Vehicle Fuel Economy Dataset,https://www.fueleconomy.gov/feg/epadata/vehicles.csv,NHTSA Product Information Catalog (vehicle products API),https://api.nhtsa.gov/products/vehicle/models?modelYear=2006&make=LAND%20ROVER&issueType=r,2026-07-15,,2,2
Land Rover,Range Rover Velar,2018-2026,2018,2026,Active,SUV/Crossover,United States,No,Added - Missing Model,Fully Verified,EPA FuelEconomy.gov Vehicle Fuel Economy Dataset,https://www.fueleconomy.gov/feg/epadata/vehicles.csv,NHTSA Product Information Catalog (vehicle products API),https://api.nhtsa.gov/products/vehicle/models?modelYear=2018&make=LAND%20ROVER&issueType=r,2026-07-15,,2,2
Lexus,CT 200h,2011-2017,2011,2017,Discontinued,Passenger Car,United States,No,Added - Missing Model,Fully Verified,EPA FuelEconomy.gov Vehicle Fuel Economy Dataset,https://www.fueleconomy.gov/feg/epadata/vehicles.csv,NHTSA Product Information Catalog (vehicle products API),https://api.nhtsa.gov/products/vehicle/models?modelYear=2011&make=LEXUS&issueType=r,2026-07-15,,2,2
Lexus,ES 250,1990-1993; 1995-1996; 2021-2025,1990,2025,Active,Passenger Car,United States,Yes,Existing Standardized Catalog,Fully Verified,EPA FuelEconomy.gov Vehicle Fuel Economy Dataset,https://www.fueleconomy.gov/feg/epadata/vehicles.csv,NHTSA Product Information Catalog (vehicle products API),https://api.nhtsa.gov/products/vehicle/models?modelYear=1990&make=LEXUS&issueType=r,2026-07-15,"Non-contiguous confirmed model years reflect the verified records; gaps are preserved, not bridged.",2,2
Lexus,ES 300,1990-2003; 2005,1990,2005,Discontinued,Passenger Car,United States,Yes,Existing Standardized Catalog,Fully Verified,EPA FuelEconomy.gov Vehicle Fuel Economy Dataset,https://www.fueleconomy.gov/feg/epadata/vehicles.csv,NHTSA Product Information Catalog (vehicle products API),https://api.nhtsa.gov/products/vehicle/models?modelYear=1990&make=LEXUS&issueType=r,2026-07-15,"Non-contiguous confirmed model years reflect the verified records; gaps are preserved, not bridged.",2,2
Lexus,ES 300h,2013-2025,2013,2025,Active,Passenger Car,United States,Yes,Existing Standardized Catalog,Fully Verified,EPA FuelEconomy.gov Vehicle Fuel Economy Dataset,https://www.fueleconomy.gov/feg/epadata/vehicles.csv,NHTSA Product Information Catalog (vehicle products API),https://api.nhtsa.gov/products/vehicle/models?modelYear=2013&make=LEXUS&issueType=r,2026-07-15,,2,2
Lexus,ES 330,2004-2006; 2010,2004,2010,Discontinued,Passenger Car,United States,Yes,Existing Standardized Catalog,Fully Verified,EPA FuelEconomy.gov Vehicle Fuel Economy Dataset,https://www.fueleconomy.gov/feg/epadata/vehicles.csv,NHTSA Product Information Catalog (vehicle products API),https://api.nhtsa.gov/products/vehicle/models?modelYear=2004&make=LEXUS&issueType=r,2026-07-15,"Non-contiguous confirmed model years reflect the verified records; gaps are preserved, not bridged.",2,2
Lexus,ES 350,2007-2025,2007,2025,Active,Passenger Car,United States,Yes,Existing Standardized Catalog,Fully Verified,EPA FuelEconomy.gov Vehicle Fuel Economy Dataset,https://www.fueleconomy.gov/feg/epadata/vehicles.csv,NHTSA Product Information Catalog (vehicle products API),https://api.nhtsa.gov/products/vehicle/models?modelYear=2007&make=LEXUS&issueType=r,2026-07-15,,2,2
Lexus,ES 350e,2026,2026,2026,Active,Passenger Car,United States,Yes,Existing Standardized Catalog,Government Verified,EPA FuelEconomy.gov Vehicle Fuel Economy Dataset,https://www.fueleconomy.gov/feg/epadata/vehicles.csv,,,2026-07-15,,1,1
Lexus,ES 350h,2026,2026,2026,Active,Passenger Car,United States,Yes,Existing Standardized Catalog,Government Verified,EPA FuelEconomy.gov Vehicle Fuel Economy Dataset,https://www.fueleconomy.gov/feg/epadata/vehicles.csv,,,2026-07-15,,1,1
Lexus,ES 500e,2026,2026,2026,Active,Passenger Car,United States,Yes,Existing Standardized Catalog,Government Verified,EPA FuelEconomy.gov Vehicle Fuel Economy Dataset,https://www.fueleconomy.gov/feg/epadata/vehicles.csv,,,2026-07-15,,1,1
Lexus,GS 200t,2016-2017,2016,2017,Discontinued,Passenger Car,United States,No,Added - Missing Model,Fully Verified,EPA FuelEconomy.gov Vehicle Fuel Economy Dataset,https://www.fueleconomy.gov/feg/epadata/vehicles.csv,NHTSA Product Information Catalog (vehicle products API),https://api.nhtsa.gov/products/vehicle/models?modelYear=2016&make=LEXUS&issueType=r,2026-07-15,,2,2
Lexus,GS 300,1993-2006; 2013-2014; 2018-2019,1993,2019,Discontinued,Passenger Car,United States,Yes,Existing Standardized Catalog,Fully Verified,EPA FuelEconomy.gov Vehicle Fuel Economy Dataset,https://www.fueleconomy.gov/feg/epadata/vehicles.csv,NHTSA Product Information Catalog (vehicle products API),https://api.nhtsa.gov/products/vehicle/models?modelYear=1993&make=LEXUS&issueType=r,2026-07-15,"Non-contiguous confirmed model years reflect the verified records; gaps are preserved, not bridged.",2,2
Lexus,GS 350,2007-2020,2007,2020,Discontinued,Passenger Car,United States,Yes,Existing Standardized Catalog,Fully Verified,EPA FuelEconomy.gov Vehicle Fuel Economy Dataset,https://www.fueleconomy.gov/feg/epadata/vehicles.csv,NHTSA Product Information Catalog (vehicle products API),https://api.nhtsa.gov/products/vehicle/models?modelYear=2007&make=LEXUS&issueType=r,2026-07-15,,2,2
Lexus,GS 400,1994; 1998-2000,1994,2000,Discontinued,Passenger Car,United States,Yes,Existing Standardized Catalog,Fully Verified,EPA FuelEconomy.gov Vehicle Fuel Economy Dataset,https://www.fueleconomy.gov/feg/epadata/vehicles.csv,NHTSA Product Information Catalog (vehicle products API),https://api.nhtsa.gov/products/vehicle/models?modelYear=1994&make=LEXUS&issueType=r,2026-07-15,"Non-contiguous confirmed model years reflect the verified records; gaps are preserved, not bridged.",2,2
Lexus,GS 430,2000-2007,2000,2007,Discontinued,Passenger Car,United States,Yes,Existing Standardized Catalog,Fully Verified,EPA FuelEconomy.gov Vehicle Fuel Economy Dataset,https://www.fueleconomy.gov/feg/epadata/vehicles.csv,NHTSA Product Information Catalog (vehicle products API),https://api.nhtsa.gov/products/vehicle/models?modelYear=2000&make=LEXUS&issueType=r,2026-07-15,,2,2
Lexus,GS 450h,2007-2018,2007,2018,Discontinued,Passenger Car,United States,No,Added - Missing Model,Fully Verified,EPA FuelEconomy.gov Vehicle Fuel Economy Dataset,https://www.fueleconomy.gov/feg/epadata/vehicles.csv,NHTSA Product Information Catalog (vehicle products API),https://api.nhtsa.gov/products/vehicle/models?modelYear=2007&make=LEXUS&issueType=r,2026-07-15,,2,2
Lexus,GS 460,2008-2011,2008,2011,Discontinued,Passenger Car,United States,No,Added - Missing Model,Fully Verified,EPA FuelEconomy.gov Vehicle Fuel Economy Dataset,https://www.fueleconomy.gov/feg/epadata/vehicles.csv,NHTSA Product Information Catalog (vehicle products API),https://api.nhtsa.gov/products/vehicle/models?modelYear=2008&make=LEXUS&issueType=r,2026-07-15,,2,2
Lexus,GS F,2016-2020,2016,2020,Discontinued,Passenger Car,United States,No,Added - Missing Model,Government Verified,EPA FuelEconomy.gov Vehicle Fuel Economy Dataset,https://www.fueleconomy.gov/feg/epadata/vehicles.csv,,,2026-07-15,,1,1
Lexus,GX 460,2010-2023,2010,2023,Discontinued,SUV/Crossover,United States,Yes,Existing Standardized Catalog,Fully Verified,EPA FuelEconomy.gov Vehicle Fuel Economy Dataset,https://www.fueleconomy.gov/feg/epadata/vehicles.csv,NHTSA Product Information Catalog (vehicle products API),https://api.nhtsa.gov/products/vehicle/models?modelYear=2010&make=LEXUS&issueType=r,2026-07-15,,2,2
Lexus,GX 470,2003-2009,2003,2009,Discontinued,SUV/Crossover,United States,Yes,Existing Standardized Catalog,Fully Verified,EPA FuelEconomy.gov Vehicle Fuel Economy Dataset,https://www.fueleconomy.gov/feg/epadata/vehicles.csv,NHTSA Product Information Catalog (vehicle products API),https://api.nhtsa.gov/products/vehicle/models?modelYear=2003&make=LEXUS&issueType=r,2026-07-15,,2,2
Lexus,GX 550,2024-2026,2024,2026,Active,SUV/Crossover,United States,Yes,Existing Standardized Catalog,Fully Verified,EPA FuelEconomy.gov Vehicle Fuel Economy Dataset,https://www.fueleconomy.gov/feg/epadata/vehicles.csv,NHTSA Product Information Catalog (vehicle products API),https://api.nhtsa.gov/products/vehicle/models?modelYear=2024&make=LEXUS&issueType=r,2026-07-15,,2,2
Lexus,HS 250h,2010-2012,2010,2012,Discontinued,Passenger Car,United States,No,Added - Missing Model,Fully Verified,EPA FuelEconomy.gov Vehicle Fuel Economy Dataset,https://www.fueleconomy.gov/feg/epadata/vehicles.csv,NHTSA Product Information Catalog (vehicle products API),https://api.nhtsa.gov/products/vehicle/models?modelYear=2010&make=LEXUS&issueType=r,2026-07-15,,2,2
Lexus,IS 200t,2016-2017,2016,2017,Discontinued,Passenger Car,United States,Yes,Existing Standardized Catalog,Fully Verified,EPA FuelEconomy.gov Vehicle Fuel Economy Dataset,https://www.fueleconomy.gov/feg/epadata/vehicles.csv,NHTSA Product Information Catalog (vehicle products API),https://api.nhtsa.gov/products/vehicle/models?modelYear=2016&make=LEXUS&issueType=r,2026-07-15,,2,2
Lexus,IS 250,2006-2016,2006,2016,Discontinued,Passenger Car,United States,Yes,Existing Standardized Catalog,Fully Verified,EPA FuelEconomy.gov Vehicle Fuel Economy Dataset,https://www.fueleconomy.gov/feg/epadata/vehicles.csv,NHTSA Product Information Catalog (vehicle products API),https://api.nhtsa.gov/products/vehicle/models?modelYear=2006&make=LEXUS&issueType=r,2026-07-15,,2,2
Lexus,IS 250C,2010-2015,2010,2015,Discontinued,Passenger Car,United States,Yes,Existing Standardized Catalog,Fully Verified,EPA FuelEconomy.gov Vehicle Fuel Economy Dataset,https://www.fueleconomy.gov/feg/epadata/vehicles.csv,NHTSA Product Information Catalog (vehicle products API),https://api.nhtsa.gov/products/vehicle/models?modelYear=2010&make=LEXUS&issueType=r,2026-07-15,,2,2
Lexus,IS 300,2001-2006; 2016-2025,2001,2025,Active,Passenger Car,United States,Yes,Existing Standardized Catalog,Fully Verified,EPA FuelEconomy.gov Vehicle Fuel Economy Dataset,https://www.fueleconomy.gov/feg/epadata/vehicles.csv,NHTSA Product Information Catalog (vehicle products API),https://api.nhtsa.gov/products/vehicle/models?modelYear=2001&make=LEXUS&issueType=r,2026-07-15,"Non-contiguous confirmed model years reflect the verified records; gaps are preserved, not bridged.",2,2
Lexus,IS 350,2006-2026,2006,2026,Active,Passenger Car,United States,Yes,Existing Standardized Catalog,Fully Verified,EPA FuelEconomy.gov Vehicle Fuel Economy Dataset,https://www.fueleconomy.gov/feg/epadata/vehicles.csv,NHTSA Product Information Catalog (vehicle products API),https://api.nhtsa.gov/products/vehicle/models?modelYear=2006&make=LEXUS&issueType=r,2026-07-15,,2,2
Lexus,IS 350C,2010-2015,2010,2015,Discontinued,Passenger Car,United States,Yes,Existing Standardized Catalog,Fully Verified,EPA FuelEconomy.gov Vehicle Fuel Economy Dataset,https://www.fueleconomy.gov/feg/epadata/vehicles.csv,NHTSA Product Information Catalog (vehicle products API),https://api.nhtsa.gov/products/vehicle/models?modelYear=2010&make=LEXUS&issueType=r,2026-07-15,,2,2
Lexus,IS 500,2022-2025,2022,2025,Active,Passenger Car,United States,Yes,Existing Standardized Catalog,Fully Verified,EPA FuelEconomy.gov Vehicle Fuel Economy Dataset,https://www.fueleconomy.gov/feg/epadata/vehicles.csv,NHTSA Product Information Catalog (vehicle products API),https://api.nhtsa.gov/products/vehicle/models?modelYear=2022&make=LEXUS&issueType=r,2026-07-15,,2,2
Lexus,IS F,2008-2014; 2016-2017,2008,2017,Discontinued,Passenger Car,United States,No,Added - Missing Model,Fully Verified,EPA FuelEconomy.gov Vehicle Fuel Economy Dataset,https://www.fueleconomy.gov/feg/epadata/vehicles.csv,NHTSA Product Information Catalog (vehicle products API),https://api.nhtsa.gov/products/vehicle/models?modelYear=2008&make=LEXUS&issueType=r,2026-07-15,"Non-contiguous confirmed model years reflect the verified records; gaps are preserved, not bridged.",2,2
Lexus,LC 500,2018-2026,2018,2026,Active,Passenger Car,United States,No,Added - Missing Model,Fully Verified,EPA FuelEconomy.gov Vehicle Fuel Economy Dataset,https://www.fueleconomy.gov/feg/epadata/vehicles.csv,NHTSA Product Information Catalog (vehicle products API),https://api.nhtsa.gov/products/vehicle/models?modelYear=2018&make=LEXUS&issueType=r,2026-07-15,,2,2
Lexus,LC 500h,2018-2025,2018,2025,Active,Passenger Car,United States,No,Added - Missing Model,Government Verified,EPA FuelEconomy.gov Vehicle Fuel Economy Dataset,https://www.fueleconomy.gov/feg/epadata/vehicles.csv,,,2026-07-15,,1,1
Lexus,LFA,2012,2012,2012,Discontinued,Passenger Car,United States,No,Added - Missing Model,Fully Verified,EPA FuelEconomy.gov Vehicle Fuel Economy Dataset,https://www.fueleconomy.gov/feg/epadata/vehicles.csv,NHTSA vPIC (VIN product data),https://vpic.nhtsa.dot.gov/api/vehicles/GetModelsForMake/Lexus?format=json,2026-07-15,Upgraded to Fully Verified in V2: independently confirmed by NHTSA vPIC product data.,2,2
Lexus,LS 400,1990-2001,1990,2001,Discontinued,Passenger Car,United States,No,Added - Missing Model,Fully Verified,EPA FuelEconomy.gov Vehicle Fuel Economy Dataset,https://www.fueleconomy.gov/feg/epadata/vehicles.csv,NHTSA Product Information Catalog (vehicle products API),https://api.nhtsa.gov/products/vehicle/models?modelYear=1990&make=LEXUS&issueType=r,2026-07-15,,2,2
Lexus,LS 430,2001-2006,2001,2006,Discontinued,Passenger Car,United States,Yes,Existing Standardized Catalog,Fully Verified,EPA FuelEconomy.gov Vehicle Fuel Economy Dataset,https://www.fueleconomy.gov/feg/epadata/vehicles.csv,NHTSA Product Information Catalog (vehicle products API),https://api.nhtsa.gov/products/vehicle/models?modelYear=2001&make=LEXUS&issueType=r,2026-07-15,,2,2
Lexus,LS 460,2007-2017,2007,2017,Discontinued,Passenger Car,United States,Yes,Existing Standardized Catalog,Fully Verified,EPA FuelEconomy.gov Vehicle Fuel Economy Dataset,https://www.fueleconomy.gov/feg/epadata/vehicles.csv,NHTSA Product Information Catalog (vehicle products API),https://api.nhtsa.gov/products/vehicle/models?modelYear=2007&make=LEXUS&issueType=r,2026-07-15,,2,2
Lexus,LS 460L,2007-2017,2007,2017,Discontinued,Passenger Car,United States,No,Added - Missing Model,Fully Verified,EPA FuelEconomy.gov Vehicle Fuel Economy Dataset,https://www.fueleconomy.gov/feg/epadata/vehicles.csv,NHTSA Product Information Catalog (vehicle products API),https://api.nhtsa.gov/products/vehicle/models?modelYear=2007&make=LEXUS&issueType=r,2026-07-15,,2,2
Lexus,LS 500,2018-2026,2018,2026,Active,Passenger Car,United States,No,Added - Missing Model,Fully Verified,EPA FuelEconomy.gov Vehicle Fuel Economy Dataset,https://www.fueleconomy.gov/feg/epadata/vehicles.csv,NHTSA Product Information Catalog (vehicle products API),https://api.nhtsa.gov/products/vehicle/models?modelYear=2018&make=LEXUS&issueType=r,2026-07-15,,2,2
Lexus,LS 500h,2018-2025,2018,2025,Active,Passenger Car,United States,No,Added - Missing Model,Fully Verified,EPA FuelEconomy.gov Vehicle Fuel Economy Dataset,https://www.fueleconomy.gov/feg/epadata/vehicles.csv,NHTSA Product Information Catalog (vehicle products API),https://api.nhtsa.gov/products/vehicle/models?modelYear=2018&make=LEXUS&issueType=r,2026-07-15,,2,2
Lexus,LS 600hL,2008-2016,2008,2016,Discontinued,Passenger Car,United States,No,Added - Missing Model,Fully Verified,EPA FuelEconomy.gov Vehicle Fuel Economy Dataset,https://www.fueleconomy.gov/feg/epadata/vehicles.csv,NHTSA Product Information Catalog (vehicle products API),https://api.nhtsa.gov/products/vehicle/models?modelYear=2008&make=LEXUS&issueType=r,2026-07-15,,2,2
Lexus,LX 450,1996-1998; 2000,1996,2000,Discontinued,SUV/Crossover,United States,Yes,Existing Standardized Catalog,Fully Verified,EPA FuelEconomy.gov Vehicle Fuel Economy Dataset,https://www.fueleconomy.gov/feg/epadata/vehicles.csv,NHTSA Product Information Catalog (vehicle products API),https://api.nhtsa.gov/products/vehicle/models?modelYear=1996&make=LEXUS&issueType=r,2026-07-15,"Non-contiguous confirmed model years reflect the verified records; gaps are preserved, not bridged.",2,2
Lexus,LX 470,1998-2007,1998,2007,Discontinued,SUV/Crossover,United States,Yes,Existing Standardized Catalog,Fully Verified,EPA FuelEconomy.gov Vehicle Fuel Economy Dataset,https://www.fueleconomy.gov/feg/epadata/vehicles.csv,NHTSA Product Information Catalog (vehicle products API),https://api.nhtsa.gov/products/vehicle/models?modelYear=1998&make=LEXUS&issueType=r,2026-07-15,,2,2
Lexus,LX 570,2008-2011; 2013-2021,2008,2021,Discontinued,SUV/Crossover,United States,Yes,Existing Standardized Catalog,Fully Verified,EPA FuelEconomy.gov Vehicle Fuel Economy Dataset,https://www.fueleconomy.gov/feg/epadata/vehicles.csv,NHTSA Product Information Catalog (vehicle products API),https://api.nhtsa.gov/products/vehicle/models?modelYear=2008&make=LEXUS&issueType=r,2026-07-15,"Non-contiguous confirmed model years reflect the verified records; gaps are preserved, not bridged.",2,2
Lexus,LX 600,2022-2026,2022,2026,Active,SUV/Crossover,United States,No,Added - Missing Model,Fully Verified,EPA FuelEconomy.gov Vehicle Fuel Economy Dataset,https://www.fueleconomy.gov/feg/epadata/vehicles.csv,NHTSA Product Information Catalog (vehicle products API),https://api.nhtsa.gov/products/vehicle/models?modelYear=2022&make=LEXUS&issueType=r,2026-07-15,,2,2
Lexus,LX 700h,2025-2026,2025,2026,Active,SUV/Crossover,United States,No,Added - Missing Model,Government Verified,EPA FuelEconomy.gov Vehicle Fuel Economy Dataset,https://www.fueleconomy.gov/feg/epadata/vehicles.csv,,,2026-07-15,,1,1
Lexus,NX 200t,2015-2017,2015,2017,Discontinued,SUV/Crossover,United States,No,Added - Missing Model,Fully Verified,EPA FuelEconomy.gov Vehicle Fuel Economy Dataset,https://www.fueleconomy.gov/feg/epadata/vehicles.csv,NHTSA Product Information Catalog (vehicle products API),https://api.nhtsa.gov/products/vehicle/models?modelYear=2015&make=LEXUS&issueType=r,2026-07-15,,2,2
Lexus,NX 250,2022-2025,2022,2025,Active,SUV/Crossover,United States,No,Added - Missing Model,Fully Verified,EPA FuelEconomy.gov Vehicle Fuel Economy Dataset,https://www.fueleconomy.gov/feg/epadata/vehicles.csv,NHTSA Product Information Catalog (vehicle products API),https://api.nhtsa.gov/products/vehicle/models?modelYear=2022&make=LEXUS&issueType=r,2026-07-15,,2,2
Lexus,NX 300,2018-2021,2018,2021,Discontinued,SUV/Crossover,United States,No,Added - Missing Model,Fully Verified,EPA FuelEconomy.gov Vehicle Fuel Economy Dataset,https://www.fueleconomy.gov/feg/epadata/vehicles.csv,NHTSA Product Information Catalog (vehicle products API),https://api.nhtsa.gov/products/vehicle/models?modelYear=2018&make=LEXUS&issueType=r,2026-07-15,,2,2
Lexus,NX 300h,2015-2021,2015,2021,Discontinued,SUV/Crossover,United States,No,Added - Missing Model,Fully Verified,EPA FuelEconomy.gov Vehicle Fuel Economy Dataset,https://www.fueleconomy.gov/feg/epadata/vehicles.csv,NHTSA Product Information Catalog (vehicle products API),https://api.nhtsa.gov/products/vehicle/models?modelYear=2015&make=LEXUS&issueType=r,2026-07-15,,2,2
Lexus,NX 350,2022-2026,2022,2026,Active,SUV/Crossover,United States,No,Added - Missing Model,Fully Verified,EPA FuelEconomy.gov Vehicle Fuel Economy Dataset,https://www.fueleconomy.gov/feg/epadata/vehicles.csv,NHTSA Product Information Catalog (vehicle products API),https://api.nhtsa.gov/products/vehicle/models?modelYear=2022&make=LEXUS&issueType=r,2026-07-15,,2,2
Lexus,NX 350h,2022-2026,2022,2026,Active,SUV/Crossover,United States,No,Added - Missing Model,Fully Verified,EPA FuelEconomy.gov Vehicle Fuel Economy Dataset,https://www.fueleconomy.gov/feg/epadata/vehicles.csv,NHTSA Product Information Catalog (vehicle products API),https://api.nhtsa.gov/products/vehicle/models?modelYear=2022&make=LEXUS&issueType=r,2026-07-15,,2,2
Lexus,NX 450h+,2022-2025,2022,2025,Active,SUV/Crossover,United States,No,Added - Missing Model,Fully Verified,EPA FuelEconomy.gov Vehicle Fuel Economy Dataset,https://www.fueleconomy.gov/feg/epadata/vehicles.csv,NHTSA Product Information Catalog (vehicle products API),https://api.nhtsa.gov/products/vehicle/models?modelYear=2022&make=LEXUS&issueType=r,2026-07-15,,2,2
Lexus,RC 200t,2015-2017,2015,2017,Discontinued,Passenger Car,United States,No,Added - Missing Model,Fully Verified,EPA FuelEconomy.gov Vehicle Fuel Economy Dataset,https://www.fueleconomy.gov/feg/epadata/vehicles.csv,NHTSA Product Information Catalog (vehicle products API),https://api.nhtsa.gov/products/vehicle/models?modelYear=2015&make=LEXUS&issueType=r,2026-07-15,,2,2
Lexus,RC 300,2016-2025,2016,2025,Active,Passenger Car,United States,No,Added - Missing Model,Fully Verified,EPA FuelEconomy.gov Vehicle Fuel Economy Dataset,https://www.fueleconomy.gov/feg/epadata/vehicles.csv,NHTSA Product Information Catalog (vehicle products API),https://api.nhtsa.gov/products/vehicle/models?modelYear=2016&make=LEXUS&issueType=r,2026-07-15,,2,2
Lexus,RC 350,2015-2025,2015,2025,Active,Passenger Car,United States,No,Added - Missing Model,Fully Verified,EPA FuelEconomy.gov Vehicle Fuel Economy Dataset,https://www.fueleconomy.gov/feg/epadata/vehicles.csv,NHTSA Product Information Catalog (vehicle products API),https://api.nhtsa.gov/products/vehicle/models?modelYear=2015&make=LEXUS&issueType=r,2026-07-15,,2,2
Lexus,RC F,2015-2025,2015,2025,Active,Passenger Car,United States,No,Added - Missing Model,Fully Verified,EPA FuelEconomy.gov Vehicle Fuel Economy Dataset,https://www.fueleconomy.gov/feg/epadata/vehicles.csv,NHTSA Product Information Catalog (vehicle products API),https://api.nhtsa.gov/products/vehicle/models?modelYear=2015&make=LEXUS&issueType=r,2026-07-15,,2,2
Lexus,RX 300,1998-2003,1998,2003,Discontinued,Passenger Car,United States,Yes,Existing Standardized Catalog,Fully Verified,EPA FuelEconomy.gov Vehicle Fuel Economy Dataset,https://www.fueleconomy.gov/feg/epadata/vehicles.csv,NHTSA Product Information Catalog (vehicle products API),https://api.nhtsa.gov/products/vehicle/models?modelYear=1998&make=LEXUS&issueType=r,2026-07-15,,2,2
Lexus,RX 330,2004-2007; 2009; 2011,2004,2011,Discontinued,SUV/Crossover,United States,Yes,Existing Standardized Catalog,Fully Verified,EPA FuelEconomy.gov Vehicle Fuel Economy Dataset,https://www.fueleconomy.gov/feg/epadata/vehicles.csv,NHTSA Product Information Catalog (vehicle products API),https://api.nhtsa.gov/products/vehicle/models?modelYear=2004&make=LEXUS&issueType=r,2026-07-15,"Non-contiguous confirmed model years reflect the verified records; gaps are preserved, not bridged.",2,2
Lexus,RX 350,2007-2026,2007,2026,Active,SUV/Crossover,United States,Yes,Existing Standardized Catalog,Fully Verified,EPA FuelEconomy.gov Vehicle Fuel Economy Dataset,https://www.fueleconomy.gov/feg/epadata/vehicles.csv,NHTSA Product Information Catalog (vehicle products API),https://api.nhtsa.gov/products/vehicle/models?modelYear=2007&make=LEXUS&issueType=r,2026-07-15,,2,2
Lexus,RX 350L,2018-2022,2018,2022,Discontinued,SUV/Crossover,United States,Yes,Existing Standardized Catalog,Fully Verified,EPA FuelEconomy.gov Vehicle Fuel Economy Dataset,https://www.fueleconomy.gov/feg/epadata/vehicles.csv,NHTSA Product Information Catalog (vehicle products API),https://api.nhtsa.gov/products/vehicle/models?modelYear=2018&make=LEXUS&issueType=r,2026-07-15,,2,2
Lexus,RX 350h,2023-2026,2023,2026,Active,SUV/Crossover,United States,Yes,Existing Standardized Catalog,Fully Verified,EPA FuelEconomy.gov Vehicle Fuel Economy Dataset,https://www.fueleconomy.gov/feg/epadata/vehicles.csv,NHTSA Product Information Catalog (vehicle products API),https://api.nhtsa.gov/products/vehicle/models?modelYear=2023&make=LEXUS&issueType=r,2026-07-15,,2,2
Lexus,RX 400h,2005-2008,2005,2008,Discontinued,SUV/Crossover,United States,Yes,Existing Standardized Catalog,Fully Verified,EPA FuelEconomy.gov Vehicle Fuel Economy Dataset,https://www.fueleconomy.gov/feg/epadata/vehicles.csv,NHTSA Product Information Catalog (vehicle products API),https://api.nhtsa.gov/products/vehicle/models?modelYear=2005&make=LEXUS&issueType=r,2026-07-15,,2,2
Lexus,RX 450h,2010-2023,2010,2023,Discontinued,SUV/Crossover,United States,Yes,Existing Standardized Catalog,Fully Verified,EPA FuelEconomy.gov Vehicle Fuel Economy Dataset,https://www.fueleconomy.gov/feg/epadata/vehicles.csv,NHTSA Product Information Catalog (vehicle products API),https://api.nhtsa.gov/products/vehicle/models?modelYear=2010&make=LEXUS&issueType=r,2026-07-15,,2,2
Lexus,RX 450h+,2025,2025,2025,Active,SUV/Crossover,United States,Yes,Existing Standardized Catalog,Fully Verified,EPA FuelEconomy.gov Vehicle Fuel Economy Dataset,https://www.fueleconomy.gov/feg/epadata/vehicles.csv,NHTSA Product Information Catalog (vehicle products API),https://api.nhtsa.gov/products/vehicle/models?modelYear=2025&make=LEXUS&issueType=r,2026-07-15,,2,2
Lexus,RX 450hL,2018-2022,2018,2022,Discontinued,SUV/Crossover,United States,Yes,Existing Standardized Catalog,Fully Verified,EPA FuelEconomy.gov Vehicle Fuel Economy Dataset,https://www.fueleconomy.gov/feg/epadata/vehicles.csv,NHTSA Product Information Catalog (vehicle products API),https://api.nhtsa.gov/products/vehicle/models?modelYear=2018&make=LEXUS&issueType=r,2026-07-15,,2,2
Lexus,RX 500h,2023-2026,2023,2026,Active,SUV/Crossover,United States,Yes,Existing Standardized Catalog,Fully Verified,EPA FuelEconomy.gov Vehicle Fuel Economy Dataset,https://www.fueleconomy.gov/feg/epadata/vehicles.csv,NHTSA Product Information Catalog (vehicle products API),https://api.nhtsa.gov/products/vehicle/models?modelYear=2023&make=LEXUS&issueType=r,2026-07-15,,2,2
Lexus,RZ 300e,2024-2025,2024,2025,Active,SUV/Crossover,United States,No,Added - Missing Model,Fully Verified,EPA FuelEconomy.gov Vehicle Fuel Economy Dataset,https://www.fueleconomy.gov/feg/epadata/vehicles.csv,NHTSA Product Information Catalog (vehicle products API),https://api.nhtsa.gov/products/vehicle/models?modelYear=2024&make=LEXUS&issueType=r,2026-07-15,,2,2
Lexus,RZ 350e,2026,2026,2026,Active,SUV/Crossover,United States,No,Added - Missing Model,Government Verified,EPA FuelEconomy.gov Vehicle Fuel Economy Dataset,https://www.fueleconomy.gov/feg/epadata/vehicles.csv,,,2026-07-15,,1,1
Lexus,RZ 450e,2023-2026,2023,2026,Active,SUV/Crossover,United States,No,Added - Missing Model,Fully Verified,EPA FuelEconomy.gov Vehicle Fuel Economy Dataset,https://www.fueleconomy.gov/feg/epadata/vehicles.csv,NHTSA Product Information Catalog (vehicle products API),https://api.nhtsa.gov/products/vehicle/models?modelYear=2023&make=LEXUS&issueType=r,2026-07-15,,2,2
Lexus,RZ 550e,2026,2026,2026,Active,SUV/Crossover,United States,No,Added - Missing Model,Government Verified,EPA FuelEconomy.gov Vehicle Fuel Economy Dataset,https://www.fueleconomy.gov/feg/epadata/vehicles.csv,,,2026-07-15,,1,1
Lexus,SC,1999-2000,1999,2000,Discontinued,Passenger Car,United States,No,Added - Missing Model,Fully Verified,EPA FuelEconomy.gov Vehicle Fuel Economy Dataset,https://www.fueleconomy.gov/feg/epadata/vehicles.csv,NHTSA vPIC (VIN product data),https://vpic.nhtsa.dot.gov/api/vehicles/GetModelsForMake/Lexus?format=json,2026-07-15,Upgraded to Fully Verified in V2: independently confirmed by NHTSA vPIC product data.,2,2
Lexus,SC 300,1992-1998; 2002-2003,1992,2003,Discontinued,Passenger Car,United States,No,Added - Missing Model,Fully Verified,EPA FuelEconomy.gov Vehicle Fuel Economy Dataset,https://www.fueleconomy.gov/feg/epadata/vehicles.csv,NHTSA Product Information Catalog (vehicle products API),https://api.nhtsa.gov/products/vehicle/models?modelYear=1992&make=LEXUS&issueType=r,2026-07-15,"Non-contiguous confirmed model years reflect the verified records; gaps are preserved, not bridged.",2,2
Lexus,SC 400,1990; 1992-2001,1990,2001,Discontinued,Passenger Car,United States,Yes,Existing Standardized Catalog,Fully Verified,EPA FuelEconomy.gov Vehicle Fuel Economy Dataset,https://www.fueleconomy.gov/feg/epadata/vehicles.csv,NHTSA Product Information Catalog (vehicle products API),https://api.nhtsa.gov/products/vehicle/models?modelYear=1990&make=LEXUS&issueType=r,2026-07-15,"Non-contiguous confirmed model years reflect the verified records; gaps are preserved, not bridged.",2,2
Lexus,SC 430,2002-2010,2002,2010,Discontinued,Passenger Car,United States,Yes,Existing Standardized Catalog,Fully Verified,EPA FuelEconomy.gov Vehicle Fuel Economy Dataset,https://www.fueleconomy.gov/feg/epadata/vehicles.csv,NHTSA Product Information Catalog (vehicle products API),https://api.nhtsa.gov/products/vehicle/models?modelYear=2002&make=LEXUS&issueType=r,2026-07-15,,2,2
Lexus,TX 350,2024-2026,2024,2026,Active,SUV/Crossover,United States,No,Added - Missing Model,Fully Verified,EPA FuelEconomy.gov Vehicle Fuel Economy Dataset,https://www.fueleconomy.gov/feg/epadata/vehicles.csv,NHTSA Product Information Catalog (vehicle products API),https://api.nhtsa.gov/products/vehicle/models?modelYear=2024&make=LEXUS&issueType=r,2026-07-15,,2,2
Lexus,TX 500h,2024-2026,2024,2026,Active,SUV/Crossover,United States,No,Added - Missing Model,Fully Verified,EPA FuelEconomy.gov Vehicle Fuel Economy Dataset,https://www.fueleconomy.gov/feg/epadata/vehicles.csv,NHTSA Product Information Catalog (vehicle products API),https://api.nhtsa.gov/products/vehicle/models?modelYear=2024&make=LEXUS&issueType=r,2026-07-15,,2,2
Lexus,TX 550h+,2024-2025,2024,2025,Active,SUV/Crossover,United States,No,Added - Missing Model,Fully Verified,EPA FuelEconomy.gov Vehicle Fuel Economy Dataset,https://www.fueleconomy.gov/feg/epadata/vehicles.csv,NHTSA Product Information Catalog (vehicle products API),https://api.nhtsa.gov/products/vehicle/models?modelYear=2024&make=LEXUS&issueType=r,2026-07-15,V3: EPA historical 1980-83 dataset provides a second independent organization for this model.,2,2
Lexus,UX 200,2019-2022,2019,2022,Discontinued,Passenger Car,United States,No,Added - Missing Model,Fully Verified,EPA FuelEconomy.gov Vehicle Fuel Economy Dataset,https://www.fueleconomy.gov/feg/epadata/vehicles.csv,NHTSA Product Information Catalog (vehicle products API),https://api.nhtsa.gov/products/vehicle/models?modelYear=2019&make=LEXUS&issueType=r,2026-07-15,,2,2
Lexus,UX 250h,2019-2024,2019,2024,Discontinued,Passenger Car,United States,No,Added - Missing Model,Fully Verified,EPA FuelEconomy.gov Vehicle Fuel Economy Dataset,https://www.fueleconomy.gov/feg/epadata/vehicles.csv,NHTSA Product Information Catalog (vehicle products API),https://api.nhtsa.gov/products/vehicle/models?modelYear=2019&make=LEXUS&issueType=r,2026-07-15,,2,2
Lexus,UX 300h,2025-2026,2025,2026,Active,Passenger Car,United States,No,Added - Missing Model,Fully Verified,EPA FuelEconomy.gov Vehicle Fuel Economy Dataset,https://www.fueleconomy.gov/feg/epadata/vehicles.csv,NHTSA Product Information Catalog (vehicle products API),https://api.nhtsa.gov/products/vehicle/models?modelYear=2025&make=LEXUS&issueType=r,2026-07-15,,2,2
Lincoln,Aviator,2003-2005; 2020-2026,2003,2026,Active,SUV/Crossover,United States,Yes,Original Source,Fully Verified,EPA FuelEconomy.gov Vehicle Fuel Economy Dataset,https://www.fueleconomy.gov/feg/epadata/vehicles.csv,NHTSA Product Information Catalog (vehicle products API),https://api.nhtsa.gov/products/vehicle/models?modelYear=2003&make=LINCOLN&issueType=r,2026-07-15,"Non-contiguous confirmed model years reflect the verified records; gaps are preserved, not bridged.",2,2
Lincoln,Blackwood,2002-2003,2002,2003,Discontinued,Pickup Truck,United States,No,Added - Missing Model,Fully Verified,EPA FuelEconomy.gov Vehicle Fuel Economy Dataset,https://www.fueleconomy.gov/feg/epadata/vehicles.csv,NHTSA Product Information Catalog (vehicle products API),https://api.nhtsa.gov/products/vehicle/models?modelYear=2002&make=LINCOLN&issueType=r,2026-07-15,,2,2
Lincoln,Continental,1981-2002; 2017-2020,1981,2020,Discontinued,Passenger Car,United States,No,Added - Missing Model,Fully Verified,EPA FuelEconomy.gov Vehicle Fuel Economy Dataset,https://www.fueleconomy.gov/feg/epadata/vehicles.csv,NHTSA Product Information Catalog (vehicle products API),https://api.nhtsa.gov/products/vehicle/models?modelYear=1981&make=LINCOLN&issueType=r,2026-07-15,"Non-contiguous confirmed model years reflect the verified records; gaps are preserved, not bridged.",2,2
Lincoln,Corsair,2020-2026,2020,2026,Active,SUV/Crossover,United States,No,Added - Missing Model,Fully Verified,EPA FuelEconomy.gov Vehicle Fuel Economy Dataset,https://www.fueleconomy.gov/feg/epadata/vehicles.csv,NHTSA Product Information Catalog (vehicle products API),https://api.nhtsa.gov/products/vehicle/models?modelYear=2020&make=LINCOLN&issueType=r,2026-07-15,,2,2
Lincoln,LS,2000-2006,2000,2006,Discontinued,Passenger Car,United States,Yes,Original Source,Fully Verified,EPA FuelEconomy.gov Vehicle Fuel Economy Dataset,https://www.fueleconomy.gov/feg/epadata/vehicles.csv,NHTSA Product Information Catalog (vehicle products API),https://api.nhtsa.gov/products/vehicle/models?modelYear=2000&make=LINCOLN&issueType=r,2026-07-15,,2,2
Lincoln,MKC,2015-2019,2015,2019,Discontinued,SUV/Crossover,United States,No,Added - Missing Model,Fully Verified,EPA FuelEconomy.gov Vehicle Fuel Economy Dataset,https://www.fueleconomy.gov/feg/epadata/vehicles.csv,NHTSA Product Information Catalog (vehicle products API),https://api.nhtsa.gov/products/vehicle/models?modelYear=2015&make=LINCOLN&issueType=r,2026-07-15,,2,2
Lincoln,MKS,2009-2016,2009,2016,Discontinued,Passenger Car,United States,Yes,Original Source,Fully Verified,EPA FuelEconomy.gov Vehicle Fuel Economy Dataset,https://www.fueleconomy.gov/feg/epadata/vehicles.csv,NHTSA Product Information Catalog (vehicle products API),https://api.nhtsa.gov/products/vehicle/models?modelYear=2009&make=LINCOLN&issueType=r,2026-07-15,,2,2
Lincoln,MKT,2010-2019,2010,2019,Discontinued,SUV/Crossover,United States,Yes,Original Source,Fully Verified,EPA FuelEconomy.gov Vehicle Fuel Economy Dataset,https://www.fueleconomy.gov/feg/epadata/vehicles.csv,NHTSA Product Information Catalog (vehicle products API),https://api.nhtsa.gov/products/vehicle/models?modelYear=2010&make=LINCOLN&issueType=r,2026-07-15,,2,2
Lincoln,MKT Hearse,2011; 2017-2019,2011,2019,Discontinued,SUV/Crossover,United States,No,Added - Missing Model,Government Verified,EPA FuelEconomy.gov Vehicle Fuel Economy Dataset,https://www.fueleconomy.gov/feg/epadata/vehicles.csv,,,2026-07-15,"Non-contiguous confirmed model years reflect the verified records; gaps are preserved, not bridged.",1,1
Lincoln,MKT Limo,2017-2019,2017,2019,Discontinued,SUV/Crossover,United States,No,Added - Missing Model,Government Verified,EPA FuelEconomy.gov Vehicle Fuel Economy Dataset,https://www.fueleconomy.gov/feg/epadata/vehicles.csv,,,2026-07-15,,1,1
Lincoln,MKT Livery,2013-2019,2013,2019,Discontinued,SUV/Crossover,United States,No,Added - Missing Model,Government Verified,EPA FuelEconomy.gov Vehicle Fuel Economy Dataset,https://www.fueleconomy.gov/feg/epadata/vehicles.csv,,,2026-07-15,,1,1
Lincoln,MKX,2007-2018,2007,2018,Discontinued,SUV/Crossover,United States,Yes,Original Source,Fully Verified,EPA FuelEconomy.gov Vehicle Fuel Economy Dataset,https://www.fueleconomy.gov/feg/epadata/vehicles.csv,NHTSA Product Information Catalog (vehicle products API),https://api.nhtsa.gov/products/vehicle/models?modelYear=2007&make=LINCOLN&issueType=r,2026-07-15,,2,2
Lincoln,MKZ,2007-2020,2007,2020,Discontinued,Passenger Car,United States,Yes,Original Source,Fully Verified,EPA FuelEconomy.gov Vehicle Fuel Economy Dataset,https://www.fueleconomy.gov/feg/epadata/vehicles.csv,NHTSA Product Information Catalog (vehicle products API),https://api.nhtsa.gov/products/vehicle/models?modelYear=2007&make=LINCOLN&issueType=r,2026-07-15,,2,2
Lincoln,Mark LT,2005-2008,2005,2008,Discontinued,Pickup Truck,United States,Yes,Original Source,Fully Verified,EPA FuelEconomy.gov Vehicle Fuel Economy Dataset,https://www.fueleconomy.gov/feg/epadata/vehicles.csv,NHTSA Product Information Catalog (vehicle products API),https://api.nhtsa.gov/products/vehicle/models?modelYear=2005&make=LINCOLN&issueType=r,2026-07-15,,2,2
Lincoln,Mark VI,1982,1982,1982,Discontinued,Passenger Car,United States,No,Added - Missing Model,Government Verified,NHTSA Product Information Catalog (vehicle products API),https://api.nhtsa.gov/products/vehicle/models?modelYear=1982&make=LINCOLN&issueType=r,,,2026-07-15,,1,1
Lincoln,Mark VII,1984-1992; 1995-1998,1984,1998,Discontinued,Passenger Car,United States,No,Added - Missing Model,Fully Verified,EPA FuelEconomy.gov Vehicle Fuel Economy Dataset,https://www.fueleconomy.gov/feg/epadata/vehicles.csv,NHTSA Product Information Catalog (vehicle products API),https://api.nhtsa.gov/products/vehicle/models?modelYear=1984&make=LINCOLN&issueType=r,2026-07-15,"Non-contiguous confirmed model years reflect the verified records; gaps are preserved, not bridged.",2,2
Lincoln,Mark VIII,1989; 1993-2000,1989,2000,Discontinued,Passenger Car,United States,Yes,Existing Standardized Catalog,Fully Verified,EPA FuelEconomy.gov Vehicle Fuel Economy Dataset,https://www.fueleconomy.gov/feg/epadata/vehicles.csv,NHTSA Product Information Catalog (vehicle products API),https://api.nhtsa.gov/products/vehicle/models?modelYear=1989&make=LINCOLN&issueType=r,2026-07-15,"Non-contiguous confirmed model years reflect the verified records; gaps are preserved, not bridged.",2,2
Lincoln,Nautilus,2019-2026,2019,2026,Active,SUV/Crossover,United States,No,Added - Missing Model,Fully Verified,EPA FuelEconomy.gov Vehicle Fuel Economy Dataset,https://www.fueleconomy.gov/feg/epadata/vehicles.csv,NHTSA Product Information Catalog (vehicle products API),https://api.nhtsa.gov/products/vehicle/models?modelYear=2019&make=LINCOLN&issueType=r,2026-07-15,,2,2
Lincoln,Navigator,1998-2027,1998,2027,Active,SUV/Crossover,United States,Yes,Original Source,Fully Verified,EPA FuelEconomy.gov Vehicle Fuel Economy Dataset,https://www.fueleconomy.gov/feg/epadata/vehicles.csv,NHTSA Product Information Catalog (vehicle products API),https://api.nhtsa.gov/products/vehicle/models?modelYear=1998&make=LINCOLN&issueType=r,2026-07-15,MY2027 record officially published in government data by the 2026-07-15 research cutoff.,2,2
Lincoln,Navigator L,2015-2021,2015,2021,Discontinued,SUV/Crossover,United States,No,Added - Missing Model,Fully Verified,EPA FuelEconomy.gov Vehicle Fuel Economy Dataset,https://www.fueleconomy.gov/feg/epadata/vehicles.csv,NHTSA vPIC (VIN product data),https://vpic.nhtsa.dot.gov/api/vehicles/GetModelsForMake/Lincoln?format=json,2026-07-15,Upgraded to Fully Verified in V2: independently confirmed by NHTSA vPIC product data.,2,2
Lincoln,Town Car,1980-2011,1980,2011,Discontinued,Passenger Car,United States,Yes,Original Source,Fully Verified,EPA FuelEconomy.gov Vehicle Fuel Economy Dataset,https://www.fueleconomy.gov/feg/epadata/vehicles.csv,NHTSA Product Information Catalog (vehicle products API),https://api.nhtsa.gov/products/vehicle/models?modelYear=1980&make=LINCOLN&issueType=r,2026-07-15,,2,2
Lincoln,Zephyr,2003; 2006-2008; 2011,2003,2011,Discontinued,Passenger Car,United States,Yes,Original Source,Fully Verified,EPA FuelEconomy.gov Vehicle Fuel Economy Dataset,https://www.fueleconomy.gov/feg/epadata/vehicles.csv,NHTSA Product Information Catalog (vehicle products API),https://api.nhtsa.gov/products/vehicle/models?modelYear=2003&make=LINCOLN&issueType=r,2026-07-15,"Non-contiguous confirmed model years reflect the verified records; gaps are preserved, not bridged.",2,2
Lotus,98 Esprit V8,1998,1998,1998,Discontinued,Passenger Car,United States,No,Added - Missing Make and Model,Government Verified,EPA FuelEconomy.gov Vehicle Fuel Economy Dataset,https://www.fueleconomy.gov/feg/epadata/vehicles.csv,,,2026-07-15,,1,1
Lotus,Elan,1991-1993,1991,1993,Discontinued,Passenger Car,United States,No,Added - Missing Make and Model,Fully Verified,EPA FuelEconomy.gov Vehicle Fuel Economy Dataset,https://www.fueleconomy.gov/feg/epadata/vehicles.csv,NHTSA Product Information Catalog (vehicle products API),https://api.nhtsa.gov/products/vehicle/models?modelYear=1991&make=LOTUS&issueType=r,2026-07-15,,2,2
Lotus,Elise,2005-2011,2005,2011,Discontinued,Passenger Car,United States,No,Added - Missing Make and Model,Fully Verified,EPA FuelEconomy.gov Vehicle Fuel Economy Dataset,https://www.fueleconomy.gov/feg/epadata/vehicles.csv,NHTSA Product Information Catalog (vehicle products API),https://api.nhtsa.gov/products/vehicle/models?modelYear=2005&make=LOTUS&issueType=r,2026-07-15,,2,2
Lotus,Emira,2024-2027,2024,2027,Active,Passenger Car,United States,No,Added - Missing Make and Model,Fully Verified,EPA FuelEconomy.gov Vehicle Fuel Economy Dataset,https://www.fueleconomy.gov/feg/epadata/vehicles.csv,NHTSA vPIC (VIN product data),https://vpic.nhtsa.dot.gov/api/vehicles/GetModelsForMake/Lotus?format=json,2026-07-15,MY2027 record officially published in government data by the 2026-07-15 research cutoff. Upgraded to Fully Verified in V2: independently confirmed by NHTSA vPIC product data.,2,2
Lotus,Esprit,1983-1985; 1988-1995; 1998,1983,1998,Discontinued,Passenger Car,United States,No,Added - Missing Make and Model,Fully Verified,EPA FuelEconomy.gov Vehicle Fuel Economy Dataset,https://www.fueleconomy.gov/feg/epadata/vehicles.csv,NHTSA Product Information Catalog (vehicle products API),https://api.nhtsa.gov/products/vehicle/models?modelYear=1984&make=LOTUS&issueType=r,2026-07-15,"Non-contiguous confirmed model years reflect the verified records; gaps are preserved, not bridged. Model year(s) [1983] added in V3 from the official EPA 1980-1983 historical dataset.",2,3
Lotus,Esprit HC PI,1987,1987,1987,Discontinued,Passenger Car,United States,No,Added - Missing Make and Model,Government Verified,EPA FuelEconomy.gov Vehicle Fuel Economy Dataset,https://www.fueleconomy.gov/feg/epadata/vehicles.csv,,,2026-07-15,,1,1
Lotus,Esprit V8,1997; 1999-2004,1997,2004,Discontinued,Passenger Car,United States,No,Added - Missing Make and Model,Government Verified,EPA FuelEconomy.gov Vehicle Fuel Economy Dataset,https://www.fueleconomy.gov/feg/epadata/vehicles.csv,,,2026-07-15,"Non-contiguous confirmed model years reflect the verified records; gaps are preserved, not bridged.",1,1
Lotus,Evora,2010-2014; 2017-2018; 2020-2021,2010,2021,Discontinued,Passenger Car,United States,No,Added - Missing Make and Model,Fully Verified,EPA FuelEconomy.gov Vehicle Fuel Economy Dataset,https://www.fueleconomy.gov/feg/epadata/vehicles.csv,NHTSA Product Information Catalog (vehicle products API),https://api.nhtsa.gov/products/vehicle/models?modelYear=2010&make=LOTUS&issueType=r,2026-07-15,"Non-contiguous confirmed model years reflect the verified records; gaps are preserved, not bridged.",2,2
Lotus,Exige,2005-2011,2005,2011,Discontinued,Passenger Car,United States,No,Added - Missing Make and Model,Fully Verified,EPA FuelEconomy.gov Vehicle Fuel Economy Dataset,https://www.fueleconomy.gov/feg/epadata/vehicles.csv,NHTSA Product Information Catalog (vehicle products API),https://api.nhtsa.gov/products/vehicle/models?modelYear=2005&make=LOTUS&issueType=r,2026-07-15,,2,2
Lucid,Air,2022-2026,2022,2026,Active,Passenger Car,United States,No,Added - Missing Make and Model,Fully Verified,EPA FuelEconomy.gov Vehicle Fuel Economy Dataset,https://www.fueleconomy.gov/feg/epadata/vehicles.csv,NHTSA Product Information Catalog (vehicle products API),https://api.nhtsa.gov/products/vehicle/models?modelYear=2022&make=LUCID&issueType=r,2026-07-15,,2,2
Lucid,Gravity,2025-2026,2025,2026,Active,SUV/Crossover,United States,No,Added - Missing Make and Model,Fully Verified,EPA FuelEconomy.gov Vehicle Fuel Economy Dataset,https://www.fueleconomy.gov/feg/epadata/vehicles.csv,NHTSA Product Information Catalog (vehicle products API),https://api.nhtsa.gov/products/vehicle/models?modelYear=2025&make=LUCID&issueType=r,2026-07-15,,2,2
Maserati,222E,1989-1990,1989,1990,Discontinued,Passenger Car,United States,No,Added - Missing Make and Model,Government Verified,EPA FuelEconomy.gov Vehicle Fuel Economy Dataset,https://www.fueleconomy.gov/feg/epadata/vehicles.csv,,,2026-07-15,,1,1
Maserati,225,1989,1989,1989,Discontinued,Passenger Car,United States,No,Added - Missing Make and Model,Government Verified,EPA FuelEconomy.gov Vehicle Fuel Economy Dataset,https://www.fueleconomy.gov/feg/epadata/vehicles.csv,,,2026-07-15,,1,1
Maserati,228,1989-1990,1989,1990,Discontinued,Passenger Car,United States,No,Added - Missing Make and Model,Fully Verified,EPA FuelEconomy.gov Vehicle Fuel Economy Dataset,https://www.fueleconomy.gov/feg/epadata/vehicles.csv,NHTSA vPIC (VIN product data),https://vpic.nhtsa.dot.gov/api/vehicles/GetModelsForMake/Maserati?format=json,2026-07-15,Upgraded to Fully Verified in V2: independently confirmed by NHTSA vPIC product data.,2,2
Maserati,430,1989-1991,1989,1991,Discontinued,Passenger Car,United States,No,Added - Missing Make and Model,Fully Verified,EPA FuelEconomy.gov Vehicle Fuel Economy Dataset,https://www.fueleconomy.gov/feg/epadata/vehicles.csv,NHTSA vPIC (VIN product data),https://vpic.nhtsa.dot.gov/api/vehicles/GetModelsForMake/Maserati?format=json,2026-07-15,Upgraded to Fully Verified in V2: independently confirmed by NHTSA vPIC product data.,2,2
Maserati,90 ANV,2005,2005,2005,Discontinued,Passenger Car,United States,No,Added - Missing Make and Model,Government Verified,EPA FuelEconomy.gov Vehicle Fuel Economy Dataset,https://www.fueleconomy.gov/feg/epadata/vehicles.csv,,,2026-07-15,,1,1
Maserati,Biturbo,1984-1987,1984,1987,Discontinued,Passenger Car,United States,No,Added - Missing Make and Model,Fully Verified,EPA FuelEconomy.gov Vehicle Fuel Economy Dataset,https://www.fueleconomy.gov/feg/epadata/vehicles.csv,NHTSA vPIC (VIN product data),https://vpic.nhtsa.dot.gov/api/vehicles/GetModelsForMake/Maserati?format=json,2026-07-15,Upgraded to Fully Verified in V2: independently confirmed by NHTSA vPIC product data.,2,2
Maserati,Biturbo 425,1986-1987,1986,1987,Discontinued,Passenger Car,United States,No,Added - Missing Make and Model,Government Verified,EPA FuelEconomy.gov Vehicle Fuel Economy Dataset,https://www.fueleconomy.gov/feg/epadata/vehicles.csv,,,2026-07-15,,1,1
Maserati,Coupe,2002-2004,2002,2004,Discontinued,Passenger Car,United States,No,Added - Missing Make and Model,Fully Verified,EPA FuelEconomy.gov Vehicle Fuel Economy Dataset,https://www.fueleconomy.gov/feg/epadata/vehicles.csv,NHTSA vPIC (VIN product data),https://vpic.nhtsa.dot.gov/api/vehicles/GetModelsForMake/Maserati?format=json,2026-07-15,Upgraded to Fully Verified in V2: independently confirmed by NHTSA vPIC product data.,2,2
Maserati,Coupe & Gransport,2005,2005,2005,Discontinued,Passenger Car,United States,No,Added - Missing Make and Model,Government Verified,EPA FuelEconomy.gov Vehicle Fuel Economy Dataset,https://www.fueleconomy.gov/feg/epadata/vehicles.csv,,,2026-07-15,,1,1
Maserati,Coupe Cambiocorsa,2002-2004; 2006,2002,2006,Discontinued,Passenger Car,United States,No,Added - Missing Make and Model,Government Verified,EPA FuelEconomy.gov Vehicle Fuel Economy Dataset,https://www.fueleconomy.gov/feg/epadata/vehicles.csv,,,2026-07-15,"Non-contiguous confirmed model years reflect the verified records; gaps are preserved, not bridged.",1,1
Maserati,G-Sport,2006,2006,2006,Discontinued,Passenger Car,United States,No,Added - Missing Make and Model,Government Verified,EPA FuelEconomy.gov Vehicle Fuel Economy Dataset,https://www.fueleconomy.gov/feg/epadata/vehicles.csv,,,2026-07-15,,1,1
Maserati,GT,2005-2006,2005,2006,Discontinued,Passenger Car,United States,No,Added - Missing Make and Model,Government Verified,EPA FuelEconomy.gov Vehicle Fuel Economy Dataset,https://www.fueleconomy.gov/feg/epadata/vehicles.csv,,,2026-07-15,,1,1
Maserati,GT2 Stradale,2025-2026,2025,2026,Active,Passenger Car,United States,No,Added - Missing Make and Model,Government Verified,EPA FuelEconomy.gov Vehicle Fuel Economy Dataset,https://www.fueleconomy.gov/feg/epadata/vehicles.csv,,,2026-07-15,,1,1
Maserati,Ghibli,2014-2024,2014,2024,Discontinued,Passenger Car,United States,No,Added - Missing Make and Model,Fully Verified,EPA FuelEconomy.gov Vehicle Fuel Economy Dataset,https://www.fueleconomy.gov/feg/epadata/vehicles.csv,NHTSA vPIC (VIN product data),https://vpic.nhtsa.dot.gov/api/vehicles/GetModelsForMake/Maserati?format=json,2026-07-15,Upgraded to Fully Verified in V2: independently confirmed by NHTSA vPIC product data.,2,2
Maserati,Ghibli Modena,2022-2024,2022,2024,Discontinued,Passenger Car,United States,No,Added - Missing Make and Model,Government Verified,EPA FuelEconomy.gov Vehicle Fuel Economy Dataset,https://www.fueleconomy.gov/feg/epadata/vehicles.csv,,,2026-07-15,,1,1
Maserati,Ghibli S,2016-2021,2016,2021,Discontinued,Passenger Car,United States,No,Added - Missing Make and Model,Government Verified,EPA FuelEconomy.gov Vehicle Fuel Economy Dataset,https://www.fueleconomy.gov/feg/epadata/vehicles.csv,,,2026-07-15,,1,1
Maserati,Ghibli SQ4,2020-2021,2020,2021,Discontinued,Passenger Car,United States,No,Added - Missing Make and Model,Government Verified,EPA FuelEconomy.gov Vehicle Fuel Economy Dataset,https://www.fueleconomy.gov/feg/epadata/vehicles.csv,,,2026-07-15,,1,1
Maserati,Ghibli Trofeo,2021-2024,2021,2024,Discontinued,Passenger Car,United States,No,Added - Missing Make and Model,Government Verified,EPA FuelEconomy.gov Vehicle Fuel Economy Dataset,https://www.fueleconomy.gov/feg/epadata/vehicles.csv,,,2026-07-15,,1,1
Maserati,Ghibli V6,2014-2019,2014,2019,Discontinued,Passenger Car,United States,No,Added - Missing Make and Model,Government Verified,EPA FuelEconomy.gov Vehicle Fuel Economy Dataset,https://www.fueleconomy.gov/feg/epadata/vehicles.csv,,,2026-07-15,,1,1
Maserati,Ghibli V6 SQ4,2015-2019,2015,2019,Discontinued,Passenger Car,United States,No,Added - Missing Make and Model,Government Verified,EPA FuelEconomy.gov Vehicle Fuel Economy Dataset,https://www.fueleconomy.gov/feg/epadata/vehicles.csv,,,2026-07-15,,1,1
Maserati,GranCabrio,2025-2026,2025,2026,Active,Passenger Car,United States,No,Added - Missing Make and Model,Fully Verified,EPA FuelEconomy.gov Vehicle Fuel Economy Dataset,https://www.fueleconomy.gov/feg/epadata/vehicles.csv,NHTSA vPIC (VIN product data),https://vpic.nhtsa.dot.gov/api/vehicles/GetModelsForMake/Maserati?format=json,2026-07-15,Upgraded to Fully Verified in V2: independently confirmed by NHTSA vPIC product data.,2,2
Maserati,GranCabrio Folgore,2024-2026,2024,2026,Active,Passenger Car,United States,No,Added - Missing Make and Model,Government Verified,EPA FuelEconomy.gov Vehicle Fuel Economy Dataset,https://www.fueleconomy.gov/feg/epadata/vehicles.csv,,,2026-07-15,,1,1
Maserati,GranCabrio Modena,2025,2025,2025,Active,Passenger Car,United States,No,Added - Missing Make and Model,Government Verified,EPA FuelEconomy.gov Vehicle Fuel Economy Dataset,https://www.fueleconomy.gov/feg/epadata/vehicles.csv,,,2026-07-15,,1,1
Maserati,GranCabrio Trofeo,2024-2026,2024,2026,Active,Passenger Car,United States,No,Added - Missing Make and Model,Government Verified,EPA FuelEconomy.gov Vehicle Fuel Economy Dataset,https://www.fueleconomy.gov/feg/epadata/vehicles.csv,,,2026-07-15,,1,1
Maserati,GranTurismo,2008-2019; 2025-2026,2008,2026,Active,Passenger Car,United States,No,Added - Missing Make and Model,Fully Verified,EPA FuelEconomy.gov Vehicle Fuel Economy Dataset,https://www.fueleconomy.gov/feg/epadata/vehicles.csv,NHTSA Product Information Catalog (vehicle products API),https://api.nhtsa.gov/products/vehicle/models?modelYear=2008&make=MASERATI&issueType=r,2026-07-15,"Non-contiguous confirmed model years reflect the verified records; gaps are preserved, not bridged.",2,2
Maserati,GranTurismo Folgore,2024-2025,2024,2025,Active,Passenger Car,United States,No,Added - Missing Make and Model,Government Verified,EPA FuelEconomy.gov Vehicle Fuel Economy Dataset,https://www.fueleconomy.gov/feg/epadata/vehicles.csv,,,2026-07-15,,1,1
Maserati,GranTurismo Modena,2024-2025,2024,2025,Active,Passenger Car,United States,No,Added - Missing Make and Model,Government Verified,EPA FuelEconomy.gov Vehicle Fuel Economy Dataset,https://www.fueleconomy.gov/feg/epadata/vehicles.csv,,,2026-07-15,,1,1
Maserati,GranTurismo Trofeo,2024-2026,2024,2026,Active,Passenger Car,United States,No,Added - Missing Make and Model,Government Verified,EPA FuelEconomy.gov Vehicle Fuel Economy Dataset,https://www.fueleconomy.gov/feg/epadata/vehicles.csv,,,2026-07-15,,1,1
Maserati,Grecale,2023-2025,2023,2025,Active,SUV/Crossover,United States,No,Added - Missing Make and Model,Fully Verified,EPA FuelEconomy.gov Vehicle Fuel Economy Dataset,https://www.fueleconomy.gov/feg/epadata/vehicles.csv,NHTSA Product Information Catalog (vehicle products API),https://api.nhtsa.gov/products/vehicle/models?modelYear=2023&make=MASERATI&issueType=r,2026-07-15,,2,2
Maserati,Grecale Folgore,2025-2026,2025,2026,Active,SUV/Crossover,United States,No,Added - Missing Make and Model,Government Verified,EPA FuelEconomy.gov Vehicle Fuel Economy Dataset,https://www.fueleconomy.gov/feg/epadata/vehicles.csv,,,2026-07-15,,1,1
Maserati,Grecale Modena,2023-2025,2023,2025,Active,SUV/Crossover,United States,No,Added - Missing Make and Model,Government Verified,EPA FuelEconomy.gov Vehicle Fuel Economy Dataset,https://www.fueleconomy.gov/feg/epadata/vehicles.csv,,,2026-07-15,,1,1
Maserati,Grecale Modena V6,2026,2026,2026,Active,SUV/Crossover,United States,No,Added - Missing Make and Model,Government Verified,EPA FuelEconomy.gov Vehicle Fuel Economy Dataset,https://www.fueleconomy.gov/feg/epadata/vehicles.csv,,,2026-07-15,,1,1
Maserati,Grecale Trofeo,2023-2026,2023,2026,Active,SUV/Crossover,United States,No,Added - Missing Make and Model,Government Verified,EPA FuelEconomy.gov Vehicle Fuel Economy Dataset,https://www.fueleconomy.gov/feg/epadata/vehicles.csv,,,2026-07-15,,1,1
Maserati,Karif,1989-1990,1989,1990,Discontinued,Passenger Car,United States,No,Added - Missing Make and Model,Government Verified,EPA FuelEconomy.gov Vehicle Fuel Economy Dataset,https://www.fueleconomy.gov/feg/epadata/vehicles.csv,,,2026-07-15,,1,1
Maserati,Levante,2017-2024,2017,2024,Discontinued,SUV/Crossover,United States,No,Added - Missing Make and Model,Fully Verified,EPA FuelEconomy.gov Vehicle Fuel Economy Dataset,https://www.fueleconomy.gov/feg/epadata/vehicles.csv,NHTSA Product Information Catalog (vehicle products API),https://api.nhtsa.gov/products/vehicle/models?modelYear=2017&make=MASERATI&issueType=r,2026-07-15,,2,2
Maserati,Levante GTS,2019-2021,2019,2021,Discontinued,SUV/Crossover,United States,No,Added - Missing Make and Model,Government Verified,EPA FuelEconomy.gov Vehicle Fuel Economy Dataset,https://www.fueleconomy.gov/feg/epadata/vehicles.csv,,,2026-07-15,,1,1
Maserati,Levante Modena,2022-2024,2022,2024,Discontinued,SUV/Crossover,United States,No,Added - Missing Make and Model,Government Verified,EPA FuelEconomy.gov Vehicle Fuel Economy Dataset,https://www.fueleconomy.gov/feg/epadata/vehicles.csv,,,2026-07-15,,1,1
Maserati,Levante Modena V8,2022-2024,2022,2024,Discontinued,SUV/Crossover,United States,No,Added - Missing Make and Model,Government Verified,EPA FuelEconomy.gov Vehicle Fuel Economy Dataset,https://www.fueleconomy.gov/feg/epadata/vehicles.csv,,,2026-07-15,,1,1
Maserati,Levante S,2017-2021,2017,2021,Discontinued,SUV/Crossover,United States,No,Added - Missing Make and Model,Fully Verified,EPA FuelEconomy.gov Vehicle Fuel Economy Dataset,https://www.fueleconomy.gov/feg/epadata/vehicles.csv,NHTSA Product Information Catalog (vehicle products API),https://api.nhtsa.gov/products/vehicle/models?modelYear=2017&make=MASERATI&issueType=r,2026-07-15,,2,2
Maserati,Levante Trofeo,2019-2024,2019,2024,Discontinued,SUV/Crossover,United States,No,Added - Missing Make and Model,Government Verified,EPA FuelEconomy.gov Vehicle Fuel Economy Dataset,https://www.fueleconomy.gov/feg/epadata/vehicles.csv,,,2026-07-15,,1,1
Maserati,MC20,2022-2025,2022,2025,Active,Passenger Car,United States,No,Added - Missing Make and Model,Fully Verified,EPA FuelEconomy.gov Vehicle Fuel Economy Dataset,https://www.fueleconomy.gov/feg/epadata/vehicles.csv,NHTSA vPIC (VIN product data),https://vpic.nhtsa.dot.gov/api/vehicles/GetModelsForMake/Maserati?format=json,2026-07-15,Upgraded to Fully Verified in V2: independently confirmed by NHTSA vPIC product data.,2,2
Maserati,Mcpura,2026,2026,2026,Active,Passenger Car,United States,No,Added - Missing Make and Model,Fully Verified,EPA FuelEconomy.gov Vehicle Fuel Economy Dataset,https://www.fueleconomy.gov/feg/epadata/vehicles.csv,NHTSA vPIC (VIN product data),https://vpic.nhtsa.dot.gov/api/vehicles/GetModelsForMake/Maserati?format=json,2026-07-15,Upgraded to Fully Verified in V2: independently confirmed by NHTSA vPIC product data.,2,2
Maserati,QP Sport,2007,2007,2007,Discontinued,Passenger Car,United States,No,Added - Missing Make and Model,Government Verified,EPA FuelEconomy.gov Vehicle Fuel Economy Dataset,https://www.fueleconomy.gov/feg/epadata/vehicles.csv,,,2026-07-15,,1,1
Maserati,Quattroporte,1980-1986; 2005-2015; 2017-2018; 2021-2024,1980,2024,Discontinued,Passenger Car,United States,No,Added - Missing Make and Model,Fully Verified,EPA FuelEconomy.gov Vehicle Fuel Economy Dataset,https://www.fueleconomy.gov/feg/epadata/vehicles.csv,NHTSA Product Information Catalog (vehicle products API),https://api.nhtsa.gov/products/vehicle/models?modelYear=1984&make=MASERATI&issueType=r,2026-07-15,"Non-contiguous confirmed model years reflect the verified records; gaps are preserved, not bridged. Model year(s) [1980, 1981, 1982, 1983] added in V3 from the official EPA 1980-1983 historical dataset.",2,3
Maserati,Quattroporte GTS,2014-2017; 2020,2014,2020,Discontinued,Passenger Car,United States,No,Added - Missing Make and Model,Fully Verified,EPA FuelEconomy.gov Vehicle Fuel Economy Dataset,https://www.fueleconomy.gov/feg/epadata/vehicles.csv,NHTSA Product Information Catalog (vehicle products API),https://api.nhtsa.gov/products/vehicle/models?modelYear=2014&make=MASERATI&issueType=r,2026-07-15,"Non-contiguous confirmed model years reflect the verified records; gaps are preserved, not bridged.",2,2
Maserati,Quattroporte Modena,2022-2024,2022,2024,Discontinued,Passenger Car,United States,No,Added - Missing Make and Model,Government Verified,EPA FuelEconomy.gov Vehicle Fuel Economy Dataset,https://www.fueleconomy.gov/feg/epadata/vehicles.csv,,,2026-07-15,,1,1
Maserati,Quattroporte S,2016-2021,2016,2021,Discontinued,Passenger Car,United States,No,Added - Missing Make and Model,Government Verified,EPA FuelEconomy.gov Vehicle Fuel Economy Dataset,https://www.fueleconomy.gov/feg/epadata/vehicles.csv,,,2026-07-15,,1,1
Maserati,Quattroporte SQ4,2020-2021,2020,2021,Discontinued,Passenger Car,United States,No,Added - Missing Make and Model,Government Verified,EPA FuelEconomy.gov Vehicle Fuel Economy Dataset,https://www.fueleconomy.gov/feg/epadata/vehicles.csv,,,2026-07-15,,1,1
Maserati,Quattroporte SQ4 V6,2014-2019,2014,2019,Discontinued,Passenger Car,United States,No,Added - Missing Make and Model,Government Verified,EPA FuelEconomy.gov Vehicle Fuel Economy Dataset,https://www.fueleconomy.gov/feg/epadata/vehicles.csv,,,2026-07-15,,1,1
Maserati,Quattroporte Trofeo,2021-2024,2021,2024,Discontinued,Passenger Car,United States,No,Added - Missing Make and Model,Government Verified,EPA FuelEconomy.gov Vehicle Fuel Economy Dataset,https://www.fueleconomy.gov/feg/epadata/vehicles.csv,,,2026-07-15,,1,1
Maserati,Quattroporte V8,2018-2019,2018,2019,Discontinued,Passenger Car,United States,No,Added - Missing Make and Model,Government Verified,EPA FuelEconomy.gov Vehicle Fuel Economy Dataset,https://www.fueleconomy.gov/feg/epadata/vehicles.csv,,,2026-07-15,,1,1
Maserati,Spider,2002-2004,2002,2004,Discontinued,Passenger Car,United States,No,Added - Missing Make and Model,Government Verified,EPA FuelEconomy.gov Vehicle Fuel Economy Dataset,https://www.fueleconomy.gov/feg/epadata/vehicles.csv,,,2026-07-15,,1,1
Maserati,Spider Cambiocorsa,2002-2004,2002,2004,Discontinued,Passenger Car,United States,No,Added - Missing Make and Model,Government Verified,EPA FuelEconomy.gov Vehicle Fuel Economy Dataset,https://www.fueleconomy.gov/feg/epadata/vehicles.csv,,,2026-07-15,,1,1
Maserati,Spyder,1989-1991,1989,1991,Discontinued,Passenger Car,United States,No,Added - Missing Make and Model,Fully Verified,EPA FuelEconomy.gov Vehicle Fuel Economy Dataset,https://www.fueleconomy.gov/feg/epadata/vehicles.csv,NHTSA vPIC (VIN product data),https://vpic.nhtsa.dot.gov/api/vehicles/GetModelsForMake/Maserati?format=json,2026-07-15,Upgraded to Fully Verified in V2: independently confirmed by NHTSA vPIC product data.,2,2
Maserati,Spyder Cambiocorsa,2005,2005,2005,Discontinued,Passenger Car,United States,No,Added - Missing Make and Model,Government Verified,EPA FuelEconomy.gov Vehicle Fuel Economy Dataset,https://www.fueleconomy.gov/feg/epadata/vehicles.csv,,,2026-07-15,,1,1
Maybach,57,2004-2012,2004,2012,Discontinued,Passenger Car,United States,No,Added - Missing Make and Model,Fully Verified,EPA FuelEconomy.gov Vehicle Fuel Economy Dataset,https://www.fueleconomy.gov/feg/epadata/vehicles.csv,NHTSA vPIC (VIN product data),https://vpic.nhtsa.dot.gov/api/vehicles/GetModelsForMake/Maybach?format=json,2026-07-15,Upgraded to Fully Verified in V2: independently confirmed by NHTSA vPIC product data.,2,2
Maybach,57S,2006-2012,2006,2012,Discontinued,Passenger Car,United States,No,Added - Missing Make and Model,Government Verified,EPA FuelEconomy.gov Vehicle Fuel Economy Dataset,https://www.fueleconomy.gov/feg/epadata/vehicles.csv,,,2026-07-15,,1,1
Maybach,62,2004-2009; 2011-2012,2004,2012,Discontinued,Passenger Car,United States,No,Added - Missing Make and Model,Fully Verified,EPA FuelEconomy.gov Vehicle Fuel Economy Dataset,https://www.fueleconomy.gov/feg/epadata/vehicles.csv,NHTSA vPIC (VIN product data),https://vpic.nhtsa.dot.gov/api/vehicles/GetModelsForMake/Maybach?format=json,2026-07-15,"Non-contiguous confirmed model years reflect the verified records; gaps are preserved, not bridged. Upgraded to Fully Verified in V2: independently confirmed by NHTSA vPIC product data.",2,2
Maybach,62S,2007-2009; 2011-2012,2007,2012,Discontinued,Passenger Car,United States,No,Added - Missing Make and Model,Government Verified,EPA FuelEconomy.gov Vehicle Fuel Economy Dataset,https://www.fueleconomy.gov/feg/epadata/vehicles.csv,,,2026-07-15,"Non-contiguous confirmed model years reflect the verified records; gaps are preserved, not bridged.",1,1
Maybach,Landaulet,2012,2012,2012,Discontinued,Passenger Car,United States,No,Added - Missing Make and Model,Government Verified,EPA FuelEconomy.gov Vehicle Fuel Economy Dataset,https://www.fueleconomy.gov/feg/epadata/vehicles.csv,,,2026-07-15,,1,1
Mazda,2500,2000,2000,2000,Discontinued,Pickup Truck,United States,No,Added - Missing Model,Government Verified,EPA FuelEconomy.gov Vehicle Fuel Economy Dataset,https://www.fueleconomy.gov/feg/epadata/vehicles.csv,,,2026-07-15,,1,1
Mazda,323,1986-1995,1986,1995,Discontinued,Passenger Car,United States,No,Added - Missing Model,Fully Verified,EPA FuelEconomy.gov Vehicle Fuel Economy Dataset,https://www.fueleconomy.gov/feg/epadata/vehicles.csv,NHTSA Product Information Catalog (vehicle products API),https://api.nhtsa.gov/products/vehicle/models?modelYear=1986&make=MAZDA&issueType=r,2026-07-15,,2,2
Mazda,323 Protege,1990-1991,1990,1991,Discontinued,Passenger Car,United States,No,Added - Missing Model,Government Verified,EPA FuelEconomy.gov Vehicle Fuel Economy Dataset,https://www.fueleconomy.gov/feg/epadata/vehicles.csv,,,2026-07-15,,1,1
Mazda,626,1980-2003,1980,2003,Discontinued,Passenger Car,United States,No,Added - Missing Model,Fully Verified,EPA FuelEconomy.gov Vehicle Fuel Economy Dataset,https://www.fueleconomy.gov/feg/epadata/vehicles.csv,NHTSA Product Information Catalog (vehicle products API),https://api.nhtsa.gov/products/vehicle/models?modelYear=1983&make=MAZDA&issueType=r,2026-07-15,"Model year(s) [1980, 1981, 1982] added in V3 from the official EPA 1980-1983 historical dataset.",2,3
Mazda,929,1988-1995,1988,1995,Discontinued,Passenger Car,United States,No,Added - Missing Model,Fully Verified,EPA FuelEconomy.gov Vehicle Fuel Economy Dataset,https://www.fueleconomy.gov/feg/epadata/vehicles.csv,NHTSA Product Information Catalog (vehicle products API),https://api.nhtsa.gov/products/vehicle/models?modelYear=1988&make=MAZDA&issueType=r,2026-07-15,,2,2
Mazda,B-Series,1980-1984; 1986-2009,1980,2009,Discontinued,Pickup Truck,United States,No,Added - Missing Model,Fully Verified,EPA FuelEconomy.gov Vehicle Fuel Economy Dataset,https://www.fueleconomy.gov/feg/epadata/vehicles.csv,NHTSA Product Information Catalog (vehicle products API),https://api.nhtsa.gov/products/vehicle/models?modelYear=1980&make=MAZDA&issueType=r,2026-07-15,"Non-contiguous confirmed model years reflect the verified records; gaps are preserved, not bridged. Model year(s) [1981, 1982, 1983] added in V3 from the official EPA 1980-1983 historical dataset.",2,3
Mazda,B2600I,1989-1993,1989,1993,Discontinued,Pickup Truck,United States,No,Added - Missing Model,Government Verified,EPA FuelEconomy.gov Vehicle Fuel Economy Dataset,https://www.fueleconomy.gov/feg/epadata/vehicles.csv,,,2026-07-15,,1,1
Mazda,CX-3,2014; 2016-2021,2014,2021,Discontinued,Passenger Car,United States,No,Added - Missing Model,Fully Verified,EPA FuelEconomy.gov Vehicle Fuel Economy Dataset,https://www.fueleconomy.gov/feg/epadata/vehicles.csv,NHTSA Product Information Catalog (vehicle products API),https://api.nhtsa.gov/products/vehicle/models?modelYear=2014&make=MAZDA&issueType=r,2026-07-15,"Non-contiguous confirmed model years reflect the verified records; gaps are preserved, not bridged.",2,2
Mazda,CX-30,2020-2026,2020,2026,Active,SUV/Crossover,United States,No,Added - Missing Model,Fully Verified,EPA FuelEconomy.gov Vehicle Fuel Economy Dataset,https://www.fueleconomy.gov/feg/epadata/vehicles.csv,NHTSA Product Information Catalog (vehicle products API),https://api.nhtsa.gov/products/vehicle/models?modelYear=2020&make=MAZDA&issueType=r,2026-07-15,,2,2
Mazda,CX-5,2012-2026,2012,2026,Active,SUV/Crossover,United States,Yes,Original Source,Fully Verified,EPA FuelEconomy.gov Vehicle Fuel Economy Dataset,https://www.fueleconomy.gov/feg/epadata/vehicles.csv,NHTSA Product Information Catalog (vehicle products API),https://api.nhtsa.gov/products/vehicle/models?modelYear=2012&make=MAZDA&issueType=r,2026-07-15,,2,2
Mazda,CX-50,2023-2026,2023,2026,Active,SUV/Crossover,United States,No,Added - Missing Model,Fully Verified,EPA FuelEconomy.gov Vehicle Fuel Economy Dataset,https://www.fueleconomy.gov/feg/epadata/vehicles.csv,NHTSA Product Information Catalog (vehicle products API),https://api.nhtsa.gov/products/vehicle/models?modelYear=2023&make=MAZDA&issueType=r,2026-07-15,,2,2
Mazda,CX-7,2007-2013,2007,2013,Discontinued,SUV/Crossover,United States,No,Added - Missing Model,Fully Verified,EPA FuelEconomy.gov Vehicle Fuel Economy Dataset,https://www.fueleconomy.gov/feg/epadata/vehicles.csv,NHTSA Product Information Catalog (vehicle products API),https://api.nhtsa.gov/products/vehicle/models?modelYear=2007&make=MAZDA&issueType=r,2026-07-15,,2,2
Mazda,CX-70,2025,2025,2025,Active,SUV/Crossover,United States,No,Added - Missing Model,Fully Verified,EPA FuelEconomy.gov Vehicle Fuel Economy Dataset,https://www.fueleconomy.gov/feg/epadata/vehicles.csv,NHTSA Product Information Catalog (vehicle products API),https://api.nhtsa.gov/products/vehicle/models?modelYear=2025&make=MAZDA&issueType=r,2026-07-15,,2,2
Mazda,CX-70 Boost High Power,2026,2026,2026,Active,SUV/Crossover,United States,No,Added - Missing Model,Government Verified,EPA FuelEconomy.gov Vehicle Fuel Economy Dataset,https://www.fueleconomy.gov/feg/epadata/vehicles.csv,,,2026-07-15,,1,1
Mazda,CX-70 Boost LOW Power,2026,2026,2026,Active,SUV/Crossover,United States,No,Added - Missing Model,Government Verified,EPA FuelEconomy.gov Vehicle Fuel Economy Dataset,https://www.fueleconomy.gov/feg/epadata/vehicles.csv,,,2026-07-15,,1,1
Mazda,CX-70 SC,2026,2026,2026,Active,SUV/Crossover,United States,No,Added - Missing Model,Government Verified,EPA FuelEconomy.gov Vehicle Fuel Economy Dataset,https://www.fueleconomy.gov/feg/epadata/vehicles.csv,,,2026-07-15,,1,1
Mazda,CX-9,2007-2023,2007,2023,Discontinued,SUV/Crossover,United States,Yes,Original Source,Fully Verified,EPA FuelEconomy.gov Vehicle Fuel Economy Dataset,https://www.fueleconomy.gov/feg/epadata/vehicles.csv,NHTSA Product Information Catalog (vehicle products API),https://api.nhtsa.gov/products/vehicle/models?modelYear=2007&make=MAZDA&issueType=r,2026-07-15,,2,2
Mazda,CX-90,2024-2026,2024,2026,Active,SUV/Crossover,United States,No,Added - Missing Model,Fully Verified,EPA FuelEconomy.gov Vehicle Fuel Economy Dataset,https://www.fueleconomy.gov/feg/epadata/vehicles.csv,NHTSA Product Information Catalog (vehicle products API),https://api.nhtsa.gov/products/vehicle/models?modelYear=2024&make=MAZDA&issueType=r,2026-07-15,,2,2
Mazda,GLC,1980-1986,1980,1986,Discontinued,Passenger Car,United States,No,Added - Missing Model,Fully Verified,EPA FuelEconomy.gov Vehicle Fuel Economy Dataset,https://www.fueleconomy.gov/feg/epadata/vehicles.csv,NHTSA Product Information Catalog (vehicle products API),https://api.nhtsa.gov/products/vehicle/models?modelYear=1982&make=MAZDA&issueType=r,2026-07-15,"Non-contiguous confirmed model years reflect the verified records; gaps are preserved, not bridged. Model year(s) [1980, 1981, 1983] added in V3 from the official EPA 1980-1983 historical dataset.",2,3
Mazda,MPV,1989-2006,1989,2006,Discontinued,Multiple Categories,United States,No,Added - Missing Model,Fully Verified,EPA FuelEconomy.gov Vehicle Fuel Economy Dataset,https://www.fueleconomy.gov/feg/epadata/vehicles.csv,NHTSA Product Information Catalog (vehicle products API),https://api.nhtsa.gov/products/vehicle/models?modelYear=1989&make=MAZDA&issueType=r,2026-07-15,,2,2
Mazda,MX-3,1992-1996,1992,1996,Discontinued,Passenger Car,United States,No,Added - Missing Model,Fully Verified,EPA FuelEconomy.gov Vehicle Fuel Economy Dataset,https://www.fueleconomy.gov/feg/epadata/vehicles.csv,NHTSA Product Information Catalog (vehicle products API),https://api.nhtsa.gov/products/vehicle/models?modelYear=1992&make=MAZDA&issueType=r,2026-07-15,,2,2
Mazda,MX-30,2022-2023,2022,2023,Discontinued,Passenger Car,United States,No,Added - Missing Model,Fully Verified,EPA FuelEconomy.gov Vehicle Fuel Economy Dataset,https://www.fueleconomy.gov/feg/epadata/vehicles.csv,NHTSA Product Information Catalog (vehicle products API),https://api.nhtsa.gov/products/vehicle/models?modelYear=2022&make=MAZDA&issueType=r,2026-07-15,,2,2
Mazda,MX-5 Miata,1990-2026,1990,2026,Active,Passenger Car,United States,No,Added - Missing Model,Fully Verified,EPA FuelEconomy.gov Vehicle Fuel Economy Dataset,https://www.fueleconomy.gov/feg/epadata/vehicles.csv,NHTSA Product Information Catalog (vehicle products API),https://api.nhtsa.gov/products/vehicle/models?modelYear=1990&make=MAZDA&issueType=r,2026-07-15,,2,2
Mazda,MX-6,1988-1997,1988,1997,Discontinued,Passenger Car,United States,No,Added - Missing Model,Fully Verified,EPA FuelEconomy.gov Vehicle Fuel Economy Dataset,https://www.fueleconomy.gov/feg/epadata/vehicles.csv,NHTSA Product Information Catalog (vehicle products API),https://api.nhtsa.gov/products/vehicle/models?modelYear=1988&make=MAZDA&issueType=r,2026-07-15,,2,2
Mazda,Mazda2,2011-2014; 2016-2021,2011,2021,Discontinued,Passenger Car,United States,No,Added - Missing Model,Fully Verified,EPA FuelEconomy.gov Vehicle Fuel Economy Dataset,https://www.fueleconomy.gov/feg/epadata/vehicles.csv,NHTSA Product Information Catalog (vehicle products API),https://api.nhtsa.gov/products/vehicle/models?modelYear=2011&make=MAZDA&issueType=r,2026-07-15,"Non-contiguous confirmed model years reflect the verified records; gaps are preserved, not bridged.",2,2
Mazda,Mazda3,2004-2026,2004,2026,Active,Passenger Car,United States,Yes,Existing Standardized Catalog,Fully Verified,EPA FuelEconomy.gov Vehicle Fuel Economy Dataset,https://www.fueleconomy.gov/feg/epadata/vehicles.csv,NHTSA Product Information Catalog (vehicle products API),https://api.nhtsa.gov/products/vehicle/models?modelYear=2004&make=MAZDA&issueType=r,2026-07-15,,2,2
Mazda,Mazda5,2006-2016,2006,2016,Discontinued,Multiple Categories,United States,No,Added - Missing Model,Fully Verified,EPA FuelEconomy.gov Vehicle Fuel Economy Dataset,https://www.fueleconomy.gov/feg/epadata/vehicles.csv,NHTSA Product Information Catalog (vehicle products API),https://api.nhtsa.gov/products/vehicle/models?modelYear=2006&make=MAZDA&issueType=r,2026-07-15,,2,2
Mazda,Mazda6,2002-2021,2002,2021,Discontinued,Passenger Car,United States,Yes,Existing Standardized Catalog,Fully Verified,EPA FuelEconomy.gov Vehicle Fuel Economy Dataset,https://www.fueleconomy.gov/feg/epadata/vehicles.csv,NHTSA Product Information Catalog (vehicle products API),https://api.nhtsa.gov/products/vehicle/models?modelYear=2002&make=MAZDA&issueType=r,2026-07-15,,2,2
Mazda,Millenia,1991; 1995-2003,1991,2003,Discontinued,Passenger Car,United States,No,Added - Missing Model,Fully Verified,EPA FuelEconomy.gov Vehicle Fuel Economy Dataset,https://www.fueleconomy.gov/feg/epadata/vehicles.csv,NHTSA Product Information Catalog (vehicle products API),https://api.nhtsa.gov/products/vehicle/models?modelYear=1991&make=MAZDA&issueType=r,2026-07-15,"Non-contiguous confirmed model years reflect the verified records; gaps are preserved, not bridged.",2,2
Mazda,Navajo,1990-1994,1990,1994,Discontinued,SUV/Crossover,United States,No,Added - Missing Model,Fully Verified,EPA FuelEconomy.gov Vehicle Fuel Economy Dataset,https://www.fueleconomy.gov/feg/epadata/vehicles.csv,NHTSA Product Information Catalog (vehicle products API),https://api.nhtsa.gov/products/vehicle/models?modelYear=1990&make=MAZDA&issueType=r,2026-07-15,,2,2
Mazda,Protege,1989-2003,1989,2003,Discontinued,Passenger Car,United States,No,Added - Missing Model,Fully Verified,EPA FuelEconomy.gov Vehicle Fuel Economy Dataset,https://www.fueleconomy.gov/feg/epadata/vehicles.csv,NHTSA Product Information Catalog (vehicle products API),https://api.nhtsa.gov/products/vehicle/models?modelYear=1989&make=MAZDA&issueType=r,2026-07-15,,2,2
Mazda,RX-7,1980-1995,1980,1995,Discontinued,Passenger Car,United States,No,Added - Missing Model,Fully Verified,EPA FuelEconomy.gov Vehicle Fuel Economy Dataset,https://www.fueleconomy.gov/feg/epadata/vehicles.csv,NHTSA Product Information Catalog (vehicle products API),https://api.nhtsa.gov/products/vehicle/models?modelYear=1982&make=MAZDA&issueType=r,2026-07-15,"Model year(s) [1980, 1981] added in V3 from the official EPA 1980-1983 historical dataset.",2,3
Mazda,RX-8,2004-2011,2004,2011,Discontinued,Passenger Car,United States,No,Added - Missing Model,Fully Verified,EPA FuelEconomy.gov Vehicle Fuel Economy Dataset,https://www.fueleconomy.gov/feg/epadata/vehicles.csv,NHTSA Product Information Catalog (vehicle products API),https://api.nhtsa.gov/products/vehicle/models?modelYear=2004&make=MAZDA&issueType=r,2026-07-15,,2,2
Mazda,Speed 3,2008-2013,2008,2013,Discontinued,Passenger Car,United States,No,Added - Missing Model,Government Verified,EPA FuelEconomy.gov Vehicle Fuel Economy Dataset,https://www.fueleconomy.gov/feg/epadata/vehicles.csv,,,2026-07-15,,1,1
Mazda,Tribute,2000-2011,2000,2011,Discontinued,SUV/Crossover,United States,Yes,Original Source,Fully Verified,EPA FuelEconomy.gov Vehicle Fuel Economy Dataset,https://www.fueleconomy.gov/feg/epadata/vehicles.csv,NHTSA Product Information Catalog (vehicle products API),https://api.nhtsa.gov/products/vehicle/models?modelYear=2000&make=MAZDA&issueType=r,2026-07-15,,2,2
McLaren,540C,2018,2018,2018,Discontinued,Passenger Car,United States,No,Added - Missing Make and Model,Fully Verified,EPA FuelEconomy.gov Vehicle Fuel Economy Dataset,https://www.fueleconomy.gov/feg/epadata/vehicles.csv,NHTSA vPIC (VIN product data),https://vpic.nhtsa.dot.gov/api/vehicles/GetModelsForMake/McLaren?format=json,2026-07-15,Upgraded to Fully Verified in V2: independently confirmed by NHTSA vPIC product data.,2,2
McLaren,570GT,2017-2019,2017,2019,Discontinued,Passenger Car,United States,No,Added - Missing Make and Model,Fully Verified,EPA FuelEconomy.gov Vehicle Fuel Economy Dataset,https://www.fueleconomy.gov/feg/epadata/vehicles.csv,NHTSA vPIC (VIN product data),https://vpic.nhtsa.dot.gov/api/vehicles/GetModelsForMake/McLaren?format=json,2026-07-15,Upgraded to Fully Verified in V2: independently confirmed by NHTSA vPIC product data.,2,2
McLaren,570S,2016-2020,2016,2020,Discontinued,Passenger Car,United States,No,Added - Missing Make and Model,Fully Verified,EPA FuelEconomy.gov Vehicle Fuel Economy Dataset,https://www.fueleconomy.gov/feg/epadata/vehicles.csv,NHTSA Product Information Catalog (vehicle products API),https://api.nhtsa.gov/products/vehicle/models?modelYear=2016&make=MCLAREN&issueType=r,2026-07-15,,2,2
McLaren,600LT,2019-2020,2019,2020,Discontinued,Passenger Car,United States,No,Added - Missing Make and Model,Fully Verified,EPA FuelEconomy.gov Vehicle Fuel Economy Dataset,https://www.fueleconomy.gov/feg/epadata/vehicles.csv,NHTSA Product Information Catalog (vehicle products API),https://api.nhtsa.gov/products/vehicle/models?modelYear=2019&make=MCLAREN&issueType=r,2026-07-15,,2,2
McLaren,620R,2020,2020,2020,Discontinued,Passenger Car,United States,No,Added - Missing Make and Model,Fully Verified,EPA FuelEconomy.gov Vehicle Fuel Economy Dataset,https://www.fueleconomy.gov/feg/epadata/vehicles.csv,NHTSA vPIC (VIN product data),https://vpic.nhtsa.dot.gov/api/vehicles/GetModelsForMake/McLaren?format=json,2026-07-15,Upgraded to Fully Verified in V2: independently confirmed by NHTSA vPIC product data.,2,2
McLaren,650S,2015-2016,2015,2016,Discontinued,Passenger Car,United States,No,Added - Missing Make and Model,Fully Verified,EPA FuelEconomy.gov Vehicle Fuel Economy Dataset,https://www.fueleconomy.gov/feg/epadata/vehicles.csv,NHTSA Product Information Catalog (vehicle products API),https://api.nhtsa.gov/products/vehicle/models?modelYear=2015&make=MCLAREN&issueType=r,2026-07-15,,2,2
McLaren,650S Can-Am,2016,2016,2016,Discontinued,Passenger Car,United States,No,Added - Missing Make and Model,Government Verified,EPA FuelEconomy.gov Vehicle Fuel Economy Dataset,https://www.fueleconomy.gov/feg/epadata/vehicles.csv,,,2026-07-15,,1,1
McLaren,675LT,2016,2016,2016,Discontinued,Passenger Car,United States,No,Added - Missing Make and Model,Fully Verified,EPA FuelEconomy.gov Vehicle Fuel Economy Dataset,https://www.fueleconomy.gov/feg/epadata/vehicles.csv,NHTSA vPIC (VIN product data),https://vpic.nhtsa.dot.gov/api/vehicles/GetModelsForMake/McLaren?format=json,2026-07-15,Upgraded to Fully Verified in V2: independently confirmed by NHTSA vPIC product data.,2,2
McLaren,720S,2018-2022,2018,2022,Discontinued,Passenger Car,United States,No,Added - Missing Make and Model,Fully Verified,EPA FuelEconomy.gov Vehicle Fuel Economy Dataset,https://www.fueleconomy.gov/feg/epadata/vehicles.csv,NHTSA Product Information Catalog (vehicle products API),https://api.nhtsa.gov/products/vehicle/models?modelYear=2018&make=MCLAREN&issueType=r,2026-07-15,,2,2
McLaren,720S Coupe LM,2021,2021,2021,Discontinued,Passenger Car,United States,No,Added - Missing Make and Model,Government Verified,EPA FuelEconomy.gov Vehicle Fuel Economy Dataset,https://www.fueleconomy.gov/feg/epadata/vehicles.csv,,,2026-07-15,,1,1
McLaren,765LT,2021-2022,2021,2022,Discontinued,Passenger Car,United States,No,Added - Missing Make and Model,Fully Verified,EPA FuelEconomy.gov Vehicle Fuel Economy Dataset,https://www.fueleconomy.gov/feg/epadata/vehicles.csv,NHTSA vPIC (VIN product data),https://vpic.nhtsa.dot.gov/api/vehicles/GetModelsForMake/McLaren?format=json,2026-07-15,Upgraded to Fully Verified in V2: independently confirmed by NHTSA vPIC product data.,2,2
McLaren,Artura,2023; 2025,2023,2025,Active,Passenger Car,United States,No,Added - Missing Make and Model,Fully Verified,EPA FuelEconomy.gov Vehicle Fuel Economy Dataset,https://www.fueleconomy.gov/feg/epadata/vehicles.csv,NHTSA Product Information Catalog (vehicle products API),https://api.nhtsa.gov/products/vehicle/models?modelYear=2023&make=MCLAREN&issueType=r,2026-07-15,"Non-contiguous confirmed model years reflect the verified records; gaps are preserved, not bridged.",2,2
McLaren,Elva,2021,2021,2021,Discontinued,Passenger Car,United States,No,Added - Missing Make and Model,Fully Verified,EPA FuelEconomy.gov Vehicle Fuel Economy Dataset,https://www.fueleconomy.gov/feg/epadata/vehicles.csv,NHTSA vPIC (VIN product data),https://vpic.nhtsa.dot.gov/api/vehicles/GetModelsForMake/McLaren?format=json,2026-07-15,Upgraded to Fully Verified in V2: independently confirmed by NHTSA vPIC product data.,2,2
McLaren,GT,2020-2022,2020,2022,Discontinued,Passenger Car,United States,No,Added - Missing Make and Model,Fully Verified,EPA FuelEconomy.gov Vehicle Fuel Economy Dataset,https://www.fueleconomy.gov/feg/epadata/vehicles.csv,NHTSA vPIC (VIN product data),https://vpic.nhtsa.dot.gov/api/vehicles/GetModelsForMake/McLaren?format=json,2026-07-15,Upgraded to Fully Verified in V2: independently confirmed by NHTSA vPIC product data.,2,2
McLaren,MP4-12C,2012-2015,2012,2015,Discontinued,Passenger Car,United States,No,Added - Missing Make and Model,Fully Verified,EPA FuelEconomy.gov Vehicle Fuel Economy Dataset,https://www.fueleconomy.gov/feg/epadata/vehicles.csv,NHTSA Product Information Catalog (vehicle products API),https://api.nhtsa.gov/products/vehicle/models?modelYear=2012&make=MCLAREN&issueType=r,2026-07-15,,2,2
McLaren,MSO HS,2016,2016,2016,Discontinued,Passenger Car,United States,No,Added - Missing Make and Model,Government Verified,EPA FuelEconomy.gov Vehicle Fuel Economy Dataset,https://www.fueleconomy.gov/feg/epadata/vehicles.csv,,,2026-07-15,,1,1
McLaren,P1,2014-2015,2014,2015,Discontinued,Passenger Car,United States,No,Added - Missing Make and Model,Fully Verified,EPA FuelEconomy.gov Vehicle Fuel Economy Dataset,https://www.fueleconomy.gov/feg/epadata/vehicles.csv,NHTSA vPIC (VIN product data),https://vpic.nhtsa.dot.gov/api/vehicles/GetModelsForMake/McLaren?format=json,2026-07-15,Upgraded to Fully Verified in V2: independently confirmed by NHTSA vPIC product data.,2,2
McLaren,Sabre,2020,2020,2020,Discontinued,Passenger Car,United States,No,Added - Missing Make and Model,Government Verified,EPA FuelEconomy.gov Vehicle Fuel Economy Dataset,https://www.fueleconomy.gov/feg/epadata/vehicles.csv,,,2026-07-15,,1,1
McLaren,Senna,2019,2019,2019,Discontinued,Passenger Car,United States,No,Added - Missing Make and Model,Fully Verified,EPA FuelEconomy.gov Vehicle Fuel Economy Dataset,https://www.fueleconomy.gov/feg/epadata/vehicles.csv,NHTSA vPIC (VIN product data),https://vpic.nhtsa.dot.gov/api/vehicles/GetModelsForMake/McLaren?format=json,2026-07-15,Upgraded to Fully Verified in V2: independently confirmed by NHTSA vPIC product data.,2,2
McLaren,Speedtail,2020,2020,2020,Discontinued,Passenger Car,United States,No,Added - Missing Make and Model,Government Verified,EPA FuelEconomy.gov Vehicle Fuel Economy Dataset,https://www.fueleconomy.gov/feg/epadata/vehicles.csv,,,2026-07-15,,1,1
Mercedes-Benz,190D,1987-1989,1987,1989,Discontinued,Passenger Car,United States,No,Added - Missing Model,Government Verified,EPA FuelEconomy.gov Vehicle Fuel Economy Dataset,https://www.fueleconomy.gov/feg/epadata/vehicles.csv,,,2026-07-15,,1,1
Mercedes-Benz,190E,1985; 1987-1993,1985,1993,Discontinued,Passenger Car,United States,No,Added - Missing Model,Fully Verified,EPA FuelEconomy.gov Vehicle Fuel Economy Dataset,https://www.fueleconomy.gov/feg/epadata/vehicles.csv,NHTSA Product Information Catalog (vehicle products API),https://api.nhtsa.gov/products/vehicle/models?modelYear=1985&make=MERCEDES-BENZ&issueType=r,2026-07-15,"Non-contiguous confirmed model years reflect the verified records; gaps are preserved, not bridged.",2,2
Mercedes-Benz,260E,1987-1989; 1991,1987,1991,Discontinued,Passenger Car,United States,No,Added - Missing Model,Fully Verified,EPA FuelEconomy.gov Vehicle Fuel Economy Dataset,https://www.fueleconomy.gov/feg/epadata/vehicles.csv,NHTSA Product Information Catalog (vehicle products API),https://api.nhtsa.gov/products/vehicle/models?modelYear=1987&make=MERCEDES-BENZ&issueType=r,2026-07-15,"Non-contiguous confirmed model years reflect the verified records; gaps are preserved, not bridged.",2,2
Mercedes-Benz,300CD,1980-1985,1980,1985,Discontinued,Passenger Car,United States,No,Added - Missing Model,Government Verified,EPA FuelEconomy.gov Vehicle Fuel Economy Dataset,https://www.fueleconomy.gov/feg/epadata/vehicles.csv,,,2026-07-15,"Model year(s) [1980, 1981, 1982, 1983] added in V3 from the official EPA 1980-1983 historical dataset.",1,2
Mercedes-Benz,300CE,1988-1993,1988,1993,Discontinued,Passenger Car,United States,No,Added - Missing Model,Government Verified,EPA FuelEconomy.gov Vehicle Fuel Economy Dataset,https://www.fueleconomy.gov/feg/epadata/vehicles.csv,,,2026-07-15,,1,1
Mercedes-Benz,300D,1980-1985; 1987; 1990-1993,1980,1993,Discontinued,Passenger Car,United States,No,Added - Missing Model,Fully Verified,EPA FuelEconomy.gov Vehicle Fuel Economy Dataset,https://www.fueleconomy.gov/feg/epadata/vehicles.csv,NHTSA Product Information Catalog (vehicle products API),https://api.nhtsa.gov/products/vehicle/models?modelYear=1984&make=MERCEDES-BENZ&issueType=r,2026-07-15,"Non-contiguous confirmed model years reflect the verified records; gaps are preserved, not bridged. Model year(s) [1980, 1981, 1982, 1983] added in V3 from the official EPA 1980-1983 historical dataset.",2,3
Mercedes-Benz,300E,1986-1993,1986,1993,Discontinued,Passenger Car,United States,No,Added - Missing Model,Fully Verified,EPA FuelEconomy.gov Vehicle Fuel Economy Dataset,https://www.fueleconomy.gov/feg/epadata/vehicles.csv,NHTSA Product Information Catalog (vehicle products API),https://api.nhtsa.gov/products/vehicle/models?modelYear=1986&make=MERCEDES-BENZ&issueType=r,2026-07-15,,2,2
Mercedes-Benz,300SD,1980-1985; 1992-1993,1980,1993,Discontinued,Passenger Car,United States,No,Added - Missing Model,Fully Verified,EPA FuelEconomy.gov Vehicle Fuel Economy Dataset,https://www.fueleconomy.gov/feg/epadata/vehicles.csv,NHTSA Product Information Catalog (vehicle products API),https://api.nhtsa.gov/products/vehicle/models?modelYear=1984&make=MERCEDES-BENZ&issueType=r,2026-07-15,"Non-contiguous confirmed model years reflect the verified records; gaps are preserved, not bridged. Model year(s) [1980, 1981, 1982, 1983] added in V3 from the official EPA 1980-1983 historical dataset.",2,3
Mercedes-Benz,300SDL,1986-1987,1986,1987,Discontinued,Passenger Car,United States,No,Added - Missing Model,Government Verified,EPA FuelEconomy.gov Vehicle Fuel Economy Dataset,https://www.fueleconomy.gov/feg/epadata/vehicles.csv,,,2026-07-15,,1,1
Mercedes-Benz,300SE,1988-1993,1988,1993,Discontinued,Passenger Car,United States,No,Added - Missing Model,Fully Verified,EPA FuelEconomy.gov Vehicle Fuel Economy Dataset,https://www.fueleconomy.gov/feg/epadata/vehicles.csv,NHTSA Product Information Catalog (vehicle products API),https://api.nhtsa.gov/products/vehicle/models?modelYear=1988&make=MERCEDES-BENZ&issueType=r,2026-07-15,,2,2
Mercedes-Benz,300SEL,1988-1991,1988,1991,Discontinued,Passenger Car,United States,No,Added - Missing Model,Government Verified,EPA FuelEconomy.gov Vehicle Fuel Economy Dataset,https://www.fueleconomy.gov/feg/epadata/vehicles.csv,,,2026-07-15,,1,1
Mercedes-Benz,300SL,1990-1993,1990,1993,Discontinued,Passenger Car,United States,No,Added - Missing Model,Government Verified,EPA FuelEconomy.gov Vehicle Fuel Economy Dataset,https://www.fueleconomy.gov/feg/epadata/vehicles.csv,,,2026-07-15,,1,1
Mercedes-Benz,300TD,1980-1985; 1987,1980,1987,Discontinued,Passenger Car,United States,No,Added - Missing Model,Government Verified,EPA FuelEconomy.gov Vehicle Fuel Economy Dataset,https://www.fueleconomy.gov/feg/epadata/vehicles.csv,,,2026-07-15,"Non-contiguous confirmed model years reflect the verified records; gaps are preserved, not bridged. Model year(s) [1980, 1981, 1982, 1983] added in V3 from the official EPA 1980-1983 historical dataset.",1,2
Mercedes-Benz,300TE,1988-1993,1988,1993,Discontinued,Passenger Car,United States,No,Added - Missing Model,Government Verified,EPA FuelEconomy.gov Vehicle Fuel Economy Dataset,https://www.fueleconomy.gov/feg/epadata/vehicles.csv,,,2026-07-15,,1,1
Mercedes-Benz,350SD,1991,1991,1991,Discontinued,Passenger Car,United States,No,Added - Missing Model,Government Verified,EPA FuelEconomy.gov Vehicle Fuel Economy Dataset,https://www.fueleconomy.gov/feg/epadata/vehicles.csv,,,2026-07-15,,1,1
Mercedes-Benz,350SDL,1990-1991,1990,1991,Discontinued,Passenger Car,United States,No,Added - Missing Model,Government Verified,EPA FuelEconomy.gov Vehicle Fuel Economy Dataset,https://www.fueleconomy.gov/feg/epadata/vehicles.csv,,,2026-07-15,,1,1
Mercedes-Benz,380SE,1984-1985,1984,1985,Discontinued,Passenger Car,United States,No,Added - Missing Model,Government Verified,EPA FuelEconomy.gov Vehicle Fuel Economy Dataset,https://www.fueleconomy.gov/feg/epadata/vehicles.csv,,,2026-07-15,,1,1
Mercedes-Benz,380SL,1981-1985,1981,1985,Discontinued,Passenger Car,United States,No,Added - Missing Model,Fully Verified,EPA FuelEconomy.gov Vehicle Fuel Economy Dataset,https://www.fueleconomy.gov/feg/epadata/vehicles.csv,NHTSA Product Information Catalog (vehicle products API),https://api.nhtsa.gov/products/vehicle/models?modelYear=1984&make=MERCEDES-BENZ&issueType=r,2026-07-15,"Model year(s) [1981, 1982, 1983] added in V3 from the official EPA 1980-1983 historical dataset.",2,3
Mercedes-Benz,400E,1992-1993,1992,1993,Discontinued,Passenger Car,United States,No,Added - Missing Model,Fully Verified,EPA FuelEconomy.gov Vehicle Fuel Economy Dataset,https://www.fueleconomy.gov/feg/epadata/vehicles.csv,NHTSA Product Information Catalog (vehicle products API),https://api.nhtsa.gov/products/vehicle/models?modelYear=1992&make=MERCEDES-BENZ&issueType=r,2026-07-15,,2,2
Mercedes-Benz,400SE,1992,1992,1992,Discontinued,Passenger Car,United States,No,Added - Missing Model,Government Verified,EPA FuelEconomy.gov Vehicle Fuel Economy Dataset,https://www.fueleconomy.gov/feg/epadata/vehicles.csv,,,2026-07-15,,1,1
Mercedes-Benz,400SEL,1993,1993,1993,Discontinued,Passenger Car,United States,No,Added - Missing Model,Government Verified,EPA FuelEconomy.gov Vehicle Fuel Economy Dataset,https://www.fueleconomy.gov/feg/epadata/vehicles.csv,,,2026-07-15,,1,1
Mercedes-Benz,420SE,1990,1990,1990,Discontinued,Passenger Car,United States,No,Added - Missing Model,Government Verified,EPA FuelEconomy.gov Vehicle Fuel Economy Dataset,https://www.fueleconomy.gov/feg/epadata/vehicles.csv,,,2026-07-15,,1,1
Mercedes-Benz,420SEL,1986-1992,1986,1992,Discontinued,Passenger Car,United States,No,Added - Missing Model,Fully Verified,EPA FuelEconomy.gov Vehicle Fuel Economy Dataset,https://www.fueleconomy.gov/feg/epadata/vehicles.csv,NHTSA Product Information Catalog (vehicle products API),https://api.nhtsa.gov/products/vehicle/models?modelYear=1986&make=MERCEDES-BENZ&issueType=r,2026-07-15,V3: EPA historical 1980-83 dataset provides a second independent organization for this model.,2,2
Mercedes-Benz,500E,1992-1993,1992,1993,Discontinued,Passenger Car,United States,No,Added - Missing Model,Government Verified,EPA FuelEconomy.gov Vehicle Fuel Economy Dataset,https://www.fueleconomy.gov/feg/epadata/vehicles.csv,,,2026-07-15,,1,1
Mercedes-Benz,500SE,1985; 1992,1985,1992,Discontinued,Passenger Car,United States,No,Added - Missing Model,Government Verified,EPA FuelEconomy.gov Vehicle Fuel Economy Dataset,https://www.fueleconomy.gov/feg/epadata/vehicles.csv,,,2026-07-15,"Non-contiguous confirmed model years reflect the verified records; gaps are preserved, not bridged.",1,1
Mercedes-Benz,500SEC,1984-1985; 1992-1993,1984,1993,Discontinued,Passenger Car,United States,No,Added - Missing Model,Government Verified,EPA FuelEconomy.gov Vehicle Fuel Economy Dataset,https://www.fueleconomy.gov/feg/epadata/vehicles.csv,,,2026-07-15,"Non-contiguous confirmed model years reflect the verified records; gaps are preserved, not bridged.",1,1
Mercedes-Benz,500SEL,1984-1985; 1992-1993,1984,1993,Discontinued,Passenger Car,United States,No,Added - Missing Model,Government Verified,EPA FuelEconomy.gov Vehicle Fuel Economy Dataset,https://www.fueleconomy.gov/feg/epadata/vehicles.csv,,,2026-07-15,"Non-contiguous confirmed model years reflect the verified records; gaps are preserved, not bridged.",1,1
Mercedes-Benz,500SL,1985; 1990-1993,1985,1993,Discontinued,Passenger Car,United States,No,Added - Missing Model,Fully Verified,EPA FuelEconomy.gov Vehicle Fuel Economy Dataset,https://www.fueleconomy.gov/feg/epadata/vehicles.csv,NHTSA Product Information Catalog (vehicle products API),https://api.nhtsa.gov/products/vehicle/models?modelYear=1985&make=MERCEDES-BENZ&issueType=r,2026-07-15,"Non-contiguous confirmed model years reflect the verified records; gaps are preserved, not bridged.",2,2
Mercedes-Benz,560SE,1992,1992,1992,Discontinued,Passenger Car,United States,No,Added - Missing Model,Government Verified,EPA FuelEconomy.gov Vehicle Fuel Economy Dataset,https://www.fueleconomy.gov/feg/epadata/vehicles.csv,,,2026-07-15,,1,1
Mercedes-Benz,560SEC,1986-1992,1986,1992,Discontinued,Passenger Car,United States,No,Added - Missing Model,Government Verified,EPA FuelEconomy.gov Vehicle Fuel Economy Dataset,https://www.fueleconomy.gov/feg/epadata/vehicles.csv,,,2026-07-15,,1,1
Mercedes-Benz,560SEL,1986-1992,1986,1992,Discontinued,Passenger Car,United States,No,Added - Missing Model,Government Verified,EPA FuelEconomy.gov Vehicle Fuel Economy Dataset,https://www.fueleconomy.gov/feg/epadata/vehicles.csv,,,2026-07-15,,1,1
Mercedes-Benz,560SL,1986-1989; 1992,1986,1992,Discontinued,Passenger Car,United States,No,Added - Missing Model,Government Verified,EPA FuelEconomy.gov Vehicle Fuel Economy Dataset,https://www.fueleconomy.gov/feg/epadata/vehicles.csv,,,2026-07-15,"Non-contiguous confirmed model years reflect the verified records; gaps are preserved, not bridged.",1,1
Mercedes-Benz,600SEL,1992-1993,1992,1993,Discontinued,Passenger Car,United States,No,Added - Missing Model,Government Verified,EPA FuelEconomy.gov Vehicle Fuel Economy Dataset,https://www.fueleconomy.gov/feg/epadata/vehicles.csv,,,2026-07-15,,1,1
Mercedes-Benz,600SL,1993,1993,1993,Discontinued,Passenger Car,United States,No,Added - Missing Model,Government Verified,EPA FuelEconomy.gov Vehicle Fuel Economy Dataset,https://www.fueleconomy.gov/feg/epadata/vehicles.csv,,,2026-07-15,,1,1
Mercedes-Benz,A-Class,2007; 2011; 2019-2022,2007,2022,Discontinued,Passenger Car,United States,No,Added - Missing Model,Fully Verified,EPA FuelEconomy.gov Vehicle Fuel Economy Dataset,https://www.fueleconomy.gov/feg/epadata/vehicles.csv,NHTSA Product Information Catalog (vehicle products API),https://api.nhtsa.gov/products/vehicle/models?modelYear=2007&make=MERCEDES-BENZ&issueType=r,2026-07-15,"Non-contiguous confirmed model years reflect the verified records; gaps are preserved, not bridged. Class-level canonical name; source designations (e.g. C300) map here via the alias file.",2,2
Mercedes-Benz,AMG GT,2016-2026,2016,2026,Active,Passenger Car,United States,No,Added - Missing Model,Fully Verified,EPA FuelEconomy.gov Vehicle Fuel Economy Dataset,https://www.fueleconomy.gov/feg/epadata/vehicles.csv,NHTSA Product Information Catalog (vehicle products API),https://api.nhtsa.gov/products/vehicle/models?modelYear=2016&make=MERCEDES-BENZ&issueType=r,2026-07-15,,2,2
Mercedes-Benz,B-Class,2013-2017,2013,2017,Discontinued,Passenger Car,United States,No,Added - Missing Model,Fully Verified,EPA FuelEconomy.gov Vehicle Fuel Economy Dataset,https://www.fueleconomy.gov/feg/epadata/vehicles.csv,NHTSA Product Information Catalog (vehicle products API),https://api.nhtsa.gov/products/vehicle/models?modelYear=2013&make=MERCEDES-BENZ&issueType=r,2026-07-15,Class-level canonical name; source designations (e.g. C300) map here via the alias file.,2,2
Mercedes-Benz,C-Class,1991; 1994-2026,1991,2026,Active,Passenger Car,United States,Yes,Original Source,Fully Verified,EPA FuelEconomy.gov Vehicle Fuel Economy Dataset,https://www.fueleconomy.gov/feg/epadata/vehicles.csv,NHTSA Product Information Catalog (vehicle products API),https://api.nhtsa.gov/products/vehicle/models?modelYear=1991&make=MERCEDES-BENZ&issueType=r,2026-07-15,"Non-contiguous confirmed model years reflect the verified records; gaps are preserved, not bridged. Class-level canonical name; source designations (e.g. C300) map here via the alias file.",2,2
Mercedes-Benz,CL-Class,1998-2014,1998,2014,Discontinued,Passenger Car,United States,No,Added - Missing Model,Fully Verified,EPA FuelEconomy.gov Vehicle Fuel Economy Dataset,https://www.fueleconomy.gov/feg/epadata/vehicles.csv,NHTSA Product Information Catalog (vehicle products API),https://api.nhtsa.gov/products/vehicle/models?modelYear=1998&make=MERCEDES-BENZ&issueType=r,2026-07-15,Class-level canonical name; source designations (e.g. C300) map here via the alias file.,2,2
Mercedes-Benz,CLA-Class,2012-2027,2012,2027,Active,Passenger Car,United States,Yes,Original Source,Fully Verified,EPA FuelEconomy.gov Vehicle Fuel Economy Dataset,https://www.fueleconomy.gov/feg/epadata/vehicles.csv,NHTSA Product Information Catalog (vehicle products API),https://api.nhtsa.gov/products/vehicle/models?modelYear=2012&make=MERCEDES-BENZ&issueType=r,2026-07-15,MY2027 record officially published in government data by the 2026-07-15 research cutoff. Class-level canonical name; source designations (e.g. C300) map here via the alias file.,2,2
Mercedes-Benz,CLE-Class,2024-2026,2024,2026,Active,Passenger Car,United States,No,Added - Missing Model,Fully Verified,EPA FuelEconomy.gov Vehicle Fuel Economy Dataset,https://www.fueleconomy.gov/feg/epadata/vehicles.csv,NHTSA Product Information Catalog (vehicle products API),https://api.nhtsa.gov/products/vehicle/models?modelYear=2024&make=MERCEDES-BENZ&issueType=r,2026-07-15,Class-level canonical name; source designations (e.g. C300) map here via the alias file.,2,2
Mercedes-Benz,CLK-Class,1998-2010,1998,2010,Discontinued,Passenger Car,United States,Yes,Existing Standardized Catalog,Fully Verified,EPA FuelEconomy.gov Vehicle Fuel Economy Dataset,https://www.fueleconomy.gov/feg/epadata/vehicles.csv,NHTSA Product Information Catalog (vehicle products API),https://api.nhtsa.gov/products/vehicle/models?modelYear=1998&make=MERCEDES-BENZ&issueType=r,2026-07-15,Class-level canonical name; source designations (e.g. C300) map here via the alias file.,2,2
Mercedes-Benz,CLS-Class,2004; 2006-2023,2004,2023,Discontinued,Passenger Car,United States,No,Added - Missing Model,Fully Verified,EPA FuelEconomy.gov Vehicle Fuel Economy Dataset,https://www.fueleconomy.gov/feg/epadata/vehicles.csv,NHTSA Product Information Catalog (vehicle products API),https://api.nhtsa.gov/products/vehicle/models?modelYear=2004&make=MERCEDES-BENZ&issueType=r,2026-07-15,"Non-contiguous confirmed model years reflect the verified records; gaps are preserved, not bridged. Class-level canonical name; source designations (e.g. C300) map here via the alias file.",2,2
Mercedes-Benz,E-Class,1992-2026,1992,2026,Active,Passenger Car,United States,Yes,Original Source,Fully Verified,EPA FuelEconomy.gov Vehicle Fuel Economy Dataset,https://www.fueleconomy.gov/feg/epadata/vehicles.csv,NHTSA Product Information Catalog (vehicle products API),https://api.nhtsa.gov/products/vehicle/models?modelYear=1992&make=MERCEDES-BENZ&issueType=r,2026-07-15,Class-level canonical name; source designations (e.g. C300) map here via the alias file.,2,2
Mercedes-Benz,EQB,2022-2025,2022,2025,Active,SUV/Crossover,United States,No,Added - Missing Model,Fully Verified,EPA FuelEconomy.gov Vehicle Fuel Economy Dataset,https://www.fueleconomy.gov/feg/epadata/vehicles.csv,NHTSA Product Information Catalog (vehicle products API),https://api.nhtsa.gov/products/vehicle/models?modelYear=2022&make=MERCEDES-BENZ&issueType=r,2026-07-15,,2,2
Mercedes-Benz,EQE,2023-2026,2023,2026,Active,Multiple Categories,United States,No,Added - Missing Model,Fully Verified,EPA FuelEconomy.gov Vehicle Fuel Economy Dataset,https://www.fueleconomy.gov/feg/epadata/vehicles.csv,NHTSA Product Information Catalog (vehicle products API),https://api.nhtsa.gov/products/vehicle/models?modelYear=2023&make=MERCEDES-BENZ&issueType=r,2026-07-15,,2,2
Mercedes-Benz,EQS,2022-2026,2022,2026,Active,Multiple Categories,United States,No,Added - Missing Model,Fully Verified,EPA FuelEconomy.gov Vehicle Fuel Economy Dataset,https://www.fueleconomy.gov/feg/epadata/vehicles.csv,NHTSA Product Information Catalog (vehicle products API),https://api.nhtsa.gov/products/vehicle/models?modelYear=2022&make=MERCEDES-BENZ&issueType=r,2026-07-15,,2,2
Mercedes-Benz,G-Class,2002-2026,2002,2026,Active,SUV/Crossover,United States,No,Added - Missing Model,Fully Verified,EPA FuelEconomy.gov Vehicle Fuel Economy Dataset,https://www.fueleconomy.gov/feg/epadata/vehicles.csv,NHTSA Product Information Catalog (vehicle products API),https://api.nhtsa.gov/products/vehicle/models?modelYear=2002&make=MERCEDES-BENZ&issueType=r,2026-07-15,Class-level canonical name; source designations (e.g. C300) map here via the alias file.,2,2
Mercedes-Benz,GL-Class,2006-2017,2006,2017,Discontinued,SUV/Crossover,United States,Yes,Existing Standardized Catalog,Fully Verified,EPA FuelEconomy.gov Vehicle Fuel Economy Dataset,https://www.fueleconomy.gov/feg/epadata/vehicles.csv,NHTSA Product Information Catalog (vehicle products API),https://api.nhtsa.gov/products/vehicle/models?modelYear=2006&make=MERCEDES-BENZ&issueType=r,2026-07-15,Class-level canonical name; source designations (e.g. C300) map here via the alias file.,2,2
Mercedes-Benz,GLA-Class,2014-2026,2014,2026,Active,Multiple Categories,United States,Yes,Existing Standardized Catalog,Fully Verified,EPA FuelEconomy.gov Vehicle Fuel Economy Dataset,https://www.fueleconomy.gov/feg/epadata/vehicles.csv,NHTSA Product Information Catalog (vehicle products API),https://api.nhtsa.gov/products/vehicle/models?modelYear=2014&make=MERCEDES-BENZ&issueType=r,2026-07-15,Class-level canonical name; source designations (e.g. C300) map here via the alias file.,2,2
Mercedes-Benz,GLB-Class,2020-2026,2020,2026,Active,Multiple Categories,United States,No,Added - Missing Model,Fully Verified,EPA FuelEconomy.gov Vehicle Fuel Economy Dataset,https://www.fueleconomy.gov/feg/epadata/vehicles.csv,NHTSA Product Information Catalog (vehicle products API),https://api.nhtsa.gov/products/vehicle/models?modelYear=2020&make=MERCEDES-BENZ&issueType=r,2026-07-15,Class-level canonical name; source designations (e.g. C300) map here via the alias file.,2,2
Mercedes-Benz,GLC-Class,2015-2026,2015,2026,Active,Multiple Categories,United States,Yes,Existing Standardized Catalog,Fully Verified,EPA FuelEconomy.gov Vehicle Fuel Economy Dataset,https://www.fueleconomy.gov/feg/epadata/vehicles.csv,NHTSA Product Information Catalog (vehicle products API),https://api.nhtsa.gov/products/vehicle/models?modelYear=2015&make=MERCEDES-BENZ&issueType=r,2026-07-15,Class-level canonical name; source designations (e.g. C300) map here via the alias file.,2,2
Mercedes-Benz,GLE-Class,2016-2026,2016,2026,Active,SUV/Crossover,United States,Yes,Existing Standardized Catalog,Fully Verified,EPA FuelEconomy.gov Vehicle Fuel Economy Dataset,https://www.fueleconomy.gov/feg/epadata/vehicles.csv,NHTSA Product Information Catalog (vehicle products API),https://api.nhtsa.gov/products/vehicle/models?modelYear=2016&make=MERCEDES-BENZ&issueType=r,2026-07-15,Class-level canonical name; source designations (e.g. C300) map here via the alias file.,2,2
Mercedes-Benz,GLK-Class,2006-2007; 2010-2015,2006,2015,Discontinued,SUV/Crossover,United States,Yes,Original Source,Fully Verified,EPA FuelEconomy.gov Vehicle Fuel Economy Dataset,https://www.fueleconomy.gov/feg/epadata/vehicles.csv,NHTSA Product Information Catalog (vehicle products API),https://api.nhtsa.gov/products/vehicle/models?modelYear=2006&make=MERCEDES-BENZ&issueType=r,2026-07-15,"Non-contiguous confirmed model years reflect the verified records; gaps are preserved, not bridged. Class-level canonical name; source designations (e.g. C300) map here via the alias file.",2,2
Mercedes-Benz,GLS-Class,2017-2026,2017,2026,Active,SUV/Crossover,United States,Yes,Existing Standardized Catalog,Fully Verified,EPA FuelEconomy.gov Vehicle Fuel Economy Dataset,https://www.fueleconomy.gov/feg/epadata/vehicles.csv,NHTSA Product Information Catalog (vehicle products API),https://api.nhtsa.gov/products/vehicle/models?modelYear=2017&make=MERCEDES-BENZ&issueType=r,2026-07-15,Class-level canonical name; source designations (e.g. C300) map here via the alias file.,2,2
Mercedes-Benz,M-Class,1990; 1998-2015,1990,2015,Discontinued,SUV/Crossover,United States,Yes,Existing Standardized Catalog,Fully Verified,EPA FuelEconomy.gov Vehicle Fuel Economy Dataset,https://www.fueleconomy.gov/feg/epadata/vehicles.csv,NHTSA Product Information Catalog (vehicle products API),https://api.nhtsa.gov/products/vehicle/models?modelYear=1990&make=MERCEDES-BENZ&issueType=r,2026-07-15,"Non-contiguous confirmed model years reflect the verified records; gaps are preserved, not bridged. Class-level canonical name; source designations (e.g. C300) map here via the alias file.",2,2
Mercedes-Benz,Maybach S-Class,2016-2020; 2022-2027,2016,2027,Active,Passenger Car,United States,No,Added - Missing Model,Government Verified,EPA FuelEconomy.gov Vehicle Fuel Economy Dataset,https://www.fueleconomy.gov/feg/epadata/vehicles.csv,,,2026-07-15,"MY2027 record officially published in government data by the 2026-07-15 research cutoff. Non-contiguous confirmed model years reflect the verified records; gaps are preserved, not bridged. Class-level canonical name; source designations (e.g. C300) map here via the alias file.",1,1
Mercedes-Benz,Mercedes Benz,1981; 1985; 1987-1988; 1991; 1993; 1995; 2001,1981,2001,Discontinued,Passenger Car,United States,No,Added - Missing Model,Government Verified,NHTSA Product Information Catalog (vehicle products API),https://api.nhtsa.gov/products/vehicle/models?modelYear=1981&make=MERCEDES-BENZ&issueType=r,,,2026-07-15,"Non-contiguous confirmed model years reflect the verified records; gaps are preserved, not bridged.",1,1
Mercedes-Benz,Metris,2015-2023,2015,2023,Discontinued,SUV/Crossover,United States,No,Added - Missing Model,Fully Verified,EPA FuelEconomy.gov Vehicle Fuel Economy Dataset,https://www.fueleconomy.gov/feg/epadata/vehicles.csv,NHTSA Product Information Catalog (vehicle products API),https://api.nhtsa.gov/products/vehicle/models?modelYear=2015&make=MERCEDES-BENZ&issueType=r,2026-07-15,,2,2
Mercedes-Benz,R-Class,2006-2013,2006,2013,Discontinued,SUV/Crossover,United States,Yes,Original Source,Fully Verified,EPA FuelEconomy.gov Vehicle Fuel Economy Dataset,https://www.fueleconomy.gov/feg/epadata/vehicles.csv,NHTSA Product Information Catalog (vehicle products API),https://api.nhtsa.gov/products/vehicle/models?modelYear=2006&make=MERCEDES-BENZ&issueType=r,2026-07-15,Class-level canonical name; source designations (e.g. C300) map here via the alias file.,2,2
Mercedes-Benz,S-Class,1992-2026,1992,2026,Active,Passenger Car,United States,Yes,Original Source,Fully Verified,EPA FuelEconomy.gov Vehicle Fuel Economy Dataset,https://www.fueleconomy.gov/feg/epadata/vehicles.csv,NHTSA Product Information Catalog (vehicle products API),https://api.nhtsa.gov/products/vehicle/models?modelYear=1992&make=MERCEDES-BENZ&issueType=r,2026-07-15,Class-level canonical name; source designations (e.g. C300) map here via the alias file.,2,2
Mercedes-Benz,SL-Class,1990-2009; 2011-2020; 2022-2026,1990,2026,Active,Passenger Car,United States,Yes,Original Source,Fully Verified,EPA FuelEconomy.gov Vehicle Fuel Economy Dataset,https://www.fueleconomy.gov/feg/epadata/vehicles.csv,NHTSA Product Information Catalog (vehicle products API),https://api.nhtsa.gov/products/vehicle/models?modelYear=1990&make=MERCEDES-BENZ&issueType=r,2026-07-15,"Non-contiguous confirmed model years reflect the verified records; gaps are preserved, not bridged. Class-level canonical name; source designations (e.g. C300) map here via the alias file.",2,2
Mercedes-Benz,SLC-Class,2017-2020,2017,2020,Discontinued,Passenger Car,United States,No,Added - Missing Model,Fully Verified,EPA FuelEconomy.gov Vehicle Fuel Economy Dataset,https://www.fueleconomy.gov/feg/epadata/vehicles.csv,NHTSA Product Information Catalog (vehicle products API),https://api.nhtsa.gov/products/vehicle/models?modelYear=2017&make=MERCEDES-BENZ&issueType=r,2026-07-15,Class-level canonical name; source designations (e.g. C300) map here via the alias file.,2,2
Mercedes-Benz,SLK-Class,1998-2016,1998,2016,Discontinued,Passenger Car,United States,Yes,Existing Standardized Catalog,Fully Verified,EPA FuelEconomy.gov Vehicle Fuel Economy Dataset,https://www.fueleconomy.gov/feg/epadata/vehicles.csv,NHTSA Product Information Catalog (vehicle products API),https://api.nhtsa.gov/products/vehicle/models?modelYear=1998&make=MERCEDES-BENZ&issueType=r,2026-07-15,Class-level canonical name; source designations (e.g. C300) map here via the alias file.,2,2
Mercedes-Benz,SLR McLaren,2005-2009,2005,2009,Discontinued,Passenger Car,United States,No,Added - Missing Model,Fully Verified,EPA FuelEconomy.gov Vehicle Fuel Economy Dataset,https://www.fueleconomy.gov/feg/epadata/vehicles.csv,NHTSA vPIC (VIN product data),https://vpic.nhtsa.dot.gov/api/vehicles/GetModelsForMake/Mercedes-Benz?format=json,2026-07-15,Upgraded to Fully Verified in V2: independently confirmed by NHTSA vPIC product data.,2,2
Mercedes-Benz,SLS AMG,2011-2015,2011,2015,Discontinued,Passenger Car,United States,No,Added - Missing Model,Fully Verified,EPA FuelEconomy.gov Vehicle Fuel Economy Dataset,https://www.fueleconomy.gov/feg/epadata/vehicles.csv,NHTSA Product Information Catalog (vehicle products API),https://api.nhtsa.gov/products/vehicle/models?modelYear=2011&make=MERCEDES-BENZ&issueType=r,2026-07-15,,2,2
Mercedes-Benz,Sprinter,2007-2025,2007,2025,Active,Van,United States,Yes,Original Source,Government Verified,NHTSA Product Information Catalog (vehicle products API),https://api.nhtsa.gov/products/vehicle/models?modelYear=2007&make=MERCEDES-BENZ&issueType=r,NHTSA vPIC (VIN product data),https://vpic.nhtsa.dot.gov/api/vehicles/GetModelsForMake/Mercedes-Benz?format=json,2026-07-15,"Upgraded to Fully Verified in V2: independently confirmed by NHTSA vPIC product data. V3 source-status correction: confirmation came from two NHTSA datasets (Recall + vPIC), which is cross-dataset confirmation within one organization, not independent multi-source verification.",1,2
Mercury,Capri,1981; 1984-1986; 1991-1994,1981,1994,Discontinued,Passenger Car,United States,No,Added - Missing Model,Fully Verified,EPA FuelEconomy.gov Vehicle Fuel Economy Dataset,https://www.fueleconomy.gov/feg/epadata/vehicles.csv,NHTSA Product Information Catalog (vehicle products API),https://api.nhtsa.gov/products/vehicle/models?modelYear=1981&make=MERCURY&issueType=r,2026-07-15,"Non-contiguous confirmed model years reflect the verified records; gaps are preserved, not bridged.",2,2
Mercury,Colony Park,1982; 1984; 1986-1990,1982,1990,Discontinued,Passenger Car,United States,No,Added - Missing Model,Government Verified,NHTSA Product Information Catalog (vehicle products API),https://api.nhtsa.gov/products/vehicle/models?modelYear=1982&make=MERCURY&issueType=r,,,2026-07-15,"Non-contiguous confirmed model years reflect the verified records; gaps are preserved, not bridged.",1,1
Mercury,Cougar,1980; 1982-2002,1980,2002,Discontinued,Passenger Car,United States,No,Added - Missing Model,Fully Verified,EPA FuelEconomy.gov Vehicle Fuel Economy Dataset,https://www.fueleconomy.gov/feg/epadata/vehicles.csv,NHTSA Product Information Catalog (vehicle products API),https://api.nhtsa.gov/products/vehicle/models?modelYear=1980&make=MERCURY&issueType=r,2026-07-15,"Non-contiguous confirmed model years reflect the verified records; gaps are preserved, not bridged.",2,2
Mercury,Grand Marquis,1981-2011,1981,2011,Discontinued,Passenger Car,United States,Yes,Original Source,Fully Verified,EPA FuelEconomy.gov Vehicle Fuel Economy Dataset,https://www.fueleconomy.gov/feg/epadata/vehicles.csv,NHTSA Product Information Catalog (vehicle products API),https://api.nhtsa.gov/products/vehicle/models?modelYear=1981&make=MERCURY&issueType=r,2026-07-15,,2,2
Mercury,Lynx,1982-1987,1982,1987,Discontinued,Passenger Car,United States,No,Added - Missing Model,Fully Verified,EPA FuelEconomy.gov Vehicle Fuel Economy Dataset,https://www.fueleconomy.gov/feg/epadata/vehicles.csv,NHTSA Product Information Catalog (vehicle products API),https://api.nhtsa.gov/products/vehicle/models?modelYear=1982&make=MERCURY&issueType=r,2026-07-15,,2,2
Mercury,Marauder,2003-2004,2003,2004,Discontinued,Passenger Car,United States,No,Added - Missing Model,Fully Verified,EPA FuelEconomy.gov Vehicle Fuel Economy Dataset,https://www.fueleconomy.gov/feg/epadata/vehicles.csv,NHTSA Product Information Catalog (vehicle products API),https://api.nhtsa.gov/products/vehicle/models?modelYear=2003&make=MERCURY&issueType=r,2026-07-15,,2,2
Mercury,Mariner,2005-2011,2005,2011,Discontinued,SUV/Crossover,United States,No,Added - Missing Model,Fully Verified,EPA FuelEconomy.gov Vehicle Fuel Economy Dataset,https://www.fueleconomy.gov/feg/epadata/vehicles.csv,NHTSA Product Information Catalog (vehicle products API),https://api.nhtsa.gov/products/vehicle/models?modelYear=2005&make=MERCURY&issueType=r,2026-07-15,,2,2
Mercury,Marquis,1982-1991,1982,1991,Discontinued,Passenger Car,United States,No,Added - Missing Model,Fully Verified,EPA FuelEconomy.gov Vehicle Fuel Economy Dataset,https://www.fueleconomy.gov/feg/epadata/vehicles.csv,NHTSA Product Information Catalog (vehicle products API),https://api.nhtsa.gov/products/vehicle/models?modelYear=1982&make=MERCURY&issueType=r,2026-07-15,,2,2
Mercury,Milan,2006-2011,2006,2011,Discontinued,Passenger Car,United States,No,Added - Missing Model,Fully Verified,EPA FuelEconomy.gov Vehicle Fuel Economy Dataset,https://www.fueleconomy.gov/feg/epadata/vehicles.csv,NHTSA Product Information Catalog (vehicle products API),https://api.nhtsa.gov/products/vehicle/models?modelYear=2006&make=MERCURY&issueType=r,2026-07-15,,2,2
Mercury,Montego,2004-2007,2004,2007,Discontinued,Passenger Car,United States,No,Added - Missing Model,Fully Verified,EPA FuelEconomy.gov Vehicle Fuel Economy Dataset,https://www.fueleconomy.gov/feg/epadata/vehicles.csv,NHTSA Product Information Catalog (vehicle products API),https://api.nhtsa.gov/products/vehicle/models?modelYear=2004&make=MERCURY&issueType=r,2026-07-15,,2,2
Mercury,Monterey,2004-2007,2004,2007,Discontinued,Minivan,United States,No,Added - Missing Model,Fully Verified,EPA FuelEconomy.gov Vehicle Fuel Economy Dataset,https://www.fueleconomy.gov/feg/epadata/vehicles.csv,NHTSA Product Information Catalog (vehicle products API),https://api.nhtsa.gov/products/vehicle/models?modelYear=2004&make=MERCURY&issueType=r,2026-07-15,,2,2
Mercury,Mountaineer,1996-2010,1996,2010,Discontinued,SUV/Crossover,United States,Yes,Original Source,Fully Verified,EPA FuelEconomy.gov Vehicle Fuel Economy Dataset,https://www.fueleconomy.gov/feg/epadata/vehicles.csv,NHTSA Product Information Catalog (vehicle products API),https://api.nhtsa.gov/products/vehicle/models?modelYear=1996&make=MERCURY&issueType=r,2026-07-15,,2,2
Mercury,Mystique,1994-2002,1994,2002,Discontinued,Passenger Car,United States,No,Added - Missing Model,Fully Verified,EPA FuelEconomy.gov Vehicle Fuel Economy Dataset,https://www.fueleconomy.gov/feg/epadata/vehicles.csv,NHTSA Product Information Catalog (vehicle products API),https://api.nhtsa.gov/products/vehicle/models?modelYear=1994&make=MERCURY&issueType=r,2026-07-15,,2,2
Mercury,Sable,1984; 1986-2006; 2008-2009,1984,2009,Discontinued,Passenger Car,United States,No,Added - Missing Model,Fully Verified,EPA FuelEconomy.gov Vehicle Fuel Economy Dataset,https://www.fueleconomy.gov/feg/epadata/vehicles.csv,NHTSA Product Information Catalog (vehicle products API),https://api.nhtsa.gov/products/vehicle/models?modelYear=1984&make=MERCURY&issueType=r,2026-07-15,"Non-contiguous confirmed model years reflect the verified records; gaps are preserved, not bridged.",2,2
Mercury,Topaz,1983-1995; 1998,1983,1998,Discontinued,Passenger Car,United States,No,Added - Missing Model,Fully Verified,EPA FuelEconomy.gov Vehicle Fuel Economy Dataset,https://www.fueleconomy.gov/feg/epadata/vehicles.csv,NHTSA Product Information Catalog (vehicle products API),https://api.nhtsa.gov/products/vehicle/models?modelYear=1983&make=MERCURY&issueType=r,2026-07-15,"Non-contiguous confirmed model years reflect the verified records; gaps are preserved, not bridged.",2,2
Mercury,Tracer,1988-2000,1988,2000,Discontinued,Passenger Car,United States,No,Added - Missing Model,Fully Verified,EPA FuelEconomy.gov Vehicle Fuel Economy Dataset,https://www.fueleconomy.gov/feg/epadata/vehicles.csv,NHTSA Product Information Catalog (vehicle products API),https://api.nhtsa.gov/products/vehicle/models?modelYear=1988&make=MERCURY&issueType=r,2026-07-15,,2,2
Mercury,Villager,1992-2002,1992,2002,Discontinued,Multiple Categories,United States,No,Added - Missing Model,Fully Verified,EPA FuelEconomy.gov Vehicle Fuel Economy Dataset,https://www.fueleconomy.gov/feg/epadata/vehicles.csv,NHTSA Product Information Catalog (vehicle products API),https://api.nhtsa.gov/products/vehicle/models?modelYear=1992&make=MERCURY&issueType=r,2026-07-15,,2,2
Mercury,Zephyr,1982-1983; 1994,1982,1994,Discontinued,Passenger Car,United States,No,Added - Missing Model,Government Verified,NHTSA Product Information Catalog (vehicle products API),https://api.nhtsa.gov/products/vehicle/models?modelYear=1982&make=MERCURY&issueType=r,NHTSA vPIC (VIN product data),https://vpic.nhtsa.dot.gov/api/vehicles/GetModelsForMake/Mercury?format=json,2026-07-15,"Non-contiguous confirmed model years reflect the verified records; gaps are preserved, not bridged. Upgraded to Fully Verified in V2: independently confirmed by NHTSA vPIC product data. V3 source-status correction: confirmation came from two NHTSA datasets (Recall + vPIC), which is cross-dataset confirmation within one organization, not independent multi-source verification.",1,2
Merkur,Scorpio,1988-1989,1988,1989,Discontinued,Passenger Car,United States,No,Added - Missing Make and Model,Fully Verified,EPA FuelEconomy.gov Vehicle Fuel Economy Dataset,https://www.fueleconomy.gov/feg/epadata/vehicles.csv,NHTSA Product Information Catalog (vehicle products API),https://api.nhtsa.gov/products/vehicle/models?modelYear=1988&make=MERKUR&issueType=r,2026-07-15,,2,2
Merkur,XR4Ti,1985-1989,1985,1989,Discontinued,Passenger Car,United States,No,Added - Missing Make and Model,Fully Verified,EPA FuelEconomy.gov Vehicle Fuel Economy Dataset,https://www.fueleconomy.gov/feg/epadata/vehicles.csv,NHTSA Product Information Catalog (vehicle products API),https://api.nhtsa.gov/products/vehicle/models?modelYear=1985&make=MERKUR&issueType=r,2026-07-15,,2,2
Mini,Clubman,2008-2024,2008,2024,Discontinued,Passenger Car,United States,No,Added - Missing Model,Fully Verified,EPA FuelEconomy.gov Vehicle Fuel Economy Dataset,https://www.fueleconomy.gov/feg/epadata/vehicles.csv,NHTSA Product Information Catalog (vehicle products API),https://api.nhtsa.gov/products/vehicle/models?modelYear=2008&make=MINI&issueType=r,2026-07-15,,2,2
Mini,Convertible,2005-2026,2005,2026,Active,Passenger Car,United States,No,Added - Missing Model,Fully Verified,EPA FuelEconomy.gov Vehicle Fuel Economy Dataset,https://www.fueleconomy.gov/feg/epadata/vehicles.csv,NHTSA Product Information Catalog (vehicle products API),https://api.nhtsa.gov/products/vehicle/models?modelYear=2005&make=MINI&issueType=r,2026-07-15,,2,2
Mini,Cooper,2002-2015; 2017-2020; 2022-2026,2002,2026,Active,Passenger Car,United States,Yes,Original Source,Fully Verified,EPA FuelEconomy.gov Vehicle Fuel Economy Dataset,https://www.fueleconomy.gov/feg/epadata/vehicles.csv,NHTSA Product Information Catalog (vehicle products API),https://api.nhtsa.gov/products/vehicle/models?modelYear=2002&make=MINI&issueType=r,2026-07-15,"Non-contiguous confirmed model years reflect the verified records; gaps are preserved, not bridged.",2,2
Mini,Countryman,2011-2027,2011,2027,Active,Multiple Categories,United States,No,Added - Missing Model,Fully Verified,EPA FuelEconomy.gov Vehicle Fuel Economy Dataset,https://www.fueleconomy.gov/feg/epadata/vehicles.csv,NHTSA Product Information Catalog (vehicle products API),https://api.nhtsa.gov/products/vehicle/models?modelYear=2011&make=MINI&issueType=r,2026-07-15,MY2027 record officially published in government data by the 2026-07-15 research cutoff.,2,2
Mini,Coupe,2012-2015,2012,2015,Discontinued,Passenger Car,United States,No,Added - Missing Model,Fully Verified,EPA FuelEconomy.gov Vehicle Fuel Economy Dataset,https://www.fueleconomy.gov/feg/epadata/vehicles.csv,NHTSA Product Information Catalog (vehicle products API),https://api.nhtsa.gov/products/vehicle/models?modelYear=2012&make=MINI&issueType=r,2026-07-15,,2,2
Mini,Hardtop,2011-2025,2011,2025,Active,Passenger Car,United States,No,Added - Missing Model,Fully Verified,EPA FuelEconomy.gov Vehicle Fuel Economy Dataset,https://www.fueleconomy.gov/feg/epadata/vehicles.csv,NHTSA Product Information Catalog (vehicle products API),https://api.nhtsa.gov/products/vehicle/models?modelYear=2011&make=MINI&issueType=r,2026-07-15,,2,2
Mini,John Cooper Works,2009-2013,2009,2013,Discontinued,Passenger Car,United States,No,Added - Missing Model,Fully Verified,EPA FuelEconomy.gov Vehicle Fuel Economy Dataset,https://www.fueleconomy.gov/feg/epadata/vehicles.csv,NHTSA Product Information Catalog (vehicle products API),https://api.nhtsa.gov/products/vehicle/models?modelYear=2009&make=MINI&issueType=r,2026-07-15,,2,2
Mini,John Cooper Works GP,2021,2021,2021,Discontinued,Passenger Car,United States,No,Added - Missing Model,Government Verified,EPA FuelEconomy.gov Vehicle Fuel Economy Dataset,https://www.fueleconomy.gov/feg/epadata/vehicles.csv,,,2026-07-15,,1,1
Mini,John Cooper Works GP-2,2013,2013,2013,Discontinued,Passenger Car,United States,No,Added - Missing Model,Government Verified,EPA FuelEconomy.gov Vehicle Fuel Economy Dataset,https://www.fueleconomy.gov/feg/epadata/vehicles.csv,,,2026-07-15,,1,1
Mini,Paceman,2013-2016,2013,2016,Discontinued,Passenger Car,United States,No,Added - Missing Model,Fully Verified,EPA FuelEconomy.gov Vehicle Fuel Economy Dataset,https://www.fueleconomy.gov/feg/epadata/vehicles.csv,NHTSA Product Information Catalog (vehicle products API),https://api.nhtsa.gov/products/vehicle/models?modelYear=2013&make=MINI&issueType=r,2026-07-15,,2,2
Mini,Roadster,2012-2015,2012,2015,Discontinued,Passenger Car,United States,No,Added - Missing Model,Fully Verified,EPA FuelEconomy.gov Vehicle Fuel Economy Dataset,https://www.fueleconomy.gov/feg/epadata/vehicles.csv,NHTSA Product Information Catalog (vehicle products API),https://api.nhtsa.gov/products/vehicle/models?modelYear=2012&make=MINI&issueType=r,2026-07-15,,2,2
Mitsubishi,3000GT,1991-1999; 2001-2002,1991,2002,Discontinued,Passenger Car,United States,No,Added - Missing Model,Fully Verified,EPA FuelEconomy.gov Vehicle Fuel Economy Dataset,https://www.fueleconomy.gov/feg/epadata/vehicles.csv,NHTSA Product Information Catalog (vehicle products API),https://api.nhtsa.gov/products/vehicle/models?modelYear=1991&make=MITSUBISHI&issueType=r,2026-07-15,"Non-contiguous confirmed model years reflect the verified records; gaps are preserved, not bridged.",2,2
Mitsubishi,Cordia,1983-1988,1983,1988,Discontinued,Passenger Car,United States,No,Added - Missing Model,Fully Verified,EPA FuelEconomy.gov Vehicle Fuel Economy Dataset,https://www.fueleconomy.gov/feg/epadata/vehicles.csv,NHTSA Product Information Catalog (vehicle products API),https://api.nhtsa.gov/products/vehicle/models?modelYear=1984&make=MITSUBISHI&issueType=r,2026-07-15,Model year(s) [1983] added in V3 from the official EPA 1980-1983 historical dataset.,2,3
Mitsubishi,Diamante,1992-2005,1992,2005,Discontinued,Passenger Car,United States,No,Added - Missing Model,Fully Verified,EPA FuelEconomy.gov Vehicle Fuel Economy Dataset,https://www.fueleconomy.gov/feg/epadata/vehicles.csv,NHTSA Product Information Catalog (vehicle products API),https://api.nhtsa.gov/products/vehicle/models?modelYear=1992&make=MITSUBISHI&issueType=r,2026-07-15,,2,2
Mitsubishi,Eclipse,1989-2012,1989,2012,Discontinued,Passenger Car,United States,Yes,Original Source,Fully Verified,EPA FuelEconomy.gov Vehicle Fuel Economy Dataset,https://www.fueleconomy.gov/feg/epadata/vehicles.csv,NHTSA Product Information Catalog (vehicle products API),https://api.nhtsa.gov/products/vehicle/models?modelYear=1989&make=MITSUBISHI&issueType=r,2026-07-15,,2,2
Mitsubishi,Eclipse Cross,2018-2020; 2022-2026,2018,2026,Active,SUV/Crossover,United States,No,Added - Missing Model,Fully Verified,EPA FuelEconomy.gov Vehicle Fuel Economy Dataset,https://www.fueleconomy.gov/feg/epadata/vehicles.csv,NHTSA Product Information Catalog (vehicle products API),https://api.nhtsa.gov/products/vehicle/models?modelYear=2018&make=MITSUBISHI&issueType=r,2026-07-15,"Non-contiguous confirmed model years reflect the verified records; gaps are preserved, not bridged.",2,2
Mitsubishi,Endeavor,2004-2011,2004,2011,Discontinued,SUV/Crossover,United States,No,Added - Missing Model,Fully Verified,EPA FuelEconomy.gov Vehicle Fuel Economy Dataset,https://www.fueleconomy.gov/feg/epadata/vehicles.csv,NHTSA Product Information Catalog (vehicle products API),https://api.nhtsa.gov/products/vehicle/models?modelYear=2004&make=MITSUBISHI&issueType=r,2026-07-15,,2,2
Mitsubishi,Expo,1992-1996; 2003,1992,2003,Discontinued,Passenger Car,United States,No,Added - Missing Model,Fully Verified,EPA FuelEconomy.gov Vehicle Fuel Economy Dataset,https://www.fueleconomy.gov/feg/epadata/vehicles.csv,NHTSA Product Information Catalog (vehicle products API),https://api.nhtsa.gov/products/vehicle/models?modelYear=1992&make=MITSUBISHI&issueType=r,2026-07-15,"Non-contiguous confirmed model years reflect the verified records; gaps are preserved, not bridged.",2,2
Mitsubishi,Galant,1985-2012,1985,2012,Discontinued,Passenger Car,United States,No,Added - Missing Model,Fully Verified,EPA FuelEconomy.gov Vehicle Fuel Economy Dataset,https://www.fueleconomy.gov/feg/epadata/vehicles.csv,NHTSA Product Information Catalog (vehicle products API),https://api.nhtsa.gov/products/vehicle/models?modelYear=1985&make=MITSUBISHI&issueType=r,2026-07-15,,2,2
Mitsubishi,Galant Sigma,1988,1988,1988,Discontinued,Passenger Car,United States,No,Added - Missing Model,Government Verified,EPA FuelEconomy.gov Vehicle Fuel Economy Dataset,https://www.fueleconomy.gov/feg/epadata/vehicles.csv,,,2026-07-15,,1,1
Mitsubishi,Lancer,1996; 2000; 2002-2017,1996,2017,Discontinued,Passenger Car,United States,Yes,Original Source,Fully Verified,EPA FuelEconomy.gov Vehicle Fuel Economy Dataset,https://www.fueleconomy.gov/feg/epadata/vehicles.csv,NHTSA Product Information Catalog (vehicle products API),https://api.nhtsa.gov/products/vehicle/models?modelYear=1996&make=MITSUBISHI&issueType=r,2026-07-15,"Non-contiguous confirmed model years reflect the verified records; gaps are preserved, not bridged.",2,2
Mitsubishi,Mighty Max,1985-1992; 1994-1996,1985,1996,Discontinued,Pickup Truck,United States,No,Added - Missing Model,Government Verified,NHTSA Product Information Catalog (vehicle products API),https://api.nhtsa.gov/products/vehicle/models?modelYear=1985&make=MITSUBISHI&issueType=r,NHTSA vPIC (VIN product data),https://vpic.nhtsa.dot.gov/api/vehicles/GetModelsForMake/Mitsubishi?format=json,2026-07-15,"Non-contiguous confirmed model years reflect the verified records; gaps are preserved, not bridged. Upgraded to Fully Verified in V2: independently confirmed by NHTSA vPIC product data. V3 source-status correction: confirmation came from two NHTSA datasets (Recall + vPIC), which is cross-dataset confirmation within one organization, not independent multi-source verification.",1,2
Mitsubishi,Mirage,1985-2002; 2014-2024,1985,2024,Discontinued,Passenger Car,United States,No,Added - Missing Model,Fully Verified,EPA FuelEconomy.gov Vehicle Fuel Economy Dataset,https://www.fueleconomy.gov/feg/epadata/vehicles.csv,NHTSA Product Information Catalog (vehicle products API),https://api.nhtsa.gov/products/vehicle/models?modelYear=1985&make=MITSUBISHI&issueType=r,2026-07-15,"Non-contiguous confirmed model years reflect the verified records; gaps are preserved, not bridged.",2,2
Mitsubishi,Mirage G4,2017-2024,2017,2024,Discontinued,Passenger Car,United States,No,Added - Missing Model,Fully Verified,EPA FuelEconomy.gov Vehicle Fuel Economy Dataset,https://www.fueleconomy.gov/feg/epadata/vehicles.csv,NHTSA Product Information Catalog (vehicle products API),https://api.nhtsa.gov/products/vehicle/models?modelYear=2017&make=MITSUBISHI&issueType=r,2026-07-15,,2,2
Mitsubishi,Montero,1983-2006,1983,2006,Discontinued,SUV/Crossover,United States,No,Added - Missing Model,Fully Verified,EPA FuelEconomy.gov Vehicle Fuel Economy Dataset,https://www.fueleconomy.gov/feg/epadata/vehicles.csv,NHTSA Product Information Catalog (vehicle products API),https://api.nhtsa.gov/products/vehicle/models?modelYear=1984&make=MITSUBISHI&issueType=r,2026-07-15,Model year(s) [1983] added in V3 from the official EPA 1980-1983 historical dataset.,2,3
Mitsubishi,Montero Sport,1997-2004; 2009,1997,2009,Discontinued,SUV/Crossover,United States,No,Added - Missing Model,Fully Verified,EPA FuelEconomy.gov Vehicle Fuel Economy Dataset,https://www.fueleconomy.gov/feg/epadata/vehicles.csv,NHTSA Product Information Catalog (vehicle products API),https://api.nhtsa.gov/products/vehicle/models?modelYear=1997&make=MITSUBISHI&issueType=r,2026-07-15,"Non-contiguous confirmed model years reflect the verified records; gaps are preserved, not bridged.",2,2
Mitsubishi,Nativa,1997-2004,1997,2004,Discontinued,SUV/Crossover,United States,No,Added - Missing Model,Fully Verified,EPA FuelEconomy.gov Vehicle Fuel Economy Dataset,https://www.fueleconomy.gov/feg/epadata/vehicles.csv,NHTSA Product Information Catalog (vehicle products API),https://api.nhtsa.gov/products/vehicle/models?modelYear=1997&make=MITSUBISHI&issueType=r,2026-07-15,,2,2
Mitsubishi,Outlander,2003-2026,2003,2026,Active,SUV/Crossover,United States,Yes,Original Source,Fully Verified,EPA FuelEconomy.gov Vehicle Fuel Economy Dataset,https://www.fueleconomy.gov/feg/epadata/vehicles.csv,NHTSA Product Information Catalog (vehicle products API),https://api.nhtsa.gov/products/vehicle/models?modelYear=2003&make=MITSUBISHI&issueType=r,2026-07-15,,2,2
Mitsubishi,Outlander Sport,2011-2026,2011,2026,Active,SUV/Crossover,United States,No,Added - Missing Model,Fully Verified,EPA FuelEconomy.gov Vehicle Fuel Economy Dataset,https://www.fueleconomy.gov/feg/epadata/vehicles.csv,NHTSA Product Information Catalog (vehicle products API),https://api.nhtsa.gov/products/vehicle/models?modelYear=2011&make=MITSUBISHI&issueType=r,2026-07-15,,2,2
Mitsubishi,Precis,1983-1984; 1987-1993,1983,1993,Discontinued,Passenger Car,United States,No,Added - Missing Model,Fully Verified,EPA FuelEconomy.gov Vehicle Fuel Economy Dataset,https://www.fueleconomy.gov/feg/epadata/vehicles.csv,NHTSA Product Information Catalog (vehicle products API),https://api.nhtsa.gov/products/vehicle/models?modelYear=1984&make=MITSUBISHI&issueType=r,2026-07-15,"Non-contiguous confirmed model years reflect the verified records; gaps are preserved, not bridged. Model year(s) [1983] added in V3 from the official EPA 1980-1983 historical dataset.",2,3
Mitsubishi,Raider,2006-2010,2006,2010,Discontinued,Pickup Truck,United States,No,Added - Missing Model,Fully Verified,EPA FuelEconomy.gov Vehicle Fuel Economy Dataset,https://www.fueleconomy.gov/feg/epadata/vehicles.csv,NHTSA Product Information Catalog (vehicle products API),https://api.nhtsa.gov/products/vehicle/models?modelYear=2006&make=MITSUBISHI&issueType=r,2026-07-15,,2,2
Mitsubishi,Sigma,1988-1990,1988,1990,Discontinued,Passenger Car,United States,No,Added - Missing Model,Fully Verified,EPA FuelEconomy.gov Vehicle Fuel Economy Dataset,https://www.fueleconomy.gov/feg/epadata/vehicles.csv,NHTSA Product Information Catalog (vehicle products API),https://api.nhtsa.gov/products/vehicle/models?modelYear=1988&make=MITSUBISHI&issueType=r,2026-07-15,,2,2
Mitsubishi,Space,1984-1991,1984,1991,Discontinued,Multiple Categories,United States,No,Added - Missing Model,Fully Verified,EPA FuelEconomy.gov Vehicle Fuel Economy Dataset,https://www.fueleconomy.gov/feg/epadata/vehicles.csv,NHTSA vPIC (VIN product data),https://vpic.nhtsa.dot.gov/api/vehicles/GetModelsForMake/Mitsubishi?format=json,2026-07-15,Upgraded to Fully Verified in V2: independently confirmed by NHTSA vPIC product data.,2,2
Mitsubishi,Starion,1983-1989,1983,1989,Discontinued,Passenger Car,United States,No,Added - Missing Model,Fully Verified,EPA FuelEconomy.gov Vehicle Fuel Economy Dataset,https://www.fueleconomy.gov/feg/epadata/vehicles.csv,NHTSA Product Information Catalog (vehicle products API),https://api.nhtsa.gov/products/vehicle/models?modelYear=1984&make=MITSUBISHI&issueType=r,2026-07-15,Model year(s) [1983] added in V3 from the official EPA 1980-1983 historical dataset.,2,3
Mitsubishi,Tredia,1983-1988,1983,1988,Discontinued,Passenger Car,United States,No,Added - Missing Model,Fully Verified,EPA FuelEconomy.gov Vehicle Fuel Economy Dataset,https://www.fueleconomy.gov/feg/epadata/vehicles.csv,NHTSA Product Information Catalog (vehicle products API),https://api.nhtsa.gov/products/vehicle/models?modelYear=1984&make=MITSUBISHI&issueType=r,2026-07-15,Model year(s) [1983] added in V3 from the official EPA 1980-1983 historical dataset.,2,3
Mitsubishi,Truck,1983-1996,1983,1996,Discontinued,Pickup Truck,United States,No,Added - Missing Model,Fully Verified,EPA FuelEconomy.gov Vehicle Fuel Economy Dataset,https://www.fueleconomy.gov/feg/epadata/vehicles.csv,NHTSA Product Information Catalog (vehicle products API),https://api.nhtsa.gov/products/vehicle/models?modelYear=1984&make=MITSUBISHI&issueType=r,2026-07-15,Model year(s) [1983] added in V3 from the official EPA 1980-1983 historical dataset.,2,3
Mitsubishi,Van,1987-1990,1987,1990,Discontinued,Van,United States,No,Added - Missing Model,Fully Verified,EPA FuelEconomy.gov Vehicle Fuel Economy Dataset,https://www.fueleconomy.gov/feg/epadata/vehicles.csv,NHTSA Product Information Catalog (vehicle products API),https://api.nhtsa.gov/products/vehicle/models?modelYear=1987&make=MITSUBISHI&issueType=r,2026-07-15,,2,2
Mitsubishi,Wagon,1987-1991,1987,1991,Discontinued,Van,United States,No,Added - Missing Model,Fully Verified,EPA FuelEconomy.gov Vehicle Fuel Economy Dataset,https://www.fueleconomy.gov/feg/epadata/vehicles.csv,NHTSA Product Information Catalog (vehicle products API),https://api.nhtsa.gov/products/vehicle/models?modelYear=1987&make=MITSUBISHI&issueType=r,2026-07-15,,2,2
Mitsubishi,i-MiEV,2012-2014; 2016-2017,2012,2017,Discontinued,Passenger Car,United States,No,Added - Missing Model,Fully Verified,EPA FuelEconomy.gov Vehicle Fuel Economy Dataset,https://www.fueleconomy.gov/feg/epadata/vehicles.csv,NHTSA Product Information Catalog (vehicle products API),https://api.nhtsa.gov/products/vehicle/models?modelYear=2012&make=MITSUBISHI&issueType=r,2026-07-15,"Non-contiguous confirmed model years reflect the verified records; gaps are preserved, not bridged.",2,2
Nissan,200SX,1983-1989; 1991; 1995-1998; 2001,1983,2001,Discontinued,Passenger Car,United States,No,Added - Missing Model,Fully Verified,EPA FuelEconomy.gov Vehicle Fuel Economy Dataset,https://www.fueleconomy.gov/feg/epadata/vehicles.csv,NHTSA Product Information Catalog (vehicle products API),https://api.nhtsa.gov/products/vehicle/models?modelYear=1983&make=NISSAN&issueType=r,2026-07-15,"Non-contiguous confirmed model years reflect the verified records; gaps are preserved, not bridged.",2,2
Nissan,210,1981-1982,1981,1982,Discontinued,Passenger Car,United States,No,Added - Missing Model,Government Verified,NHTSA Product Information Catalog (vehicle products API),https://api.nhtsa.gov/products/vehicle/models?modelYear=1981&make=NISSAN&issueType=r,,,2026-07-15,,1,1
Nissan,240SX,1983; 1989-1998,1983,1998,Discontinued,Passenger Car,United States,No,Added - Missing Model,Fully Verified,EPA FuelEconomy.gov Vehicle Fuel Economy Dataset,https://www.fueleconomy.gov/feg/epadata/vehicles.csv,NHTSA Product Information Catalog (vehicle products API),https://api.nhtsa.gov/products/vehicle/models?modelYear=1983&make=NISSAN&issueType=r,2026-07-15,"Non-contiguous confirmed model years reflect the verified records; gaps are preserved, not bridged.",2,2
Nissan,280Z,1980-1983,1980,1983,Discontinued,Passenger Car,United States,No,Added - Missing Model,Government Verified,NHTSA Product Information Catalog (vehicle products API),https://api.nhtsa.gov/products/vehicle/models?modelYear=1980&make=NISSAN&issueType=r,,,2026-07-15,,1,1
Nissan,300ZX,1983-1996,1983,1996,Discontinued,Passenger Car,United States,No,Added - Missing Model,Fully Verified,EPA FuelEconomy.gov Vehicle Fuel Economy Dataset,https://www.fueleconomy.gov/feg/epadata/vehicles.csv,NHTSA Product Information Catalog (vehicle products API),https://api.nhtsa.gov/products/vehicle/models?modelYear=1983&make=NISSAN&issueType=r,2026-07-15,,2,2
Nissan,350Z,2003-2009,2003,2009,Discontinued,Passenger Car,United States,No,Added - Missing Model,Fully Verified,EPA FuelEconomy.gov Vehicle Fuel Economy Dataset,https://www.fueleconomy.gov/feg/epadata/vehicles.csv,NHTSA Product Information Catalog (vehicle products API),https://api.nhtsa.gov/products/vehicle/models?modelYear=2003&make=NISSAN&issueType=r,2026-07-15,,2,2
Nissan,370Z,2009-2021,2009,2021,Discontinued,Passenger Car,United States,No,Added - Missing Model,Fully Verified,EPA FuelEconomy.gov Vehicle Fuel Economy Dataset,https://www.fueleconomy.gov/feg/epadata/vehicles.csv,NHTSA Product Information Catalog (vehicle products API),https://api.nhtsa.gov/products/vehicle/models?modelYear=2009&make=NISSAN&issueType=r,2026-07-15,,2,2
Nissan,ARIYA,2023-2026,2023,2026,Active,Multiple Categories,United States,No,Added - Missing Model,Fully Verified,EPA FuelEconomy.gov Vehicle Fuel Economy Dataset,https://www.fueleconomy.gov/feg/epadata/vehicles.csv,NHTSA Product Information Catalog (vehicle products API),https://api.nhtsa.gov/products/vehicle/models?modelYear=2023&make=NISSAN&issueType=r,2026-07-15,,2,2
Nissan,Altima,1993-2026,1993,2026,Active,Passenger Car,United States,Yes,Original Source,Fully Verified,EPA FuelEconomy.gov Vehicle Fuel Economy Dataset,https://www.fueleconomy.gov/feg/epadata/vehicles.csv,NHTSA Product Information Catalog (vehicle products API),https://api.nhtsa.gov/products/vehicle/models?modelYear=1993&make=NISSAN&issueType=r,2026-07-15,,2,2
Nissan,Altra EV,2000; 2002,2000,2002,Discontinued,Passenger Car,United States,No,Added - Missing Model,Fully Verified,EPA FuelEconomy.gov Vehicle Fuel Economy Dataset,https://www.fueleconomy.gov/feg/epadata/vehicles.csv,NHTSA vPIC (VIN product data),https://vpic.nhtsa.dot.gov/api/vehicles/GetModelsForMake/Nissan?format=json,2026-07-15,"Non-contiguous confirmed model years reflect the verified records; gaps are preserved, not bridged. Upgraded to Fully Verified in V2: independently confirmed by NHTSA vPIC product data.",2,2
Nissan,Armada,2004-2026,2004,2026,Active,SUV/Crossover,United States,Yes,Original Source,Fully Verified,EPA FuelEconomy.gov Vehicle Fuel Economy Dataset,https://www.fueleconomy.gov/feg/epadata/vehicles.csv,NHTSA Product Information Catalog (vehicle products API),https://api.nhtsa.gov/products/vehicle/models?modelYear=2004&make=NISSAN&issueType=r,2026-07-15,,2,2
Nissan,Axxess,1990-1992,1990,1992,Discontinued,SUV/Crossover,United States,No,Added - Missing Model,Fully Verified,EPA FuelEconomy.gov Vehicle Fuel Economy Dataset,https://www.fueleconomy.gov/feg/epadata/vehicles.csv,NHTSA Product Information Catalog (vehicle products API),https://api.nhtsa.gov/products/vehicle/models?modelYear=1990&make=NISSAN&issueType=r,2026-07-15,,2,2
Nissan,Datsun,1980-1982; 1984,1980,1984,Discontinued,Passenger Car,United States,No,Added - Missing Model,Government Verified,NHTSA Product Information Catalog (vehicle products API),https://api.nhtsa.gov/products/vehicle/models?modelYear=1980&make=NISSAN&issueType=r,,,2026-07-15,"Non-contiguous confirmed model years reflect the verified records; gaps are preserved, not bridged.",1,1
Nissan,Frontier,1998-2026,1998,2026,Active,Pickup Truck,United States,Yes,Original Source,Fully Verified,EPA FuelEconomy.gov Vehicle Fuel Economy Dataset,https://www.fueleconomy.gov/feg/epadata/vehicles.csv,NHTSA Product Information Catalog (vehicle products API),https://api.nhtsa.gov/products/vehicle/models?modelYear=1998&make=NISSAN&issueType=r,2026-07-15,,2,2
Nissan,GT-R,2009-2021; 2023-2024,2009,2024,Discontinued,Passenger Car,United States,No,Added - Missing Model,Fully Verified,EPA FuelEconomy.gov Vehicle Fuel Economy Dataset,https://www.fueleconomy.gov/feg/epadata/vehicles.csv,NHTSA Product Information Catalog (vehicle products API),https://api.nhtsa.gov/products/vehicle/models?modelYear=2009&make=NISSAN&issueType=r,2026-07-15,"Non-contiguous confirmed model years reflect the verified records; gaps are preserved, not bridged.",2,2
Nissan,Hyper-MINI,2001,2001,2001,Discontinued,Passenger Car,United States,No,Added - Missing Model,Government Verified,EPA FuelEconomy.gov Vehicle Fuel Economy Dataset,https://www.fueleconomy.gov/feg/epadata/vehicles.csv,,,2026-07-15,,1,1
Nissan,JUKE,2011-2017,2011,2017,Discontinued,Passenger Car,United States,No,Added - Missing Model,Fully Verified,EPA FuelEconomy.gov Vehicle Fuel Economy Dataset,https://www.fueleconomy.gov/feg/epadata/vehicles.csv,NHTSA Product Information Catalog (vehicle products API),https://api.nhtsa.gov/products/vehicle/models?modelYear=2011&make=NISSAN&issueType=r,2026-07-15,,2,2
Nissan,Kicks,2018-2026,2018,2026,Active,Multiple Categories,United States,No,Added - Missing Model,Fully Verified,EPA FuelEconomy.gov Vehicle Fuel Economy Dataset,https://www.fueleconomy.gov/feg/epadata/vehicles.csv,NHTSA Product Information Catalog (vehicle products API),https://api.nhtsa.gov/products/vehicle/models?modelYear=2018&make=NISSAN&issueType=r,2026-07-15,,2,2
Nissan,LEAF,2010-2026,2010,2026,Active,Passenger Car,United States,No,Added - Missing Model,Fully Verified,EPA FuelEconomy.gov Vehicle Fuel Economy Dataset,https://www.fueleconomy.gov/feg/epadata/vehicles.csv,NHTSA Product Information Catalog (vehicle products API),https://api.nhtsa.gov/products/vehicle/models?modelYear=2010&make=NISSAN&issueType=r,2026-07-15,,2,2
Nissan,Maxima,1982-2023,1982,2023,Discontinued,Passenger Car,United States,Yes,Existing Standardized Catalog,Fully Verified,EPA FuelEconomy.gov Vehicle Fuel Economy Dataset,https://www.fueleconomy.gov/feg/epadata/vehicles.csv,NHTSA Product Information Catalog (vehicle products API),https://api.nhtsa.gov/products/vehicle/models?modelYear=1982&make=NISSAN&issueType=r,2026-07-15,,2,2
Nissan,Murano,2003-2026,2003,2026,Active,Multiple Categories,United States,Yes,Original Source,Fully Verified,EPA FuelEconomy.gov Vehicle Fuel Economy Dataset,https://www.fueleconomy.gov/feg/epadata/vehicles.csv,NHTSA Product Information Catalog (vehicle products API),https://api.nhtsa.gov/products/vehicle/models?modelYear=2003&make=NISSAN&issueType=r,2026-07-15,,2,2
Nissan,NV Cargo,2012-2021,2012,2021,Discontinued,Van,United States,Yes,Existing Standardized Catalog,Government Verified,NHTSA Product Information Catalog (vehicle products API),https://api.nhtsa.gov/products/vehicle/models?modelYear=2012&make=NISSAN&issueType=r,,,2026-07-15,,1,1
Nissan,NV200,2013-2021,2013,2021,Discontinued,Multiple Categories,United States,No,Added - Missing Model,Fully Verified,EPA FuelEconomy.gov Vehicle Fuel Economy Dataset,https://www.fueleconomy.gov/feg/epadata/vehicles.csv,NHTSA Product Information Catalog (vehicle products API),https://api.nhtsa.gov/products/vehicle/models?modelYear=2013&make=NISSAN&issueType=r,2026-07-15,,2,2
Nissan,NX,1991-1993,1991,1993,Discontinued,Passenger Car,United States,No,Added - Missing Model,Fully Verified,EPA FuelEconomy.gov Vehicle Fuel Economy Dataset,https://www.fueleconomy.gov/feg/epadata/vehicles.csv,NHTSA Product Information Catalog (vehicle products API),https://api.nhtsa.gov/products/vehicle/models?modelYear=1991&make=NISSAN&issueType=r,2026-07-15,,2,2
Nissan,Pathfinder,1986-2020; 2022-2026,1986,2026,Active,Multiple Categories,United States,Yes,Original Source,Fully Verified,EPA FuelEconomy.gov Vehicle Fuel Economy Dataset,https://www.fueleconomy.gov/feg/epadata/vehicles.csv,NHTSA Product Information Catalog (vehicle products API),https://api.nhtsa.gov/products/vehicle/models?modelYear=1986&make=NISSAN&issueType=r,2026-07-15,"Non-contiguous confirmed model years reflect the verified records; gaps are preserved, not bridged.",2,2
Nissan,Pickup (720/D21),1983-1995,1983,1995,Discontinued,Multiple Categories,United States,No,Added - Missing Model,Fully Verified,EPA FuelEconomy.gov Vehicle Fuel Economy Dataset,https://www.fueleconomy.gov/feg/epadata/vehicles.csv,NHTSA Product Information Catalog (vehicle products API),https://api.nhtsa.gov/products/vehicle/models?modelYear=1983&make=NISSAN&issueType=r,2026-07-15,,2,2
Nissan,Pulsar,1983-1990,1983,1990,Discontinued,Passenger Car,United States,No,Added - Missing Model,Fully Verified,EPA FuelEconomy.gov Vehicle Fuel Economy Dataset,https://www.fueleconomy.gov/feg/epadata/vehicles.csv,NHTSA Product Information Catalog (vehicle products API),https://api.nhtsa.gov/products/vehicle/models?modelYear=1983&make=NISSAN&issueType=r,2026-07-15,,2,2
Nissan,Quest,1991-2002; 2004-2009; 2011-2017,1991,2017,Discontinued,Multiple Categories,United States,No,Added - Missing Model,Fully Verified,EPA FuelEconomy.gov Vehicle Fuel Economy Dataset,https://www.fueleconomy.gov/feg/epadata/vehicles.csv,NHTSA Product Information Catalog (vehicle products API),https://api.nhtsa.gov/products/vehicle/models?modelYear=1991&make=NISSAN&issueType=r,2026-07-15,"Non-contiguous confirmed model years reflect the verified records; gaps are preserved, not bridged.",2,2
Nissan,Rogue,1999; 2007-2026,1999,2026,Active,SUV/Crossover,United States,Yes,Original Source,Fully Verified,EPA FuelEconomy.gov Vehicle Fuel Economy Dataset,https://www.fueleconomy.gov/feg/epadata/vehicles.csv,NHTSA Product Information Catalog (vehicle products API),https://api.nhtsa.gov/products/vehicle/models?modelYear=1999&make=NISSAN&issueType=r,2026-07-15,"Non-contiguous confirmed model years reflect the verified records; gaps are preserved, not bridged.",2,2
Nissan,Rogue Sport,2017-2022,2017,2022,Discontinued,Passenger Car,United States,No,Added - Missing Model,Fully Verified,EPA FuelEconomy.gov Vehicle Fuel Economy Dataset,https://www.fueleconomy.gov/feg/epadata/vehicles.csv,NHTSA Product Information Catalog (vehicle products API),https://api.nhtsa.gov/products/vehicle/models?modelYear=2017&make=NISSAN&issueType=r,2026-07-15,,2,2
Nissan,Sentra,1982-2026,1982,2026,Active,Passenger Car,United States,Yes,Original Source,Fully Verified,EPA FuelEconomy.gov Vehicle Fuel Economy Dataset,https://www.fueleconomy.gov/feg/epadata/vehicles.csv,NHTSA Product Information Catalog (vehicle products API),https://api.nhtsa.gov/products/vehicle/models?modelYear=1982&make=NISSAN&issueType=r,2026-07-15,,2,2
Nissan,Stanza,1983-1996,1983,1996,Discontinued,Multiple Categories,United States,No,Added - Missing Model,Fully Verified,EPA FuelEconomy.gov Vehicle Fuel Economy Dataset,https://www.fueleconomy.gov/feg/epadata/vehicles.csv,NHTSA Product Information Catalog (vehicle products API),https://api.nhtsa.gov/products/vehicle/models?modelYear=1983&make=NISSAN&issueType=r,2026-07-15,,2,2
Nissan,Titan,2004-2015; 2017-2024,2004,2024,Discontinued,Pickup Truck,United States,Yes,Original Source,Fully Verified,EPA FuelEconomy.gov Vehicle Fuel Economy Dataset,https://www.fueleconomy.gov/feg/epadata/vehicles.csv,NHTSA Product Information Catalog (vehicle products API),https://api.nhtsa.gov/products/vehicle/models?modelYear=2004&make=NISSAN&issueType=r,2026-07-15,"Non-contiguous confirmed model years reflect the verified records; gaps are preserved, not bridged.",2,2
Nissan,Titan XD,2016-2020; 2023,2016,2023,Discontinued,Pickup Truck,United States,No,Added - Missing Model,Government Verified,NHTSA Product Information Catalog (vehicle products API),https://api.nhtsa.gov/products/vehicle/models?modelYear=2016&make=NISSAN&issueType=r,,,2026-07-15,"Non-contiguous confirmed model years reflect the verified records; gaps are preserved, not bridged.",1,1
Nissan,Truck,1981; 1985-1989; 1991-1997,1981,1997,Discontinued,Multiple Categories,United States,No,Added - Missing Model,Fully Verified,EPA FuelEconomy.gov Vehicle Fuel Economy Dataset,https://www.fueleconomy.gov/feg/epadata/vehicles.csv,NHTSA Product Information Catalog (vehicle products API),https://api.nhtsa.gov/products/vehicle/models?modelYear=1981&make=NISSAN&issueType=r,2026-07-15,"Non-contiguous confirmed model years reflect the verified records; gaps are preserved, not bridged.",2,2
Nissan,Van,1987-1988; 1990; 1994,1987,1994,Discontinued,Van,United States,No,Added - Missing Model,Fully Verified,EPA FuelEconomy.gov Vehicle Fuel Economy Dataset,https://www.fueleconomy.gov/feg/epadata/vehicles.csv,NHTSA Product Information Catalog (vehicle products API),https://api.nhtsa.gov/products/vehicle/models?modelYear=1987&make=NISSAN&issueType=r,2026-07-15,"Non-contiguous confirmed model years reflect the verified records; gaps are preserved, not bridged.",2,2
Nissan,Versa,2007-2025,2007,2025,Active,Passenger Car,United States,No,Added - Missing Model,Fully Verified,EPA FuelEconomy.gov Vehicle Fuel Economy Dataset,https://www.fueleconomy.gov/feg/epadata/vehicles.csv,NHTSA Product Information Catalog (vehicle products API),https://api.nhtsa.gov/products/vehicle/models?modelYear=2007&make=NISSAN&issueType=r,2026-07-15,,2,2
Nissan,Xterra,2000-2015,2000,2015,Discontinued,SUV/Crossover,United States,No,Added - Missing Model,Fully Verified,EPA FuelEconomy.gov Vehicle Fuel Economy Dataset,https://www.fueleconomy.gov/feg/epadata/vehicles.csv,NHTSA Product Information Catalog (vehicle products API),https://api.nhtsa.gov/products/vehicle/models?modelYear=2000&make=NISSAN&issueType=r,2026-07-15,,2,2
Nissan,Z,2023-2026,2023,2026,Active,Passenger Car,United States,No,Added - Missing Model,Fully Verified,EPA FuelEconomy.gov Vehicle Fuel Economy Dataset,https://www.fueleconomy.gov/feg/epadata/vehicles.csv,NHTSA Product Information Catalog (vehicle products API),https://api.nhtsa.gov/products/vehicle/models?modelYear=2023&make=NISSAN&issueType=r,2026-07-15,,2,2
Nissan,cube,2009-2014,2009,2014,Discontinued,Passenger Car,United States,No,Added - Missing Model,Fully Verified,EPA FuelEconomy.gov Vehicle Fuel Economy Dataset,https://www.fueleconomy.gov/feg/epadata/vehicles.csv,NHTSA Product Information Catalog (vehicle products API),https://api.nhtsa.gov/products/vehicle/models?modelYear=2009&make=NISSAN&issueType=r,2026-07-15,,2,2
Oldsmobile,Achieva,1992-1998; 2000,1992,2000,Discontinued,Passenger Car,United States,No,Added - Missing Make and Model,Fully Verified,EPA FuelEconomy.gov Vehicle Fuel Economy Dataset,https://www.fueleconomy.gov/feg/epadata/vehicles.csv,NHTSA Product Information Catalog (vehicle products API),https://api.nhtsa.gov/products/vehicle/models?modelYear=1992&make=OLDSMOBILE&issueType=r,2026-07-15,"Non-contiguous confirmed model years reflect the verified records; gaps are preserved, not bridged.",2,2
Oldsmobile,Alero,1998-2004,1998,2004,Discontinued,Passenger Car,United States,No,Added - Missing Make and Model,Fully Verified,EPA FuelEconomy.gov Vehicle Fuel Economy Dataset,https://www.fueleconomy.gov/feg/epadata/vehicles.csv,NHTSA Product Information Catalog (vehicle products API),https://api.nhtsa.gov/products/vehicle/models?modelYear=1998&make=OLDSMOBILE&issueType=r,2026-07-15,,2,2
Oldsmobile,Aurora,1993-2003,1993,2003,Discontinued,Passenger Car,United States,No,Added - Missing Make and Model,Fully Verified,EPA FuelEconomy.gov Vehicle Fuel Economy Dataset,https://www.fueleconomy.gov/feg/epadata/vehicles.csv,NHTSA Product Information Catalog (vehicle products API),https://api.nhtsa.gov/products/vehicle/models?modelYear=1993&make=OLDSMOBILE&issueType=r,2026-07-15,,2,2
Oldsmobile,Bravada,1991-2004,1991,2004,Discontinued,SUV/Crossover,United States,No,Added - Missing Make and Model,Fully Verified,EPA FuelEconomy.gov Vehicle Fuel Economy Dataset,https://www.fueleconomy.gov/feg/epadata/vehicles.csv,NHTSA Product Information Catalog (vehicle products API),https://api.nhtsa.gov/products/vehicle/models?modelYear=1991&make=OLDSMOBILE&issueType=r,2026-07-15,,2,2
Oldsmobile,Calais,1985-1990,1985,1990,Discontinued,Passenger Car,United States,No,Added - Missing Make and Model,Fully Verified,EPA FuelEconomy.gov Vehicle Fuel Economy Dataset,https://www.fueleconomy.gov/feg/epadata/vehicles.csv,NHTSA Product Information Catalog (vehicle products API),https://api.nhtsa.gov/products/vehicle/models?modelYear=1985&make=OLDSMOBILE&issueType=r,2026-07-15,,2,2
Oldsmobile,Custom Cruiser,1980-1994,1980,1994,Discontinued,Passenger Car,United States,No,Added - Missing Make and Model,Fully Verified,EPA FuelEconomy.gov Vehicle Fuel Economy Dataset,https://www.fueleconomy.gov/feg/epadata/vehicles.csv,NHTSA Product Information Catalog (vehicle products API),https://api.nhtsa.gov/products/vehicle/models?modelYear=1983&make=OLDSMOBILE&issueType=r,2026-07-15,"Model year(s) [1980, 1981, 1982] added in V3 from the official EPA 1980-1983 historical dataset.",2,3
Oldsmobile,Cutlass,1980-1995; 1997-1999,1980,1999,Discontinued,Passenger Car,United States,No,Added - Missing Make and Model,Fully Verified,EPA FuelEconomy.gov Vehicle Fuel Economy Dataset,https://www.fueleconomy.gov/feg/epadata/vehicles.csv,NHTSA Product Information Catalog (vehicle products API),https://api.nhtsa.gov/products/vehicle/models?modelYear=1980&make=OLDSMOBILE&issueType=r,2026-07-15,"Non-contiguous confirmed model years reflect the verified records; gaps are preserved, not bridged.",2,3
Oldsmobile,Cutlass Calais,1988-1991,1988,1991,Discontinued,Passenger Car,United States,No,Added - Missing Make and Model,Fully Verified,EPA FuelEconomy.gov Vehicle Fuel Economy Dataset,https://www.fueleconomy.gov/feg/epadata/vehicles.csv,NHTSA Product Information Catalog (vehicle products API),https://api.nhtsa.gov/products/vehicle/models?modelYear=1988&make=OLDSMOBILE&issueType=r,2026-07-15,,2,2
Oldsmobile,Cutlass Ciera,1982-1996,1982,1996,Discontinued,Passenger Car,United States,No,Added - Missing Make and Model,Fully Verified,EPA FuelEconomy.gov Vehicle Fuel Economy Dataset,https://www.fueleconomy.gov/feg/epadata/vehicles.csv,NHTSA Product Information Catalog (vehicle products API),https://api.nhtsa.gov/products/vehicle/models?modelYear=1983&make=OLDSMOBILE&issueType=r,2026-07-15,Model year(s) [1982] added in V3 from the official EPA 1980-1983 historical dataset.,2,3
Oldsmobile,Cutlass Supreme,1980-1997,1980,1997,Discontinued,Passenger Car,United States,No,Added - Missing Make and Model,Fully Verified,EPA FuelEconomy.gov Vehicle Fuel Economy Dataset,https://www.fueleconomy.gov/feg/epadata/vehicles.csv,NHTSA Product Information Catalog (vehicle products API),https://api.nhtsa.gov/products/vehicle/models?modelYear=1984&make=OLDSMOBILE&issueType=r,2026-07-15,"Model year(s) [1980, 1981, 1982, 1983] added in V3 from the official EPA 1980-1983 historical dataset.",2,3
Oldsmobile,Delta 88,1980-1989,1980,1989,Discontinued,Passenger Car,United States,No,Added - Missing Make and Model,Fully Verified,EPA FuelEconomy.gov Vehicle Fuel Economy Dataset,https://www.fueleconomy.gov/feg/epadata/vehicles.csv,NHTSA vPIC (VIN product data),https://vpic.nhtsa.dot.gov/api/vehicles/GetModelsForMake/Oldsmobile?format=json,2026-07-15,"Upgraded to Fully Verified in V2: independently confirmed by NHTSA vPIC product data. Model year(s) [1980, 1981, 1982, 1983] added in V3 from the official EPA 1980-1983 historical dataset.",2,3
Oldsmobile,Eighty-Eight,1981-1982; 1984-1999,1981,1999,Discontinued,Passenger Car,United States,No,Added - Missing Make and Model,Fully Verified,EPA FuelEconomy.gov Vehicle Fuel Economy Dataset,https://www.fueleconomy.gov/feg/epadata/vehicles.csv,NHTSA Product Information Catalog (vehicle products API),https://api.nhtsa.gov/products/vehicle/models?modelYear=1981&make=OLDSMOBILE&issueType=r,2026-07-15,"Non-contiguous confirmed model years reflect the verified records; gaps are preserved, not bridged.",2,2
Oldsmobile,Firenza,1982-1988,1982,1988,Discontinued,Passenger Car,United States,No,Added - Missing Make and Model,Fully Verified,EPA FuelEconomy.gov Vehicle Fuel Economy Dataset,https://www.fueleconomy.gov/feg/epadata/vehicles.csv,NHTSA Product Information Catalog (vehicle products API),https://api.nhtsa.gov/products/vehicle/models?modelYear=1983&make=OLDSMOBILE&issueType=r,2026-07-15,Model year(s) [1982] added in V3 from the official EPA 1980-1983 historical dataset.,2,3
Oldsmobile,Firenza Cruiser,1983-1988,1983,1988,Discontinued,Passenger Car,United States,No,Added - Missing Make and Model,Government Verified,EPA FuelEconomy.gov Vehicle Fuel Economy Dataset,https://www.fueleconomy.gov/feg/epadata/vehicles.csv,,,2026-07-15,Model year(s) [1983] added in V3 from the official EPA 1980-1983 historical dataset.,1,2
Oldsmobile,Intrigue,1996-2002,1996,2002,Discontinued,Passenger Car,United States,No,Added - Missing Make and Model,Fully Verified,EPA FuelEconomy.gov Vehicle Fuel Economy Dataset,https://www.fueleconomy.gov/feg/epadata/vehicles.csv,NHTSA Product Information Catalog (vehicle products API),https://api.nhtsa.gov/products/vehicle/models?modelYear=1996&make=OLDSMOBILE&issueType=r,2026-07-15,,2,2
Oldsmobile,Ninety-Eight,1980-1999,1980,1999,Discontinued,Passenger Car,United States,No,Added - Missing Make and Model,Fully Verified,EPA FuelEconomy.gov Vehicle Fuel Economy Dataset,https://www.fueleconomy.gov/feg/epadata/vehicles.csv,NHTSA Product Information Catalog (vehicle products API),https://api.nhtsa.gov/products/vehicle/models?modelYear=1980&make=OLDSMOBILE&issueType=r,2026-07-15,,2,3
Oldsmobile,Omega,1980-1984,1980,1984,Discontinued,Passenger Car,United States,No,Added - Missing Make and Model,Fully Verified,EPA FuelEconomy.gov Vehicle Fuel Economy Dataset,https://www.fueleconomy.gov/feg/epadata/vehicles.csv,NHTSA Product Information Catalog (vehicle products API),https://api.nhtsa.gov/products/vehicle/models?modelYear=1980&make=OLDSMOBILE&issueType=r,2026-07-15,"Non-contiguous confirmed model years reflect the verified records; gaps are preserved, not bridged. Model year(s) [1982, 1983] added in V3 from the official EPA 1980-1983 historical dataset.",2,3
Oldsmobile,Silhouette,1990-2004,1990,2004,Discontinued,Multiple Categories,United States,No,Added - Missing Make and Model,Fully Verified,EPA FuelEconomy.gov Vehicle Fuel Economy Dataset,https://www.fueleconomy.gov/feg/epadata/vehicles.csv,NHTSA Product Information Catalog (vehicle products API),https://api.nhtsa.gov/products/vehicle/models?modelYear=1990&make=OLDSMOBILE&issueType=r,2026-07-15,,2,2
Oldsmobile,Toronado,1980-1993; 1995,1980,1995,Discontinued,Passenger Car,United States,No,Added - Missing Make and Model,Fully Verified,EPA FuelEconomy.gov Vehicle Fuel Economy Dataset,https://www.fueleconomy.gov/feg/epadata/vehicles.csv,NHTSA Product Information Catalog (vehicle products API),https://api.nhtsa.gov/products/vehicle/models?modelYear=1980&make=OLDSMOBILE&issueType=r,2026-07-15,"Non-contiguous confirmed model years reflect the verified records; gaps are preserved, not bridged. Model year(s) [1983] added in V3 from the official EPA 1980-1983 historical dataset.",2,3
Oldsmobile,Trofeo,1989-1991,1989,1991,Discontinued,Passenger Car,United States,No,Added - Missing Make and Model,Fully Verified,EPA FuelEconomy.gov Vehicle Fuel Economy Dataset,https://www.fueleconomy.gov/feg/epadata/vehicles.csv,NHTSA Product Information Catalog (vehicle products API),https://api.nhtsa.gov/products/vehicle/models?modelYear=1989&make=OLDSMOBILE&issueType=r,2026-07-15,,2,2
Pagani,Huayra,2014; 2016; 2018; 2023,2014,2023,Discontinued,Passenger Car,United States,No,Added - Missing Make and Model,Fully Verified,EPA FuelEconomy.gov Vehicle Fuel Economy Dataset,https://www.fueleconomy.gov/feg/epadata/vehicles.csv,NHTSA Product Information Catalog (vehicle products API),https://api.nhtsa.gov/products/vehicle/models?modelYear=2014&make=PAGANI&issueType=r,2026-07-15,"Non-contiguous confirmed model years reflect the verified records; gaps are preserved, not bridged.",2,2
Pagani,Huayra Roadster BC,2020,2020,2020,Discontinued,Passenger Car,United States,No,Added - Missing Make and Model,Government Verified,EPA FuelEconomy.gov Vehicle Fuel Economy Dataset,https://www.fueleconomy.gov/feg/epadata/vehicles.csv,,,2026-07-15,,1,1
Peugeot,405,1989-1992,1989,1992,Discontinued,Passenger Car,United States,No,Added - Missing Make and Model,Fully Verified,EPA FuelEconomy.gov Vehicle Fuel Economy Dataset,https://www.fueleconomy.gov/feg/epadata/vehicles.csv,NHTSA Product Information Catalog (vehicle products API),https://api.nhtsa.gov/products/vehicle/models?modelYear=1989&make=PEUGEOT&issueType=r,2026-07-15,,2,2
Peugeot,405 Sports,1991-1992,1991,1992,Discontinued,Passenger Car,United States,No,Added - Missing Make and Model,Government Verified,EPA FuelEconomy.gov Vehicle Fuel Economy Dataset,https://www.fueleconomy.gov/feg/epadata/vehicles.csv,,,2026-07-15,,1,1
Peugeot,405 Station,1990,1990,1990,Discontinued,Passenger Car,United States,No,Added - Missing Make and Model,Government Verified,EPA FuelEconomy.gov Vehicle Fuel Economy Dataset,https://www.fueleconomy.gov/feg/epadata/vehicles.csv,,,2026-07-15,,1,1
Peugeot,505,1980-1989,1980,1989,Discontinued,Passenger Car,United States,No,Added - Missing Make and Model,Fully Verified,EPA FuelEconomy.gov Vehicle Fuel Economy Dataset,https://www.fueleconomy.gov/feg/epadata/vehicles.csv,NHTSA Product Information Catalog (vehicle products API),https://api.nhtsa.gov/products/vehicle/models?modelYear=1984&make=PEUGEOT&issueType=r,2026-07-15,"Model year(s) [1980, 1981, 1982, 1983] added in V3 from the official EPA 1980-1983 historical dataset.",2,3
Peugeot,505 Station,1984; 1986-1992,1984,1992,Discontinued,Passenger Car,United States,No,Added - Missing Make and Model,Government Verified,EPA FuelEconomy.gov Vehicle Fuel Economy Dataset,https://www.fueleconomy.gov/feg/epadata/vehicles.csv,,,2026-07-15,"Non-contiguous confirmed model years reflect the verified records; gaps are preserved, not bridged.",1,1
Peugeot,604,1980-1984,1980,1984,Discontinued,Passenger Car,United States,No,Added - Missing Make and Model,Fully Verified,EPA FuelEconomy.gov Vehicle Fuel Economy Dataset,https://www.fueleconomy.gov/feg/epadata/vehicles.csv,NHTSA vPIC (VIN product data),https://vpic.nhtsa.dot.gov/api/vehicles/GetModelsForMake/Peugeot?format=json,2026-07-15,"Upgraded to Fully Verified in V2: independently confirmed by NHTSA vPIC product data. Model year(s) [1980, 1981, 1982, 1983] added in V3 from the official EPA 1980-1983 historical dataset.",2,3
Plymouth,Acclaim,1988-1996,1988,1996,Discontinued,Passenger Car,United States,No,Added - Missing Make and Model,Fully Verified,EPA FuelEconomy.gov Vehicle Fuel Economy Dataset,https://www.fueleconomy.gov/feg/epadata/vehicles.csv,NHTSA Product Information Catalog (vehicle products API),https://api.nhtsa.gov/products/vehicle/models?modelYear=1988&make=PLYMOUTH&issueType=r,2026-07-15,,2,2
Plymouth,Arrow,1980-1983,1980,1983,Discontinued,Multiple Categories,United States,No,Added - Missing Make and Model,Fully Verified,NHTSA Product Information Catalog (vehicle products API),https://api.nhtsa.gov/products/vehicle/models?modelYear=1980&make=PLYMOUTH&issueType=r,NHTSA vPIC (VIN product data),https://vpic.nhtsa.dot.gov/api/vehicles/GetModelsForMake/Plymouth?format=json,2026-07-15,"Upgraded to Fully Verified in V2: independently confirmed by NHTSA vPIC product data. Model year(s) [1981, 1982, 1983] added in V3 from the official EPA 1980-1983 historical dataset.",2,3
Plymouth,Breeze,1995-2000; 2002,1995,2002,Discontinued,Passenger Car,United States,No,Added - Missing Make and Model,Fully Verified,EPA FuelEconomy.gov Vehicle Fuel Economy Dataset,https://www.fueleconomy.gov/feg/epadata/vehicles.csv,NHTSA Product Information Catalog (vehicle products API),https://api.nhtsa.gov/products/vehicle/models?modelYear=1995&make=PLYMOUTH&issueType=r,2026-07-15,"Non-contiguous confirmed model years reflect the verified records; gaps are preserved, not bridged.",2,2
Plymouth,Caravelle,1985-1989,1985,1989,Discontinued,Passenger Car,United States,No,Added - Missing Make and Model,Fully Verified,EPA FuelEconomy.gov Vehicle Fuel Economy Dataset,https://www.fueleconomy.gov/feg/epadata/vehicles.csv,NHTSA Product Information Catalog (vehicle products API),https://api.nhtsa.gov/products/vehicle/models?modelYear=1985&make=PLYMOUTH&issueType=r,2026-07-15,,2,2
Plymouth,Champ,1980-1982,1980,1982,Discontinued,Passenger Car,United States,No,Added - Missing Make and Model,Fully Verified,NHTSA Product Information Catalog (vehicle products API),https://api.nhtsa.gov/products/vehicle/models?modelYear=1982&make=PLYMOUTH&issueType=r,NHTSA vPIC (VIN product data),https://vpic.nhtsa.dot.gov/api/vehicles/GetModelsForMake/Plymouth?format=json,2026-07-15,"Upgraded to Fully Verified in V2: independently confirmed by NHTSA vPIC product data. Model year(s) [1980, 1981] added in V3 from the official EPA 1980-1983 historical dataset.",2,3
Plymouth,Colt,1983-1994,1983,1994,Discontinued,Multiple Categories,United States,No,Added - Missing Make and Model,Fully Verified,EPA FuelEconomy.gov Vehicle Fuel Economy Dataset,https://www.fueleconomy.gov/feg/epadata/vehicles.csv,NHTSA Product Information Catalog (vehicle products API),https://api.nhtsa.gov/products/vehicle/models?modelYear=1984&make=PLYMOUTH&issueType=r,2026-07-15,Model year(s) [1983] added in V3 from the official EPA 1980-1983 historical dataset.,2,3
Plymouth,Colt Vista,1984-1994,1984,1994,Discontinued,Multiple Categories,United States,No,Added - Missing Make and Model,Fully Verified,EPA FuelEconomy.gov Vehicle Fuel Economy Dataset,https://www.fueleconomy.gov/feg/epadata/vehicles.csv,NHTSA Product Information Catalog (vehicle products API),https://api.nhtsa.gov/products/vehicle/models?modelYear=1984&make=PLYMOUTH&issueType=r,2026-07-15,,2,2
Plymouth,Conquest,1984-1986,1984,1986,Discontinued,Passenger Car,United States,No,Added - Missing Make and Model,Fully Verified,EPA FuelEconomy.gov Vehicle Fuel Economy Dataset,https://www.fueleconomy.gov/feg/epadata/vehicles.csv,NHTSA vPIC (VIN product data),https://vpic.nhtsa.dot.gov/api/vehicles/GetModelsForMake/Plymouth?format=json,2026-07-15,Upgraded to Fully Verified in V2: independently confirmed by NHTSA vPIC product data.,2,2
Plymouth,Duster,1992-1994,1992,1994,Discontinued,Passenger Car,United States,No,Added - Missing Make and Model,Fully Verified,EPA FuelEconomy.gov Vehicle Fuel Economy Dataset,https://www.fueleconomy.gov/feg/epadata/vehicles.csv,NHTSA Product Information Catalog (vehicle products API),https://api.nhtsa.gov/products/vehicle/models?modelYear=1992&make=PLYMOUTH&issueType=r,2026-07-15,,2,2
Plymouth,Gran Fury,1980-1989,1980,1989,Discontinued,Passenger Car,United States,No,Added - Missing Make and Model,Fully Verified,EPA FuelEconomy.gov Vehicle Fuel Economy Dataset,https://www.fueleconomy.gov/feg/epadata/vehicles.csv,NHTSA vPIC (VIN product data),https://vpic.nhtsa.dot.gov/api/vehicles/GetModelsForMake/Plymouth?format=json,2026-07-15,"Upgraded to Fully Verified in V2: independently confirmed by NHTSA vPIC product data. Model year(s) [1980, 1981, 1982, 1983] added in V3 from the official EPA 1980-1983 historical dataset.",2,3
Plymouth,Grand Voyager,1984-2002,1984,2002,Discontinued,Multiple Categories,United States,No,Added - Missing Make and Model,Fully Verified,EPA FuelEconomy.gov Vehicle Fuel Economy Dataset,https://www.fueleconomy.gov/feg/epadata/vehicles.csv,NHTSA Product Information Catalog (vehicle products API),https://api.nhtsa.gov/products/vehicle/models?modelYear=1984&make=PLYMOUTH&issueType=r,2026-07-15,,2,2
Plymouth,Horizon,1980-1990,1980,1990,Discontinued,Passenger Car,United States,No,Added - Missing Make and Model,Fully Verified,EPA FuelEconomy.gov Vehicle Fuel Economy Dataset,https://www.fueleconomy.gov/feg/epadata/vehicles.csv,NHTSA Product Information Catalog (vehicle products API),https://api.nhtsa.gov/products/vehicle/models?modelYear=1980&make=PLYMOUTH&issueType=r,2026-07-15,"Non-contiguous confirmed model years reflect the verified records; gaps are preserved, not bridged. Model year(s) [1981, 1982, 1983] added in V3 from the official EPA 1980-1983 historical dataset.",2,3
Plymouth,Laser,1990-1995; 1998,1990,1998,Discontinued,Passenger Car,United States,No,Added - Missing Make and Model,Fully Verified,EPA FuelEconomy.gov Vehicle Fuel Economy Dataset,https://www.fueleconomy.gov/feg/epadata/vehicles.csv,NHTSA Product Information Catalog (vehicle products API),https://api.nhtsa.gov/products/vehicle/models?modelYear=1990&make=PLYMOUTH&issueType=r,2026-07-15,"Non-contiguous confirmed model years reflect the verified records; gaps are preserved, not bridged.",2,2
Plymouth,Neon,1994-2001,1994,2001,Discontinued,Passenger Car,United States,No,Added - Missing Make and Model,Fully Verified,EPA FuelEconomy.gov Vehicle Fuel Economy Dataset,https://www.fueleconomy.gov/feg/epadata/vehicles.csv,NHTSA Product Information Catalog (vehicle products API),https://api.nhtsa.gov/products/vehicle/models?modelYear=1994&make=PLYMOUTH&issueType=r,2026-07-15,,2,2
Plymouth,Prowler,1997; 1999-2002,1997,2002,Discontinued,Passenger Car,United States,No,Added - Missing Make and Model,Fully Verified,EPA FuelEconomy.gov Vehicle Fuel Economy Dataset,https://www.fueleconomy.gov/feg/epadata/vehicles.csv,NHTSA Product Information Catalog (vehicle products API),https://api.nhtsa.gov/products/vehicle/models?modelYear=1997&make=PLYMOUTH&issueType=r,2026-07-15,"Non-contiguous confirmed model years reflect the verified records; gaps are preserved, not bridged.",2,2
Plymouth,Reliant,1981-1990,1981,1990,Discontinued,Passenger Car,United States,No,Added - Missing Make and Model,Fully Verified,EPA FuelEconomy.gov Vehicle Fuel Economy Dataset,https://www.fueleconomy.gov/feg/epadata/vehicles.csv,NHTSA Product Information Catalog (vehicle products API),https://api.nhtsa.gov/products/vehicle/models?modelYear=1981&make=PLYMOUTH&issueType=r,2026-07-15,,2,3
Plymouth,Sapporo,1980-1983,1980,1983,Discontinued,Passenger Car,United States,No,Added - Missing Make and Model,Fully Verified,NHTSA Product Information Catalog (vehicle products API),https://api.nhtsa.gov/products/vehicle/models?modelYear=1983&make=PLYMOUTH&issueType=r,NHTSA vPIC (VIN product data),https://vpic.nhtsa.dot.gov/api/vehicles/GetModelsForMake/Plymouth?format=json,2026-07-15,"Upgraded to Fully Verified in V2: independently confirmed by NHTSA vPIC product data. Model year(s) [1980, 1981, 1982] added in V3 from the official EPA 1980-1983 historical dataset.",2,3
Plymouth,Sundance,1987-1995; 1998,1987,1998,Discontinued,Passenger Car,United States,No,Added - Missing Make and Model,Fully Verified,EPA FuelEconomy.gov Vehicle Fuel Economy Dataset,https://www.fueleconomy.gov/feg/epadata/vehicles.csv,NHTSA Product Information Catalog (vehicle products API),https://api.nhtsa.gov/products/vehicle/models?modelYear=1987&make=PLYMOUTH&issueType=r,2026-07-15,"Non-contiguous confirmed model years reflect the verified records; gaps are preserved, not bridged.",2,2
Plymouth,Turismo,1980-1987,1980,1987,Discontinued,Passenger Car,United States,No,Added - Missing Make and Model,Fully Verified,EPA FuelEconomy.gov Vehicle Fuel Economy Dataset,https://www.fueleconomy.gov/feg/epadata/vehicles.csv,NHTSA Product Information Catalog (vehicle products API),https://api.nhtsa.gov/products/vehicle/models?modelYear=1984&make=PLYMOUTH&issueType=r,2026-07-15,"Model year(s) [1980, 1981, 1982, 1983] added in V3 from the official EPA 1980-1983 historical dataset.",2,3
Plymouth,Volare,1980,1980,1980,Discontinued,Passenger Car,United States,No,Added - Missing Make and Model,Fully Verified,NHTSA Product Information Catalog (vehicle products API),https://api.nhtsa.gov/products/vehicle/models?modelYear=1980&make=PLYMOUTH&issueType=r,,,2026-07-15,V3: EPA historical 1980-83 dataset provides a second independent organization for this model.,2,2
Plymouth,Voyager,1980; 1983-2000,1980,2000,Discontinued,Multiple Categories,United States,No,Added - Missing Make and Model,Fully Verified,EPA FuelEconomy.gov Vehicle Fuel Economy Dataset,https://www.fueleconomy.gov/feg/epadata/vehicles.csv,NHTSA Product Information Catalog (vehicle products API),https://api.nhtsa.gov/products/vehicle/models?modelYear=1980&make=PLYMOUTH&issueType=r,2026-07-15,"Non-contiguous confirmed model years reflect the verified records; gaps are preserved, not bridged.",2,2
Polestar,Polestar 1,2020-2021,2020,2021,Discontinued,Passenger Car,United States,No,Added - Missing Make and Model,Fully Verified,EPA FuelEconomy.gov Vehicle Fuel Economy Dataset,https://www.fueleconomy.gov/feg/epadata/vehicles.csv,NHTSA vPIC (VIN product data),https://vpic.nhtsa.dot.gov/api/vehicles/GetModelsForMake/Polestar?format=json,2026-07-15,Upgraded to Fully Verified in V2: independently confirmed by NHTSA vPIC product data.,2,2
Polestar,Polestar 2,2021-2025,2021,2025,Active,Passenger Car,United States,No,Added - Missing Make and Model,Fully Verified,EPA FuelEconomy.gov Vehicle Fuel Economy Dataset,https://www.fueleconomy.gov/feg/epadata/vehicles.csv,NHTSA Product Information Catalog (vehicle products API),https://api.nhtsa.gov/products/vehicle/models?modelYear=2021&make=POLESTAR&issueType=r,2026-07-15,,2,2
Polestar,Polestar 3,2025-2026,2025,2026,Active,SUV/Crossover,United States,No,Added - Missing Make and Model,Fully Verified,EPA FuelEconomy.gov Vehicle Fuel Economy Dataset,https://www.fueleconomy.gov/feg/epadata/vehicles.csv,NHTSA Product Information Catalog (vehicle products API),https://api.nhtsa.gov/products/vehicle/models?modelYear=2025&make=POLESTAR&issueType=r,2026-07-15,,2,2
Polestar,Polestar 4,2025-2026,2025,2026,Active,SUV/Crossover,United States,No,Added - Missing Make and Model,Fully Verified,EPA FuelEconomy.gov Vehicle Fuel Economy Dataset,https://www.fueleconomy.gov/feg/epadata/vehicles.csv,NHTSA vPIC (VIN product data),https://vpic.nhtsa.dot.gov/api/vehicles/GetModelsForMake/Polestar?format=json,2026-07-15,Upgraded to Fully Verified in V2: independently confirmed by NHTSA vPIC product data.,2,2
Pontiac,1000,1983-1987,1983,1987,Discontinued,Passenger Car,United States,No,Added - Missing Model,Fully Verified,EPA FuelEconomy.gov Vehicle Fuel Economy Dataset,https://www.fueleconomy.gov/feg/epadata/vehicles.csv,NHTSA Product Information Catalog (vehicle products API),https://api.nhtsa.gov/products/vehicle/models?modelYear=1984&make=PONTIAC&issueType=r,2026-07-15,Model year(s) [1983] added in V3 from the official EPA 1980-1983 historical dataset.,2,3
Pontiac,2000 Sunbird,1984,1984,1984,Discontinued,Passenger Car,United States,No,Added - Missing Model,Government Verified,EPA FuelEconomy.gov Vehicle Fuel Economy Dataset,https://www.fueleconomy.gov/feg/epadata/vehicles.csv,,,2026-07-15,,1,1
Pontiac,20TH Anniversary Trans AM,1989,1989,1989,Discontinued,Passenger Car,United States,No,Added - Missing Model,Government Verified,EPA FuelEconomy.gov Vehicle Fuel Economy Dataset,https://www.fueleconomy.gov/feg/epadata/vehicles.csv,,,2026-07-15,,1,1
Pontiac,6000,1982-1991,1982,1991,Discontinued,Passenger Car,United States,No,Added - Missing Model,Fully Verified,EPA FuelEconomy.gov Vehicle Fuel Economy Dataset,https://www.fueleconomy.gov/feg/epadata/vehicles.csv,NHTSA Product Information Catalog (vehicle products API),https://api.nhtsa.gov/products/vehicle/models?modelYear=1983&make=PONTIAC&issueType=r,2026-07-15,Model year(s) [1982] added in V3 from the official EPA 1980-1983 historical dataset.,2,3
Pontiac,Aztek,2001-2005,2001,2005,Discontinued,SUV/Crossover,United States,No,Added - Missing Model,Fully Verified,EPA FuelEconomy.gov Vehicle Fuel Economy Dataset,https://www.fueleconomy.gov/feg/epadata/vehicles.csv,NHTSA Product Information Catalog (vehicle products API),https://api.nhtsa.gov/products/vehicle/models?modelYear=2001&make=PONTIAC&issueType=r,2026-07-15,,2,2
Pontiac,Bonneville,1980-2005,1980,2005,Discontinued,Passenger Car,United States,No,Added - Missing Model,Fully Verified,EPA FuelEconomy.gov Vehicle Fuel Economy Dataset,https://www.fueleconomy.gov/feg/epadata/vehicles.csv,NHTSA Product Information Catalog (vehicle products API),https://api.nhtsa.gov/products/vehicle/models?modelYear=1981&make=PONTIAC&issueType=r,2026-07-15,"Non-contiguous confirmed model years reflect the verified records; gaps are preserved, not bridged. Model year(s) [1980, 1983] added in V3 from the official EPA 1980-1983 historical dataset.",2,3
Pontiac,Fiero,1984-1988; 1991; 1994; 1996,1984,1996,Discontinued,Passenger Car,United States,No,Added - Missing Model,Fully Verified,EPA FuelEconomy.gov Vehicle Fuel Economy Dataset,https://www.fueleconomy.gov/feg/epadata/vehicles.csv,NHTSA Product Information Catalog (vehicle products API),https://api.nhtsa.gov/products/vehicle/models?modelYear=1984&make=PONTIAC&issueType=r,2026-07-15,"Non-contiguous confirmed model years reflect the verified records; gaps are preserved, not bridged.",2,2
Pontiac,Firebird,1980-2002,1980,2002,Discontinued,Passenger Car,United States,Yes,Existing Standardized Catalog,Fully Verified,EPA FuelEconomy.gov Vehicle Fuel Economy Dataset,https://www.fueleconomy.gov/feg/epadata/vehicles.csv,NHTSA Product Information Catalog (vehicle products API),https://api.nhtsa.gov/products/vehicle/models?modelYear=1980&make=PONTIAC&issueType=r,2026-07-15,"Non-contiguous confirmed model years reflect the verified records; gaps are preserved, not bridged. Model year(s) [1981] added in V3 from the official EPA 1980-1983 historical dataset.",2,3
Pontiac,Firefly,1985-1994,1985,1994,Discontinued,Passenger Car,United States,No,Added - Missing Model,Fully Verified,EPA FuelEconomy.gov Vehicle Fuel Economy Dataset,https://www.fueleconomy.gov/feg/epadata/vehicles.csv,NHTSA vPIC (VIN product data),https://vpic.nhtsa.dot.gov/api/vehicles/GetModelsForMake/Pontiac?format=json,2026-07-15,Upgraded to Fully Verified in V2: independently confirmed by NHTSA vPIC product data.,2,2
Pontiac,Firefly FE,1986,1986,1986,Discontinued,Passenger Car,United States,No,Added - Missing Model,Government Verified,EPA FuelEconomy.gov Vehicle Fuel Economy Dataset,https://www.fueleconomy.gov/feg/epadata/vehicles.csv,,,2026-07-15,,1,1
Pontiac,Formula,1987; 1993-1998,1987,1998,Discontinued,Passenger Car,United States,No,Added - Missing Model,Government Verified,EPA FuelEconomy.gov Vehicle Fuel Economy Dataset,https://www.fueleconomy.gov/feg/epadata/vehicles.csv,,,2026-07-15,"Non-contiguous confirmed model years reflect the verified records; gaps are preserved, not bridged.",1,1
Pontiac,G3,2008-2010,2008,2010,Discontinued,Passenger Car,United States,No,Added - Missing Model,Fully Verified,EPA FuelEconomy.gov Vehicle Fuel Economy Dataset,https://www.fueleconomy.gov/feg/epadata/vehicles.csv,NHTSA vPIC (VIN product data),https://vpic.nhtsa.dot.gov/api/vehicles/GetModelsForMake/Pontiac?format=json,2026-07-15,Upgraded to Fully Verified in V2: independently confirmed by NHTSA vPIC product data.,2,2
Pontiac,G3 Wave,2009,2009,2009,Discontinued,Passenger Car,United States,No,Added - Missing Model,Government Verified,EPA FuelEconomy.gov Vehicle Fuel Economy Dataset,https://www.fueleconomy.gov/feg/epadata/vehicles.csv,,,2026-07-15,,1,1
Pontiac,G3 Wave 5,2009,2009,2009,Discontinued,Passenger Car,United States,No,Added - Missing Model,Government Verified,EPA FuelEconomy.gov Vehicle Fuel Economy Dataset,https://www.fueleconomy.gov/feg/epadata/vehicles.csv,,,2026-07-15,,1,1
Pontiac,G5,2007-2010,2007,2010,Discontinued,Passenger Car,United States,No,Added - Missing Model,Fully Verified,EPA FuelEconomy.gov Vehicle Fuel Economy Dataset,https://www.fueleconomy.gov/feg/epadata/vehicles.csv,NHTSA Product Information Catalog (vehicle products API),https://api.nhtsa.gov/products/vehicle/models?modelYear=2007&make=PONTIAC&issueType=r,2026-07-15,,2,2
Pontiac,G6,2003-2010,2003,2010,Discontinued,Passenger Car,United States,Yes,Original Source,Fully Verified,EPA FuelEconomy.gov Vehicle Fuel Economy Dataset,https://www.fueleconomy.gov/feg/epadata/vehicles.csv,NHTSA Product Information Catalog (vehicle products API),https://api.nhtsa.gov/products/vehicle/models?modelYear=2003&make=PONTIAC&issueType=r,2026-07-15,,2,2
Pontiac,G8,2008-2010,2008,2010,Discontinued,Passenger Car,United States,No,Added - Missing Model,Fully Verified,EPA FuelEconomy.gov Vehicle Fuel Economy Dataset,https://www.fueleconomy.gov/feg/epadata/vehicles.csv,NHTSA Product Information Catalog (vehicle products API),https://api.nhtsa.gov/products/vehicle/models?modelYear=2008&make=PONTIAC&issueType=r,2026-07-15,,2,2
Pontiac,GTO,2004-2006,2004,2006,Discontinued,Passenger Car,United States,No,Added - Missing Model,Fully Verified,EPA FuelEconomy.gov Vehicle Fuel Economy Dataset,https://www.fueleconomy.gov/feg/epadata/vehicles.csv,NHTSA Product Information Catalog (vehicle products API),https://api.nhtsa.gov/products/vehicle/models?modelYear=2004&make=PONTIAC&issueType=r,2026-07-15,,2,2
Pontiac,GTP,2006-2007,2006,2007,Discontinued,Passenger Car,United States,No,Added - Missing Model,Government Verified,EPA FuelEconomy.gov Vehicle Fuel Economy Dataset,https://www.fueleconomy.gov/feg/epadata/vehicles.csv,,,2026-07-15,,1,1
Pontiac,Grand AM,1980; 1983; 1985-2005,1980,2005,Discontinued,Passenger Car,United States,No,Added - Missing Model,Fully Verified,EPA FuelEconomy.gov Vehicle Fuel Economy Dataset,https://www.fueleconomy.gov/feg/epadata/vehicles.csv,NHTSA Product Information Catalog (vehicle products API),https://api.nhtsa.gov/products/vehicle/models?modelYear=1983&make=PONTIAC&issueType=r,2026-07-15,"Non-contiguous confirmed model years reflect the verified records; gaps are preserved, not bridged. Model year(s) [1980] added in V3 from the official EPA 1980-1983 historical dataset.",2,3
Pontiac,Grand Prix,1980-2008,1980,2008,Discontinued,Passenger Car,United States,Yes,Original Source,Fully Verified,EPA FuelEconomy.gov Vehicle Fuel Economy Dataset,https://www.fueleconomy.gov/feg/epadata/vehicles.csv,NHTSA Product Information Catalog (vehicle products API),https://api.nhtsa.gov/products/vehicle/models?modelYear=1983&make=PONTIAC&issueType=r,2026-07-15,"Model year(s) [1980, 1981, 1982] added in V3 from the official EPA 1980-1983 historical dataset.",2,3
Pontiac,Grand Prix STE,1990,1990,1990,Discontinued,Passenger Car,United States,No,Added - Missing Model,Government Verified,EPA FuelEconomy.gov Vehicle Fuel Economy Dataset,https://www.fueleconomy.gov/feg/epadata/vehicles.csv,,,2026-07-15,,1,1
Pontiac,LeMans,1980-1981; 1988-1993,1980,1993,Discontinued,Passenger Car,United States,No,Added - Missing Model,Fully Verified,EPA FuelEconomy.gov Vehicle Fuel Economy Dataset,https://www.fueleconomy.gov/feg/epadata/vehicles.csv,NHTSA Product Information Catalog (vehicle products API),https://api.nhtsa.gov/products/vehicle/models?modelYear=1988&make=PONTIAC&issueType=r,2026-07-15,"Model year(s) [1980, 1981] added in V3 from the official EPA 1980-1983 historical dataset.",2,3
Pontiac,Montana,1997-2006; 2008,1997,2008,Discontinued,Minivan,United States,No,Added - Missing Model,Fully Verified,EPA FuelEconomy.gov Vehicle Fuel Economy Dataset,https://www.fueleconomy.gov/feg/epadata/vehicles.csv,NHTSA Product Information Catalog (vehicle products API),https://api.nhtsa.gov/products/vehicle/models?modelYear=1997&make=PONTIAC&issueType=r,2026-07-15,"Non-contiguous confirmed model years reflect the verified records; gaps are preserved, not bridged.",2,2
Pontiac,Montana SV6,2006,2006,2006,Discontinued,Minivan,United States,No,Added - Missing Model,Fully Verified,EPA FuelEconomy.gov Vehicle Fuel Economy Dataset,https://www.fueleconomy.gov/feg/epadata/vehicles.csv,NHTSA vPIC (VIN product data),https://vpic.nhtsa.dot.gov/api/vehicles/GetModelsForMake/Pontiac?format=json,2026-07-15,Upgraded to Fully Verified in V2: independently confirmed by NHTSA vPIC product data.,2,2
Pontiac,Montana SVX,2005,2005,2005,Discontinued,Minivan,United States,No,Added - Missing Model,Government Verified,EPA FuelEconomy.gov Vehicle Fuel Economy Dataset,https://www.fueleconomy.gov/feg/epadata/vehicles.csv,,,2026-07-15,,1,1
Pontiac,Monterey,2005,2005,2005,Discontinued,Minivan,United States,No,Added - Missing Model,Government Verified,EPA FuelEconomy.gov Vehicle Fuel Economy Dataset,https://www.fueleconomy.gov/feg/epadata/vehicles.csv,,,2026-07-15,,1,1
Pontiac,Parisienne,1983-1986,1983,1986,Discontinued,Passenger Car,United States,No,Added - Missing Model,Fully Verified,EPA FuelEconomy.gov Vehicle Fuel Economy Dataset,https://www.fueleconomy.gov/feg/epadata/vehicles.csv,NHTSA Product Information Catalog (vehicle products API),https://api.nhtsa.gov/products/vehicle/models?modelYear=1984&make=PONTIAC&issueType=r,2026-07-15,Model year(s) [1983] added in V3 from the official EPA 1980-1983 historical dataset.,2,3
Pontiac,Phoenix,1980-1984,1980,1984,Discontinued,Passenger Car,United States,No,Added - Missing Model,Fully Verified,EPA FuelEconomy.gov Vehicle Fuel Economy Dataset,https://www.fueleconomy.gov/feg/epadata/vehicles.csv,NHTSA Product Information Catalog (vehicle products API),https://api.nhtsa.gov/products/vehicle/models?modelYear=1984&make=PONTIAC&issueType=r,2026-07-15,"Model year(s) [1980, 1981, 1982, 1983] added in V3 from the official EPA 1980-1983 historical dataset.",2,3
Pontiac,Pursuit,1999; 2005; 2007-2008,1999,2008,Discontinued,Passenger Car,United States,No,Added - Missing Model,Fully Verified,EPA FuelEconomy.gov Vehicle Fuel Economy Dataset,https://www.fueleconomy.gov/feg/epadata/vehicles.csv,NHTSA vPIC (VIN product data),https://vpic.nhtsa.dot.gov/api/vehicles/GetModelsForMake/Pontiac?format=json,2026-07-15,"Non-contiguous confirmed model years reflect the verified records; gaps are preserved, not bridged. Upgraded to Fully Verified in V2: independently confirmed by NHTSA vPIC product data.",2,2
Pontiac,Safari,1985-1989,1985,1989,Discontinued,Passenger Car,United States,No,Added - Missing Model,Fully Verified,EPA FuelEconomy.gov Vehicle Fuel Economy Dataset,https://www.fueleconomy.gov/feg/epadata/vehicles.csv,NHTSA Product Information Catalog (vehicle products API),https://api.nhtsa.gov/products/vehicle/models?modelYear=1985&make=PONTIAC&issueType=r,2026-07-15,,2,2
Pontiac,Solstice,2006-2010,2006,2010,Discontinued,Passenger Car,United States,No,Added - Missing Model,Fully Verified,EPA FuelEconomy.gov Vehicle Fuel Economy Dataset,https://www.fueleconomy.gov/feg/epadata/vehicles.csv,NHTSA Product Information Catalog (vehicle products API),https://api.nhtsa.gov/products/vehicle/models?modelYear=2006&make=PONTIAC&issueType=r,2026-07-15,,2,2
Pontiac,Sunbird,1980; 1984-1999,1980,1999,Discontinued,Passenger Car,United States,No,Added - Missing Model,Fully Verified,EPA FuelEconomy.gov Vehicle Fuel Economy Dataset,https://www.fueleconomy.gov/feg/epadata/vehicles.csv,NHTSA Product Information Catalog (vehicle products API),https://api.nhtsa.gov/products/vehicle/models?modelYear=1984&make=PONTIAC&issueType=r,2026-07-15,Model year(s) [1980] added in V3 from the official EPA 1980-1983 historical dataset.,2,3
Pontiac,Sunburst,1986-1989,1986,1989,Discontinued,Passenger Car,United States,No,Added - Missing Model,Fully Verified,EPA FuelEconomy.gov Vehicle Fuel Economy Dataset,https://www.fueleconomy.gov/feg/epadata/vehicles.csv,NHTSA vPIC (VIN product data),https://vpic.nhtsa.dot.gov/api/vehicles/GetModelsForMake/Pontiac?format=json,2026-07-15,Upgraded to Fully Verified in V2: independently confirmed by NHTSA vPIC product data.,2,2
Pontiac,Sunfire,1985; 1991; 1994-2005,1985,2005,Discontinued,Passenger Car,United States,No,Added - Missing Model,Fully Verified,EPA FuelEconomy.gov Vehicle Fuel Economy Dataset,https://www.fueleconomy.gov/feg/epadata/vehicles.csv,NHTSA Product Information Catalog (vehicle products API),https://api.nhtsa.gov/products/vehicle/models?modelYear=1985&make=PONTIAC&issueType=r,2026-07-15,"Non-contiguous confirmed model years reflect the verified records; gaps are preserved, not bridged.",2,2
Pontiac,Torrent,2006-2009,2006,2009,Discontinued,SUV/Crossover,United States,No,Added - Missing Model,Fully Verified,EPA FuelEconomy.gov Vehicle Fuel Economy Dataset,https://www.fueleconomy.gov/feg/epadata/vehicles.csv,NHTSA Product Information Catalog (vehicle products API),https://api.nhtsa.gov/products/vehicle/models?modelYear=2006&make=PONTIAC&issueType=r,2026-07-15,,2,2
Pontiac,Trans AM,1980; 1982; 1984; 1986-2002,1980,2002,Discontinued,Passenger Car,United States,No,Added - Missing Model,Fully Verified,EPA FuelEconomy.gov Vehicle Fuel Economy Dataset,https://www.fueleconomy.gov/feg/epadata/vehicles.csv,NHTSA Product Information Catalog (vehicle products API),https://api.nhtsa.gov/products/vehicle/models?modelYear=1980&make=PONTIAC&issueType=r,2026-07-15,"Non-contiguous confirmed model years reflect the verified records; gaps are preserved, not bridged.",2,2
Pontiac,Trans Sport,1984; 1986; 1990-2001; 2003,1984,2003,Discontinued,Multiple Categories,United States,No,Added - Missing Model,Fully Verified,EPA FuelEconomy.gov Vehicle Fuel Economy Dataset,https://www.fueleconomy.gov/feg/epadata/vehicles.csv,NHTSA Product Information Catalog (vehicle products API),https://api.nhtsa.gov/products/vehicle/models?modelYear=1984&make=PONTIAC&issueType=r,2026-07-15,"Non-contiguous confirmed model years reflect the verified records; gaps are preserved, not bridged.",2,2
Pontiac,Turbo Firefly,1987-1990,1987,1990,Discontinued,Passenger Car,United States,No,Added - Missing Model,Government Verified,EPA FuelEconomy.gov Vehicle Fuel Economy Dataset,https://www.fueleconomy.gov/feg/epadata/vehicles.csv,,,2026-07-15,,1,1
Pontiac,Vibe,2000-2010,2000,2010,Discontinued,Passenger Car,United States,Yes,Original Source,Fully Verified,EPA FuelEconomy.gov Vehicle Fuel Economy Dataset,https://www.fueleconomy.gov/feg/epadata/vehicles.csv,NHTSA Product Information Catalog (vehicle products API),https://api.nhtsa.gov/products/vehicle/models?modelYear=2000&make=PONTIAC&issueType=r,2026-07-15,,2,2
Pontiac,Wave,2005,2005,2005,Discontinued,Passenger Car,United States,No,Added - Missing Model,Fully Verified,EPA FuelEconomy.gov Vehicle Fuel Economy Dataset,https://www.fueleconomy.gov/feg/epadata/vehicles.csv,NHTSA vPIC (VIN product data),https://vpic.nhtsa.dot.gov/api/vehicles/GetModelsForMake/Pontiac?format=json,2026-07-15,Upgraded to Fully Verified in V2: independently confirmed by NHTSA vPIC product data.,2,2
Pontiac,Wave 5,2005-2006,2005,2006,Discontinued,Passenger Car,United States,No,Added - Missing Model,Government Verified,EPA FuelEconomy.gov Vehicle Fuel Economy Dataset,https://www.fueleconomy.gov/feg/epadata/vehicles.csv,,,2026-07-15,,1,1
Porsche,718 Boxster,2017; 2020-2025,2017,2025,Active,Passenger Car,United States,No,Added - Missing Model,Fully Verified,EPA FuelEconomy.gov Vehicle Fuel Economy Dataset,https://www.fueleconomy.gov/feg/epadata/vehicles.csv,NHTSA Product Information Catalog (vehicle products API),https://api.nhtsa.gov/products/vehicle/models?modelYear=2017&make=PORSCHE&issueType=r,2026-07-15,"Non-contiguous confirmed model years reflect the verified records; gaps are preserved, not bridged.",2,2
Porsche,718 Cayman,2017; 2019-2025,2017,2025,Active,Passenger Car,United States,No,Added - Missing Model,Fully Verified,EPA FuelEconomy.gov Vehicle Fuel Economy Dataset,https://www.fueleconomy.gov/feg/epadata/vehicles.csv,NHTSA Product Information Catalog (vehicle products API),https://api.nhtsa.gov/products/vehicle/models?modelYear=2017&make=PORSCHE&issueType=r,2026-07-15,"Non-contiguous confirmed model years reflect the verified records; gaps are preserved, not bridged.",2,2
Porsche,718 GT4,2023-2025,2023,2025,Active,Passenger Car,United States,No,Added - Missing Model,Government Verified,EPA FuelEconomy.gov Vehicle Fuel Economy Dataset,https://www.fueleconomy.gov/feg/epadata/vehicles.csv,,,2026-07-15,,1,1
Porsche,911,1980-1984; 1986-2026,1980,2026,Active,Passenger Car,United States,Yes,Original Source,Fully Verified,EPA FuelEconomy.gov Vehicle Fuel Economy Dataset,https://www.fueleconomy.gov/feg/epadata/vehicles.csv,NHTSA Product Information Catalog (vehicle products API),https://api.nhtsa.gov/products/vehicle/models?modelYear=1983&make=PORSCHE&issueType=r,2026-07-15,"Non-contiguous confirmed model years reflect the verified records; gaps are preserved, not bridged. Model year(s) [1980, 1981, 1982] added in V3 from the official EPA 1980-1983 historical dataset.",2,3
Porsche,918 Spyder,2015,2015,2015,Discontinued,Passenger Car,United States,No,Added - Missing Model,Fully Verified,EPA FuelEconomy.gov Vehicle Fuel Economy Dataset,https://www.fueleconomy.gov/feg/epadata/vehicles.csv,NHTSA vPIC (VIN product data),https://vpic.nhtsa.dot.gov/api/vehicles/GetModelsForMake/Porsche?format=json,2026-07-15,Upgraded to Fully Verified in V2: independently confirmed by NHTSA vPIC product data.,2,2
Porsche,924,1980-1982; 1987-1988,1980,1988,Discontinued,Passenger Car,United States,No,Added - Missing Model,Fully Verified,EPA FuelEconomy.gov Vehicle Fuel Economy Dataset,https://www.fueleconomy.gov/feg/epadata/vehicles.csv,NHTSA Product Information Catalog (vehicle products API),https://api.nhtsa.gov/products/vehicle/models?modelYear=1987&make=PORSCHE&issueType=r,2026-07-15,"Model year(s) [1980, 1981, 1982] added in V3 from the official EPA 1980-1983 historical dataset.",2,3
Porsche,928,1980-1984; 1986-1991; 1993-1995,1980,1995,Discontinued,Passenger Car,United States,No,Added - Missing Model,Fully Verified,EPA FuelEconomy.gov Vehicle Fuel Economy Dataset,https://www.fueleconomy.gov/feg/epadata/vehicles.csv,NHTSA Product Information Catalog (vehicle products API),https://api.nhtsa.gov/products/vehicle/models?modelYear=1981&make=PORSCHE&issueType=r,2026-07-15,"Non-contiguous confirmed model years reflect the verified records; gaps are preserved, not bridged. Model year(s) [1980, 1982, 1983] added in V3 from the official EPA 1980-1983 historical dataset.",2,3
Porsche,944,1983-1991,1983,1991,Discontinued,Passenger Car,United States,No,Added - Missing Model,Fully Verified,EPA FuelEconomy.gov Vehicle Fuel Economy Dataset,https://www.fueleconomy.gov/feg/epadata/vehicles.csv,NHTSA Product Information Catalog (vehicle products API),https://api.nhtsa.gov/products/vehicle/models?modelYear=1983&make=PORSCHE&issueType=r,2026-07-15,,2,3
Porsche,968,1992-1995; 1997; 2001,1992,2001,Discontinued,Passenger Car,United States,No,Added - Missing Model,Fully Verified,EPA FuelEconomy.gov Vehicle Fuel Economy Dataset,https://www.fueleconomy.gov/feg/epadata/vehicles.csv,NHTSA Product Information Catalog (vehicle products API),https://api.nhtsa.gov/products/vehicle/models?modelYear=1992&make=PORSCHE&issueType=r,2026-07-15,"Non-contiguous confirmed model years reflect the verified records; gaps are preserved, not bridged.",2,2
Porsche,Boxster,1989; 1997-2020,1989,2020,Discontinued,Passenger Car,United States,Yes,Original Source,Fully Verified,EPA FuelEconomy.gov Vehicle Fuel Economy Dataset,https://www.fueleconomy.gov/feg/epadata/vehicles.csv,NHTSA Product Information Catalog (vehicle products API),https://api.nhtsa.gov/products/vehicle/models?modelYear=1989&make=PORSCHE&issueType=r,2026-07-15,"Non-contiguous confirmed model years reflect the verified records; gaps are preserved, not bridged.",2,2
Porsche,Carrera GT,2004-2005,2004,2005,Discontinued,Passenger Car,United States,No,Added - Missing Model,Government Verified,EPA FuelEconomy.gov Vehicle Fuel Economy Dataset,https://www.fueleconomy.gov/feg/epadata/vehicles.csv,,,2026-07-15,,1,1
Porsche,Cayenne,2003-2026,2003,2026,Active,SUV/Crossover,United States,No,Added - Missing Model,Fully Verified,EPA FuelEconomy.gov Vehicle Fuel Economy Dataset,https://www.fueleconomy.gov/feg/epadata/vehicles.csv,NHTSA Product Information Catalog (vehicle products API),https://api.nhtsa.gov/products/vehicle/models?modelYear=2003&make=PORSCHE&issueType=r,2026-07-15,,2,2
Porsche,Cayman,2005-2012; 2014-2020; 2022,2005,2022,Discontinued,Passenger Car,United States,No,Added - Missing Model,Fully Verified,EPA FuelEconomy.gov Vehicle Fuel Economy Dataset,https://www.fueleconomy.gov/feg/epadata/vehicles.csv,NHTSA Product Information Catalog (vehicle products API),https://api.nhtsa.gov/products/vehicle/models?modelYear=2005&make=PORSCHE&issueType=r,2026-07-15,"Non-contiguous confirmed model years reflect the verified records; gaps are preserved, not bridged.",2,2
Porsche,Macan,2015-2026,2015,2026,Active,SUV/Crossover,United States,No,Added - Missing Model,Fully Verified,EPA FuelEconomy.gov Vehicle Fuel Economy Dataset,https://www.fueleconomy.gov/feg/epadata/vehicles.csv,NHTSA Product Information Catalog (vehicle products API),https://api.nhtsa.gov/products/vehicle/models?modelYear=2015&make=PORSCHE&issueType=r,2026-07-15,,2,2
Porsche,New 911 Carrera,2012,2012,2012,Discontinued,Passenger Car,United States,No,Added - Missing Model,Government Verified,EPA FuelEconomy.gov Vehicle Fuel Economy Dataset,https://www.fueleconomy.gov/feg/epadata/vehicles.csv,,,2026-07-15,,1,1
Porsche,New 911 Carrera Cabriolet,2012,2012,2012,Discontinued,Passenger Car,United States,No,Added - Missing Model,Government Verified,EPA FuelEconomy.gov Vehicle Fuel Economy Dataset,https://www.fueleconomy.gov/feg/epadata/vehicles.csv,,,2026-07-15,,1,1
Porsche,New 911 Carrera S,2012,2012,2012,Discontinued,Passenger Car,United States,No,Added - Missing Model,Government Verified,EPA FuelEconomy.gov Vehicle Fuel Economy Dataset,https://www.fueleconomy.gov/feg/epadata/vehicles.csv,,,2026-07-15,,1,1
Porsche,New 911 Carrera S Cabriolet,2012,2012,2012,Discontinued,Passenger Car,United States,No,Added - Missing Model,Government Verified,EPA FuelEconomy.gov Vehicle Fuel Economy Dataset,https://www.fueleconomy.gov/feg/epadata/vehicles.csv,,,2026-07-15,,1,1
Porsche,Panamera,2010-2026,2010,2026,Active,Passenger Car,United States,No,Added - Missing Model,Fully Verified,EPA FuelEconomy.gov Vehicle Fuel Economy Dataset,https://www.fueleconomy.gov/feg/epadata/vehicles.csv,NHTSA Product Information Catalog (vehicle products API),https://api.nhtsa.gov/products/vehicle/models?modelYear=2010&make=PORSCHE&issueType=r,2026-07-15,,2,2
Porsche,Targa,1996; 2003-2005,1996,2005,Discontinued,Passenger Car,United States,No,Added - Missing Model,Fully Verified,EPA FuelEconomy.gov Vehicle Fuel Economy Dataset,https://www.fueleconomy.gov/feg/epadata/vehicles.csv,NHTSA Product Information Catalog (vehicle products API),https://api.nhtsa.gov/products/vehicle/models?modelYear=1996&make=PORSCHE&issueType=r,2026-07-15,"Non-contiguous confirmed model years reflect the verified records; gaps are preserved, not bridged. V3: EPA historical 1980-83 dataset provides a second independent organization for this model.",2,2
Porsche,Targa KIT,2003-2005,2003,2005,Discontinued,Passenger Car,United States,No,Added - Missing Model,Government Verified,EPA FuelEconomy.gov Vehicle Fuel Economy Dataset,https://www.fueleconomy.gov/feg/epadata/vehicles.csv,,,2026-07-15,,1,1
Porsche,Taycan,2020-2026,2020,2026,Active,Passenger Car,United States,No,Added - Missing Model,Fully Verified,EPA FuelEconomy.gov Vehicle Fuel Economy Dataset,https://www.fueleconomy.gov/feg/epadata/vehicles.csv,NHTSA Product Information Catalog (vehicle products API),https://api.nhtsa.gov/products/vehicle/models?modelYear=2020&make=PORSCHE&issueType=r,2026-07-15,,2,2
Porsche,Turbo 2 911 GT2,2004-2005,2004,2005,Discontinued,Passenger Car,United States,No,Added - Missing Model,Government Verified,EPA FuelEconomy.gov Vehicle Fuel Economy Dataset,https://www.fueleconomy.gov/feg/epadata/vehicles.csv,,,2026-07-15,,1,1
Porsche,Turbo 4 911,2004-2005; 2007,2004,2007,Discontinued,Passenger Car,United States,No,Added - Missing Model,Government Verified,EPA FuelEconomy.gov Vehicle Fuel Economy Dataset,https://www.fueleconomy.gov/feg/epadata/vehicles.csv,,,2026-07-15,"Non-contiguous confirmed model years reflect the verified records; gaps are preserved, not bridged.",1,1
Porsche,Turbo 4 911 CAB KIT,2004-2005,2004,2005,Discontinued,Passenger Car,United States,No,Added - Missing Model,Government Verified,EPA FuelEconomy.gov Vehicle Fuel Economy Dataset,https://www.fueleconomy.gov/feg/epadata/vehicles.csv,,,2026-07-15,,1,1
Porsche,Turbo 4 911 CAB S,2005,2005,2005,Discontinued,Passenger Car,United States,No,Added - Missing Model,Government Verified,EPA FuelEconomy.gov Vehicle Fuel Economy Dataset,https://www.fueleconomy.gov/feg/epadata/vehicles.csv,,,2026-07-15,,1,1
Porsche,Turbo 4 911 KIT,2004-2005,2004,2005,Discontinued,Passenger Car,United States,No,Added - Missing Model,Government Verified,EPA FuelEconomy.gov Vehicle Fuel Economy Dataset,https://www.fueleconomy.gov/feg/epadata/vehicles.csv,,,2026-07-15,,1,1
Porsche,Turbo 4 911 S,2005,2005,2005,Discontinued,Passenger Car,United States,No,Added - Missing Model,Government Verified,EPA FuelEconomy.gov Vehicle Fuel Economy Dataset,https://www.fueleconomy.gov/feg/epadata/vehicles.csv,,,2026-07-15,,1,1
Porsche,Turbo GT2,2003,2003,2003,Discontinued,Passenger Car,United States,No,Added - Missing Model,Government Verified,EPA FuelEconomy.gov Vehicle Fuel Economy Dataset,https://www.fueleconomy.gov/feg/epadata/vehicles.csv,,,2026-07-15,,1,1
Porsche,Turbo KIT,2003,2003,2003,Discontinued,Passenger Car,United States,No,Added - Missing Model,Government Verified,EPA FuelEconomy.gov Vehicle Fuel Economy Dataset,https://www.fueleconomy.gov/feg/epadata/vehicles.csv,,,2026-07-15,,1,1
Ram,1500,2011-2027,2011,2027,Active,Pickup Truck,United States,Yes,Original Source,Fully Verified,EPA FuelEconomy.gov Vehicle Fuel Economy Dataset,https://www.fueleconomy.gov/feg/epadata/vehicles.csv,NHTSA Product Information Catalog (vehicle products API),https://api.nhtsa.gov/products/vehicle/models?modelYear=2011&make=RAM&issueType=r,2026-07-15,MY2027 record officially published in government data by the 2026-07-15 research cutoff.,2,2
Ram,1500 Classic,2019-2024,2019,2024,Discontinued,Pickup Truck,United States,No,Added - Missing Model,Fully Verified,EPA FuelEconomy.gov Vehicle Fuel Economy Dataset,https://www.fueleconomy.gov/feg/epadata/vehicles.csv,NHTSA Product Information Catalog (vehicle products API),https://api.nhtsa.gov/products/vehicle/models?modelYear=2019&make=RAM&issueType=r,2026-07-15,,2,2
Ram,2500,2011-2026,2011,2026,Active,Pickup Truck,United States,Yes,Original Source,Government Verified,NHTSA Product Information Catalog (vehicle products API),https://api.nhtsa.gov/products/vehicle/models?modelYear=2011&make=RAM&issueType=r,NHTSA vPIC (VIN product data),https://vpic.nhtsa.dot.gov/api/vehicles/GetModelsForMake/Ram?format=json,2026-07-15,"Upgraded to Fully Verified in V2: independently confirmed by NHTSA vPIC product data. V3 source-status correction: confirmation came from two NHTSA datasets (Recall + vPIC), which is cross-dataset confirmation within one organization, not independent multi-source verification.",1,2
Ram,3500,2013-2026,2013,2026,Active,Pickup Truck,United States,No,Added - Missing Model,Government Verified,NHTSA Product Information Catalog (vehicle products API),https://api.nhtsa.gov/products/vehicle/models?modelYear=2013&make=RAM&issueType=r,NHTSA vPIC (VIN product data),https://vpic.nhtsa.dot.gov/api/vehicles/GetModelsForMake/Ram?format=json,2026-07-15,"Upgraded to Fully Verified in V2: independently confirmed by NHTSA vPIC product data. V3 source-status correction: confirmation came from two NHTSA datasets (Recall + vPIC), which is cross-dataset confirmation within one organization, not independent multi-source verification.",1,2
Ram,ProMaster,2014-2016; 2018-2026,2014,2026,Active,Van,United States,Yes,Existing Standardized Catalog,Government Verified,NHTSA Product Information Catalog (vehicle products API),https://api.nhtsa.gov/products/vehicle/models?modelYear=2014&make=RAM&issueType=r,NHTSA vPIC (VIN product data),https://vpic.nhtsa.dot.gov/api/vehicles/GetModelsForMake/Ram?format=json,2026-07-15,"Non-contiguous confirmed model years reflect the verified records; gaps are preserved, not bridged. Upgraded to Fully Verified in V2: independently confirmed by NHTSA vPIC product data. V3 source-status correction: confirmation came from two NHTSA datasets (Recall + vPIC), which is cross-dataset confirmation within one organization, not independent multi-source verification.",1,2
Ram,ProMaster City,2015-2022,2015,2022,Discontinued,SUV/Crossover,United States,Yes,Existing Standardized Catalog,Fully Verified,EPA FuelEconomy.gov Vehicle Fuel Economy Dataset,https://www.fueleconomy.gov/feg/epadata/vehicles.csv,NHTSA Product Information Catalog (vehicle products API),https://api.nhtsa.gov/products/vehicle/models?modelYear=2015&make=RAM&issueType=r,2026-07-15,,2,2
Renault,18I,1981-1985,1981,1985,Discontinued,Passenger Car,United States,No,Added - Missing Make and Model,Fully Verified,EPA FuelEconomy.gov Vehicle Fuel Economy Dataset,https://www.fueleconomy.gov/feg/epadata/vehicles.csv,NHTSA vPIC (VIN product data),https://vpic.nhtsa.dot.gov/api/vehicles/GetModelsForMake/Renault?format=json,2026-07-15,"Upgraded to Fully Verified in V2: independently confirmed by NHTSA vPIC product data. Model year(s) [1981, 1982, 1983] added in V3 from the official EPA 1980-1983 historical dataset.",2,3
Renault,18I Sportwagon,1986,1986,1986,Discontinued,Passenger Car,United States,No,Added - Missing Make and Model,Government Verified,EPA FuelEconomy.gov Vehicle Fuel Economy Dataset,https://www.fueleconomy.gov/feg/epadata/vehicles.csv,,,2026-07-15,,1,1
Renault,Alliance,1983-1987,1983,1987,Discontinued,Passenger Car,United States,No,Added - Missing Make and Model,Fully Verified,EPA FuelEconomy.gov Vehicle Fuel Economy Dataset,https://www.fueleconomy.gov/feg/epadata/vehicles.csv,NHTSA Product Information Catalog (vehicle products API),https://api.nhtsa.gov/products/vehicle/models?modelYear=1983&make=RENAULT&issueType=r,2026-07-15,,2,3
Renault,Encore,1984-1986,1984,1986,Discontinued,Passenger Car,United States,No,Added - Missing Make and Model,Fully Verified,EPA FuelEconomy.gov Vehicle Fuel Economy Dataset,https://www.fueleconomy.gov/feg/epadata/vehicles.csv,NHTSA Product Information Catalog (vehicle products API),https://api.nhtsa.gov/products/vehicle/models?modelYear=1984&make=RENAULT&issueType=r,2026-07-15,,2,2
Renault,Fuego,1982-1986,1982,1986,Discontinued,Passenger Car,United States,No,Added - Missing Make and Model,Fully Verified,EPA FuelEconomy.gov Vehicle Fuel Economy Dataset,https://www.fueleconomy.gov/feg/epadata/vehicles.csv,NHTSA vPIC (VIN product data),https://vpic.nhtsa.dot.gov/api/vehicles/GetModelsForMake/Renault?format=json,2026-07-15,"Upgraded to Fully Verified in V2: independently confirmed by NHTSA vPIC product data. Model year(s) [1982, 1983] added in V3 from the official EPA 1980-1983 historical dataset.",2,3
Renault,GTA,1987,1987,1987,Discontinued,Passenger Car,United States,No,Added - Missing Make and Model,Fully Verified,EPA FuelEconomy.gov Vehicle Fuel Economy Dataset,https://www.fueleconomy.gov/feg/epadata/vehicles.csv,NHTSA Product Information Catalog (vehicle products API),https://api.nhtsa.gov/products/vehicle/models?modelYear=1987&make=RENAULT&issueType=r,2026-07-15,,2,2
Renault,Sportwagon,1984,1984,1984,Discontinued,Passenger Car,United States,No,Added - Missing Make and Model,Government Verified,EPA FuelEconomy.gov Vehicle Fuel Economy Dataset,https://www.fueleconomy.gov/feg/epadata/vehicles.csv,,,2026-07-15,,1,1
Rivian,R1S,2022-2026,2022,2026,Active,SUV/Crossover,United States,No,Added - Missing Make and Model,Fully Verified,EPA FuelEconomy.gov Vehicle Fuel Economy Dataset,https://www.fueleconomy.gov/feg/epadata/vehicles.csv,NHTSA Product Information Catalog (vehicle products API),https://api.nhtsa.gov/products/vehicle/models?modelYear=2022&make=RIVIAN&issueType=r,2026-07-15,,2,2
Rivian,R1T,2022-2026,2022,2026,Active,Pickup Truck,United States,No,Added - Missing Make and Model,Fully Verified,EPA FuelEconomy.gov Vehicle Fuel Economy Dataset,https://www.fueleconomy.gov/feg/epadata/vehicles.csv,NHTSA Product Information Catalog (vehicle products API),https://api.nhtsa.gov/products/vehicle/models?modelYear=2022&make=RIVIAN&issueType=r,2026-07-15,,2,2
Rivian,R2,2027,2027,2027,Official Early/Future Model Year,SUV/Crossover,United States,No,Added - Missing Make and Model,Fully Verified,EPA FuelEconomy.gov Vehicle Fuel Economy Dataset,https://www.fueleconomy.gov/feg/epadata/vehicles.csv,NHTSA vPIC (VIN product data),https://vpic.nhtsa.dot.gov/api/vehicles/GetModelsForMake/Rivian?format=json,2026-07-15,MY2027 record officially published in government data by the 2026-07-15 research cutoff. Upgraded to Fully Verified in V2: independently confirmed by NHTSA vPIC product data.,2,2
Rolls-Royce,Azure,1996-1997,1996,1997,Discontinued,Passenger Car,United States,No,Added - Missing Make and Model,Government Verified,EPA FuelEconomy.gov Vehicle Fuel Economy Dataset,https://www.fueleconomy.gov/feg/epadata/vehicles.csv,,,2026-07-15,,1,1
Rolls-Royce,Brklnds L,1993,1993,1993,Discontinued,Passenger Car,United States,No,Added - Missing Make and Model,Government Verified,EPA FuelEconomy.gov Vehicle Fuel Economy Dataset,https://www.fueleconomy.gov/feg/epadata/vehicles.csv,,,2026-07-15,,1,1
Rolls-Royce,Brooklands,1993-1997,1993,1997,Discontinued,Passenger Car,United States,No,Added - Missing Make and Model,Government Verified,EPA FuelEconomy.gov Vehicle Fuel Economy Dataset,https://www.fueleconomy.gov/feg/epadata/vehicles.csv,,,2026-07-15,"Non-contiguous confirmed model years reflect the verified records; gaps are preserved, not bridged.",1,1
Rolls-Royce,Camargue,1980-1987,1980,1987,Discontinued,Passenger Car,United States,No,Added - Missing Make and Model,Fully Verified,EPA FuelEconomy.gov Vehicle Fuel Economy Dataset,https://www.fueleconomy.gov/feg/epadata/vehicles.csv,NHTSA vPIC (VIN product data),https://vpic.nhtsa.dot.gov/api/vehicles/GetModelsForMake/Rolls-Royce?format=json,2026-07-15,"Upgraded to Fully Verified in V2: independently confirmed by NHTSA vPIC product data. Model year(s) [1980, 1981, 1982, 1983] added in V3 from the official EPA 1980-1983 historical dataset.",2,3
Rolls-Royce,Continental,1985-1995,1985,1995,Discontinued,Passenger Car,United States,No,Added - Missing Make and Model,Government Verified,EPA FuelEconomy.gov Vehicle Fuel Economy Dataset,https://www.fueleconomy.gov/feg/epadata/vehicles.csv,,,2026-07-15,,1,1
Rolls-Royce,Continental R,1993-1997,1993,1997,Discontinued,Passenger Car,United States,No,Added - Missing Make and Model,Government Verified,EPA FuelEconomy.gov Vehicle Fuel Economy Dataset,https://www.fueleconomy.gov/feg/epadata/vehicles.csv,,,2026-07-15,,1,1
Rolls-Royce,Continental T,1997,1997,1997,Discontinued,Passenger Car,United States,No,Added - Missing Make and Model,Government Verified,EPA FuelEconomy.gov Vehicle Fuel Economy Dataset,https://www.fueleconomy.gov/feg/epadata/vehicles.csv,,,2026-07-15,,1,1
Rolls-Royce,Corniche,1981-1985; 2000-2001,1981,2001,Discontinued,Passenger Car,United States,No,Added - Missing Make and Model,Fully Verified,EPA FuelEconomy.gov Vehicle Fuel Economy Dataset,https://www.fueleconomy.gov/feg/epadata/vehicles.csv,NHTSA vPIC (VIN product data),https://vpic.nhtsa.dot.gov/api/vehicles/GetModelsForMake/Rolls-Royce?format=json,2026-07-15,"Non-contiguous confirmed model years reflect the verified records; gaps are preserved, not bridged. Upgraded to Fully Verified in V2: independently confirmed by NHTSA vPIC product data. Model year(s) [1981, 1982, 1983] added in V3 from the official EPA 1980-1983 historical dataset.",2,3
Rolls-Royce,Corniche II,1986-1989,1986,1989,Discontinued,Passenger Car,United States,No,Added - Missing Make and Model,Government Verified,EPA FuelEconomy.gov Vehicle Fuel Economy Dataset,https://www.fueleconomy.gov/feg/epadata/vehicles.csv,,,2026-07-15,,1,1
Rolls-Royce,Corniche III,1990-1991,1990,1991,Discontinued,Passenger Car,United States,No,Added - Missing Make and Model,Government Verified,EPA FuelEconomy.gov Vehicle Fuel Economy Dataset,https://www.fueleconomy.gov/feg/epadata/vehicles.csv,,,2026-07-15,,1,1
Rolls-Royce,Corniche IV,1992-1995,1992,1995,Discontinued,Passenger Car,United States,No,Added - Missing Make and Model,Government Verified,EPA FuelEconomy.gov Vehicle Fuel Economy Dataset,https://www.fueleconomy.gov/feg/epadata/vehicles.csv,,,2026-07-15,,1,1
Rolls-Royce,Corniche S,1995,1995,1995,Discontinued,Passenger Car,United States,No,Added - Missing Make and Model,Government Verified,EPA FuelEconomy.gov Vehicle Fuel Economy Dataset,https://www.fueleconomy.gov/feg/epadata/vehicles.csv,,,2026-07-15,,1,1
Rolls-Royce,Cullinan,2019-2027,2019,2027,Active,Multiple Categories,United States,No,Added - Missing Make and Model,Fully Verified,EPA FuelEconomy.gov Vehicle Fuel Economy Dataset,https://www.fueleconomy.gov/feg/epadata/vehicles.csv,NHTSA vPIC (VIN product data),https://vpic.nhtsa.dot.gov/api/vehicles/GetModelsForMake/Rolls-Royce?format=json,2026-07-15,MY2027 record officially published in government data by the 2026-07-15 research cutoff. Upgraded to Fully Verified in V2: independently confirmed by NHTSA vPIC product data.,2,2
Rolls-Royce,Cullinan Black Badge,2020-2027,2020,2027,Active,Multiple Categories,United States,No,Added - Missing Make and Model,Government Verified,EPA FuelEconomy.gov Vehicle Fuel Economy Dataset,https://www.fueleconomy.gov/feg/epadata/vehicles.csv,,,2026-07-15,MY2027 record officially published in government data by the 2026-07-15 research cutoff.,1,1
Rolls-Royce,Dawn,1995; 2016-2021,1995,2021,Discontinued,Passenger Car,United States,No,Added - Missing Make and Model,Fully Verified,EPA FuelEconomy.gov Vehicle Fuel Economy Dataset,https://www.fueleconomy.gov/feg/epadata/vehicles.csv,NHTSA vPIC (VIN product data),https://vpic.nhtsa.dot.gov/api/vehicles/GetModelsForMake/Rolls-Royce?format=json,2026-07-15,"Non-contiguous confirmed model years reflect the verified records; gaps are preserved, not bridged. Upgraded to Fully Verified in V2: independently confirmed by NHTSA vPIC product data.",2,2
Rolls-Royce,Dawn Black Badge,2020-2021,2020,2021,Discontinued,Passenger Car,United States,No,Added - Missing Make and Model,Government Verified,EPA FuelEconomy.gov Vehicle Fuel Economy Dataset,https://www.fueleconomy.gov/feg/epadata/vehicles.csv,,,2026-07-15,,1,1
Rolls-Royce,Eight,1987-1992,1987,1992,Discontinued,Passenger Car,United States,No,Added - Missing Make and Model,Government Verified,EPA FuelEconomy.gov Vehicle Fuel Economy Dataset,https://www.fueleconomy.gov/feg/epadata/vehicles.csv,,,2026-07-15,,1,1
Rolls-Royce,Flying Spur,1995,1995,1995,Discontinued,Passenger Car,United States,No,Added - Missing Make and Model,Fully Verified,EPA FuelEconomy.gov Vehicle Fuel Economy Dataset,https://www.fueleconomy.gov/feg/epadata/vehicles.csv,NHTSA vPIC (VIN product data),https://vpic.nhtsa.dot.gov/api/vehicles/GetModelsForMake/Rolls-Royce?format=json,2026-07-15,Upgraded to Fully Verified in V2: independently confirmed by NHTSA vPIC product data.,2,2
Rolls-Royce,Ghost,2010-2027,2010,2027,Active,Passenger Car,United States,No,Added - Missing Make and Model,Fully Verified,EPA FuelEconomy.gov Vehicle Fuel Economy Dataset,https://www.fueleconomy.gov/feg/epadata/vehicles.csv,NHTSA Product Information Catalog (vehicle products API),https://api.nhtsa.gov/products/vehicle/models?modelYear=2010&make=ROLLS-ROYCE&issueType=r,2026-07-15,MY2027 record officially published in government data by the 2026-07-15 research cutoff.,2,2
Rolls-Royce,Ghost Black Badge,2020; 2022-2027,2020,2027,Active,Passenger Car,United States,No,Added - Missing Make and Model,Government Verified,EPA FuelEconomy.gov Vehicle Fuel Economy Dataset,https://www.fueleconomy.gov/feg/epadata/vehicles.csv,,,2026-07-15,"MY2027 record officially published in government data by the 2026-07-15 research cutoff. Non-contiguous confirmed model years reflect the verified records; gaps are preserved, not bridged.",1,1
Rolls-Royce,Ghost EWB,2012-2021,2012,2021,Discontinued,Passenger Car,United States,No,Added - Missing Make and Model,Government Verified,EPA FuelEconomy.gov Vehicle Fuel Economy Dataset,https://www.fueleconomy.gov/feg/epadata/vehicles.csv,,,2026-07-15,,1,1
Rolls-Royce,LWB,1995,1995,1995,Discontinued,Passenger Car,United States,No,Added - Missing Make and Model,Government Verified,EPA FuelEconomy.gov Vehicle Fuel Economy Dataset,https://www.fueleconomy.gov/feg/epadata/vehicles.csv,,,2026-07-15,,1,1
Rolls-Royce,Mulsan,1987-1990,1987,1990,Discontinued,Passenger Car,United States,No,Added - Missing Make and Model,Government Verified,EPA FuelEconomy.gov Vehicle Fuel Economy Dataset,https://www.fueleconomy.gov/feg/epadata/vehicles.csv,,,2026-07-15,,1,1
Rolls-Royce,Mulsanne,1981-1986,1981,1986,Discontinued,Passenger Car,United States,No,Added - Missing Make and Model,Government Verified,EPA FuelEconomy.gov Vehicle Fuel Economy Dataset,https://www.fueleconomy.gov/feg/epadata/vehicles.csv,,,2026-07-15,"Model year(s) [1981, 1982, 1983] added in V3 from the official EPA 1980-1983 historical dataset.",1,2
Rolls-Royce,Mulsanne S,1991,1991,1991,Discontinued,Passenger Car,United States,No,Added - Missing Make and Model,Government Verified,EPA FuelEconomy.gov Vehicle Fuel Economy Dataset,https://www.fueleconomy.gov/feg/epadata/vehicles.csv,,,2026-07-15,,1,1
Rolls-Royce,Mulsanne S & S,1992,1992,1992,Discontinued,Passenger Car,United States,No,Added - Missing Make and Model,Government Verified,EPA FuelEconomy.gov Vehicle Fuel Economy Dataset,https://www.fueleconomy.gov/feg/epadata/vehicles.csv,,,2026-07-15,,1,1
Rolls-Royce,Park Ward,1997; 2001-2002,1997,2002,Discontinued,Passenger Car,United States,No,Added - Missing Make and Model,Fully Verified,EPA FuelEconomy.gov Vehicle Fuel Economy Dataset,https://www.fueleconomy.gov/feg/epadata/vehicles.csv,NHTSA vPIC (VIN product data),https://vpic.nhtsa.dot.gov/api/vehicles/GetModelsForMake/Rolls-Royce?format=json,2026-07-15,"Non-contiguous confirmed model years reflect the verified records; gaps are preserved, not bridged. Upgraded to Fully Verified in V2: independently confirmed by NHTSA vPIC product data.",2,2
Rolls-Royce,Phantom,2004-2027,2004,2027,Active,Passenger Car,United States,No,Added - Missing Make and Model,Fully Verified,EPA FuelEconomy.gov Vehicle Fuel Economy Dataset,https://www.fueleconomy.gov/feg/epadata/vehicles.csv,NHTSA Product Information Catalog (vehicle products API),https://api.nhtsa.gov/products/vehicle/models?modelYear=2004&make=ROLLS-ROYCE&issueType=r,2026-07-15,MY2027 record officially published in government data by the 2026-07-15 research cutoff.,2,2
Rolls-Royce,Phantom Drophead,2008-2017,2008,2017,Discontinued,Passenger Car,United States,No,Added - Missing Make and Model,Government Verified,EPA FuelEconomy.gov Vehicle Fuel Economy Dataset,https://www.fueleconomy.gov/feg/epadata/vehicles.csv,,,2026-07-15,,1,1
Rolls-Royce,Phantom EWB,2007-2021,2007,2021,Discontinued,Passenger Car,United States,No,Added - Missing Make and Model,Government Verified,EPA FuelEconomy.gov Vehicle Fuel Economy Dataset,https://www.fueleconomy.gov/feg/epadata/vehicles.csv,,,2026-07-15,,1,1
Rolls-Royce,RL Bklds,1995,1995,1995,Discontinued,Passenger Car,United States,No,Added - Missing Make and Model,Government Verified,EPA FuelEconomy.gov Vehicle Fuel Economy Dataset,https://www.fueleconomy.gov/feg/epadata/vehicles.csv,,,2026-07-15,,1,1
Rolls-Royce,Silver Dawn,1996-1997,1996,1997,Discontinued,Passenger Car,United States,No,Added - Missing Make and Model,Fully Verified,EPA FuelEconomy.gov Vehicle Fuel Economy Dataset,https://www.fueleconomy.gov/feg/epadata/vehicles.csv,NHTSA vPIC (VIN product data),https://vpic.nhtsa.dot.gov/api/vehicles/GetModelsForMake/Rolls-Royce?format=json,2026-07-15,Upgraded to Fully Verified in V2: independently confirmed by NHTSA vPIC product data.,2,2
Rolls-Royce,Silver Seraph,1999; 2001-2002,1999,2002,Discontinued,Passenger Car,United States,No,Added - Missing Make and Model,Fully Verified,EPA FuelEconomy.gov Vehicle Fuel Economy Dataset,https://www.fueleconomy.gov/feg/epadata/vehicles.csv,NHTSA Product Information Catalog (vehicle products API),https://api.nhtsa.gov/products/vehicle/models?modelYear=1999&make=ROLLS-ROYCE&issueType=r,2026-07-15,"Non-contiguous confirmed model years reflect the verified records; gaps are preserved, not bridged.",2,2
Rolls-Royce,Silver Spirit,1981-1989,1981,1989,Discontinued,Passenger Car,United States,No,Added - Missing Make and Model,Fully Verified,EPA FuelEconomy.gov Vehicle Fuel Economy Dataset,https://www.fueleconomy.gov/feg/epadata/vehicles.csv,NHTSA Product Information Catalog (vehicle products API),https://api.nhtsa.gov/products/vehicle/models?modelYear=1984&make=ROLLS-ROYCE&issueType=r,2026-07-15,"Model year(s) [1981, 1982, 1983] added in V3 from the official EPA 1980-1983 historical dataset.",2,3
Rolls-Royce,Silver Spirit II,1990-1993,1990,1993,Discontinued,Passenger Car,United States,No,Added - Missing Make and Model,Government Verified,EPA FuelEconomy.gov Vehicle Fuel Economy Dataset,https://www.fueleconomy.gov/feg/epadata/vehicles.csv,,,2026-07-15,,1,1
Rolls-Royce,Silver Spirit III,1994,1994,1994,Discontinued,Passenger Car,United States,No,Added - Missing Make and Model,Government Verified,EPA FuelEconomy.gov Vehicle Fuel Economy Dataset,https://www.fueleconomy.gov/feg/epadata/vehicles.csv,,,2026-07-15,,1,1
Rolls-Royce,Silver Spur,1981; 1986-1993; 1996-1999,1981,1999,Discontinued,Passenger Car,United States,No,Added - Missing Make and Model,Fully Verified,EPA FuelEconomy.gov Vehicle Fuel Economy Dataset,https://www.fueleconomy.gov/feg/epadata/vehicles.csv,NHTSA Product Information Catalog (vehicle products API),https://api.nhtsa.gov/products/vehicle/models?modelYear=1981&make=ROLLS-ROYCE&issueType=r,2026-07-15,"Non-contiguous confirmed model years reflect the verified records; gaps are preserved, not bridged.",2,2
Rolls-Royce,Silver Spur II MPW Touring L,1993,1993,1993,Discontinued,Passenger Car,United States,No,Added - Missing Make and Model,Government Verified,EPA FuelEconomy.gov Vehicle Fuel Economy Dataset,https://www.fueleconomy.gov/feg/epadata/vehicles.csv,,,2026-07-15,,1,1
Rolls-Royce,Silver Spur III Limousine,1994-1995,1994,1995,Discontinued,Passenger Car,United States,No,Added - Missing Make and Model,Government Verified,EPA FuelEconomy.gov Vehicle Fuel Economy Dataset,https://www.fueleconomy.gov/feg/epadata/vehicles.csv,,,2026-07-15,,1,1
Rolls-Royce,Silver Spur Limousine,1984-1988; 1996-1997,1984,1997,Discontinued,Passenger Car,United States,No,Added - Missing Make and Model,Government Verified,EPA FuelEconomy.gov Vehicle Fuel Economy Dataset,https://www.fueleconomy.gov/feg/epadata/vehicles.csv,,,2026-07-15,"Non-contiguous confirmed model years reflect the verified records; gaps are preserved, not bridged.",1,1
Rolls-Royce,Silver Spur Park Ward,1998-1999,1998,1999,Discontinued,Passenger Car,United States,No,Added - Missing Make and Model,Government Verified,EPA FuelEconomy.gov Vehicle Fuel Economy Dataset,https://www.fueleconomy.gov/feg/epadata/vehicles.csv,,,2026-07-15,,1,1
Rolls-Royce,Spectre,2024-2026,2024,2026,Active,Passenger Car,United States,No,Added - Missing Make and Model,Fully Verified,EPA FuelEconomy.gov Vehicle Fuel Economy Dataset,https://www.fueleconomy.gov/feg/epadata/vehicles.csv,NHTSA vPIC (VIN product data),https://vpic.nhtsa.dot.gov/api/vehicles/GetModelsForMake/Rolls-Royce?format=json,2026-07-15,Upgraded to Fully Verified in V2: independently confirmed by NHTSA vPIC product data.,2,2
Rolls-Royce,Spectre Black Badge,2024-2026,2024,2026,Active,Passenger Car,United States,No,Added - Missing Make and Model,Government Verified,EPA FuelEconomy.gov Vehicle Fuel Economy Dataset,https://www.fueleconomy.gov/feg/epadata/vehicles.csv,,,2026-07-15,,1,1
Rolls-Royce,Spirit III,1995,1995,1995,Discontinued,Passenger Car,United States,No,Added - Missing Make and Model,Government Verified,EPA FuelEconomy.gov Vehicle Fuel Economy Dataset,https://www.fueleconomy.gov/feg/epadata/vehicles.csv,,,2026-07-15,,1,1
Rolls-Royce,Spur,1981-1986,1981,1986,Discontinued,Passenger Car,United States,No,Added - Missing Make and Model,Government Verified,EPA FuelEconomy.gov Vehicle Fuel Economy Dataset,https://www.fueleconomy.gov/feg/epadata/vehicles.csv,,,2026-07-15,"Model year(s) [1981, 1982, 1983] added in V3 from the official EPA 1980-1983 historical dataset.",1,2
Rolls-Royce,Spur III,1994-1995,1994,1995,Discontinued,Passenger Car,United States,No,Added - Missing Make and Model,Government Verified,EPA FuelEconomy.gov Vehicle Fuel Economy Dataset,https://www.fueleconomy.gov/feg/epadata/vehicles.csv,,,2026-07-15,,1,1
Rolls-Royce,Turbo R,1989; 1991-1997,1989,1997,Discontinued,Passenger Car,United States,No,Added - Missing Make and Model,Government Verified,EPA FuelEconomy.gov Vehicle Fuel Economy Dataset,https://www.fueleconomy.gov/feg/epadata/vehicles.csv,,,2026-07-15,"Non-contiguous confirmed model years reflect the verified records; gaps are preserved, not bridged.",1,1
Rolls-Royce,Turbo RL,1994; 1996,1994,1996,Discontinued,Passenger Car,United States,No,Added - Missing Make and Model,Government Verified,EPA FuelEconomy.gov Vehicle Fuel Economy Dataset,https://www.fueleconomy.gov/feg/epadata/vehicles.csv,,,2026-07-15,"Non-contiguous confirmed model years reflect the verified records; gaps are preserved, not bridged.",1,1
Rolls-Royce,Wraith,2014-2021,2014,2021,Discontinued,Passenger Car,United States,No,Added - Missing Make and Model,Fully Verified,EPA FuelEconomy.gov Vehicle Fuel Economy Dataset,https://www.fueleconomy.gov/feg/epadata/vehicles.csv,NHTSA Product Information Catalog (vehicle products API),https://api.nhtsa.gov/products/vehicle/models?modelYear=2014&make=ROLLS-ROYCE&issueType=r,2026-07-15,,2,2
Rolls-Royce,Wraith Black Badge,2020-2021,2020,2021,Discontinued,Passenger Car,United States,No,Added - Missing Make and Model,Government Verified,EPA FuelEconomy.gov Vehicle Fuel Economy Dataset,https://www.fueleconomy.gov/feg/epadata/vehicles.csv,,,2026-07-15,,1,1
Saab,9-2X,2005-2006,2005,2006,Discontinued,Passenger Car,United States,No,Added - Missing Model,Fully Verified,EPA FuelEconomy.gov Vehicle Fuel Economy Dataset,https://www.fueleconomy.gov/feg/epadata/vehicles.csv,NHTSA Product Information Catalog (vehicle products API),https://api.nhtsa.gov/products/vehicle/models?modelYear=2005&make=SAAB&issueType=r,2026-07-15,,2,2
Saab,9-3,1994; 1999-2012,1994,2012,Discontinued,Passenger Car,United States,Yes,Original Source,Fully Verified,EPA FuelEconomy.gov Vehicle Fuel Economy Dataset,https://www.fueleconomy.gov/feg/epadata/vehicles.csv,NHTSA Product Information Catalog (vehicle products API),https://api.nhtsa.gov/products/vehicle/models?modelYear=1994&make=SAAB&issueType=r,2026-07-15,"Non-contiguous confirmed model years reflect the verified records; gaps are preserved, not bridged.",2,2
Saab,9-3X Sportcombi,2010-2012,2010,2012,Discontinued,Passenger Car,United States,No,Added - Missing Model,Government Verified,EPA FuelEconomy.gov Vehicle Fuel Economy Dataset,https://www.fueleconomy.gov/feg/epadata/vehicles.csv,,,2026-07-15,,1,1
Saab,9-4X,2011-2012,2011,2012,Discontinued,SUV/Crossover,United States,No,Added - Missing Model,Fully Verified,EPA FuelEconomy.gov Vehicle Fuel Economy Dataset,https://www.fueleconomy.gov/feg/epadata/vehicles.csv,NHTSA Product Information Catalog (vehicle products API),https://api.nhtsa.gov/products/vehicle/models?modelYear=2011&make=SAAB&issueType=r,2026-07-15,,2,2
Saab,9-5,1998-2012,1998,2012,Discontinued,Passenger Car,United States,No,Added - Missing Model,Fully Verified,EPA FuelEconomy.gov Vehicle Fuel Economy Dataset,https://www.fueleconomy.gov/feg/epadata/vehicles.csv,NHTSA Product Information Catalog (vehicle products API),https://api.nhtsa.gov/products/vehicle/models?modelYear=1998&make=SAAB&issueType=r,2026-07-15,,2,2
Saab,9-7X,2005-2009,2005,2009,Discontinued,SUV/Crossover,United States,No,Added - Missing Model,Fully Verified,EPA FuelEconomy.gov Vehicle Fuel Economy Dataset,https://www.fueleconomy.gov/feg/epadata/vehicles.csv,NHTSA Product Information Catalog (vehicle products API),https://api.nhtsa.gov/products/vehicle/models?modelYear=2005&make=SAAB&issueType=r,2026-07-15,,2,2
Saab,900,1980-2000,1980,2000,Discontinued,Passenger Car,United States,No,Added - Missing Model,Fully Verified,EPA FuelEconomy.gov Vehicle Fuel Economy Dataset,https://www.fueleconomy.gov/feg/epadata/vehicles.csv,NHTSA Product Information Catalog (vehicle products API),https://api.nhtsa.gov/products/vehicle/models?modelYear=1981&make=SAAB&issueType=r,2026-07-15,Model year(s) [1980] added in V3 from the official EPA 1980-1983 historical dataset.,2,3
Saab,9000,1986-1998,1986,1998,Discontinued,Passenger Car,United States,No,Added - Missing Model,Fully Verified,EPA FuelEconomy.gov Vehicle Fuel Economy Dataset,https://www.fueleconomy.gov/feg/epadata/vehicles.csv,NHTSA Product Information Catalog (vehicle products API),https://api.nhtsa.gov/products/vehicle/models?modelYear=1986&make=SAAB&issueType=r,2026-07-15,,2,2
Saab,900S,1998,1998,1998,Discontinued,Passenger Car,United States,No,Added - Missing Model,Government Verified,EPA FuelEconomy.gov Vehicle Fuel Economy Dataset,https://www.fueleconomy.gov/feg/epadata/vehicles.csv,,,2026-07-15,,1,1
Saab,900SE,1998,1998,1998,Discontinued,Passenger Car,United States,No,Added - Missing Model,Government Verified,EPA FuelEconomy.gov Vehicle Fuel Economy Dataset,https://www.fueleconomy.gov/feg/epadata/vehicles.csv,,,2026-07-15,,1,1
Saab,Convertible,1993-1994,1993,1994,Discontinued,Passenger Car,United States,No,Added - Missing Model,Government Verified,EPA FuelEconomy.gov Vehicle Fuel Economy Dataset,https://www.fueleconomy.gov/feg/epadata/vehicles.csv,,,2026-07-15,,1,1
Saturn,Astra,2008-2009,2008,2009,Discontinued,Passenger Car,United States,No,Added - Missing Model,Fully Verified,EPA FuelEconomy.gov Vehicle Fuel Economy Dataset,https://www.fueleconomy.gov/feg/epadata/vehicles.csv,NHTSA Product Information Catalog (vehicle products API),https://api.nhtsa.gov/products/vehicle/models?modelYear=2008&make=SATURN&issueType=r,2026-07-15,,2,2
Saturn,Aura,2000; 2005; 2007-2010,2000,2010,Discontinued,Passenger Car,United States,No,Added - Missing Model,Fully Verified,EPA FuelEconomy.gov Vehicle Fuel Economy Dataset,https://www.fueleconomy.gov/feg/epadata/vehicles.csv,NHTSA Product Information Catalog (vehicle products API),https://api.nhtsa.gov/products/vehicle/models?modelYear=2000&make=SATURN&issueType=r,2026-07-15,"Non-contiguous confirmed model years reflect the verified records; gaps are preserved, not bridged.",2,2
Saturn,Ion,2003-2008,2003,2008,Discontinued,Passenger Car,United States,Yes,Original Source,Fully Verified,EPA FuelEconomy.gov Vehicle Fuel Economy Dataset,https://www.fueleconomy.gov/feg/epadata/vehicles.csv,NHTSA Product Information Catalog (vehicle products API),https://api.nhtsa.gov/products/vehicle/models?modelYear=2003&make=SATURN&issueType=r,2026-07-15,,2,2
Saturn,L-Series,2000-2005,2000,2005,Discontinued,Passenger Car,United States,No,Added - Missing Model,Fully Verified,EPA FuelEconomy.gov Vehicle Fuel Economy Dataset,https://www.fueleconomy.gov/feg/epadata/vehicles.csv,NHTSA Product Information Catalog (vehicle products API),https://api.nhtsa.gov/products/vehicle/models?modelYear=2000&make=SATURN&issueType=r,2026-07-15,,2,2
Saturn,Outlook,2007-2010,2007,2010,Discontinued,SUV/Crossover,United States,Yes,Original Source,Fully Verified,EPA FuelEconomy.gov Vehicle Fuel Economy Dataset,https://www.fueleconomy.gov/feg/epadata/vehicles.csv,NHTSA Product Information Catalog (vehicle products API),https://api.nhtsa.gov/products/vehicle/models?modelYear=2007&make=SATURN&issueType=r,2026-07-15,,2,2
Saturn,Relay,2005-2007,2005,2007,Discontinued,Minivan,United States,No,Added - Missing Model,Fully Verified,EPA FuelEconomy.gov Vehicle Fuel Economy Dataset,https://www.fueleconomy.gov/feg/epadata/vehicles.csv,NHTSA Product Information Catalog (vehicle products API),https://api.nhtsa.gov/products/vehicle/models?modelYear=2005&make=SATURN&issueType=r,2026-07-15,,2,2
Saturn,S-Series,1991-2002,1991,2002,Discontinued,Passenger Car,United States,No,Added - Missing Model,Fully Verified,EPA FuelEconomy.gov Vehicle Fuel Economy Dataset,https://www.fueleconomy.gov/feg/epadata/vehicles.csv,NHTSA Product Information Catalog (vehicle products API),https://api.nhtsa.gov/products/vehicle/models?modelYear=1991&make=SATURN&issueType=r,2026-07-15,,2,2
Saturn,Sky,2007-2010,2007,2010,Discontinued,Passenger Car,United States,No,Added - Missing Model,Fully Verified,EPA FuelEconomy.gov Vehicle Fuel Economy Dataset,https://www.fueleconomy.gov/feg/epadata/vehicles.csv,NHTSA Product Information Catalog (vehicle products API),https://api.nhtsa.gov/products/vehicle/models?modelYear=2007&make=SATURN&issueType=r,2026-07-15,,2,2
Saturn,Vue,2002-2010,2002,2010,Discontinued,SUV/Crossover,United States,Yes,Original Source,Fully Verified,EPA FuelEconomy.gov Vehicle Fuel Economy Dataset,https://www.fueleconomy.gov/feg/epadata/vehicles.csv,NHTSA Product Information Catalog (vehicle products API),https://api.nhtsa.gov/products/vehicle/models?modelYear=2002&make=SATURN&issueType=r,2026-07-15,,2,2
Scion,FR-S,2013-2016,2013,2016,Discontinued,Passenger Car,United States,No,Added - Missing Make and Model,Fully Verified,EPA FuelEconomy.gov Vehicle Fuel Economy Dataset,https://www.fueleconomy.gov/feg/epadata/vehicles.csv,NHTSA Product Information Catalog (vehicle products API),https://api.nhtsa.gov/products/vehicle/models?modelYear=2013&make=SCION&issueType=r,2026-07-15,,2,2
Scion,iA,2016,2016,2016,Discontinued,Passenger Car,United States,No,Added - Missing Make and Model,Fully Verified,EPA FuelEconomy.gov Vehicle Fuel Economy Dataset,https://www.fueleconomy.gov/feg/epadata/vehicles.csv,NHTSA Product Information Catalog (vehicle products API),https://api.nhtsa.gov/products/vehicle/models?modelYear=2016&make=SCION&issueType=r,2026-07-15,,2,2
Scion,iM,2016,2016,2016,Discontinued,Passenger Car,United States,No,Added - Missing Make and Model,Fully Verified,EPA FuelEconomy.gov Vehicle Fuel Economy Dataset,https://www.fueleconomy.gov/feg/epadata/vehicles.csv,NHTSA Product Information Catalog (vehicle products API),https://api.nhtsa.gov/products/vehicle/models?modelYear=2016&make=SCION&issueType=r,2026-07-15,,2,2
Scion,iQ,2011-2015,2011,2015,Discontinued,Passenger Car,United States,No,Added - Missing Make and Model,Fully Verified,EPA FuelEconomy.gov Vehicle Fuel Economy Dataset,https://www.fueleconomy.gov/feg/epadata/vehicles.csv,NHTSA Product Information Catalog (vehicle products API),https://api.nhtsa.gov/products/vehicle/models?modelYear=2011&make=SCION&issueType=r,2026-07-15,,2,2
Scion,iQ EV,2013,2013,2013,Discontinued,Passenger Car,United States,No,Added - Missing Make and Model,Government Verified,EPA FuelEconomy.gov Vehicle Fuel Economy Dataset,https://www.fueleconomy.gov/feg/epadata/vehicles.csv,,,2026-07-15,,1,1
Scion,tC,2005-2016,2005,2016,Discontinued,Passenger Car,United States,No,Added - Missing Make and Model,Fully Verified,EPA FuelEconomy.gov Vehicle Fuel Economy Dataset,https://www.fueleconomy.gov/feg/epadata/vehicles.csv,NHTSA Product Information Catalog (vehicle products API),https://api.nhtsa.gov/products/vehicle/models?modelYear=2005&make=SCION&issueType=r,2026-07-15,,2,2
Scion,xA,2004-2006,2004,2006,Discontinued,Passenger Car,United States,No,Added - Missing Make and Model,Fully Verified,EPA FuelEconomy.gov Vehicle Fuel Economy Dataset,https://www.fueleconomy.gov/feg/epadata/vehicles.csv,NHTSA Product Information Catalog (vehicle products API),https://api.nhtsa.gov/products/vehicle/models?modelYear=2004&make=SCION&issueType=r,2026-07-15,,2,2
Scion,xB,2004-2015,2004,2015,Discontinued,Passenger Car,United States,No,Added - Missing Make and Model,Fully Verified,EPA FuelEconomy.gov Vehicle Fuel Economy Dataset,https://www.fueleconomy.gov/feg/epadata/vehicles.csv,NHTSA Product Information Catalog (vehicle products API),https://api.nhtsa.gov/products/vehicle/models?modelYear=2004&make=SCION&issueType=r,2026-07-15,,2,2
Scion,xD,2006; 2008-2014,2006,2014,Discontinued,Passenger Car,United States,No,Added - Missing Make and Model,Fully Verified,EPA FuelEconomy.gov Vehicle Fuel Economy Dataset,https://www.fueleconomy.gov/feg/epadata/vehicles.csv,NHTSA Product Information Catalog (vehicle products API),https://api.nhtsa.gov/products/vehicle/models?modelYear=2006&make=SCION&issueType=r,2026-07-15,"Non-contiguous confirmed model years reflect the verified records; gaps are preserved, not bridged.",2,2
Sterling,825,1987-1988,1987,1988,Discontinued,Passenger Car,United States,No,Added - Missing Make and Model,Fully Verified,EPA FuelEconomy.gov Vehicle Fuel Economy Dataset,https://www.fueleconomy.gov/feg/epadata/vehicles.csv,NHTSA Product Information Catalog (vehicle products API),https://api.nhtsa.gov/products/vehicle/models?modelYear=1987&make=STERLING&issueType=r,2026-07-15,,2,2
Sterling,827,1988-1991,1988,1991,Discontinued,Passenger Car,United States,No,Added - Missing Make and Model,Fully Verified,EPA FuelEconomy.gov Vehicle Fuel Economy Dataset,https://www.fueleconomy.gov/feg/epadata/vehicles.csv,NHTSA vPIC (VIN product data),https://vpic.nhtsa.dot.gov/api/vehicles/GetModelsForMake/Sterling?format=json,2026-07-15,Upgraded to Fully Verified in V2: independently confirmed by NHTSA vPIC product data.,2,2
Subaru,3DOOR,1987-1989,1987,1989,Discontinued,Passenger Car,United States,No,Added - Missing Model,Government Verified,EPA FuelEconomy.gov Vehicle Fuel Economy Dataset,https://www.fueleconomy.gov/feg/epadata/vehicles.csv,,,2026-07-15,,1,1
Subaru,Ascent,2019-2026,2019,2026,Active,SUV/Crossover,United States,No,Added - Missing Model,Fully Verified,EPA FuelEconomy.gov Vehicle Fuel Economy Dataset,https://www.fueleconomy.gov/feg/epadata/vehicles.csv,NHTSA Product Information Catalog (vehicle products API),https://api.nhtsa.gov/products/vehicle/models?modelYear=2019&make=SUBARU&issueType=r,2026-07-15,,2,2
Subaru,B9 Tribeca,2006-2007,2006,2007,Discontinued,SUV/Crossover,United States,No,Added - Missing Model,Fully Verified,EPA FuelEconomy.gov Vehicle Fuel Economy Dataset,https://www.fueleconomy.gov/feg/epadata/vehicles.csv,NHTSA vPIC (VIN product data),https://vpic.nhtsa.dot.gov/api/vehicles/GetModelsForMake/Subaru?format=json,2026-07-15,Upgraded to Fully Verified in V2: independently confirmed by NHTSA vPIC product data.,2,2
Subaru,BRZ,2013-2020; 2022-2026,2013,2026,Active,Passenger Car,United States,No,Added - Missing Model,Fully Verified,EPA FuelEconomy.gov Vehicle Fuel Economy Dataset,https://www.fueleconomy.gov/feg/epadata/vehicles.csv,NHTSA Product Information Catalog (vehicle products API),https://api.nhtsa.gov/products/vehicle/models?modelYear=2013&make=SUBARU&issueType=r,2026-07-15,"Non-contiguous confirmed model years reflect the verified records; gaps are preserved, not bridged.",2,2
Subaru,BRZ TS,2018; 2020,2018,2020,Discontinued,Passenger Car,United States,No,Added - Missing Model,Government Verified,EPA FuelEconomy.gov Vehicle Fuel Economy Dataset,https://www.fueleconomy.gov/feg/epadata/vehicles.csv,,,2026-07-15,"Non-contiguous confirmed model years reflect the verified records; gaps are preserved, not bridged.",1,1
Subaru,Baja,2003-2006,2003,2006,Discontinued,SUV/Crossover,United States,No,Added - Missing Model,Fully Verified,EPA FuelEconomy.gov Vehicle Fuel Economy Dataset,https://www.fueleconomy.gov/feg/epadata/vehicles.csv,NHTSA Product Information Catalog (vehicle products API),https://api.nhtsa.gov/products/vehicle/models?modelYear=2003&make=SUBARU&issueType=r,2026-07-15,,2,2
Subaru,Brat,1980-1987,1980,1987,Discontinued,Multiple Categories,United States,No,Added - Missing Model,Fully Verified,EPA FuelEconomy.gov Vehicle Fuel Economy Dataset,https://www.fueleconomy.gov/feg/epadata/vehicles.csv,NHTSA vPIC (VIN product data),https://vpic.nhtsa.dot.gov/api/vehicles/GetModelsForMake/Subaru?format=json,2026-07-15,"Non-contiguous confirmed model years reflect the verified records; gaps are preserved, not bridged. Upgraded to Fully Verified in V2: independently confirmed by NHTSA vPIC product data. Model year(s) [1980, 1981, 1983] added in V3 from the official EPA 1980-1983 historical dataset.",2,3
Subaru,Crosstrek,2012-2013; 2016-2026,2012,2026,Active,SUV/Crossover,United States,No,Added - Missing Model,Fully Verified,EPA FuelEconomy.gov Vehicle Fuel Economy Dataset,https://www.fueleconomy.gov/feg/epadata/vehicles.csv,NHTSA Product Information Catalog (vehicle products API),https://api.nhtsa.gov/products/vehicle/models?modelYear=2012&make=SUBARU&issueType=r,2026-07-15,"Non-contiguous confirmed model years reflect the verified records; gaps are preserved, not bridged.",2,2
Subaru,Crosstrek Wilderness,2024-2026,2024,2026,Active,SUV/Crossover,United States,No,Added - Missing Model,Fully Verified,EPA FuelEconomy.gov Vehicle Fuel Economy Dataset,https://www.fueleconomy.gov/feg/epadata/vehicles.csv,NHTSA Product Information Catalog (vehicle products API),https://api.nhtsa.gov/products/vehicle/models?modelYear=2024&make=SUBARU&issueType=r,2026-07-15,,2,2
Subaru,Forester,1998-2026,1998,2026,Active,SUV/Crossover,United States,Yes,Original Source,Fully Verified,EPA FuelEconomy.gov Vehicle Fuel Economy Dataset,https://www.fueleconomy.gov/feg/epadata/vehicles.csv,NHTSA Product Information Catalog (vehicle products API),https://api.nhtsa.gov/products/vehicle/models?modelYear=1998&make=SUBARU&issueType=r,2026-07-15,,2,2
Subaru,Forester Sport,2025-2026,2025,2026,Active,SUV/Crossover,United States,No,Added - Missing Model,Government Verified,EPA FuelEconomy.gov Vehicle Fuel Economy Dataset,https://www.fueleconomy.gov/feg/epadata/vehicles.csv,,,2026-07-15,,1,1
Subaru,Forester Wilderness,2022-2026,2022,2026,Active,SUV/Crossover,United States,No,Added - Missing Model,Fully Verified,EPA FuelEconomy.gov Vehicle Fuel Economy Dataset,https://www.fueleconomy.gov/feg/epadata/vehicles.csv,NHTSA Product Information Catalog (vehicle products API),https://api.nhtsa.gov/products/vehicle/models?modelYear=2022&make=SUBARU&issueType=r,2026-07-15,,2,2
Subaru,GL,1981-1989; 1993,1981,1993,Discontinued,Passenger Car,United States,No,Added - Missing Model,Government Verified,NHTSA Product Information Catalog (vehicle products API),https://api.nhtsa.gov/products/vehicle/models?modelYear=1981&make=SUBARU&issueType=r,NHTSA vPIC (VIN product data),https://vpic.nhtsa.dot.gov/api/vehicles/GetModelsForMake/Subaru?format=json,2026-07-15,"Non-contiguous confirmed model years reflect the verified records; gaps are preserved, not bridged. Upgraded to Fully Verified in V2: independently confirmed by NHTSA vPIC product data. V3 source-status correction: confirmation came from two NHTSA datasets (Recall + vPIC), which is cross-dataset confirmation within one organization, not independent multi-source verification.",1,2
Subaru,Hatchback,1985-1989,1985,1989,Discontinued,Multiple Categories,United States,No,Added - Missing Model,Government Verified,EPA FuelEconomy.gov Vehicle Fuel Economy Dataset,https://www.fueleconomy.gov/feg/epadata/vehicles.csv,,,2026-07-15,,1,1
Subaru,Impreza,1990; 1993-2026,1990,2026,Active,Passenger Car,United States,Yes,Original Source,Fully Verified,EPA FuelEconomy.gov Vehicle Fuel Economy Dataset,https://www.fueleconomy.gov/feg/epadata/vehicles.csv,NHTSA Product Information Catalog (vehicle products API),https://api.nhtsa.gov/products/vehicle/models?modelYear=1990&make=SUBARU&issueType=r,2026-07-15,"Non-contiguous confirmed model years reflect the verified records; gaps are preserved, not bridged.",2,2
Subaru,Impreza 5-DOOR,2017-2023,2017,2023,Discontinued,Passenger Car,United States,No,Added - Missing Model,Government Verified,EPA FuelEconomy.gov Vehicle Fuel Economy Dataset,https://www.fueleconomy.gov/feg/epadata/vehicles.csv,,,2026-07-15,,1,1
Subaru,Impreza Sport,2015-2023,2015,2023,Discontinued,Passenger Car,United States,No,Added - Missing Model,Government Verified,EPA FuelEconomy.gov Vehicle Fuel Economy Dataset,https://www.fueleconomy.gov/feg/epadata/vehicles.csv,,,2026-07-15,,1,1
Subaru,Impreza Sport 5-DOOR,2017-2023,2017,2023,Discontinued,Passenger Car,United States,No,Added - Missing Model,Government Verified,EPA FuelEconomy.gov Vehicle Fuel Economy Dataset,https://www.fueleconomy.gov/feg/epadata/vehicles.csv,,,2026-07-15,,1,1
Subaru,Justy,1987-1995,1987,1995,Discontinued,Multiple Categories,United States,No,Added - Missing Model,Fully Verified,EPA FuelEconomy.gov Vehicle Fuel Economy Dataset,https://www.fueleconomy.gov/feg/epadata/vehicles.csv,NHTSA Product Information Catalog (vehicle products API),https://api.nhtsa.gov/products/vehicle/models?modelYear=1987&make=SUBARU&issueType=r,2026-07-15,,2,2
Subaru,Legacy,1987-2025,1987,2025,Active,Passenger Car,United States,Yes,Original Source,Fully Verified,EPA FuelEconomy.gov Vehicle Fuel Economy Dataset,https://www.fueleconomy.gov/feg/epadata/vehicles.csv,NHTSA Product Information Catalog (vehicle products API),https://api.nhtsa.gov/products/vehicle/models?modelYear=1987&make=SUBARU&issueType=r,2026-07-15,,2,2
Subaru,Loyale,1989-1994,1989,1994,Discontinued,Multiple Categories,United States,No,Added - Missing Model,Fully Verified,EPA FuelEconomy.gov Vehicle Fuel Economy Dataset,https://www.fueleconomy.gov/feg/epadata/vehicles.csv,NHTSA Product Information Catalog (vehicle products API),https://api.nhtsa.gov/products/vehicle/models?modelYear=1989&make=SUBARU&issueType=r,2026-07-15,,2,2
Subaru,Onyx,2022-2026,2022,2026,Active,SUV/Crossover,United States,No,Added - Missing Model,Government Verified,EPA FuelEconomy.gov Vehicle Fuel Economy Dataset,https://www.fueleconomy.gov/feg/epadata/vehicles.csv,,,2026-07-15,,1,1
Subaru,Outback,1995-2026,1995,2026,Active,Multiple Categories,United States,Yes,Original Source,Fully Verified,EPA FuelEconomy.gov Vehicle Fuel Economy Dataset,https://www.fueleconomy.gov/feg/epadata/vehicles.csv,NHTSA Product Information Catalog (vehicle products API),https://api.nhtsa.gov/products/vehicle/models?modelYear=1995&make=SUBARU&issueType=r,2026-07-15,,2,2
Subaru,Outback SPT,2003-2009,2003,2009,Discontinued,Passenger Car,United States,No,Added - Missing Model,Government Verified,EPA FuelEconomy.gov Vehicle Fuel Economy Dataset,https://www.fueleconomy.gov/feg/epadata/vehicles.csv,,,2026-07-15,,1,1
Subaru,Outback Sport,2010-2012,2010,2012,Discontinued,Passenger Car,United States,No,Added - Missing Model,Government Verified,EPA FuelEconomy.gov Vehicle Fuel Economy Dataset,https://www.fueleconomy.gov/feg/epadata/vehicles.csv,,,2026-07-15,,1,1
Subaru,Outback Wilderness,2022-2026,2022,2026,Active,SUV/Crossover,United States,No,Added - Missing Model,Fully Verified,EPA FuelEconomy.gov Vehicle Fuel Economy Dataset,https://www.fueleconomy.gov/feg/epadata/vehicles.csv,NHTSA Product Information Catalog (vehicle products API),https://api.nhtsa.gov/products/vehicle/models?modelYear=2022&make=SUBARU&issueType=r,2026-07-15,,2,2
Subaru,RX,1985,1985,1985,Discontinued,Passenger Car,United States,No,Added - Missing Model,Fully Verified,EPA FuelEconomy.gov Vehicle Fuel Economy Dataset,https://www.fueleconomy.gov/feg/epadata/vehicles.csv,NHTSA vPIC (VIN product data),https://vpic.nhtsa.dot.gov/api/vehicles/GetModelsForMake/Subaru?format=json,2026-07-15,Upgraded to Fully Verified in V2: independently confirmed by NHTSA vPIC product data.,2,2
Subaru,SVX,1990; 1992-1997,1990,1997,Discontinued,Passenger Car,United States,No,Added - Missing Model,Fully Verified,EPA FuelEconomy.gov Vehicle Fuel Economy Dataset,https://www.fueleconomy.gov/feg/epadata/vehicles.csv,NHTSA Product Information Catalog (vehicle products API),https://api.nhtsa.gov/products/vehicle/models?modelYear=1990&make=SUBARU&issueType=r,2026-07-15,"Non-contiguous confirmed model years reflect the verified records; gaps are preserved, not bridged.",2,2
Subaru,Sedan,1984-1989,1984,1989,Discontinued,Multiple Categories,United States,No,Added - Missing Model,Government Verified,EPA FuelEconomy.gov Vehicle Fuel Economy Dataset,https://www.fueleconomy.gov/feg/epadata/vehicles.csv,,,2026-07-15,,1,1
Subaru,Solterra,2023-2026,2023,2026,Active,SUV/Crossover,United States,No,Added - Missing Model,Fully Verified,EPA FuelEconomy.gov Vehicle Fuel Economy Dataset,https://www.fueleconomy.gov/feg/epadata/vehicles.csv,NHTSA Product Information Catalog (vehicle products API),https://api.nhtsa.gov/products/vehicle/models?modelYear=2023&make=SUBARU&issueType=r,2026-07-15,,2,2
Subaru,Solterra 20,2026,2026,2026,Active,SUV/Crossover,United States,No,Added - Missing Model,Government Verified,EPA FuelEconomy.gov Vehicle Fuel Economy Dataset,https://www.fueleconomy.gov/feg/epadata/vehicles.csv,,,2026-07-15,,1,1
Subaru,Touring,2019-2026,2019,2026,Active,SUV/Crossover,United States,No,Added - Missing Model,Government Verified,EPA FuelEconomy.gov Vehicle Fuel Economy Dataset,https://www.fueleconomy.gov/feg/epadata/vehicles.csv,,,2026-07-15,,1,1
Subaru,Trailseeker,2026,2026,2026,Active,SUV/Crossover,United States,No,Added - Missing Model,Fully Verified,EPA FuelEconomy.gov Vehicle Fuel Economy Dataset,https://www.fueleconomy.gov/feg/epadata/vehicles.csv,NHTSA Product Information Catalog (vehicle products API),https://api.nhtsa.gov/products/vehicle/models?modelYear=2026&make=SUBARU&issueType=r,2026-07-15,,2,2
Subaru,Trailseeker 20 Inch,2026,2026,2026,Active,SUV/Crossover,United States,No,Added - Missing Model,Government Verified,EPA FuelEconomy.gov Vehicle Fuel Economy Dataset,https://www.fueleconomy.gov/feg/epadata/vehicles.csv,,,2026-07-15,,1,1
Subaru,Tribeca,2006-2014,2006,2014,Discontinued,SUV/Crossover,United States,No,Added - Missing Model,Fully Verified,EPA FuelEconomy.gov Vehicle Fuel Economy Dataset,https://www.fueleconomy.gov/feg/epadata/vehicles.csv,NHTSA Product Information Catalog (vehicle products API),https://api.nhtsa.gov/products/vehicle/models?modelYear=2006&make=SUBARU&issueType=r,2026-07-15,,2,2
Subaru,Uncharted,2026,2026,2026,Active,SUV/Crossover,United States,No,Added - Missing Model,Fully Verified,EPA FuelEconomy.gov Vehicle Fuel Economy Dataset,https://www.fueleconomy.gov/feg/epadata/vehicles.csv,NHTSA Product Information Catalog (vehicle products API),https://api.nhtsa.gov/products/vehicle/models?modelYear=2026&make=SUBARU&issueType=r,2026-07-15,,2,2
Subaru,Uncharted 20 Inch,2026,2026,2026,Active,SUV/Crossover,United States,No,Added - Missing Model,Government Verified,EPA FuelEconomy.gov Vehicle Fuel Economy Dataset,https://www.fueleconomy.gov/feg/epadata/vehicles.csv,,,2026-07-15,,1,1
Subaru,WRX,2002-2006; 2008-2026,2002,2026,Active,Passenger Car,United States,No,Added - Missing Model,Fully Verified,EPA FuelEconomy.gov Vehicle Fuel Economy Dataset,https://www.fueleconomy.gov/feg/epadata/vehicles.csv,NHTSA Product Information Catalog (vehicle products API),https://api.nhtsa.gov/products/vehicle/models?modelYear=2002&make=SUBARU&issueType=r,2026-07-15,"Non-contiguous confirmed model years reflect the verified records; gaps are preserved, not bridged.",2,2
Subaru,WRX STI,2008-2013; 2015; 2018-2019,2008,2019,Discontinued,Passenger Car,United States,No,Added - Missing Model,Fully Verified,EPA FuelEconomy.gov Vehicle Fuel Economy Dataset,https://www.fueleconomy.gov/feg/epadata/vehicles.csv,NHTSA Product Information Catalog (vehicle products API),https://api.nhtsa.gov/products/vehicle/models?modelYear=2008&make=SUBARU&issueType=r,2026-07-15,"Non-contiguous confirmed model years reflect the verified records; gaps are preserved, not bridged.",2,2
Subaru,Wagon,1980-1989; 1991; 2002-2003,1980,2003,Discontinued,Multiple Categories,United States,No,Added - Missing Model,Fully Verified,EPA FuelEconomy.gov Vehicle Fuel Economy Dataset,https://www.fueleconomy.gov/feg/epadata/vehicles.csv,NHTSA Product Information Catalog (vehicle products API),https://api.nhtsa.gov/products/vehicle/models?modelYear=1984&make=SUBARU&issueType=r,2026-07-15,"Non-contiguous confirmed model years reflect the verified records; gaps are preserved, not bridged. Model year(s) [1980, 1981, 1982, 1983] added in V3 from the official EPA 1980-1983 historical dataset. V3: EPA historical 1980-83 dataset provides a second independent organization for this model.",2,3
Subaru,XT,1985-1991,1985,1991,Discontinued,Multiple Categories,United States,No,Added - Missing Model,Fully Verified,EPA FuelEconomy.gov Vehicle Fuel Economy Dataset,https://www.fueleconomy.gov/feg/epadata/vehicles.csv,NHTSA Product Information Catalog (vehicle products API),https://api.nhtsa.gov/products/vehicle/models?modelYear=1985&make=SUBARU&issueType=r,2026-07-15,,2,2
Subaru,XT-Dl,1985-1989,1985,1989,Discontinued,Passenger Car,United States,No,Added - Missing Model,Government Verified,EPA FuelEconomy.gov Vehicle Fuel Economy Dataset,https://www.fueleconomy.gov/feg/epadata/vehicles.csv,,,2026-07-15,,1,1
Subaru,XV Crosstrek,2013-2016,2013,2016,Discontinued,SUV/Crossover,United States,No,Added - Missing Model,Fully Verified,EPA FuelEconomy.gov Vehicle Fuel Economy Dataset,https://www.fueleconomy.gov/feg/epadata/vehicles.csv,NHTSA Product Information Catalog (vehicle products API),https://api.nhtsa.gov/products/vehicle/models?modelYear=2013&make=SUBARU&issueType=r,2026-07-15,,2,2
Suzuki,Aerio,2002-2007,2002,2007,Discontinued,Passenger Car,United States,No,Added - Missing Model,Fully Verified,EPA FuelEconomy.gov Vehicle Fuel Economy Dataset,https://www.fueleconomy.gov/feg/epadata/vehicles.csv,NHTSA Product Information Catalog (vehicle products API),https://api.nhtsa.gov/products/vehicle/models?modelYear=2002&make=SUZUKI&issueType=r,2026-07-15,,2,2
Suzuki,Equator,2009-2012,2009,2012,Discontinued,Pickup Truck,United States,No,Added - Missing Model,Fully Verified,EPA FuelEconomy.gov Vehicle Fuel Economy Dataset,https://www.fueleconomy.gov/feg/epadata/vehicles.csv,NHTSA Product Information Catalog (vehicle products API),https://api.nhtsa.gov/products/vehicle/models?modelYear=2009&make=SUZUKI&issueType=r,2026-07-15,,2,2
Suzuki,Esteem,1995-2002,1995,2002,Discontinued,Passenger Car,United States,No,Added - Missing Model,Fully Verified,EPA FuelEconomy.gov Vehicle Fuel Economy Dataset,https://www.fueleconomy.gov/feg/epadata/vehicles.csv,NHTSA Product Information Catalog (vehicle products API),https://api.nhtsa.gov/products/vehicle/models?modelYear=1995&make=SUZUKI&issueType=r,2026-07-15,,2,2
Suzuki,Forenza,2004-2008,2004,2008,Discontinued,Passenger Car,United States,No,Added - Missing Model,Fully Verified,EPA FuelEconomy.gov Vehicle Fuel Economy Dataset,https://www.fueleconomy.gov/feg/epadata/vehicles.csv,NHTSA Product Information Catalog (vehicle products API),https://api.nhtsa.gov/products/vehicle/models?modelYear=2004&make=SUZUKI&issueType=r,2026-07-15,,2,2
Suzuki,Forsa,1987-1988,1987,1988,Discontinued,Passenger Car,United States,No,Added - Missing Model,Fully Verified,EPA FuelEconomy.gov Vehicle Fuel Economy Dataset,https://www.fueleconomy.gov/feg/epadata/vehicles.csv,NHTSA vPIC (VIN product data),https://vpic.nhtsa.dot.gov/api/vehicles/GetModelsForMake/Suzuki?format=json,2026-07-15,Upgraded to Fully Verified in V2: independently confirmed by NHTSA vPIC product data.,2,2
Suzuki,Grand Vitara,1999-2013,1999,2013,Discontinued,SUV/Crossover,United States,No,Added - Missing Model,Fully Verified,EPA FuelEconomy.gov Vehicle Fuel Economy Dataset,https://www.fueleconomy.gov/feg/epadata/vehicles.csv,NHTSA Product Information Catalog (vehicle products API),https://api.nhtsa.gov/products/vehicle/models?modelYear=1999&make=SUZUKI&issueType=r,2026-07-15,,2,2
Suzuki,Kizashi,2010-2013,2010,2013,Discontinued,Passenger Car,United States,No,Added - Missing Model,Fully Verified,EPA FuelEconomy.gov Vehicle Fuel Economy Dataset,https://www.fueleconomy.gov/feg/epadata/vehicles.csv,NHTSA Product Information Catalog (vehicle products API),https://api.nhtsa.gov/products/vehicle/models?modelYear=2010&make=SUZUKI&issueType=r,2026-07-15,,2,2
Suzuki,Reno,2005-2008,2005,2008,Discontinued,Passenger Car,United States,No,Added - Missing Model,Fully Verified,EPA FuelEconomy.gov Vehicle Fuel Economy Dataset,https://www.fueleconomy.gov/feg/epadata/vehicles.csv,NHTSA Product Information Catalog (vehicle products API),https://api.nhtsa.gov/products/vehicle/models?modelYear=2005&make=SUZUKI&issueType=r,2026-07-15,,2,2
Suzuki,SA310,1985,1985,1985,Discontinued,Passenger Car,United States,No,Added - Missing Model,Government Verified,EPA FuelEconomy.gov Vehicle Fuel Economy Dataset,https://www.fueleconomy.gov/feg/epadata/vehicles.csv,,,2026-07-15,,1,1
Suzuki,SJ 410,1982-1985,1982,1985,Discontinued,SUV/Crossover,United States,No,Added - Missing Model,Government Verified,EPA FuelEconomy.gov Vehicle Fuel Economy Dataset,https://www.fueleconomy.gov/feg/epadata/vehicles.csv,,,2026-07-15,"Model year(s) [1982, 1983] added in V3 from the official EPA 1980-1983 historical dataset.",1,2
Suzuki,SJ 410V,1982-1985,1982,1985,Discontinued,SUV/Crossover,United States,No,Added - Missing Model,Government Verified,EPA FuelEconomy.gov Vehicle Fuel Economy Dataset,https://www.fueleconomy.gov/feg/epadata/vehicles.csv,,,2026-07-15,"Model year(s) [1982, 1983] added in V3 from the official EPA 1980-1983 historical dataset.",1,2
Suzuki,SJ410K P,1982-1984,1982,1984,Discontinued,Pickup Truck,United States,No,Added - Missing Model,Government Verified,EPA FuelEconomy.gov Vehicle Fuel Economy Dataset,https://www.fueleconomy.gov/feg/epadata/vehicles.csv,,,2026-07-15,"Model year(s) [1982, 1983] added in V3 from the official EPA 1980-1983 historical dataset.",1,2
Suzuki,SW,1999,1999,1999,Discontinued,Passenger Car,United States,No,Added - Missing Model,Government Verified,EPA FuelEconomy.gov Vehicle Fuel Economy Dataset,https://www.fueleconomy.gov/feg/epadata/vehicles.csv,,,2026-07-15,,1,1
Suzuki,SX4,2000; 2007-2013,2000,2013,Discontinued,Passenger Car,United States,No,Added - Missing Model,Fully Verified,EPA FuelEconomy.gov Vehicle Fuel Economy Dataset,https://www.fueleconomy.gov/feg/epadata/vehicles.csv,NHTSA Product Information Catalog (vehicle products API),https://api.nhtsa.gov/products/vehicle/models?modelYear=2000&make=SUZUKI&issueType=r,2026-07-15,"Non-contiguous confirmed model years reflect the verified records; gaps are preserved, not bridged.",2,2
Suzuki,Samurai,1986-1995; 1998,1986,1998,Discontinued,SUV/Crossover,United States,No,Added - Missing Model,Fully Verified,EPA FuelEconomy.gov Vehicle Fuel Economy Dataset,https://www.fueleconomy.gov/feg/epadata/vehicles.csv,NHTSA Product Information Catalog (vehicle products API),https://api.nhtsa.gov/products/vehicle/models?modelYear=1986&make=SUZUKI&issueType=r,2026-07-15,"Non-contiguous confirmed model years reflect the verified records; gaps are preserved, not bridged.",2,2
Suzuki,Sidekick,1988-1998; 2000,1988,2000,Discontinued,SUV/Crossover,United States,No,Added - Missing Model,Fully Verified,EPA FuelEconomy.gov Vehicle Fuel Economy Dataset,https://www.fueleconomy.gov/feg/epadata/vehicles.csv,NHTSA Product Information Catalog (vehicle products API),https://api.nhtsa.gov/products/vehicle/models?modelYear=1988&make=SUZUKI&issueType=r,2026-07-15,"Non-contiguous confirmed model years reflect the verified records; gaps are preserved, not bridged.",2,2
Suzuki,Swift,1989-1998; 2000-2002; 2004-2006; 2010-2011,1989,2011,Discontinued,Passenger Car,United States,No,Added - Missing Model,Fully Verified,EPA FuelEconomy.gov Vehicle Fuel Economy Dataset,https://www.fueleconomy.gov/feg/epadata/vehicles.csv,NHTSA Product Information Catalog (vehicle products API),https://api.nhtsa.gov/products/vehicle/models?modelYear=1989&make=SUZUKI&issueType=r,2026-07-15,"Non-contiguous confirmed model years reflect the verified records; gaps are preserved, not bridged.",2,2
Suzuki,Verona,2004-2006,2004,2006,Discontinued,Passenger Car,United States,No,Added - Missing Model,Fully Verified,EPA FuelEconomy.gov Vehicle Fuel Economy Dataset,https://www.fueleconomy.gov/feg/epadata/vehicles.csv,NHTSA Product Information Catalog (vehicle products API),https://api.nhtsa.gov/products/vehicle/models?modelYear=2004&make=SUZUKI&issueType=r,2026-07-15,,2,2
Suzuki,Vitara,1999-2004,1999,2004,Discontinued,SUV/Crossover,United States,No,Added - Missing Model,Fully Verified,EPA FuelEconomy.gov Vehicle Fuel Economy Dataset,https://www.fueleconomy.gov/feg/epadata/vehicles.csv,NHTSA Product Information Catalog (vehicle products API),https://api.nhtsa.gov/products/vehicle/models?modelYear=1999&make=SUZUKI&issueType=r,2026-07-15,,2,2
Suzuki,X-90,1996-1998,1996,1998,Discontinued,Passenger Car,United States,No,Added - Missing Model,Fully Verified,EPA FuelEconomy.gov Vehicle Fuel Economy Dataset,https://www.fueleconomy.gov/feg/epadata/vehicles.csv,NHTSA vPIC (VIN product data),https://vpic.nhtsa.dot.gov/api/vehicles/GetModelsForMake/Suzuki?format=json,2026-07-15,Upgraded to Fully Verified in V2: independently confirmed by NHTSA vPIC product data.,2,2
Suzuki,XL-7,2001; 2007-2009,2001,2009,Discontinued,SUV/Crossover,United States,Yes,Existing Standardized Catalog,Fully Verified,EPA FuelEconomy.gov Vehicle Fuel Economy Dataset,https://www.fueleconomy.gov/feg/epadata/vehicles.csv,NHTSA Product Information Catalog (vehicle products API),https://api.nhtsa.gov/products/vehicle/models?modelYear=2001&make=SUZUKI&issueType=r,2026-07-15,"Non-contiguous confirmed model years reflect the verified records; gaps are preserved, not bridged.",2,2
Tesla,Cybertruck,2024-2026,2024,2026,Active,Pickup Truck,United States,No,Added - Missing Model,Fully Verified,EPA FuelEconomy.gov Vehicle Fuel Economy Dataset,https://www.fueleconomy.gov/feg/epadata/vehicles.csv,NHTSA Product Information Catalog (vehicle products API),https://api.nhtsa.gov/products/vehicle/models?modelYear=2024&make=TESLA&issueType=r,2026-07-15,,2,2
Tesla,Model 3,2017-2026,2017,2026,Active,Passenger Car,United States,Yes,Original Source,Fully Verified,EPA FuelEconomy.gov Vehicle Fuel Economy Dataset,https://www.fueleconomy.gov/feg/epadata/vehicles.csv,NHTSA Product Information Catalog (vehicle products API),https://api.nhtsa.gov/products/vehicle/models?modelYear=2017&make=TESLA&issueType=r,2026-07-15,,2,2
Tesla,Model S,2012-2026,2012,2026,Active,Passenger Car,United States,Yes,Original Source,Fully Verified,EPA FuelEconomy.gov Vehicle Fuel Economy Dataset,https://www.fueleconomy.gov/feg/epadata/vehicles.csv,NHTSA Product Information Catalog (vehicle products API),https://api.nhtsa.gov/products/vehicle/models?modelYear=2012&make=TESLA&issueType=r,2026-07-15,,2,2
Tesla,Model X,2016-2026,2016,2026,Active,SUV/Crossover,United States,Yes,Original Source,Fully Verified,EPA FuelEconomy.gov Vehicle Fuel Economy Dataset,https://www.fueleconomy.gov/feg/epadata/vehicles.csv,NHTSA Product Information Catalog (vehicle products API),https://api.nhtsa.gov/products/vehicle/models?modelYear=2016&make=TESLA&issueType=r,2026-07-15,,2,2
Tesla,Model Y,2020-2026,2020,2026,Active,SUV/Crossover,United States,Yes,Original Source,Fully Verified,EPA FuelEconomy.gov Vehicle Fuel Economy Dataset,https://www.fueleconomy.gov/feg/epadata/vehicles.csv,NHTSA Product Information Catalog (vehicle products API),https://api.nhtsa.gov/products/vehicle/models?modelYear=2020&make=TESLA&issueType=r,2026-07-15,,2,2
Toyota,4Runner,1984-2026,1984,2026,Active,SUV/Crossover,United States,Yes,Original Source,Fully Verified,EPA FuelEconomy.gov Vehicle Fuel Economy Dataset,https://www.fueleconomy.gov/feg/epadata/vehicles.csv,NHTSA Product Information Catalog (vehicle products API),https://api.nhtsa.gov/products/vehicle/models?modelYear=1984&make=TOYOTA&issueType=r,2026-07-15,,2,2
Toyota,86,2017-2020,2017,2020,Discontinued,Passenger Car,United States,No,Added - Missing Model,Fully Verified,EPA FuelEconomy.gov Vehicle Fuel Economy Dataset,https://www.fueleconomy.gov/feg/epadata/vehicles.csv,NHTSA Product Information Catalog (vehicle products API),https://api.nhtsa.gov/products/vehicle/models?modelYear=2017&make=TOYOTA&issueType=r,2026-07-15,,2,2
Toyota,Avalon,1995-2022,1995,2022,Discontinued,Passenger Car,United States,Yes,Original Source,Fully Verified,EPA FuelEconomy.gov Vehicle Fuel Economy Dataset,https://www.fueleconomy.gov/feg/epadata/vehicles.csv,NHTSA Product Information Catalog (vehicle products API),https://api.nhtsa.gov/products/vehicle/models?modelYear=1995&make=TOYOTA&issueType=r,2026-07-15,,2,2
Toyota,C-HR,2018-2022; 2026,2018,2026,Active,Multiple Categories,United States,No,Added - Missing Model,Fully Verified,EPA FuelEconomy.gov Vehicle Fuel Economy Dataset,https://www.fueleconomy.gov/feg/epadata/vehicles.csv,NHTSA Product Information Catalog (vehicle products API),https://api.nhtsa.gov/products/vehicle/models?modelYear=2018&make=TOYOTA&issueType=r,2026-07-15,"Non-contiguous confirmed model years reflect the verified records; gaps are preserved, not bridged.",2,2
Toyota,Camry,1983-2026,1983,2026,Active,Passenger Car,United States,Yes,Original Source,Fully Verified,EPA FuelEconomy.gov Vehicle Fuel Economy Dataset,https://www.fueleconomy.gov/feg/epadata/vehicles.csv,NHTSA Product Information Catalog (vehicle products API),https://api.nhtsa.gov/products/vehicle/models?modelYear=1983&make=TOYOTA&issueType=r,2026-07-15,,2,3
Toyota,Camry Solara,1997-2008,1997,2008,Discontinued,Passenger Car,United States,Yes,Existing Standardized Catalog,Fully Verified,EPA FuelEconomy.gov Vehicle Fuel Economy Dataset,https://www.fueleconomy.gov/feg/epadata/vehicles.csv,NHTSA Product Information Catalog (vehicle products API),https://api.nhtsa.gov/products/vehicle/models?modelYear=1997&make=TOYOTA&issueType=r,2026-07-15,,2,2
Toyota,Celica,1980-2005,1980,2005,Discontinued,Passenger Car,United States,No,Added - Missing Model,Fully Verified,EPA FuelEconomy.gov Vehicle Fuel Economy Dataset,https://www.fueleconomy.gov/feg/epadata/vehicles.csv,NHTSA Product Information Catalog (vehicle products API),https://api.nhtsa.gov/products/vehicle/models?modelYear=1980&make=TOYOTA&issueType=r,2026-07-15,"Non-contiguous confirmed model years reflect the verified records; gaps are preserved, not bridged. Model year(s) [1981] added in V3 from the official EPA 1980-1983 historical dataset.",2,3
Toyota,Corolla,1980-2026,1980,2026,Active,Passenger Car,United States,Yes,Original Source,Fully Verified,EPA FuelEconomy.gov Vehicle Fuel Economy Dataset,https://www.fueleconomy.gov/feg/epadata/vehicles.csv,NHTSA Product Information Catalog (vehicle products API),https://api.nhtsa.gov/products/vehicle/models?modelYear=1980&make=TOYOTA&issueType=r,2026-07-15,,2,3
Toyota,Corolla Cross,2022-2026,2022,2026,Active,SUV/Crossover,United States,No,Added - Missing Model,Fully Verified,EPA FuelEconomy.gov Vehicle Fuel Economy Dataset,https://www.fueleconomy.gov/feg/epadata/vehicles.csv,NHTSA Product Information Catalog (vehicle products API),https://api.nhtsa.gov/products/vehicle/models?modelYear=2022&make=TOYOTA&issueType=r,2026-07-15,,2,2
Toyota,Corolla iM,2017-2018,2017,2018,Discontinued,Passenger Car,United States,No,Added - Missing Model,Fully Verified,EPA FuelEconomy.gov Vehicle Fuel Economy Dataset,https://www.fueleconomy.gov/feg/epadata/vehicles.csv,NHTSA Product Information Catalog (vehicle products API),https://api.nhtsa.gov/products/vehicle/models?modelYear=2017&make=TOYOTA&issueType=r,2026-07-15,,2,2
Toyota,Corona,1980-1982,1980,1982,Discontinued,Passenger Car,United States,No,Added - Missing Model,Fully Verified,NHTSA Product Information Catalog (vehicle products API),https://api.nhtsa.gov/products/vehicle/models?modelYear=1981&make=TOYOTA&issueType=r,NHTSA vPIC (VIN product data),https://vpic.nhtsa.dot.gov/api/vehicles/GetModelsForMake/Toyota?format=json,2026-07-15,"Upgraded to Fully Verified in V2: independently confirmed by NHTSA vPIC product data. Model year(s) [1980, 1982] added in V3 from the official EPA 1980-1983 historical dataset.",2,3
Toyota,Cressida,1980-1992,1980,1992,Discontinued,Passenger Car,United States,No,Added - Missing Model,Fully Verified,EPA FuelEconomy.gov Vehicle Fuel Economy Dataset,https://www.fueleconomy.gov/feg/epadata/vehicles.csv,NHTSA Product Information Catalog (vehicle products API),https://api.nhtsa.gov/products/vehicle/models?modelYear=1982&make=TOYOTA&issueType=r,2026-07-15,"Model year(s) [1980, 1981] added in V3 from the official EPA 1980-1983 historical dataset.",2,3
Toyota,Crown,2023-2026,2023,2026,Active,Passenger Car,United States,No,Added - Missing Model,Fully Verified,EPA FuelEconomy.gov Vehicle Fuel Economy Dataset,https://www.fueleconomy.gov/feg/epadata/vehicles.csv,NHTSA Product Information Catalog (vehicle products API),https://api.nhtsa.gov/products/vehicle/models?modelYear=2023&make=TOYOTA&issueType=r,2026-07-15,,2,2
Toyota,Crown Signia,2025-2026,2025,2026,Active,Passenger Car,United States,No,Added - Missing Model,Fully Verified,EPA FuelEconomy.gov Vehicle Fuel Economy Dataset,https://www.fueleconomy.gov/feg/epadata/vehicles.csv,NHTSA Product Information Catalog (vehicle products API),https://api.nhtsa.gov/products/vehicle/models?modelYear=2025&make=TOYOTA&issueType=r,2026-07-15,,2,2
Toyota,ECHO,2000-2005,2000,2005,Discontinued,Passenger Car,United States,No,Added - Missing Model,Fully Verified,EPA FuelEconomy.gov Vehicle Fuel Economy Dataset,https://www.fueleconomy.gov/feg/epadata/vehicles.csv,NHTSA Product Information Catalog (vehicle products API),https://api.nhtsa.gov/products/vehicle/models?modelYear=2000&make=TOYOTA&issueType=r,2026-07-15,,2,2
Toyota,FJ Cruiser,2006-2014,2006,2014,Discontinued,SUV/Crossover,United States,Yes,Original Source,Fully Verified,EPA FuelEconomy.gov Vehicle Fuel Economy Dataset,https://www.fueleconomy.gov/feg/epadata/vehicles.csv,NHTSA Product Information Catalog (vehicle products API),https://api.nhtsa.gov/products/vehicle/models?modelYear=2006&make=TOYOTA&issueType=r,2026-07-15,,2,2
Toyota,GR Corolla,2023-2026,2023,2026,Active,Passenger Car,United States,No,Added - Missing Model,Fully Verified,EPA FuelEconomy.gov Vehicle Fuel Economy Dataset,https://www.fueleconomy.gov/feg/epadata/vehicles.csv,NHTSA Product Information Catalog (vehicle products API),https://api.nhtsa.gov/products/vehicle/models?modelYear=2023&make=TOYOTA&issueType=r,2026-07-15,,2,2
Toyota,GR86,2022-2025,2022,2025,Active,Passenger Car,United States,No,Added - Missing Model,Fully Verified,EPA FuelEconomy.gov Vehicle Fuel Economy Dataset,https://www.fueleconomy.gov/feg/epadata/vehicles.csv,NHTSA Product Information Catalog (vehicle products API),https://api.nhtsa.gov/products/vehicle/models?modelYear=2022&make=TOYOTA&issueType=r,2026-07-15,,2,2
Toyota,Grand Highlander,2024-2026,2024,2026,Active,SUV/Crossover,United States,No,Added - Missing Model,Fully Verified,EPA FuelEconomy.gov Vehicle Fuel Economy Dataset,https://www.fueleconomy.gov/feg/epadata/vehicles.csv,NHTSA Product Information Catalog (vehicle products API),https://api.nhtsa.gov/products/vehicle/models?modelYear=2024&make=TOYOTA&issueType=r,2026-07-15,,2,2
Toyota,Highlander,1997-1998; 2001-2026,1997,2026,Active,SUV/Crossover,United States,Yes,Original Source,Fully Verified,EPA FuelEconomy.gov Vehicle Fuel Economy Dataset,https://www.fueleconomy.gov/feg/epadata/vehicles.csv,NHTSA Product Information Catalog (vehicle products API),https://api.nhtsa.gov/products/vehicle/models?modelYear=1997&make=TOYOTA&issueType=r,2026-07-15,"Non-contiguous confirmed model years reflect the verified records; gaps are preserved, not bridged.",2,2
Toyota,Land Cruiser,1980-2011; 2013-2021; 2024-2027,1980,2027,Active,SUV/Crossover,United States,Yes,Original Source,Fully Verified,EPA FuelEconomy.gov Vehicle Fuel Economy Dataset,https://www.fueleconomy.gov/feg/epadata/vehicles.csv,NHTSA Product Information Catalog (vehicle products API),https://api.nhtsa.gov/products/vehicle/models?modelYear=1980&make=TOYOTA&issueType=r,2026-07-15,"MY2027 record officially published in government data by the 2026-07-15 research cutoff. Non-contiguous confirmed model years reflect the verified records; gaps are preserved, not bridged. Model year(s) [1981, 1983] added in V3 from the official EPA 1980-1983 historical dataset.",2,3
Toyota,MR2,1985-1989; 1991-1995; 2000-2005,1985,2005,Discontinued,Passenger Car,United States,No,Added - Missing Model,Fully Verified,EPA FuelEconomy.gov Vehicle Fuel Economy Dataset,https://www.fueleconomy.gov/feg/epadata/vehicles.csv,NHTSA Product Information Catalog (vehicle products API),https://api.nhtsa.gov/products/vehicle/models?modelYear=1985&make=TOYOTA&issueType=r,2026-07-15,"Non-contiguous confirmed model years reflect the verified records; gaps are preserved, not bridged.",2,2
Toyota,Matrix,2002-2013,2002,2013,Discontinued,Passenger Car,United States,No,Added - Missing Model,Fully Verified,EPA FuelEconomy.gov Vehicle Fuel Economy Dataset,https://www.fueleconomy.gov/feg/epadata/vehicles.csv,NHTSA Product Information Catalog (vehicle products API),https://api.nhtsa.gov/products/vehicle/models?modelYear=2002&make=TOYOTA&issueType=r,2026-07-15,,2,2
Toyota,Mirai,2016-2026,2016,2026,Active,Passenger Car,United States,No,Added - Missing Model,Fully Verified,EPA FuelEconomy.gov Vehicle Fuel Economy Dataset,https://www.fueleconomy.gov/feg/epadata/vehicles.csv,NHTSA Product Information Catalog (vehicle products API),https://api.nhtsa.gov/products/vehicle/models?modelYear=2016&make=TOYOTA&issueType=r,2026-07-15,,2,2
Toyota,Paseo,1992-1999,1992,1999,Discontinued,Passenger Car,United States,No,Added - Missing Model,Fully Verified,EPA FuelEconomy.gov Vehicle Fuel Economy Dataset,https://www.fueleconomy.gov/feg/epadata/vehicles.csv,NHTSA Product Information Catalog (vehicle products API),https://api.nhtsa.gov/products/vehicle/models?modelYear=1992&make=TOYOTA&issueType=r,2026-07-15,,2,2
Toyota,Pickup,1980-2003,1980,2003,Discontinued,Pickup Truck,United States,No,Added - Missing Model,Fully Verified,EPA FuelEconomy.gov Vehicle Fuel Economy Dataset,https://www.fueleconomy.gov/feg/epadata/vehicles.csv,NHTSA Product Information Catalog (vehicle products API),https://api.nhtsa.gov/products/vehicle/models?modelYear=1980&make=TOYOTA&issueType=r,2026-07-15,,2,3
Toyota,Previa,1987; 1991-1998; 2001,1987,2001,Discontinued,Van,United States,No,Added - Missing Model,Fully Verified,EPA FuelEconomy.gov Vehicle Fuel Economy Dataset,https://www.fueleconomy.gov/feg/epadata/vehicles.csv,NHTSA Product Information Catalog (vehicle products API),https://api.nhtsa.gov/products/vehicle/models?modelYear=1987&make=TOYOTA&issueType=r,2026-07-15,"Non-contiguous confirmed model years reflect the verified records; gaps are preserved, not bridged.",2,2
Toyota,Prius,2000-2026,2000,2026,Active,Passenger Car,United States,Yes,Original Source,Fully Verified,EPA FuelEconomy.gov Vehicle Fuel Economy Dataset,https://www.fueleconomy.gov/feg/epadata/vehicles.csv,NHTSA Product Information Catalog (vehicle products API),https://api.nhtsa.gov/products/vehicle/models?modelYear=2000&make=TOYOTA&issueType=r,2026-07-15,,2,2
Toyota,Prius Plug-in Hybrid,2010; 2012-2015; 2018; 2026,2010,2026,Active,Passenger Car,United States,No,Added - Missing Model,Fully Verified,EPA FuelEconomy.gov Vehicle Fuel Economy Dataset,https://www.fueleconomy.gov/feg/epadata/vehicles.csv,NHTSA Product Information Catalog (vehicle products API),https://api.nhtsa.gov/products/vehicle/models?modelYear=2010&make=TOYOTA&issueType=r,2026-07-15,"Non-contiguous confirmed model years reflect the verified records; gaps are preserved, not bridged.",2,2
Toyota,Prius Prime,2017-2024,2017,2024,Discontinued,Passenger Car,United States,No,Added - Missing Model,Fully Verified,EPA FuelEconomy.gov Vehicle Fuel Economy Dataset,https://www.fueleconomy.gov/feg/epadata/vehicles.csv,NHTSA Product Information Catalog (vehicle products API),https://api.nhtsa.gov/products/vehicle/models?modelYear=2017&make=TOYOTA&issueType=r,2026-07-15,,2,2
Toyota,Prius c,2012-2020,2012,2020,Discontinued,Passenger Car,United States,No,Added - Missing Model,Fully Verified,EPA FuelEconomy.gov Vehicle Fuel Economy Dataset,https://www.fueleconomy.gov/feg/epadata/vehicles.csv,NHTSA Product Information Catalog (vehicle products API),https://api.nhtsa.gov/products/vehicle/models?modelYear=2012&make=TOYOTA&issueType=r,2026-07-15,,2,2
Toyota,Prius v,2012-2018,2012,2018,Discontinued,Passenger Car,United States,No,Added - Missing Model,Fully Verified,EPA FuelEconomy.gov Vehicle Fuel Economy Dataset,https://www.fueleconomy.gov/feg/epadata/vehicles.csv,NHTSA Product Information Catalog (vehicle products API),https://api.nhtsa.gov/products/vehicle/models?modelYear=2012&make=TOYOTA&issueType=r,2026-07-15,,2,2
Toyota,RAV4,1994-2026,1994,2026,Active,SUV/Crossover,United States,Yes,Original Source,Fully Verified,EPA FuelEconomy.gov Vehicle Fuel Economy Dataset,https://www.fueleconomy.gov/feg/epadata/vehicles.csv,NHTSA Product Information Catalog (vehicle products API),https://api.nhtsa.gov/products/vehicle/models?modelYear=1994&make=TOYOTA&issueType=r,2026-07-15,,2,2
Toyota,RAV4 EV,2000-2003; 2012-2014,2000,2014,Discontinued,SUV/Crossover,United States,No,Added - Missing Model,Fully Verified,EPA FuelEconomy.gov Vehicle Fuel Economy Dataset,https://www.fueleconomy.gov/feg/epadata/vehicles.csv,NHTSA Product Information Catalog (vehicle products API),https://api.nhtsa.gov/products/vehicle/models?modelYear=2000&make=TOYOTA&issueType=r,2026-07-15,"Non-contiguous confirmed model years reflect the verified records; gaps are preserved, not bridged.",2,2
Toyota,RAV4 Prime,2021-2024,2021,2024,Discontinued,SUV/Crossover,United States,No,Added - Missing Model,Fully Verified,EPA FuelEconomy.gov Vehicle Fuel Economy Dataset,https://www.fueleconomy.gov/feg/epadata/vehicles.csv,NHTSA Product Information Catalog (vehicle products API),https://api.nhtsa.gov/products/vehicle/models?modelYear=2021&make=TOYOTA&issueType=r,2026-07-15,,2,2
Toyota,Sequoia,2001-2026,2001,2026,Active,SUV/Crossover,United States,Yes,Original Source,Fully Verified,EPA FuelEconomy.gov Vehicle Fuel Economy Dataset,https://www.fueleconomy.gov/feg/epadata/vehicles.csv,NHTSA Product Information Catalog (vehicle products API),https://api.nhtsa.gov/products/vehicle/models?modelYear=2001&make=TOYOTA&issueType=r,2026-07-15,,2,2
Toyota,Sienna,1996-2026,1996,2026,Active,Multiple Categories,United States,Yes,Original Source,Fully Verified,EPA FuelEconomy.gov Vehicle Fuel Economy Dataset,https://www.fueleconomy.gov/feg/epadata/vehicles.csv,NHTSA Product Information Catalog (vehicle products API),https://api.nhtsa.gov/products/vehicle/models?modelYear=1996&make=TOYOTA&issueType=r,2026-07-15,,2,2
Toyota,Starlet,1981-1984,1981,1984,Discontinued,Passenger Car,United States,No,Added - Missing Model,Fully Verified,EPA FuelEconomy.gov Vehicle Fuel Economy Dataset,https://www.fueleconomy.gov/feg/epadata/vehicles.csv,NHTSA vPIC (VIN product data),https://vpic.nhtsa.dot.gov/api/vehicles/GetModelsForMake/Toyota?format=json,2026-07-15,"Upgraded to Fully Verified in V2: independently confirmed by NHTSA vPIC product data. Model year(s) [1981, 1982, 1983] added in V3 from the official EPA 1980-1983 historical dataset.",2,3
Toyota,Supra,1980; 1982-1998; 2020-2026,1980,2026,Active,Passenger Car,United States,No,Added - Missing Model,Fully Verified,EPA FuelEconomy.gov Vehicle Fuel Economy Dataset,https://www.fueleconomy.gov/feg/epadata/vehicles.csv,NHTSA Product Information Catalog (vehicle products API),https://api.nhtsa.gov/products/vehicle/models?modelYear=1980&make=TOYOTA&issueType=r,2026-07-15,"Non-contiguous confirmed model years reflect the verified records; gaps are preserved, not bridged.",2,2
Toyota,T100,1992-1998,1992,1998,Discontinued,Pickup Truck,United States,No,Added - Missing Model,Fully Verified,EPA FuelEconomy.gov Vehicle Fuel Economy Dataset,https://www.fueleconomy.gov/feg/epadata/vehicles.csv,NHTSA Product Information Catalog (vehicle products API),https://api.nhtsa.gov/products/vehicle/models?modelYear=1992&make=TOYOTA&issueType=r,2026-07-15,,2,2
Toyota,Tacoma,1995-2026,1995,2026,Active,Pickup Truck,United States,Yes,Original Source,Fully Verified,EPA FuelEconomy.gov Vehicle Fuel Economy Dataset,https://www.fueleconomy.gov/feg/epadata/vehicles.csv,NHTSA Product Information Catalog (vehicle products API),https://api.nhtsa.gov/products/vehicle/models?modelYear=1995&make=TOYOTA&issueType=r,2026-07-15,,2,2
Toyota,Tercel,1982-2000,1982,2000,Discontinued,Passenger Car,United States,No,Added - Missing Model,Fully Verified,EPA FuelEconomy.gov Vehicle Fuel Economy Dataset,https://www.fueleconomy.gov/feg/epadata/vehicles.csv,NHTSA Product Information Catalog (vehicle products API),https://api.nhtsa.gov/products/vehicle/models?modelYear=1982&make=TOYOTA&issueType=r,2026-07-15,,2,3
Toyota,Tundra,1999-2026,1999,2026,Active,Pickup Truck,United States,Yes,Original Source,Fully Verified,EPA FuelEconomy.gov Vehicle Fuel Economy Dataset,https://www.fueleconomy.gov/feg/epadata/vehicles.csv,NHTSA Product Information Catalog (vehicle products API),https://api.nhtsa.gov/products/vehicle/models?modelYear=1999&make=TOYOTA&issueType=r,2026-07-15,,2,2
Toyota,Van,1984-1990; 1994,1984,1994,Discontinued,Van,United States,No,Added - Missing Model,Fully Verified,EPA FuelEconomy.gov Vehicle Fuel Economy Dataset,https://www.fueleconomy.gov/feg/epadata/vehicles.csv,NHTSA Product Information Catalog (vehicle products API),https://api.nhtsa.gov/products/vehicle/models?modelYear=1984&make=TOYOTA&issueType=r,2026-07-15,"Non-contiguous confirmed model years reflect the verified records; gaps are preserved, not bridged.",2,2
Toyota,Venza,2009-2015; 2021-2024,2009,2024,Discontinued,SUV/Crossover,United States,No,Added - Missing Model,Fully Verified,EPA FuelEconomy.gov Vehicle Fuel Economy Dataset,https://www.fueleconomy.gov/feg/epadata/vehicles.csv,NHTSA Product Information Catalog (vehicle products API),https://api.nhtsa.gov/products/vehicle/models?modelYear=2009&make=TOYOTA&issueType=r,2026-07-15,"Non-contiguous confirmed model years reflect the verified records; gaps are preserved, not bridged.",2,2
Toyota,Yaris,2006-2020,2006,2020,Discontinued,Passenger Car,United States,No,Added - Missing Model,Fully Verified,EPA FuelEconomy.gov Vehicle Fuel Economy Dataset,https://www.fueleconomy.gov/feg/epadata/vehicles.csv,NHTSA Product Information Catalog (vehicle products API),https://api.nhtsa.gov/products/vehicle/models?modelYear=2006&make=TOYOTA&issueType=r,2026-07-15,,2,2
Toyota,bZ,2026,2026,2026,Active,SUV/Crossover,United States,No,Added - Missing Model,Fully Verified,EPA FuelEconomy.gov Vehicle Fuel Economy Dataset,https://www.fueleconomy.gov/feg/epadata/vehicles.csv,NHTSA Product Information Catalog (vehicle products API),https://api.nhtsa.gov/products/vehicle/models?modelYear=2026&make=TOYOTA&issueType=r,2026-07-15,,2,2
Toyota,bZ Woodland,2026,2026,2026,Active,SUV/Crossover,United States,No,Added - Missing Model,Fully Verified,EPA FuelEconomy.gov Vehicle Fuel Economy Dataset,https://www.fueleconomy.gov/feg/epadata/vehicles.csv,NHTSA vPIC (VIN product data),https://vpic.nhtsa.dot.gov/api/vehicles/GetModelsForMake/Toyota?format=json,2026-07-15,Upgraded to Fully Verified in V2: independently confirmed by NHTSA vPIC product data.,2,2
Toyota,bZ4X,2023-2025,2023,2025,Active,SUV/Crossover,United States,No,Added - Missing Model,Fully Verified,EPA FuelEconomy.gov Vehicle Fuel Economy Dataset,https://www.fueleconomy.gov/feg/epadata/vehicles.csv,NHTSA Product Information Catalog (vehicle products API),https://api.nhtsa.gov/products/vehicle/models?modelYear=2023&make=TOYOTA&issueType=r,2026-07-15,,2,2
Triumph,TR7,1980,1980,1980,Discontinued,Passenger Car,United States,No,Added - Missing Make and Model,Government Verified,NHTSA Product Information Catalog (vehicle products API),https://api.nhtsa.gov/products/vehicle/models?modelYear=1980&make=TRIUMPH&issueType=r,NHTSA vPIC (VIN product data),https://vpic.nhtsa.dot.gov/api/vehicles/GetModelsForMake/Triumph?format=json,2026-07-15,"Upgraded to Fully Verified in V2: independently confirmed by NHTSA vPIC product data. V3 source-status correction: confirmation came from two NHTSA datasets (Recall + vPIC), which is cross-dataset confirmation within one organization, not independent multi-source verification.",1,2
VinFast,VF 6,2025,2025,2025,Active,SUV/Crossover,United States,No,Added - Missing Make and Model,Fully Verified,EPA FuelEconomy.gov Vehicle Fuel Economy Dataset,https://www.fueleconomy.gov/feg/epadata/vehicles.csv,NHTSA vPIC (VIN product data),https://vpic.nhtsa.dot.gov/api/vehicles/GetModelsForMake/VinFast?format=json,2026-07-15,Upgraded to Fully Verified in V2: independently confirmed by NHTSA vPIC product data.,2,2
VinFast,VF 7,2025; 2027,2025,2027,Active,SUV/Crossover,United States,No,Added - Missing Make and Model,Fully Verified,EPA FuelEconomy.gov Vehicle Fuel Economy Dataset,https://www.fueleconomy.gov/feg/epadata/vehicles.csv,NHTSA vPIC (VIN product data),https://vpic.nhtsa.dot.gov/api/vehicles/GetModelsForMake/VinFast?format=json,2026-07-15,"MY2027 record officially published in government data by the 2026-07-15 research cutoff. Non-contiguous confirmed model years reflect the verified records; gaps are preserved, not bridged. Upgraded to Fully Verified in V2: independently confirmed by NHTSA vPIC product data.",2,2
VinFast,VF 8,2023-2025,2023,2025,Active,SUV/Crossover,United States,No,Added - Missing Make and Model,Fully Verified,EPA FuelEconomy.gov Vehicle Fuel Economy Dataset,https://www.fueleconomy.gov/feg/epadata/vehicles.csv,NHTSA Product Information Catalog (vehicle products API),https://api.nhtsa.gov/products/vehicle/models?modelYear=2023&make=VINFAST&issueType=r,2026-07-15,,2,2
VinFast,VF 9,2024-2025,2024,2025,Active,SUV/Crossover,United States,No,Added - Missing Make and Model,Fully Verified,EPA FuelEconomy.gov Vehicle Fuel Economy Dataset,https://www.fueleconomy.gov/feg/epadata/vehicles.csv,NHTSA vPIC (VIN product data),https://vpic.nhtsa.dot.gov/api/vehicles/GetModelsForMake/VinFast?format=json,2026-07-15,Upgraded to Fully Verified in V2: independently confirmed by NHTSA vPIC product data.,2,2
Volkswagen,Arteon,2019-2024,2019,2024,Discontinued,Passenger Car,United States,No,Added - Missing Model,Fully Verified,EPA FuelEconomy.gov Vehicle Fuel Economy Dataset,https://www.fueleconomy.gov/feg/epadata/vehicles.csv,NHTSA Product Information Catalog (vehicle products API),https://api.nhtsa.gov/products/vehicle/models?modelYear=2019&make=VOLKSWAGEN&issueType=r,2026-07-15,,2,2
Volkswagen,Atlas,2018-2027,2018,2027,Active,SUV/Crossover,United States,No,Added - Missing Model,Fully Verified,EPA FuelEconomy.gov Vehicle Fuel Economy Dataset,https://www.fueleconomy.gov/feg/epadata/vehicles.csv,NHTSA Product Information Catalog (vehicle products API),https://api.nhtsa.gov/products/vehicle/models?modelYear=2018&make=VOLKSWAGEN&issueType=r,2026-07-15,MY2027 record officially published in government data by the 2026-07-15 research cutoff.,2,2
Volkswagen,Atlas Cross Sport,2020-2026,2020,2026,Active,SUV/Crossover,United States,No,Added - Missing Model,Fully Verified,EPA FuelEconomy.gov Vehicle Fuel Economy Dataset,https://www.fueleconomy.gov/feg/epadata/vehicles.csv,NHTSA Product Information Catalog (vehicle products API),https://api.nhtsa.gov/products/vehicle/models?modelYear=2020&make=VOLKSWAGEN&issueType=r,2026-07-15,,2,2
Volkswagen,Beetle,1998; 2009-2010; 2012-2019,1998,2019,Discontinued,Passenger Car,United States,No,Added - Missing Model,Fully Verified,EPA FuelEconomy.gov Vehicle Fuel Economy Dataset,https://www.fueleconomy.gov/feg/epadata/vehicles.csv,NHTSA Product Information Catalog (vehicle products API),https://api.nhtsa.gov/products/vehicle/models?modelYear=1998&make=VOLKSWAGEN&issueType=r,2026-07-15,"Non-contiguous confirmed model years reflect the verified records; gaps are preserved, not bridged.",2,2
Volkswagen,CC,2008-2017,2008,2017,Discontinued,Passenger Car,United States,No,Added - Missing Model,Fully Verified,EPA FuelEconomy.gov Vehicle Fuel Economy Dataset,https://www.fueleconomy.gov/feg/epadata/vehicles.csv,NHTSA Product Information Catalog (vehicle products API),https://api.nhtsa.gov/products/vehicle/models?modelYear=2008&make=VOLKSWAGEN&issueType=r,2026-07-15,,2,2
Volkswagen,Cabrio,1989; 1991-1993; 1995-2002,1989,2002,Discontinued,Passenger Car,United States,No,Added - Missing Model,Fully Verified,EPA FuelEconomy.gov Vehicle Fuel Economy Dataset,https://www.fueleconomy.gov/feg/epadata/vehicles.csv,NHTSA Product Information Catalog (vehicle products API),https://api.nhtsa.gov/products/vehicle/models?modelYear=1989&make=VOLKSWAGEN&issueType=r,2026-07-15,"Non-contiguous confirmed model years reflect the verified records; gaps are preserved, not bridged.",2,2
Volkswagen,Cabriolet,1984-1993,1984,1993,Discontinued,Passenger Car,United States,No,Added - Missing Model,Fully Verified,EPA FuelEconomy.gov Vehicle Fuel Economy Dataset,https://www.fueleconomy.gov/feg/epadata/vehicles.csv,NHTSA Product Information Catalog (vehicle products API),https://api.nhtsa.gov/products/vehicle/models?modelYear=1984&make=VOLKSWAGEN&issueType=r,2026-07-15,,2,2
Volkswagen,Corrado,1990-1995,1990,1995,Discontinued,Passenger Car,United States,No,Added - Missing Model,Fully Verified,EPA FuelEconomy.gov Vehicle Fuel Economy Dataset,https://www.fueleconomy.gov/feg/epadata/vehicles.csv,NHTSA Product Information Catalog (vehicle products API),https://api.nhtsa.gov/products/vehicle/models?modelYear=1990&make=VOLKSWAGEN&issueType=r,2026-07-15,,2,2
Volkswagen,Eos,2007-2016,2007,2016,Discontinued,Passenger Car,United States,No,Added - Missing Model,Fully Verified,EPA FuelEconomy.gov Vehicle Fuel Economy Dataset,https://www.fueleconomy.gov/feg/epadata/vehicles.csv,NHTSA Product Information Catalog (vehicle products API),https://api.nhtsa.gov/products/vehicle/models?modelYear=2007&make=VOLKSWAGEN&issueType=r,2026-07-15,,2,2
Volkswagen,Eurovan,1992-1995; 1997-2004,1992,2004,Discontinued,Multiple Categories,United States,No,Added - Missing Model,Fully Verified,EPA FuelEconomy.gov Vehicle Fuel Economy Dataset,https://www.fueleconomy.gov/feg/epadata/vehicles.csv,NHTSA Product Information Catalog (vehicle products API),https://api.nhtsa.gov/products/vehicle/models?modelYear=1992&make=VOLKSWAGEN&issueType=r,2026-07-15,"Non-contiguous confirmed model years reflect the verified records; gaps are preserved, not bridged.",2,2
Volkswagen,FOX,1987-1993,1987,1993,Discontinued,Passenger Car,United States,No,Added - Missing Model,Fully Verified,EPA FuelEconomy.gov Vehicle Fuel Economy Dataset,https://www.fueleconomy.gov/feg/epadata/vehicles.csv,NHTSA Product Information Catalog (vehicle products API),https://api.nhtsa.gov/products/vehicle/models?modelYear=1987&make=VOLKSWAGEN&issueType=r,2026-07-15,,2,2
Volkswagen,GLI,1990; 2008-2009; 2021-2027,1990,2027,Active,Passenger Car,United States,No,Added - Missing Model,Fully Verified,EPA FuelEconomy.gov Vehicle Fuel Economy Dataset,https://www.fueleconomy.gov/feg/epadata/vehicles.csv,NHTSA vPIC (VIN product data),https://vpic.nhtsa.dot.gov/api/vehicles/GetModelsForMake/Volkswagen?format=json,2026-07-15,"MY2027 record officially published in government data by the 2026-07-15 research cutoff. Non-contiguous confirmed model years reflect the verified records; gaps are preserved, not bridged. Upgraded to Fully Verified in V2: independently confirmed by NHTSA vPIC product data.",2,2
Volkswagen,Golf,1985-2023,1985,2023,Discontinued,Passenger Car,United States,Yes,Original Source,Fully Verified,EPA FuelEconomy.gov Vehicle Fuel Economy Dataset,https://www.fueleconomy.gov/feg/epadata/vehicles.csv,NHTSA Product Information Catalog (vehicle products API),https://api.nhtsa.gov/products/vehicle/models?modelYear=1985&make=VOLKSWAGEN&issueType=r,2026-07-15,,2,2
Volkswagen,Golf Alltrack,2017-2019,2017,2019,Discontinued,Passenger Car,United States,No,Added - Missing Model,Fully Verified,EPA FuelEconomy.gov Vehicle Fuel Economy Dataset,https://www.fueleconomy.gov/feg/epadata/vehicles.csv,NHTSA vPIC (VIN product data),https://vpic.nhtsa.dot.gov/api/vehicles/GetModelsForMake/Volkswagen?format=json,2026-07-15,Upgraded to Fully Verified in V2: independently confirmed by NHTSA vPIC product data.,2,2
Volkswagen,Golf GTI,1985-1992; 1995-2026,1985,2026,Active,Passenger Car,United States,No,Added - Missing Model,Fully Verified,EPA FuelEconomy.gov Vehicle Fuel Economy Dataset,https://www.fueleconomy.gov/feg/epadata/vehicles.csv,NHTSA Product Information Catalog (vehicle products API),https://api.nhtsa.gov/products/vehicle/models?modelYear=1985&make=VOLKSWAGEN&issueType=r,2026-07-15,"Non-contiguous confirmed model years reflect the verified records; gaps are preserved, not bridged.",2,2
Volkswagen,Golf R,2012-2013; 2015-2019; 2022-2026,2012,2026,Active,Passenger Car,United States,No,Added - Missing Model,Fully Verified,EPA FuelEconomy.gov Vehicle Fuel Economy Dataset,https://www.fueleconomy.gov/feg/epadata/vehicles.csv,NHTSA Product Information Catalog (vehicle products API),https://api.nhtsa.gov/products/vehicle/models?modelYear=2012&make=VOLKSWAGEN&issueType=r,2026-07-15,"Non-contiguous confirmed model years reflect the verified records; gaps are preserved, not bridged.",2,2
Volkswagen,Golf SportWagen,2013; 2015-2019,2013,2019,Discontinued,Passenger Car,United States,No,Added - Missing Model,Fully Verified,EPA FuelEconomy.gov Vehicle Fuel Economy Dataset,https://www.fueleconomy.gov/feg/epadata/vehicles.csv,NHTSA Product Information Catalog (vehicle products API),https://api.nhtsa.gov/products/vehicle/models?modelYear=2013&make=VOLKSWAGEN&issueType=r,2026-07-15,"Non-contiguous confirmed model years reflect the verified records; gaps are preserved, not bridged.",2,2
Volkswagen,ID. Buzz,2025,2025,2025,Active,Minivan,United States,No,Added - Missing Model,Fully Verified,EPA FuelEconomy.gov Vehicle Fuel Economy Dataset,https://www.fueleconomy.gov/feg/epadata/vehicles.csv,NHTSA Product Information Catalog (vehicle products API),https://api.nhtsa.gov/products/vehicle/models?modelYear=2025&make=VOLKSWAGEN&issueType=r,2026-07-15,,2,2
Volkswagen,ID.4,2021-2026,2021,2026,Active,SUV/Crossover,United States,No,Added - Missing Model,Fully Verified,EPA FuelEconomy.gov Vehicle Fuel Economy Dataset,https://www.fueleconomy.gov/feg/epadata/vehicles.csv,NHTSA Product Information Catalog (vehicle products API),https://api.nhtsa.gov/products/vehicle/models?modelYear=2021&make=VOLKSWAGEN&issueType=r,2026-07-15,,2,2
Volkswagen,Jetta,1980-2026,1980,2026,Active,Passenger Car,United States,Yes,Original Source,Fully Verified,EPA FuelEconomy.gov Vehicle Fuel Economy Dataset,https://www.fueleconomy.gov/feg/epadata/vehicles.csv,NHTSA Product Information Catalog (vehicle products API),https://api.nhtsa.gov/products/vehicle/models?modelYear=1984&make=VOLKSWAGEN&issueType=r,2026-07-15,"Model year(s) [1980, 1981, 1982, 1983] added in V3 from the official EPA 1980-1983 historical dataset.",2,3
Volkswagen,Jetta GLI,1986-1992; 2016-2019; 2021-2022,1986,2022,Discontinued,Passenger Car,United States,No,Added - Missing Model,Fully Verified,EPA FuelEconomy.gov Vehicle Fuel Economy Dataset,https://www.fueleconomy.gov/feg/epadata/vehicles.csv,NHTSA Product Information Catalog (vehicle products API),https://api.nhtsa.gov/products/vehicle/models?modelYear=1986&make=VOLKSWAGEN&issueType=r,2026-07-15,"Non-contiguous confirmed model years reflect the verified records; gaps are preserved, not bridged.",2,2
Volkswagen,New Beetle,1998-2010,1998,2010,Discontinued,Passenger Car,United States,No,Added - Missing Model,Fully Verified,EPA FuelEconomy.gov Vehicle Fuel Economy Dataset,https://www.fueleconomy.gov/feg/epadata/vehicles.csv,NHTSA Product Information Catalog (vehicle products API),https://api.nhtsa.gov/products/vehicle/models?modelYear=1998&make=VOLKSWAGEN&issueType=r,2026-07-15,,2,2
Volkswagen,New GTI,1999,1999,1999,Discontinued,Passenger Car,United States,No,Added - Missing Model,Government Verified,EPA FuelEconomy.gov Vehicle Fuel Economy Dataset,https://www.fueleconomy.gov/feg/epadata/vehicles.csv,,,2026-07-15,,1,1
Volkswagen,New Golf,1999,1999,1999,Discontinued,Passenger Car,United States,No,Added - Missing Model,Government Verified,EPA FuelEconomy.gov Vehicle Fuel Economy Dataset,https://www.fueleconomy.gov/feg/epadata/vehicles.csv,,,2026-07-15,,1,1
Volkswagen,New Jetta,1999,1999,1999,Discontinued,Passenger Car,United States,No,Added - Missing Model,Government Verified,EPA FuelEconomy.gov Vehicle Fuel Economy Dataset,https://www.fueleconomy.gov/feg/epadata/vehicles.csv,,,2026-07-15,,1,1
Volkswagen,Passat,1990-2022,1990,2022,Discontinued,Passenger Car,United States,Yes,Original Source,Fully Verified,EPA FuelEconomy.gov Vehicle Fuel Economy Dataset,https://www.fueleconomy.gov/feg/epadata/vehicles.csv,NHTSA Product Information Catalog (vehicle products API),https://api.nhtsa.gov/products/vehicle/models?modelYear=1990&make=VOLKSWAGEN&issueType=r,2026-07-15,,2,2
Volkswagen,Phaeton,2004-2006,2004,2006,Discontinued,Passenger Car,United States,No,Added - Missing Model,Fully Verified,EPA FuelEconomy.gov Vehicle Fuel Economy Dataset,https://www.fueleconomy.gov/feg/epadata/vehicles.csv,NHTSA Product Information Catalog (vehicle products API),https://api.nhtsa.gov/products/vehicle/models?modelYear=2004&make=VOLKSWAGEN&issueType=r,2026-07-15,,2,2
Volkswagen,Quantum,1982-1988,1982,1988,Discontinued,Passenger Car,United States,No,Added - Missing Model,Fully Verified,EPA FuelEconomy.gov Vehicle Fuel Economy Dataset,https://www.fueleconomy.gov/feg/epadata/vehicles.csv,NHTSA Product Information Catalog (vehicle products API),https://api.nhtsa.gov/products/vehicle/models?modelYear=1984&make=VOLKSWAGEN&issueType=r,2026-07-15,"Model year(s) [1982, 1983] added in V3 from the official EPA 1980-1983 historical dataset.",2,3
Volkswagen,R32,2004; 2007-2008,2004,2008,Discontinued,Passenger Car,United States,No,Added - Missing Model,Fully Verified,EPA FuelEconomy.gov Vehicle Fuel Economy Dataset,https://www.fueleconomy.gov/feg/epadata/vehicles.csv,NHTSA Product Information Catalog (vehicle products API),https://api.nhtsa.gov/products/vehicle/models?modelYear=2004&make=VOLKSWAGEN&issueType=r,2026-07-15,"Non-contiguous confirmed model years reflect the verified records; gaps are preserved, not bridged.",2,2
Volkswagen,Rabbit,1980-1985; 2006-2009,1980,2009,Discontinued,Passenger Car,United States,No,Added - Missing Model,Fully Verified,EPA FuelEconomy.gov Vehicle Fuel Economy Dataset,https://www.fueleconomy.gov/feg/epadata/vehicles.csv,NHTSA Product Information Catalog (vehicle products API),https://api.nhtsa.gov/products/vehicle/models?modelYear=1980&make=VOLKSWAGEN&issueType=r,2026-07-15,"Non-contiguous confirmed model years reflect the verified records; gaps are preserved, not bridged.",2,3
Volkswagen,Routan,2008-2014,2008,2014,Discontinued,Minivan,United States,No,Added - Missing Model,Fully Verified,EPA FuelEconomy.gov Vehicle Fuel Economy Dataset,https://www.fueleconomy.gov/feg/epadata/vehicles.csv,NHTSA Product Information Catalog (vehicle products API),https://api.nhtsa.gov/products/vehicle/models?modelYear=2008&make=VOLKSWAGEN&issueType=r,2026-07-15,,2,2
Volkswagen,Scirocco,1980-1988,1980,1988,Discontinued,Passenger Car,United States,No,Added - Missing Model,Fully Verified,EPA FuelEconomy.gov Vehicle Fuel Economy Dataset,https://www.fueleconomy.gov/feg/epadata/vehicles.csv,NHTSA Product Information Catalog (vehicle products API),https://api.nhtsa.gov/products/vehicle/models?modelYear=1984&make=VOLKSWAGEN&issueType=r,2026-07-15,"Model year(s) [1980, 1981, 1982, 1983] added in V3 from the official EPA 1980-1983 historical dataset.",2,3
Volkswagen,Taos,2022-2026,2022,2026,Active,SUV/Crossover,United States,No,Added - Missing Model,Fully Verified,EPA FuelEconomy.gov Vehicle Fuel Economy Dataset,https://www.fueleconomy.gov/feg/epadata/vehicles.csv,NHTSA Product Information Catalog (vehicle products API),https://api.nhtsa.gov/products/vehicle/models?modelYear=2022&make=VOLKSWAGEN&issueType=r,2026-07-15,,2,2
Volkswagen,Tiguan,2009-2026,2009,2026,Active,SUV/Crossover,United States,Yes,Original Source,Fully Verified,EPA FuelEconomy.gov Vehicle Fuel Economy Dataset,https://www.fueleconomy.gov/feg/epadata/vehicles.csv,NHTSA Product Information Catalog (vehicle products API),https://api.nhtsa.gov/products/vehicle/models?modelYear=2009&make=VOLKSWAGEN&issueType=r,2026-07-15,,2,2
Volkswagen,Touareg,2004-2017,2004,2017,Discontinued,SUV/Crossover,United States,No,Added - Missing Model,Fully Verified,EPA FuelEconomy.gov Vehicle Fuel Economy Dataset,https://www.fueleconomy.gov/feg/epadata/vehicles.csv,NHTSA Product Information Catalog (vehicle products API),https://api.nhtsa.gov/products/vehicle/models?modelYear=2004&make=VOLKSWAGEN&issueType=r,2026-07-15,,2,2
Volkswagen,Vanagon,1980-1991; 1994,1980,1994,Discontinued,Van,United States,No,Added - Missing Model,Fully Verified,EPA FuelEconomy.gov Vehicle Fuel Economy Dataset,https://www.fueleconomy.gov/feg/epadata/vehicles.csv,NHTSA Product Information Catalog (vehicle products API),https://api.nhtsa.gov/products/vehicle/models?modelYear=1981&make=VOLKSWAGEN&issueType=r,2026-07-15,"Non-contiguous confirmed model years reflect the verified records; gaps are preserved, not bridged. Model year(s) [1980, 1982, 1983] added in V3 from the official EPA 1980-1983 historical dataset.",2,3
Volkswagen,Westphalia,1981,1981,1981,Discontinued,Passenger Car,United States,No,Added - Missing Model,Government Verified,NHTSA Product Information Catalog (vehicle products API),https://api.nhtsa.gov/products/vehicle/models?modelYear=1981&make=VOLKSWAGEN&issueType=r,,,2026-07-15,,1,1
Volkswagen,e-Golf,2015-2019,2015,2019,Discontinued,Passenger Car,United States,No,Added - Missing Model,Fully Verified,EPA FuelEconomy.gov Vehicle Fuel Economy Dataset,https://www.fueleconomy.gov/feg/epadata/vehicles.csv,NHTSA Product Information Catalog (vehicle products API),https://api.nhtsa.gov/products/vehicle/models?modelYear=2015&make=VOLKSWAGEN&issueType=r,2026-07-15,,2,2
Volvo,240,1980; 1982-1994,1980,1994,Discontinued,Passenger Car,United States,No,Added - Missing Model,Fully Verified,EPA FuelEconomy.gov Vehicle Fuel Economy Dataset,https://www.fueleconomy.gov/feg/epadata/vehicles.csv,NHTSA Product Information Catalog (vehicle products API),https://api.nhtsa.gov/products/vehicle/models?modelYear=1980&make=VOLVO&issueType=r,2026-07-15,"Non-contiguous confirmed model years reflect the verified records; gaps are preserved, not bridged.",2,2
Volvo,240 DL,1984-1989,1984,1989,Discontinued,Passenger Car,United States,No,Added - Missing Model,Government Verified,EPA FuelEconomy.gov Vehicle Fuel Economy Dataset,https://www.fueleconomy.gov/feg/epadata/vehicles.csv,,,2026-07-15,,1,1
Volvo,740,1985-1993; 1995; 1998; 2000; 2002,1985,2002,Discontinued,Passenger Car,United States,No,Added - Missing Model,Fully Verified,EPA FuelEconomy.gov Vehicle Fuel Economy Dataset,https://www.fueleconomy.gov/feg/epadata/vehicles.csv,NHTSA Product Information Catalog (vehicle products API),https://api.nhtsa.gov/products/vehicle/models?modelYear=1985&make=VOLVO&issueType=r,2026-07-15,"Non-contiguous confirmed model years reflect the verified records; gaps are preserved, not bridged.",2,2
Volvo,740 16-VALVE,1990,1990,1990,Discontinued,Passenger Car,United States,No,Added - Missing Model,Government Verified,EPA FuelEconomy.gov Vehicle Fuel Economy Dataset,https://www.fueleconomy.gov/feg/epadata/vehicles.csv,,,2026-07-15,,1,1
Volvo,760,1984-1990,1984,1990,Discontinued,Passenger Car,United States,No,Added - Missing Model,Fully Verified,EPA FuelEconomy.gov Vehicle Fuel Economy Dataset,https://www.fueleconomy.gov/feg/epadata/vehicles.csv,NHTSA Product Information Catalog (vehicle products API),https://api.nhtsa.gov/products/vehicle/models?modelYear=1984&make=VOLVO&issueType=r,2026-07-15,,2,2
Volvo,780,1987-1991; 1999; 2004-2006; 2009-2010; 2016,1987,2016,Discontinued,Passenger Car,United States,No,Added - Missing Model,Fully Verified,EPA FuelEconomy.gov Vehicle Fuel Economy Dataset,https://www.fueleconomy.gov/feg/epadata/vehicles.csv,NHTSA Product Information Catalog (vehicle products API),https://api.nhtsa.gov/products/vehicle/models?modelYear=1987&make=VOLVO&issueType=r,2026-07-15,"Non-contiguous confirmed model years reflect the verified records; gaps are preserved, not bridged.",2,2
Volvo,850,1993-1997; 1999-2000,1993,2000,Discontinued,Passenger Car,United States,No,Added - Missing Model,Fully Verified,EPA FuelEconomy.gov Vehicle Fuel Economy Dataset,https://www.fueleconomy.gov/feg/epadata/vehicles.csv,NHTSA Product Information Catalog (vehicle products API),https://api.nhtsa.gov/products/vehicle/models?modelYear=1993&make=VOLVO&issueType=r,2026-07-15,"Non-contiguous confirmed model years reflect the verified records; gaps are preserved, not bridged.",2,2
Volvo,940,1990-1995; 1997-1998,1990,1998,Discontinued,Passenger Car,United States,No,Added - Missing Model,Fully Verified,EPA FuelEconomy.gov Vehicle Fuel Economy Dataset,https://www.fueleconomy.gov/feg/epadata/vehicles.csv,NHTSA Product Information Catalog (vehicle products API),https://api.nhtsa.gov/products/vehicle/models?modelYear=1990&make=VOLVO&issueType=r,2026-07-15,"Non-contiguous confirmed model years reflect the verified records; gaps are preserved, not bridged.",2,2
Volvo,940 GLE 16-VALVE,1991,1991,1991,Discontinued,Passenger Car,United States,No,Added - Missing Model,Government Verified,EPA FuelEconomy.gov Vehicle Fuel Economy Dataset,https://www.fueleconomy.gov/feg/epadata/vehicles.csv,,,2026-07-15,,1,1
Volvo,960,1990; 1992-1997,1990,1997,Discontinued,Passenger Car,United States,No,Added - Missing Model,Fully Verified,EPA FuelEconomy.gov Vehicle Fuel Economy Dataset,https://www.fueleconomy.gov/feg/epadata/vehicles.csv,NHTSA Product Information Catalog (vehicle products API),https://api.nhtsa.gov/products/vehicle/models?modelYear=1990&make=VOLVO&issueType=r,2026-07-15,"Non-contiguous confirmed model years reflect the verified records; gaps are preserved, not bridged.",2,2
Volvo,C30,2007-2013,2007,2013,Discontinued,Passenger Car,United States,No,Added - Missing Model,Fully Verified,EPA FuelEconomy.gov Vehicle Fuel Economy Dataset,https://www.fueleconomy.gov/feg/epadata/vehicles.csv,NHTSA Product Information Catalog (vehicle products API),https://api.nhtsa.gov/products/vehicle/models?modelYear=2007&make=VOLVO&issueType=r,2026-07-15,,2,2
Volvo,C40 Recharge,2024,2024,2024,Discontinued,SUV/Crossover,United States,No,Added - Missing Model,Fully Verified,EPA FuelEconomy.gov Vehicle Fuel Economy Dataset,https://www.fueleconomy.gov/feg/epadata/vehicles.csv,NHTSA Product Information Catalog (vehicle products API),https://api.nhtsa.gov/products/vehicle/models?modelYear=2024&make=VOLVO&issueType=r,2026-07-15,,2,2
Volvo,C40 Recharge Twin,2022-2024,2022,2024,Discontinued,SUV/Crossover,United States,No,Added - Missing Model,Fully Verified,EPA FuelEconomy.gov Vehicle Fuel Economy Dataset,https://www.fueleconomy.gov/feg/epadata/vehicles.csv,NHTSA Product Information Catalog (vehicle products API),https://api.nhtsa.gov/products/vehicle/models?modelYear=2022&make=VOLVO&issueType=r,2026-07-15,,2,2
Volvo,C70,1998-2004; 2006-2013,1998,2013,Discontinued,Passenger Car,United States,Yes,Original Source,Fully Verified,EPA FuelEconomy.gov Vehicle Fuel Economy Dataset,https://www.fueleconomy.gov/feg/epadata/vehicles.csv,NHTSA Product Information Catalog (vehicle products API),https://api.nhtsa.gov/products/vehicle/models?modelYear=1998&make=VOLVO&issueType=r,2026-07-15,"Non-contiguous confirmed model years reflect the verified records; gaps are preserved, not bridged.",2,2
Volvo,Coupe,1991,1991,1991,Discontinued,Passenger Car,United States,No,Added - Missing Model,Government Verified,EPA FuelEconomy.gov Vehicle Fuel Economy Dataset,https://www.fueleconomy.gov/feg/epadata/vehicles.csv,,,2026-07-15,,1,1
Volvo,EC40,2025-2026,2025,2026,Active,SUV/Crossover,United States,No,Added - Missing Model,Fully Verified,EPA FuelEconomy.gov Vehicle Fuel Economy Dataset,https://www.fueleconomy.gov/feg/epadata/vehicles.csv,NHTSA vPIC (VIN product data),https://vpic.nhtsa.dot.gov/api/vehicles/GetModelsForMake/Volvo?format=json,2026-07-15,Upgraded to Fully Verified in V2: independently confirmed by NHTSA vPIC product data.,2,2
Volvo,EC40 Twin,2025-2026,2025,2026,Active,SUV/Crossover,United States,No,Added - Missing Model,Government Verified,EPA FuelEconomy.gov Vehicle Fuel Economy Dataset,https://www.fueleconomy.gov/feg/epadata/vehicles.csv,,,2026-07-15,,1,1
Volvo,EX30 Cross,2026,2026,2026,Active,SUV/Crossover,United States,No,Added - Missing Model,Government Verified,EPA FuelEconomy.gov Vehicle Fuel Economy Dataset,https://www.fueleconomy.gov/feg/epadata/vehicles.csv,,,2026-07-15,,1,1
Volvo,EX30 Single Extended Range,2025-2026,2025,2026,Active,SUV/Crossover,United States,No,Added - Missing Model,Government Verified,EPA FuelEconomy.gov Vehicle Fuel Economy Dataset,https://www.fueleconomy.gov/feg/epadata/vehicles.csv,,,2026-07-15,,1,1
Volvo,EX30 Twin Performance,2025-2026,2025,2026,Active,SUV/Crossover,United States,No,Added - Missing Model,Government Verified,EPA FuelEconomy.gov Vehicle Fuel Economy Dataset,https://www.fueleconomy.gov/feg/epadata/vehicles.csv,,,2026-07-15,,1,1
Volvo,EX40,2025-2026,2025,2026,Active,SUV/Crossover,United States,No,Added - Missing Model,Fully Verified,EPA FuelEconomy.gov Vehicle Fuel Economy Dataset,https://www.fueleconomy.gov/feg/epadata/vehicles.csv,NHTSA Product Information Catalog (vehicle products API),https://api.nhtsa.gov/products/vehicle/models?modelYear=2025&make=VOLVO&issueType=r,2026-07-15,,2,2
Volvo,EX40 Twin,2025-2026,2025,2026,Active,SUV/Crossover,United States,No,Added - Missing Model,Government Verified,EPA FuelEconomy.gov Vehicle Fuel Economy Dataset,https://www.fueleconomy.gov/feg/epadata/vehicles.csv,,,2026-07-15,,1,1
Volvo,EX90,2025-2026,2025,2026,Active,SUV/Crossover,United States,No,Added - Missing Model,Fully Verified,EPA FuelEconomy.gov Vehicle Fuel Economy Dataset,https://www.fueleconomy.gov/feg/epadata/vehicles.csv,NHTSA Product Information Catalog (vehicle products API),https://api.nhtsa.gov/products/vehicle/models?modelYear=2025&make=VOLVO&issueType=r,2026-07-15,,2,2
Volvo,EX90 Twin,2025-2026,2025,2026,Active,SUV/Crossover,United States,No,Added - Missing Model,Government Verified,EPA FuelEconomy.gov Vehicle Fuel Economy Dataset,https://www.fueleconomy.gov/feg/epadata/vehicles.csv,,,2026-07-15,,1,1
Volvo,EX90 Twin Performance,2025-2026,2025,2026,Active,SUV/Crossover,United States,No,Added - Missing Model,Government Verified,EPA FuelEconomy.gov Vehicle Fuel Economy Dataset,https://www.fueleconomy.gov/feg/epadata/vehicles.csv,,,2026-07-15,,1,1
Volvo,GL,1982; 1984-1985; 1990,1982,1990,Discontinued,Passenger Car,United States,No,Added - Missing Model,Fully Verified,EPA FuelEconomy.gov Vehicle Fuel Economy Dataset,https://www.fueleconomy.gov/feg/epadata/vehicles.csv,NHTSA Product Information Catalog (vehicle products API),https://api.nhtsa.gov/products/vehicle/models?modelYear=1982&make=VOLVO&issueType=r,2026-07-15,"Non-contiguous confirmed model years reflect the verified records; gaps are preserved, not bridged.",2,2
Volvo,New C70,2006,2006,2006,Discontinued,Passenger Car,United States,No,Added - Missing Model,Government Verified,EPA FuelEconomy.gov Vehicle Fuel Economy Dataset,https://www.fueleconomy.gov/feg/epadata/vehicles.csv,,,2026-07-15,,1,1
Volvo,S40,2000-2011,2000,2011,Discontinued,Passenger Car,United States,No,Added - Missing Model,Fully Verified,EPA FuelEconomy.gov Vehicle Fuel Economy Dataset,https://www.fueleconomy.gov/feg/epadata/vehicles.csv,NHTSA Product Information Catalog (vehicle products API),https://api.nhtsa.gov/products/vehicle/models?modelYear=2000&make=VOLVO&issueType=r,2026-07-15,,2,2
Volvo,S60,2000-2009; 2011-2021,2000,2021,Discontinued,Passenger Car,United States,Yes,Original Source,Fully Verified,EPA FuelEconomy.gov Vehicle Fuel Economy Dataset,https://www.fueleconomy.gov/feg/epadata/vehicles.csv,NHTSA Product Information Catalog (vehicle products API),https://api.nhtsa.gov/products/vehicle/models?modelYear=2000&make=VOLVO&issueType=r,2026-07-15,"Non-contiguous confirmed model years reflect the verified records; gaps are preserved, not bridged.",2,2
Volvo,S60 B5,2022-2025,2022,2025,Active,Passenger Car,United States,No,Added - Missing Model,Fully Verified,EPA FuelEconomy.gov Vehicle Fuel Economy Dataset,https://www.fueleconomy.gov/feg/epadata/vehicles.csv,NHTSA Product Information Catalog (vehicle products API),https://api.nhtsa.gov/products/vehicle/models?modelYear=2022&make=VOLVO&issueType=r,2026-07-15,,2,2
Volvo,S60 CC,2016-2018,2016,2018,Discontinued,Passenger Car,United States,No,Added - Missing Model,Government Verified,EPA FuelEconomy.gov Vehicle Fuel Economy Dataset,https://www.fueleconomy.gov/feg/epadata/vehicles.csv,,,2026-07-15,,1,1
Volvo,S60 Inscription,2016-2018,2016,2018,Discontinued,Passenger Car,United States,No,Added - Missing Model,Government Verified,EPA FuelEconomy.gov Vehicle Fuel Economy Dataset,https://www.fueleconomy.gov/feg/epadata/vehicles.csv,,,2026-07-15,,1,1
Volvo,S60 Polestar,2015-2018,2015,2018,Discontinued,Passenger Car,United States,No,Added - Missing Model,Government Verified,EPA FuelEconomy.gov Vehicle Fuel Economy Dataset,https://www.fueleconomy.gov/feg/epadata/vehicles.csv,,,2026-07-15,,1,1
Volvo,S60 R,2004-2007,2004,2007,Discontinued,Passenger Car,United States,No,Added - Missing Model,Government Verified,EPA FuelEconomy.gov Vehicle Fuel Economy Dataset,https://www.fueleconomy.gov/feg/epadata/vehicles.csv,,,2026-07-15,,1,1
Volvo,S60 T8,2019-2021; 2025,2019,2025,Active,Passenger Car,United States,No,Added - Missing Model,Fully Verified,EPA FuelEconomy.gov Vehicle Fuel Economy Dataset,https://www.fueleconomy.gov/feg/epadata/vehicles.csv,NHTSA Product Information Catalog (vehicle products API),https://api.nhtsa.gov/products/vehicle/models?modelYear=2019&make=VOLVO&issueType=r,2026-07-15,"Non-contiguous confirmed model years reflect the verified records; gaps are preserved, not bridged. V3: EPA historical 1980-83 dataset provides a second independent organization for this model.",2,2
Volvo,S60 T8 Recharge,2022-2024,2022,2024,Discontinued,Passenger Car,United States,No,Added - Missing Model,Fully Verified,EPA FuelEconomy.gov Vehicle Fuel Economy Dataset,https://www.fueleconomy.gov/feg/epadata/vehicles.csv,NHTSA Product Information Catalog (vehicle products API),https://api.nhtsa.gov/products/vehicle/models?modelYear=2022&make=VOLVO&issueType=r,2026-07-15,,2,2
Volvo,S60 T8 Recharge EXT Range,2022,2022,2022,Discontinued,Passenger Car,United States,No,Added - Missing Model,Government Verified,EPA FuelEconomy.gov Vehicle Fuel Economy Dataset,https://www.fueleconomy.gov/feg/epadata/vehicles.csv,,,2026-07-15,,1,1
Volvo,S70,1995; 1997-2000; 2002,1995,2002,Discontinued,Passenger Car,United States,No,Added - Missing Model,Fully Verified,EPA FuelEconomy.gov Vehicle Fuel Economy Dataset,https://www.fueleconomy.gov/feg/epadata/vehicles.csv,NHTSA Product Information Catalog (vehicle products API),https://api.nhtsa.gov/products/vehicle/models?modelYear=1995&make=VOLVO&issueType=r,2026-07-15,"Non-contiguous confirmed model years reflect the verified records; gaps are preserved, not bridged.",2,2
Volvo,S80,1999-2016,1999,2016,Discontinued,Passenger Car,United States,Yes,Original Source,Fully Verified,EPA FuelEconomy.gov Vehicle Fuel Economy Dataset,https://www.fueleconomy.gov/feg/epadata/vehicles.csv,NHTSA Product Information Catalog (vehicle products API),https://api.nhtsa.gov/products/vehicle/models?modelYear=1999&make=VOLVO&issueType=r,2026-07-15,,2,2
Volvo,S80 Executive,2001-2003,2001,2003,Discontinued,Passenger Car,United States,No,Added - Missing Model,Government Verified,EPA FuelEconomy.gov Vehicle Fuel Economy Dataset,https://www.fueleconomy.gov/feg/epadata/vehicles.csv,,,2026-07-15,,1,1
Volvo,S80 Premier,2004,2004,2004,Discontinued,Passenger Car,United States,No,Added - Missing Model,Government Verified,EPA FuelEconomy.gov Vehicle Fuel Economy Dataset,https://www.fueleconomy.gov/feg/epadata/vehicles.csv,,,2026-07-15,,1,1
Volvo,S90,1997-1999; 2017-2021,1997,2021,Discontinued,Passenger Car,United States,No,Added - Missing Model,Fully Verified,EPA FuelEconomy.gov Vehicle Fuel Economy Dataset,https://www.fueleconomy.gov/feg/epadata/vehicles.csv,NHTSA Product Information Catalog (vehicle products API),https://api.nhtsa.gov/products/vehicle/models?modelYear=1997&make=VOLVO&issueType=r,2026-07-15,"Non-contiguous confirmed model years reflect the verified records; gaps are preserved, not bridged.",2,2
Volvo,S90 B5,2026,2026,2026,Active,Passenger Car,United States,No,Added - Missing Model,Government Verified,EPA FuelEconomy.gov Vehicle Fuel Economy Dataset,https://www.fueleconomy.gov/feg/epadata/vehicles.csv,,,2026-07-15,,1,1
Volvo,S90 B6,2022-2025,2022,2025,Active,Passenger Car,United States,No,Added - Missing Model,Fully Verified,EPA FuelEconomy.gov Vehicle Fuel Economy Dataset,https://www.fueleconomy.gov/feg/epadata/vehicles.csv,NHTSA Product Information Catalog (vehicle products API),https://api.nhtsa.gov/products/vehicle/models?modelYear=2022&make=VOLVO&issueType=r,2026-07-15,,2,2
Volvo,S90 T8,2018; 2020; 2025,2018,2025,Active,Passenger Car,United States,No,Added - Missing Model,Fully Verified,EPA FuelEconomy.gov Vehicle Fuel Economy Dataset,https://www.fueleconomy.gov/feg/epadata/vehicles.csv,NHTSA Product Information Catalog (vehicle products API),https://api.nhtsa.gov/products/vehicle/models?modelYear=2018&make=VOLVO&issueType=r,2026-07-15,"Non-contiguous confirmed model years reflect the verified records; gaps are preserved, not bridged. V3: EPA historical 1980-83 dataset provides a second independent organization for this model.",2,2
Volvo,S90 T8 Recharge,2022,2022,2022,Discontinued,Passenger Car,United States,No,Added - Missing Model,Fully Verified,EPA FuelEconomy.gov Vehicle Fuel Economy Dataset,https://www.fueleconomy.gov/feg/epadata/vehicles.csv,NHTSA Product Information Catalog (vehicle products API),https://api.nhtsa.gov/products/vehicle/models?modelYear=2022&make=VOLVO&issueType=r,2026-07-15,,2,2
Volvo,S90 T8 Recharge EXT Range,2022-2023,2022,2023,Discontinued,Passenger Car,United States,No,Added - Missing Model,Government Verified,EPA FuelEconomy.gov Vehicle Fuel Economy Dataset,https://www.fueleconomy.gov/feg/epadata/vehicles.csv,,,2026-07-15,,1,1
Volvo,V40,1993; 2000-2004; 2013,1993,2013,Discontinued,Passenger Car,United States,No,Added - Missing Model,Fully Verified,EPA FuelEconomy.gov Vehicle Fuel Economy Dataset,https://www.fueleconomy.gov/feg/epadata/vehicles.csv,NHTSA Product Information Catalog (vehicle products API),https://api.nhtsa.gov/products/vehicle/models?modelYear=1993&make=VOLVO&issueType=r,2026-07-15,"Non-contiguous confirmed model years reflect the verified records; gaps are preserved, not bridged.",2,2
Volvo,V50,2005-2011,2005,2011,Discontinued,Passenger Car,United States,No,Added - Missing Model,Fully Verified,EPA FuelEconomy.gov Vehicle Fuel Economy Dataset,https://www.fueleconomy.gov/feg/epadata/vehicles.csv,NHTSA Product Information Catalog (vehicle products API),https://api.nhtsa.gov/products/vehicle/models?modelYear=2005&make=VOLVO&issueType=r,2026-07-15,,2,2
Volvo,V60,2015-2021,2015,2021,Discontinued,Passenger Car,United States,No,Added - Missing Model,Fully Verified,EPA FuelEconomy.gov Vehicle Fuel Economy Dataset,https://www.fueleconomy.gov/feg/epadata/vehicles.csv,NHTSA Product Information Catalog (vehicle products API),https://api.nhtsa.gov/products/vehicle/models?modelYear=2015&make=VOLVO&issueType=r,2026-07-15,,2,2
Volvo,V60 CC,2015-2021; 2026,2015,2026,Active,Multiple Categories,United States,No,Added - Missing Model,Fully Verified,EPA FuelEconomy.gov Vehicle Fuel Economy Dataset,https://www.fueleconomy.gov/feg/epadata/vehicles.csv,NHTSA Product Information Catalog (vehicle products API),https://api.nhtsa.gov/products/vehicle/models?modelYear=2015&make=VOLVO&issueType=r,2026-07-15,"Non-contiguous confirmed model years reflect the verified records; gaps are preserved, not bridged.",2,2
Volvo,V60 Polestar,2015-2018,2015,2018,Discontinued,Passenger Car,United States,No,Added - Missing Model,Government Verified,EPA FuelEconomy.gov Vehicle Fuel Economy Dataset,https://www.fueleconomy.gov/feg/epadata/vehicles.csv,,,2026-07-15,,1,1
Volvo,V60 T8,2019; 2021; 2025,2019,2025,Active,Passenger Car,United States,No,Added - Missing Model,Fully Verified,EPA FuelEconomy.gov Vehicle Fuel Economy Dataset,https://www.fueleconomy.gov/feg/epadata/vehicles.csv,NHTSA Product Information Catalog (vehicle products API),https://api.nhtsa.gov/products/vehicle/models?modelYear=2019&make=VOLVO&issueType=r,2026-07-15,"Non-contiguous confirmed model years reflect the verified records; gaps are preserved, not bridged. V3: EPA historical 1980-83 dataset provides a second independent organization for this model.",2,2
Volvo,V60 T8 Recharge,2022,2022,2022,Discontinued,Passenger Car,United States,No,Added - Missing Model,Government Verified,EPA FuelEconomy.gov Vehicle Fuel Economy Dataset,https://www.fueleconomy.gov/feg/epadata/vehicles.csv,,,2026-07-15,,1,1
Volvo,V60 T8 Recharge EXT Range,2022-2023,2022,2023,Discontinued,Passenger Car,United States,No,Added - Missing Model,Government Verified,EPA FuelEconomy.gov Vehicle Fuel Economy Dataset,https://www.fueleconomy.gov/feg/epadata/vehicles.csv,,,2026-07-15,,1,1
Volvo,V60CC B5,2023-2026,2023,2026,Active,Passenger Car,United States,No,Added - Missing Model,Government Verified,EPA FuelEconomy.gov Vehicle Fuel Economy Dataset,https://www.fueleconomy.gov/feg/epadata/vehicles.csv,,,2026-07-15,,1,1
Volvo,V60CC T5,2022,2022,2022,Discontinued,Passenger Car,United States,No,Added - Missing Model,Government Verified,EPA FuelEconomy.gov Vehicle Fuel Economy Dataset,https://www.fueleconomy.gov/feg/epadata/vehicles.csv,,,2026-07-15,,1,1
Volvo,V70,1996-2010,1996,2010,Discontinued,Passenger Car,United States,Yes,Original Source,Fully Verified,EPA FuelEconomy.gov Vehicle Fuel Economy Dataset,https://www.fueleconomy.gov/feg/epadata/vehicles.csv,NHTSA Product Information Catalog (vehicle products API),https://api.nhtsa.gov/products/vehicle/models?modelYear=1996&make=VOLVO&issueType=r,2026-07-15,,2,2
Volvo,V70 R,2004-2007,2004,2007,Discontinued,Passenger Car,United States,No,Added - Missing Model,Government Verified,EPA FuelEconomy.gov Vehicle Fuel Economy Dataset,https://www.fueleconomy.gov/feg/epadata/vehicles.csv,,,2026-07-15,,1,1
Volvo,V70 XC,2001-2002,2001,2002,Discontinued,SUV/Crossover,United States,No,Added - Missing Model,Government Verified,EPA FuelEconomy.gov Vehicle Fuel Economy Dataset,https://www.fueleconomy.gov/feg/epadata/vehicles.csv,,,2026-07-15,,1,1
Volvo,V90,1993; 1997-1998; 2018-2021,1993,2021,Discontinued,Passenger Car,United States,No,Added - Missing Model,Fully Verified,EPA FuelEconomy.gov Vehicle Fuel Economy Dataset,https://www.fueleconomy.gov/feg/epadata/vehicles.csv,NHTSA Product Information Catalog (vehicle products API),https://api.nhtsa.gov/products/vehicle/models?modelYear=1993&make=VOLVO&issueType=r,2026-07-15,"Non-contiguous confirmed model years reflect the verified records; gaps are preserved, not bridged.",2,2
Volvo,V90 CC,2017-2021,2017,2021,Discontinued,Passenger Car,United States,No,Added - Missing Model,Fully Verified,EPA FuelEconomy.gov Vehicle Fuel Economy Dataset,https://www.fueleconomy.gov/feg/epadata/vehicles.csv,NHTSA Product Information Catalog (vehicle products API),https://api.nhtsa.gov/products/vehicle/models?modelYear=2017&make=VOLVO&issueType=r,2026-07-15,,2,2
Volvo,V90CC B6,2022-2026,2022,2026,Active,Passenger Car,United States,No,Added - Missing Model,Government Verified,EPA FuelEconomy.gov Vehicle Fuel Economy Dataset,https://www.fueleconomy.gov/feg/epadata/vehicles.csv,,,2026-07-15,,1,1
Volvo,XC40,2019-2021; 2024,2019,2024,Discontinued,SUV/Crossover,United States,No,Added - Missing Model,Fully Verified,EPA FuelEconomy.gov Vehicle Fuel Economy Dataset,https://www.fueleconomy.gov/feg/epadata/vehicles.csv,NHTSA vPIC (VIN product data),https://vpic.nhtsa.dot.gov/api/vehicles/GetModelsForMake/Volvo?format=json,2026-07-15,"Non-contiguous confirmed model years reflect the verified records; gaps are preserved, not bridged. Upgraded to Fully Verified in V2: independently confirmed by NHTSA vPIC product data.",2,2
Volvo,XC40 B4,2023; 2026,2023,2026,Active,SUV/Crossover,United States,No,Added - Missing Model,Fully Verified,EPA FuelEconomy.gov Vehicle Fuel Economy Dataset,https://www.fueleconomy.gov/feg/epadata/vehicles.csv,NHTSA Product Information Catalog (vehicle products API),https://api.nhtsa.gov/products/vehicle/models?modelYear=2023&make=VOLVO&issueType=r,2026-07-15,"Non-contiguous confirmed model years reflect the verified records; gaps are preserved, not bridged.",2,2
Volvo,XC40 B5,2023-2026,2023,2026,Active,SUV/Crossover,United States,No,Added - Missing Model,Fully Verified,EPA FuelEconomy.gov Vehicle Fuel Economy Dataset,https://www.fueleconomy.gov/feg/epadata/vehicles.csv,NHTSA Product Information Catalog (vehicle products API),https://api.nhtsa.gov/products/vehicle/models?modelYear=2023&make=VOLVO&issueType=r,2026-07-15,,2,2
Volvo,XC40 Recharge,2021; 2024,2021,2024,Discontinued,SUV/Crossover,United States,No,Added - Missing Model,Fully Verified,EPA FuelEconomy.gov Vehicle Fuel Economy Dataset,https://www.fueleconomy.gov/feg/epadata/vehicles.csv,NHTSA Product Information Catalog (vehicle products API),https://api.nhtsa.gov/products/vehicle/models?modelYear=2021&make=VOLVO&issueType=r,2026-07-15,"Non-contiguous confirmed model years reflect the verified records; gaps are preserved, not bridged.",2,2
Volvo,XC40 Recharge Twin,2022-2024,2022,2024,Discontinued,SUV/Crossover,United States,No,Added - Missing Model,Fully Verified,EPA FuelEconomy.gov Vehicle Fuel Economy Dataset,https://www.fueleconomy.gov/feg/epadata/vehicles.csv,NHTSA Product Information Catalog (vehicle products API),https://api.nhtsa.gov/products/vehicle/models?modelYear=2022&make=VOLVO&issueType=r,2026-07-15,,2,2
Volvo,XC40 T4,2019-2022,2019,2022,Discontinued,SUV/Crossover,United States,No,Added - Missing Model,Fully Verified,EPA FuelEconomy.gov Vehicle Fuel Economy Dataset,https://www.fueleconomy.gov/feg/epadata/vehicles.csv,NHTSA Product Information Catalog (vehicle products API),https://api.nhtsa.gov/products/vehicle/models?modelYear=2019&make=VOLVO&issueType=r,2026-07-15,,2,2
Volvo,XC40 T5,2019-2022,2019,2022,Discontinued,SUV/Crossover,United States,No,Added - Missing Model,Fully Verified,EPA FuelEconomy.gov Vehicle Fuel Economy Dataset,https://www.fueleconomy.gov/feg/epadata/vehicles.csv,NHTSA Product Information Catalog (vehicle products API),https://api.nhtsa.gov/products/vehicle/models?modelYear=2019&make=VOLVO&issueType=r,2026-07-15,,2,2
Volvo,XC60,2009-2021; 2026,2009,2026,Active,SUV/Crossover,United States,Yes,Original Source,Fully Verified,EPA FuelEconomy.gov Vehicle Fuel Economy Dataset,https://www.fueleconomy.gov/feg/epadata/vehicles.csv,NHTSA Product Information Catalog (vehicle products API),https://api.nhtsa.gov/products/vehicle/models?modelYear=2009&make=VOLVO&issueType=r,2026-07-15,"Non-contiguous confirmed model years reflect the verified records; gaps are preserved, not bridged.",2,2
Volvo,XC60 B5,2022-2026,2022,2026,Active,SUV/Crossover,United States,No,Added - Missing Model,Fully Verified,EPA FuelEconomy.gov Vehicle Fuel Economy Dataset,https://www.fueleconomy.gov/feg/epadata/vehicles.csv,NHTSA Product Information Catalog (vehicle products API),https://api.nhtsa.gov/products/vehicle/models?modelYear=2022&make=VOLVO&issueType=r,2026-07-15,,2,2
Volvo,XC60 B6,2022-2023,2022,2023,Discontinued,SUV/Crossover,United States,No,Added - Missing Model,Fully Verified,EPA FuelEconomy.gov Vehicle Fuel Economy Dataset,https://www.fueleconomy.gov/feg/epadata/vehicles.csv,NHTSA Product Information Catalog (vehicle products API),https://api.nhtsa.gov/products/vehicle/models?modelYear=2022&make=VOLVO&issueType=r,2026-07-15,,2,2
Volvo,XC60 T8,2018-2021; 2025-2026,2018,2026,Active,SUV/Crossover,United States,No,Added - Missing Model,Fully Verified,EPA FuelEconomy.gov Vehicle Fuel Economy Dataset,https://www.fueleconomy.gov/feg/epadata/vehicles.csv,NHTSA Product Information Catalog (vehicle products API),https://api.nhtsa.gov/products/vehicle/models?modelYear=2018&make=VOLVO&issueType=r,2026-07-15,"Non-contiguous confirmed model years reflect the verified records; gaps are preserved, not bridged.",2,2
Volvo,XC60 T8 Recharge,2022-2024,2022,2024,Discontinued,SUV/Crossover,United States,No,Added - Missing Model,Fully Verified,EPA FuelEconomy.gov Vehicle Fuel Economy Dataset,https://www.fueleconomy.gov/feg/epadata/vehicles.csv,NHTSA Product Information Catalog (vehicle products API),https://api.nhtsa.gov/products/vehicle/models?modelYear=2022&make=VOLVO&issueType=r,2026-07-15,,2,2
Volvo,XC60 T8 Recharge EXT Range,2022,2022,2022,Discontinued,SUV/Crossover,United States,No,Added - Missing Model,Government Verified,EPA FuelEconomy.gov Vehicle Fuel Economy Dataset,https://www.fueleconomy.gov/feg/epadata/vehicles.csv,,,2026-07-15,,1,1
Volvo,XC70,2001-2016,2001,2016,Discontinued,SUV/Crossover,United States,Yes,Original Source,Fully Verified,EPA FuelEconomy.gov Vehicle Fuel Economy Dataset,https://www.fueleconomy.gov/feg/epadata/vehicles.csv,NHTSA Product Information Catalog (vehicle products API),https://api.nhtsa.gov/products/vehicle/models?modelYear=2001&make=VOLVO&issueType=r,2026-07-15,,2,2
Volvo,XC90,2003-2014; 2016-2021; 2026,2003,2026,Active,SUV/Crossover,United States,Yes,Original Source,Fully Verified,EPA FuelEconomy.gov Vehicle Fuel Economy Dataset,https://www.fueleconomy.gov/feg/epadata/vehicles.csv,NHTSA Product Information Catalog (vehicle products API),https://api.nhtsa.gov/products/vehicle/models?modelYear=2003&make=VOLVO&issueType=r,2026-07-15,"Non-contiguous confirmed model years reflect the verified records; gaps are preserved, not bridged.",2,2
Volvo,XC90 B5,2023-2026,2023,2026,Active,SUV/Crossover,United States,No,Added - Missing Model,Fully Verified,EPA FuelEconomy.gov Vehicle Fuel Economy Dataset,https://www.fueleconomy.gov/feg/epadata/vehicles.csv,NHTSA Product Information Catalog (vehicle products API),https://api.nhtsa.gov/products/vehicle/models?modelYear=2023&make=VOLVO&issueType=r,2026-07-15,,2,2
Volvo,XC90 B6,2023-2027,2023,2027,Active,SUV/Crossover,United States,No,Added - Missing Model,Fully Verified,EPA FuelEconomy.gov Vehicle Fuel Economy Dataset,https://www.fueleconomy.gov/feg/epadata/vehicles.csv,NHTSA Product Information Catalog (vehicle products API),https://api.nhtsa.gov/products/vehicle/models?modelYear=2023&make=VOLVO&issueType=r,2026-07-15,MY2027 record officially published in government data by the 2026-07-15 research cutoff.,2,2
Volvo,XC90 T5,2016-2022,2016,2022,Discontinued,SUV/Crossover,United States,No,Added - Missing Model,Fully Verified,EPA FuelEconomy.gov Vehicle Fuel Economy Dataset,https://www.fueleconomy.gov/feg/epadata/vehicles.csv,NHTSA Product Information Catalog (vehicle products API),https://api.nhtsa.gov/products/vehicle/models?modelYear=2016&make=VOLVO&issueType=r,2026-07-15,,2,2
Volvo,XC90 T6,2016-2022,2016,2022,Discontinued,SUV/Crossover,United States,No,Added - Missing Model,Fully Verified,EPA FuelEconomy.gov Vehicle Fuel Economy Dataset,https://www.fueleconomy.gov/feg/epadata/vehicles.csv,NHTSA Product Information Catalog (vehicle products API),https://api.nhtsa.gov/products/vehicle/models?modelYear=2016&make=VOLVO&issueType=r,2026-07-15,,2,2
Volvo,XC90 T8,2016-2021; 2025-2026,2016,2026,Active,SUV/Crossover,United States,No,Added - Missing Model,Fully Verified,EPA FuelEconomy.gov Vehicle Fuel Economy Dataset,https://www.fueleconomy.gov/feg/epadata/vehicles.csv,NHTSA Product Information Catalog (vehicle products API),https://api.nhtsa.gov/products/vehicle/models?modelYear=2016&make=VOLVO&issueType=r,2026-07-15,"Non-contiguous confirmed model years reflect the verified records; gaps are preserved, not bridged. V3: EPA historical 1980-83 dataset provides a second independent organization for this model.",2,2
Volvo,XC90 T8 Recharge,2022-2024,2022,2024,Discontinued,SUV/Crossover,United States,No,Added - Missing Model,Fully Verified,EPA FuelEconomy.gov Vehicle Fuel Economy Dataset,https://www.fueleconomy.gov/feg/epadata/vehicles.csv,NHTSA Product Information Catalog (vehicle products API),https://api.nhtsa.gov/products/vehicle/models?modelYear=2022&make=VOLVO&issueType=r,2026-07-15,,2,2
Volvo,XC90 T8 Recharge EXT Range,2022,2022,2022,Discontinued,SUV/Crossover,United States,No,Added - Missing Model,Government Verified,EPA FuelEconomy.gov Vehicle Fuel Economy Dataset,https://www.fueleconomy.gov/feg/epadata/vehicles.csv,,,2026-07-15,,1,1
Yugo,Cabrio,1990,1990,1990,Discontinued,Passenger Car,United States,No,Added - Missing Make and Model,Government Verified,EPA FuelEconomy.gov Vehicle Fuel Economy Dataset,https://www.fueleconomy.gov/feg/epadata/vehicles.csv,,,2026-07-15,,1,1
Yugo,GV,1987-1990,1987,1990,Discontinued,Passenger Car,United States,No,Added - Missing Make and Model,Government Verified,EPA FuelEconomy.gov Vehicle Fuel Economy Dataset,https://www.fueleconomy.gov/feg/epadata/vehicles.csv,,,2026-07-15,,1,1
Yugo,GV Plus,1990,1990,1990,Discontinued,Passenger Car,United States,No,Added - Missing Make and Model,Government Verified,EPA FuelEconomy.gov Vehicle Fuel Economy Dataset,https://www.fueleconomy.gov/feg/epadata/vehicles.csv,,,2026-07-15,,1,1
Yugo,GVX,1986-1987; 1989,1986,1989,Discontinued,Passenger Car,United States,No,Added - Missing Make and Model,Government Verified,EPA FuelEconomy.gov Vehicle Fuel Economy Dataset,https://www.fueleconomy.gov/feg/epadata/vehicles.csv,,,2026-07-15,"Non-contiguous confirmed model years reflect the verified records; gaps are preserved, not bridged.",1,1
Yugo,GY,1986,1986,1986,Discontinued,Passenger Car,United States,No,Added - Missing Make and Model,Government Verified,EPA FuelEconomy.gov Vehicle Fuel Economy Dataset,https://www.fueleconomy.gov/feg/epadata/vehicles.csv,,,2026-07-15,,1,1
smart,fortwo,2008-2019,2008,2019,Discontinued,Passenger Car,United States,No,Added - Missing Make and Model,Fully Verified,EPA FuelEconomy.gov Vehicle Fuel Economy Dataset,https://www.fueleconomy.gov/feg/epadata/vehicles.csv,NHTSA Product Information Catalog (vehicle products API),https://api.nhtsa.gov/products/vehicle/models?modelYear=2008&make=SMART&issueType=r,2026-07-15,,2,2
DeLorean,DMC-12,1981-1982,1981,1982,Discontinued,Passenger Car,United States,No,Added - Missing Make and Model,Fully Verified,NHTSA Product Information Catalog (vehicle products API),https://api.nhtsa.gov/products/vehicle/models?modelYear=1981&make=DELOREAN&issueType=r,NHTSA vPIC (VIN product data),https://vpic.nhtsa.dot.gov/api/vehicles/GetModelsForMake/DELOREAN?format=json,2026-07-18,Added in V2 by the DeLorean investigation: stainless-steel sports car sold to US consumers 1981-1983; confirmed by two independent NHTSA systems (recall products + vPIC).,2,3
