Candidate ID,Standard Make,Standard Model,Candidate Value,Candidate Model Years,Proposed Canonical Value,Proposed Classification,Confirmed Model Years,US Market Confirmed,Primary Source Organization,Primary Source Document,Primary Source URL,Secondary Source Organization,Secondary Source Document,Secondary Source URL,Source Access Date,Official Naming Evidence,Research Outcome,Version 4 Action,Notes
HP-001,Acura,MDX,Sport,2017-2020,Sport Hybrid,Sub-model,2017-2020,Yes,"Acura (American Honda Motor Co., Inc.)",Acura Electrifies SUV Lineup with Powerful and Efficient 2017 MDX Sport Hybrid (official press release; inspected 2026-07-18),https://acuranews.com/en-US/releases/release-ecb7d1f3ec084c759f624ced3dcc1d43-acura-electrifies-suv-lineup-with-powerful-and-efficient-2017-mdx-sport-hybrid,,,,2026-07-18,Official designation is 'MDX Sport Hybrid' (2017-2020); the recall-string residual 'Sport' is a fragment of this sub-model name.,Approved as Sub-model,Added to the vehicle hierarchy catalog (manufacturer document).,Official designation is 'MDX Sport Hybrid' (2017-2020); the recall-string residual 'Sport' is a fragment of this sub-model name.
HP-002,Acura,RLX,Sport,2014; 2016; 2018,Sport Hybrid,Sub-model,2014; 2016; 2018,Yes,"Acura (American Honda Motor Co., Inc.)","2017 MDX Sport Hybrid press release, which documents the Sport Hybrid SH-AWD system as 'first offered in the RLX Sport Hybrid' (inspected 2026-07-18)",https://acuranews.com/en-US/releases/release-ecb7d1f3ec084c759f624ced3dcc1d43-acura-electrifies-suv-lineup-with-powerful-and-efficient-2017-mdx-sport-hybrid,,,,2026-07-18,Official designation 'RLX Sport Hybrid'; candidate years match the RLX Sport Hybrid availability.,Approved as Sub-model,Added to the vehicle hierarchy catalog (manufacturer document).,Official designation 'RLX Sport Hybrid'; candidate years match the RLX Sport Hybrid availability.
HP-003,Acura,TSX,Sport,2011-2012,Sport Wagon,Sub-model,2011-2012,Yes,"Acura (American Honda Motor Co., Inc.)",Acura TSX Receives Numerous Updates and All-New Sport Wagon Model for 2011 (official press release),https://acuranews.com/en-US/releases/release-164e42d0f9a640e79f8dee69077ba28a-acura-tsx-receives-numerous-updates-and-all-new-sport-wagon-model-for,,,,2026-07-18,"Official designation 'TSX Sport Wagon', announced by Acura as an all-new model variant for 2011.",Approved as Sub-model,Added to the vehicle hierarchy catalog (manufacturer document).,"Official designation 'TSX Sport Wagon', announced by Acura as an all-new model variant for 2011."
HP-004,GMC,Acadia,Denali,2013-2017,Denali,Trim,2013-2017,Yes,GMC (General Motors),GMC Newsroom: 'GMC celebrates 25 years of Denali as sales reach 2 million vehicles' - Denali described as GMC's premium trim level (newsroom inspected 2026-07-18); Acadia Denali lineage confirmed by 'GMC introduces first ever Acadia Denali Ultimate for 2026',https://news.gmc.com,,,,2026-07-18,Denali is GMC's official premium trim; Acadia Denali offered from MY2011 onward - candidate years 2013-2017 are within that range.,Approved as Trim,Added to the vehicle hierarchy catalog (manufacturer document).,Denali is GMC's official premium trim; Acadia Denali offered from MY2011 onward - candidate years 2013-2017 are within that range.
HP-005,GMC,Sierra 1500,Limited,2022,Limited,Edition,2022,Yes,GMC (GMC Truck Communications),"2022 Sierra 1500 Limited model-year designation, announced via GMC Truck Communications (as quoted by GM Authority trade coverage); NHTSA recall products name 'SIERRA 1500 LIMITED' directly",https://gmauthority.com/blog/2021/07/refreshed-2022-gmc-sierra-1500-delayed-limited-model-to-be-introduced/,,,,2026-07-18,Official GMC carryover model-year designation for MY2022 only; not a trim level (its own trims were Pro/SLE/Elevation/SLT/AT4/Denali).,Approved as Edition,Added to the vehicle hierarchy catalog (manufacturer document).,Official GMC carryover model-year designation for MY2022 only; not a trim level (its own trims were Pro/SLE/Elevation/SLT/AT4/Denali).
HP-006,Genesis,G80,Sport,2018-2019,Sport,Trim,2018-2019,Yes,Genesis Motor America,Genesis Debuts 2018 G80 Sport Trim with 3.3-Liter Turbocharged Engine and Performance Styling (official Genesis newsroom),https://www.genesisnewsusa.com/en-us/releases/18,,,,2026-07-18,Official release names the 'G80 Sport trim' explicitly (also styled '3.3T Sport'); US retail deliveries from May 2017 (MY2018).,Approved as Trim,Added to the vehicle hierarchy catalog (manufacturer document).,Official release names the 'G80 Sport trim' explicitly (also styled '3.3T Sport'); US retail deliveries from May 2017 (MY2018).
HP-007,Mini,Clubman,JCW,2010-2014,,Trim,,N/A,NHTSA,NHTSA Product Information Catalog (Recall dataset),https://api.nhtsa.gov/products/vehicle/models?issueType=r,,,,2026-07-18,JCW abbreviates the official John Cooper Works trim. Candidate matches the already-approved canonical value 'John Cooper Works' for this model; recall records serve as supporting evidence only and do not extend its approved years.,Duplicate of Existing Canonical Value,No new record; candidate closed against the existing canonical value 'John Cooper Works'.,JCW abbreviates the official John Cooper Works trim. Candidate matches the already-approved canonical value 'John Cooper Works' for this model; recall records serve as supporting evidence only and do not extend its approved years.
HP-008,Mini,Coupe,JCW,2012-2014,,Trim,,N/A,NHTSA,NHTSA Product Information Catalog (Recall dataset),https://api.nhtsa.gov/products/vehicle/models?issueType=r,,,,2026-07-18,JCW abbreviates the official John Cooper Works trim. Candidate matches the already-approved canonical value 'John Cooper Works' for this model; recall records serve as supporting evidence only and do not extend its approved years.,Duplicate of Existing Canonical Value,No new record; candidate closed against the existing canonical value 'John Cooper Works'.,JCW abbreviates the official John Cooper Works trim. Candidate matches the already-approved canonical value 'John Cooper Works' for this model; recall records serve as supporting evidence only and do not extend its approved years.
HP-009,Mini,Roadster,JCW,2012-2015,,Trim,,N/A,NHTSA,NHTSA Product Information Catalog (Recall dataset),https://api.nhtsa.gov/products/vehicle/models?issueType=r,,,,2026-07-18,JCW abbreviates the official John Cooper Works trim. Candidate matches the already-approved canonical value 'John Cooper Works' for this model; recall records serve as supporting evidence only and do not extend its approved years.,Duplicate of Existing Canonical Value,No new record; candidate closed against the existing canonical value 'John Cooper Works'.,JCW abbreviates the official John Cooper Works trim. Candidate matches the already-approved canonical value 'John Cooper Works' for this model; recall records serve as supporting evidence only and do not extend its approved years.
HP-010,Porsche,Panamera,Platinum,2023,Platinum Edition,Edition,2023,Yes,Porsche Cars North America,Elegant and exclusive: Panamera Platinum Edition (Porsche Newsroom USA),https://newsroom.porsche.com/en_US/2021/products/porsche-panamera-platinum-edition-special-series-26366.html,,,,2026-07-18,Official special-series designation 'Platinum Edition' (US MY2022-2023); candidate year 2023 within range.,Approved as Edition,Added to the vehicle hierarchy catalog (manufacturer document).,Official special-series designation 'Platinum Edition' (US MY2022-2023); candidate year 2023 within range.
HP-011,Porsche,Panamera,Sport,2018; 2020-2021,Sport Turismo,Body Style,2018; 2020-2021,Yes,Porsche Cars North America,Porsche Newsroom Panamera press kit (Sport Turismo body variant),https://newsroom.porsche.com/en/press-kits/panamera.html,,,,2026-07-18,"The recall-string residual 'Sport' is a fragment of 'Sport Turismo', Porsche's official body variant of the Panamera - a body style, not a trim.",Approved as Body Style,Added to the vehicle configuration catalog.,"The recall-string residual 'Sport' is a fragment of 'Sport Turismo', Porsche's official body variant of the Panamera - a body style, not a trim."
HP-012,BMW,1 Series,128I,2007-2013,,,,N/A,EPA,EPA FuelEconomy.gov Vehicle Fuel Economy Dataset,https://www.fueleconomy.gov/feg/epadata/vehicles.csv,NHTSA,NHTSA Product Information Catalog (Recall dataset),https://api.nhtsa.gov/products/vehicle/models?issueType=r,2026-07-18,"BMW model designation (e.g. 128i) of the canonical series model; already represented by the series-level canonical model and its aliases, not a trim.",Duplicate of Existing Canonical Value,No new record; designation already represented by the canonical series model and aliases.,"BMW model designation (e.g. 128i) of the canonical series model; already represented by the series-level canonical model and its aliases, not a trim."
HP-013,BMW,1 Series,135I,2007-2013,,,,N/A,EPA,EPA FuelEconomy.gov Vehicle Fuel Economy Dataset,https://www.fueleconomy.gov/feg/epadata/vehicles.csv,NHTSA,NHTSA Product Information Catalog (Recall dataset),https://api.nhtsa.gov/products/vehicle/models?issueType=r,2026-07-18,"BMW model designation (e.g. 128i) of the canonical series model; already represented by the series-level canonical model and its aliases, not a trim.",Duplicate of Existing Canonical Value,No new record; designation already represented by the canonical series model and aliases.,"BMW model designation (e.g. 128i) of the canonical series model; already represented by the series-level canonical model and its aliases, not a trim."
HP-014,BMW,2 Series,228I,2014-2016; 2020-2024,,,,N/A,EPA,EPA FuelEconomy.gov Vehicle Fuel Economy Dataset,https://www.fueleconomy.gov/feg/epadata/vehicles.csv,NHTSA,NHTSA Product Information Catalog (Recall dataset),https://api.nhtsa.gov/products/vehicle/models?issueType=r,2026-07-18,"BMW model designation (e.g. 128i) of the canonical series model; already represented by the series-level canonical model and its aliases, not a trim.",Duplicate of Existing Canonical Value,No new record; designation already represented by the canonical series model and aliases.,"BMW model designation (e.g. 128i) of the canonical series model; already represented by the series-level canonical model and its aliases, not a trim."
HP-015,BMW,2 Series,M235I,2014-2016; 2020-2024,M235I,Trim,2014-2016; 2020-2024,Yes,EPA,EPA FuelEconomy.gov Vehicle Fuel Economy Dataset,https://www.fueleconomy.gov/feg/epadata/vehicles.csv,NHTSA,NHTSA Product Information Catalog (Recall dataset),https://api.nhtsa.gov/products/vehicle/models?issueType=r,2026-07-18,,Approved as Trim,Added to the vehicle hierarchy catalog (EPA certification records explicitly carry this value for these model years).,
HP-016,BMW,2 Series,M240I,2017-2026,M240I,Trim,2017-2026,Yes,EPA,EPA FuelEconomy.gov Vehicle Fuel Economy Dataset,https://www.fueleconomy.gov/feg/epadata/vehicles.csv,NHTSA,NHTSA Product Information Catalog (Recall dataset),https://api.nhtsa.gov/products/vehicle/models?issueType=r,2026-07-18,,Approved as Trim,Added to the vehicle hierarchy catalog (EPA certification records explicitly carry this value for these model years).,
HP-017,BMW,3 Series,318I,1984-1985; 1991-1998; 2001,,,,N/A,EPA,EPA FuelEconomy.gov Vehicle Fuel Economy Dataset,https://www.fueleconomy.gov/feg/epadata/vehicles.csv,NHTSA,NHTSA Product Information Catalog (Recall dataset),https://api.nhtsa.gov/products/vehicle/models?issueType=r,2026-07-18,"BMW model designation (e.g. 128i) of the canonical series model; already represented by the series-level canonical model and its aliases, not a trim.",Duplicate of Existing Canonical Value,No new record; designation already represented by the canonical series model and aliases.,"BMW model designation (e.g. 128i) of the canonical series model; already represented by the series-level canonical model and its aliases, not a trim."
HP-018,BMW,3 Series,318IS,1991-1995; 1997,318Is,Trim,1991-1995; 1997,Yes,EPA,EPA FuelEconomy.gov Vehicle Fuel Economy Dataset,https://www.fueleconomy.gov/feg/epadata/vehicles.csv,NHTSA,NHTSA Product Information Catalog (Recall dataset),https://api.nhtsa.gov/products/vehicle/models?issueType=r,2026-07-18,,Approved as Trim,Added to the vehicle hierarchy catalog (EPA certification records explicitly carry this value for these model years).,
HP-019,BMW,3 Series,318TI,1995-1999,318Ti,Trim,1995-1999,Yes,EPA,EPA FuelEconomy.gov Vehicle Fuel Economy Dataset,https://www.fueleconomy.gov/feg/epadata/vehicles.csv,NHTSA,NHTSA Product Information Catalog (Recall dataset),https://api.nhtsa.gov/products/vehicle/models?issueType=r,2026-07-18,,Approved as Trim,Added to the vehicle hierarchy catalog (EPA certification records explicitly carry this value for these model years).,
HP-020,BMW,3 Series,320I,1980; 1982; 2012-2018,,,,N/A,EPA,EPA FuelEconomy.gov Vehicle Fuel Economy Dataset,https://www.fueleconomy.gov/feg/epadata/vehicles.csv,NHTSA,NHTSA Product Information Catalog (Recall dataset),https://api.nhtsa.gov/products/vehicle/models?issueType=r,2026-07-18,"BMW model designation (e.g. 128i) of the canonical series model; already represented by the series-level canonical model and its aliases, not a trim.",Duplicate of Existing Canonical Value,No new record; designation already represented by the canonical series model and aliases.,"BMW model designation (e.g. 128i) of the canonical series model; already represented by the series-level canonical model and its aliases, not a trim."
HP-021,BMW,3 Series,323I,1985; 1998-2001; 2011,,,,N/A,EPA,EPA FuelEconomy.gov Vehicle Fuel Economy Dataset,https://www.fueleconomy.gov/feg/epadata/vehicles.csv,NHTSA,NHTSA Product Information Catalog (Recall dataset),https://api.nhtsa.gov/products/vehicle/models?issueType=r,2026-07-18,"BMW model designation (e.g. 128i) of the canonical series model; already represented by the series-level canonical model and its aliases, not a trim.",Duplicate of Existing Canonical Value,No new record; designation already represented by the canonical series model and aliases.,"BMW model designation (e.g. 128i) of the canonical series model; already represented by the series-level canonical model and its aliases, not a trim."
HP-022,BMW,3 Series,325CI,2000-2006,325Ci,Trim,2000-2006,Yes,EPA,EPA FuelEconomy.gov Vehicle Fuel Economy Dataset,https://www.fueleconomy.gov/feg/epadata/vehicles.csv,NHTSA,NHTSA Product Information Catalog (Recall dataset),https://api.nhtsa.gov/products/vehicle/models?issueType=r,2026-07-18,,Approved as Trim,Added to the vehicle hierarchy catalog (EPA certification records explicitly carry this value for these model years).,
HP-023,BMW,3 Series,325I,1987-1995; 2000-2006; 2011-2012,,,,N/A,EPA,EPA FuelEconomy.gov Vehicle Fuel Economy Dataset,https://www.fueleconomy.gov/feg/epadata/vehicles.csv,NHTSA,NHTSA Product Information Catalog (Recall dataset),https://api.nhtsa.gov/products/vehicle/models?issueType=r,2026-07-18,"BMW model designation (e.g. 128i) of the canonical series model; already represented by the series-level canonical model and its aliases, not a trim.",Duplicate of Existing Canonical Value,No new record; designation already represented by the canonical series model and aliases.,"BMW model designation (e.g. 128i) of the canonical series model; already represented by the series-level canonical model and its aliases, not a trim."
HP-024,BMW,3 Series,325IC,1991; 1994,325Ic,Trim,1991; 1994,Yes,EPA,EPA FuelEconomy.gov Vehicle Fuel Economy Dataset,https://www.fueleconomy.gov/feg/epadata/vehicles.csv,NHTSA,NHTSA Product Information Catalog (Recall dataset),https://api.nhtsa.gov/products/vehicle/models?issueType=r,2026-07-18,,Approved as Trim,Added to the vehicle hierarchy catalog (EPA certification records explicitly carry this value for these model years).,
HP-025,BMW,3 Series,325IS,1991; 1994,325Is,Trim,1991; 1994,Yes,EPA,EPA FuelEconomy.gov Vehicle Fuel Economy Dataset,https://www.fueleconomy.gov/feg/epadata/vehicles.csv,NHTSA,NHTSA Product Information Catalog (Recall dataset),https://api.nhtsa.gov/products/vehicle/models?issueType=r,2026-07-18,,Approved as Trim,Added to the vehicle hierarchy catalog (EPA certification records explicitly carry this value for these model years).,
HP-026,BMW,3 Series,325IX,1989-1991; 2001,325Ix,Trim,1989-1991; 2001,Yes,EPA,EPA FuelEconomy.gov Vehicle Fuel Economy Dataset,https://www.fueleconomy.gov/feg/epadata/vehicles.csv,NHTSA,NHTSA Product Information Catalog (Recall dataset),https://api.nhtsa.gov/products/vehicle/models?issueType=r,2026-07-18,,Approved as Trim,Added to the vehicle hierarchy catalog (EPA certification records explicitly carry this value for these model years).,
HP-027,BMW,3 Series,325XI,2001-2006,325Xi,Trim,2001-2006,Yes,EPA,EPA FuelEconomy.gov Vehicle Fuel Economy Dataset,https://www.fueleconomy.gov/feg/epadata/vehicles.csv,NHTSA,NHTSA Product Information Catalog (Recall dataset),https://api.nhtsa.gov/products/vehicle/models?issueType=r,2026-07-18,,Approved as Trim,Added to the vehicle hierarchy catalog (EPA certification records explicitly carry this value for these model years).,
HP-028,BMW,3 Series,328CI,2000; 2007-2012,328Ci,Trim,2000; 2007-2012,Yes,EPA,EPA FuelEconomy.gov Vehicle Fuel Economy Dataset,https://www.fueleconomy.gov/feg/epadata/vehicles.csv,NHTSA,NHTSA Product Information Catalog (Recall dataset),https://api.nhtsa.gov/products/vehicle/models?issueType=r,2026-07-18,,Approved as Trim,Added to the vehicle hierarchy catalog (EPA certification records explicitly carry this value for these model years).,
HP-029,BMW,3 Series,328D,2014-2018,328D,Trim,2014-2018,Yes,EPA,EPA FuelEconomy.gov Vehicle Fuel Economy Dataset,https://www.fueleconomy.gov/feg/epadata/vehicles.csv,NHTSA,NHTSA Product Information Catalog (Recall dataset),https://api.nhtsa.gov/products/vehicle/models?issueType=r,2026-07-18,,Approved as Trim,Added to the vehicle hierarchy catalog (EPA certification records explicitly carry this value for these model years).,
HP-030,BMW,3 Series,328I,1996-2001; 2007-2016,,,,N/A,EPA,EPA FuelEconomy.gov Vehicle Fuel Economy Dataset,https://www.fueleconomy.gov/feg/epadata/vehicles.csv,NHTSA,NHTSA Product Information Catalog (Recall dataset),https://api.nhtsa.gov/products/vehicle/models?issueType=r,2026-07-18,"BMW model designation (e.g. 128i) of the canonical series model; already represented by the series-level canonical model and its aliases, not a trim.",Duplicate of Existing Canonical Value,No new record; designation already represented by the canonical series model and aliases.,"BMW model designation (e.g. 128i) of the canonical series model; already represented by the series-level canonical model and its aliases, not a trim."
HP-031,BMW,3 Series,328IC,1997; 1999-2000,328Ic,Trim,1997; 1999-2000,Yes,EPA,EPA FuelEconomy.gov Vehicle Fuel Economy Dataset,https://www.fueleconomy.gov/feg/epadata/vehicles.csv,NHTSA,NHTSA Product Information Catalog (Recall dataset),https://api.nhtsa.gov/products/vehicle/models?issueType=r,2026-07-18,,Approved as Trim,Added to the vehicle hierarchy catalog (EPA certification records explicitly carry this value for these model years).,
HP-032,BMW,3 Series,328XI,2007-2008; 2014-2015,328Xi,Trim,2007-2008; 2014-2015,Yes,EPA,EPA FuelEconomy.gov Vehicle Fuel Economy Dataset,https://www.fueleconomy.gov/feg/epadata/vehicles.csv,NHTSA,NHTSA Product Information Catalog (Recall dataset),https://api.nhtsa.gov/products/vehicle/models?issueType=r,2026-07-18,,Approved as Trim,Added to the vehicle hierarchy catalog (EPA certification records explicitly carry this value for these model years).,
HP-033,BMW,3 Series,330CI,2000-2006,330Ci,Trim,2000-2006,Yes,EPA,EPA FuelEconomy.gov Vehicle Fuel Economy Dataset,https://www.fueleconomy.gov/feg/epadata/vehicles.csv,NHTSA,NHTSA Product Information Catalog (Recall dataset),https://api.nhtsa.gov/products/vehicle/models?issueType=r,2026-07-18,,Approved as Trim,Added to the vehicle hierarchy catalog (EPA certification records explicitly carry this value for these model years).,
HP-034,BMW,3 Series,330E,2016-2018; 2021-2024,330E,Trim,2016-2018; 2021-2024,Yes,EPA,EPA FuelEconomy.gov Vehicle Fuel Economy Dataset,https://www.fueleconomy.gov/feg/epadata/vehicles.csv,NHTSA,NHTSA Product Information Catalog (Recall dataset),https://api.nhtsa.gov/products/vehicle/models?issueType=r,2026-07-18,,Approved as Trim,Added to the vehicle hierarchy catalog (EPA certification records explicitly carry this value for these model years).,
HP-035,BMW,3 Series,330I,2001-2006; 2017-2026,,,,N/A,EPA,EPA FuelEconomy.gov Vehicle Fuel Economy Dataset,https://www.fueleconomy.gov/feg/epadata/vehicles.csv,NHTSA,NHTSA Product Information Catalog (Recall dataset),https://api.nhtsa.gov/products/vehicle/models?issueType=r,2026-07-18,"BMW model designation (e.g. 128i) of the canonical series model; already represented by the series-level canonical model and its aliases, not a trim.",Duplicate of Existing Canonical Value,No new record; designation already represented by the canonical series model and aliases.,"BMW model designation (e.g. 128i) of the canonical series model; already represented by the series-level canonical model and its aliases, not a trim."
HP-036,BMW,3 Series,330XI,2001-2006,330Xi,Trim,2001-2006,Yes,EPA,EPA FuelEconomy.gov Vehicle Fuel Economy Dataset,https://www.fueleconomy.gov/feg/epadata/vehicles.csv,NHTSA,NHTSA Product Information Catalog (Recall dataset),https://api.nhtsa.gov/products/vehicle/models?issueType=r,2026-07-18,,Approved as Trim,Added to the vehicle hierarchy catalog (EPA certification records explicitly carry this value for these model years).,
HP-037,BMW,3 Series,335D,2009-2011,335D,Trim,2009-2011,Yes,EPA,EPA FuelEconomy.gov Vehicle Fuel Economy Dataset,https://www.fueleconomy.gov/feg/epadata/vehicles.csv,NHTSA,NHTSA Product Information Catalog (Recall dataset),https://api.nhtsa.gov/products/vehicle/models?issueType=r,2026-07-18,,Approved as Trim,Added to the vehicle hierarchy catalog (EPA certification records explicitly carry this value for these model years).,
HP-038,BMW,3 Series,335I,2007-2016,,,,N/A,EPA,EPA FuelEconomy.gov Vehicle Fuel Economy Dataset,https://www.fueleconomy.gov/feg/epadata/vehicles.csv,NHTSA,NHTSA Product Information Catalog (Recall dataset),https://api.nhtsa.gov/products/vehicle/models?issueType=r,2026-07-18,"BMW model designation (e.g. 128i) of the canonical series model; already represented by the series-level canonical model and its aliases, not a trim.",Duplicate of Existing Canonical Value,No new record; designation already represented by the canonical series model and aliases.,"BMW model designation (e.g. 128i) of the canonical series model; already represented by the series-level canonical model and its aliases, not a trim."
HP-039,BMW,3 Series,335IS,2011-2013,335Is,Trim,2011-2013,Yes,EPA,EPA FuelEconomy.gov Vehicle Fuel Economy Dataset,https://www.fueleconomy.gov/feg/epadata/vehicles.csv,NHTSA,NHTSA Product Information Catalog (Recall dataset),https://api.nhtsa.gov/products/vehicle/models?issueType=r,2026-07-18,,Approved as Trim,Added to the vehicle hierarchy catalog (EPA certification records explicitly carry this value for these model years).,
HP-040,BMW,3 Series,335XI,2007-2008; 2013-2015,335Xi,Trim,2007-2008; 2013-2015,Yes,EPA,EPA FuelEconomy.gov Vehicle Fuel Economy Dataset,https://www.fueleconomy.gov/feg/epadata/vehicles.csv,NHTSA,NHTSA Product Information Catalog (Recall dataset),https://api.nhtsa.gov/products/vehicle/models?issueType=r,2026-07-18,,Approved as Trim,Added to the vehicle hierarchy catalog (EPA certification records explicitly carry this value for these model years).,
HP-041,BMW,3 Series,M340I,2020-2026,M340I,Trim,2020-2026,Yes,EPA,EPA FuelEconomy.gov Vehicle Fuel Economy Dataset,https://www.fueleconomy.gov/feg/epadata/vehicles.csv,NHTSA,NHTSA Product Information Catalog (Recall dataset),https://api.nhtsa.gov/products/vehicle/models?issueType=r,2026-07-18,,Approved as Trim,Added to the vehicle hierarchy catalog (EPA certification records explicitly carry this value for these model years).,
HP-042,BMW,4 Series,428I,2014-2016,,,,N/A,EPA,EPA FuelEconomy.gov Vehicle Fuel Economy Dataset,https://www.fueleconomy.gov/feg/epadata/vehicles.csv,NHTSA,NHTSA Product Information Catalog (Recall dataset),https://api.nhtsa.gov/products/vehicle/models?issueType=r,2026-07-18,"BMW model designation (e.g. 128i) of the canonical series model; already represented by the series-level canonical model and its aliases, not a trim.",Duplicate of Existing Canonical Value,No new record; designation already represented by the canonical series model and aliases.,"BMW model designation (e.g. 128i) of the canonical series model; already represented by the series-level canonical model and its aliases, not a trim."
HP-043,BMW,4 Series,430I,2017-2027,,,,N/A,EPA,EPA FuelEconomy.gov Vehicle Fuel Economy Dataset,https://www.fueleconomy.gov/feg/epadata/vehicles.csv,NHTSA,NHTSA Product Information Catalog (Recall dataset),https://api.nhtsa.gov/products/vehicle/models?issueType=r,2026-07-18,"BMW model designation (e.g. 128i) of the canonical series model; already represented by the series-level canonical model and its aliases, not a trim.",Duplicate of Existing Canonical Value,No new record; designation already represented by the canonical series model and aliases.,"BMW model designation (e.g. 128i) of the canonical series model; already represented by the series-level canonical model and its aliases, not a trim."
HP-044,BMW,4 Series,435I,2014-2016,,,,N/A,EPA,EPA FuelEconomy.gov Vehicle Fuel Economy Dataset,https://www.fueleconomy.gov/feg/epadata/vehicles.csv,NHTSA,NHTSA Product Information Catalog (Recall dataset),https://api.nhtsa.gov/products/vehicle/models?issueType=r,2026-07-18,"BMW model designation (e.g. 128i) of the canonical series model; already represented by the series-level canonical model and its aliases, not a trim.",Duplicate of Existing Canonical Value,No new record; designation already represented by the canonical series model and aliases.,"BMW model designation (e.g. 128i) of the canonical series model; already represented by the series-level canonical model and its aliases, not a trim."
HP-045,BMW,4 Series,M440I,2021-2027,M440I,Trim,2021-2027,Yes,EPA,EPA FuelEconomy.gov Vehicle Fuel Economy Dataset,https://www.fueleconomy.gov/feg/epadata/vehicles.csv,NHTSA,NHTSA Product Information Catalog (Recall dataset),https://api.nhtsa.gov/products/vehicle/models?issueType=r,2026-07-18,,Approved as Trim,Added to the vehicle hierarchy catalog (EPA certification records explicitly carry this value for these model years).,
HP-046,BMW,5 Series,525I,1989-1995; 1998-1999; 2001-2007,,,,N/A,EPA,EPA FuelEconomy.gov Vehicle Fuel Economy Dataset,https://www.fueleconomy.gov/feg/epadata/vehicles.csv,NHTSA,NHTSA Product Information Catalog (Recall dataset),https://api.nhtsa.gov/products/vehicle/models?issueType=r,2026-07-18,"BMW model designation (e.g. 128i) of the canonical series model; already represented by the series-level canonical model and its aliases, not a trim.",Duplicate of Existing Canonical Value,No new record; designation already represented by the canonical series model and aliases.,"BMW model designation (e.g. 128i) of the canonical series model; already represented by the series-level canonical model and its aliases, not a trim."
HP-047,BMW,5 Series,525XI,2006-2007; 2011,525Xi,Trim,2006-2007; 2011,Yes,EPA,EPA FuelEconomy.gov Vehicle Fuel Economy Dataset,https://www.fueleconomy.gov/feg/epadata/vehicles.csv,NHTSA,NHTSA Product Information Catalog (Recall dataset),https://api.nhtsa.gov/products/vehicle/models?issueType=r,2026-07-18,,Approved as Trim,Added to the vehicle hierarchy catalog (EPA certification records explicitly carry this value for these model years).,
HP-048,BMW,5 Series,528I,1980; 1997-2001; 2008-2016,,,,N/A,EPA,EPA FuelEconomy.gov Vehicle Fuel Economy Dataset,https://www.fueleconomy.gov/feg/epadata/vehicles.csv,NHTSA,NHTSA Product Information Catalog (Recall dataset),https://api.nhtsa.gov/products/vehicle/models?issueType=r,2026-07-18,"BMW model designation (e.g. 128i) of the canonical series model; already represented by the series-level canonical model and its aliases, not a trim.",Duplicate of Existing Canonical Value,No new record; designation already represented by the canonical series model and aliases.,"BMW model designation (e.g. 128i) of the canonical series model; already represented by the series-level canonical model and its aliases, not a trim."
HP-049,BMW,5 Series,528XI,2008; 2012-2014,528Xi,Trim,2008; 2012-2014,Yes,EPA,EPA FuelEconomy.gov Vehicle Fuel Economy Dataset,https://www.fueleconomy.gov/feg/epadata/vehicles.csv,NHTSA,NHTSA Product Information Catalog (Recall dataset),https://api.nhtsa.gov/products/vehicle/models?issueType=r,2026-07-18,,Approved as Trim,Added to the vehicle hierarchy catalog (EPA certification records explicitly carry this value for these model years).,
HP-050,BMW,5 Series,530E,2018-2023,530E,Trim,2018-2023,Yes,EPA,EPA FuelEconomy.gov Vehicle Fuel Economy Dataset,https://www.fueleconomy.gov/feg/epadata/vehicles.csv,NHTSA,NHTSA Product Information Catalog (Recall dataset),https://api.nhtsa.gov/products/vehicle/models?issueType=r,2026-07-18,,Approved as Trim,Added to the vehicle hierarchy catalog (EPA certification records explicitly carry this value for these model years).,
HP-051,BMW,5 Series,530I,1994-1995; 2001-2007; 2017-2027,,,,N/A,EPA,EPA FuelEconomy.gov Vehicle Fuel Economy Dataset,https://www.fueleconomy.gov/feg/epadata/vehicles.csv,NHTSA,NHTSA Product Information Catalog (Recall dataset),https://api.nhtsa.gov/products/vehicle/models?issueType=r,2026-07-18,"BMW model designation (e.g. 128i) of the canonical series model; already represented by the series-level canonical model and its aliases, not a trim.",Duplicate of Existing Canonical Value,No new record; designation already represented by the canonical series model and aliases.,"BMW model designation (e.g. 128i) of the canonical series model; already represented by the series-level canonical model and its aliases, not a trim."
HP-052,BMW,5 Series,535D,2014-2016,535D,Trim,2014-2016,Yes,EPA,EPA FuelEconomy.gov Vehicle Fuel Economy Dataset,https://www.fueleconomy.gov/feg/epadata/vehicles.csv,NHTSA,NHTSA Product Information Catalog (Recall dataset),https://api.nhtsa.gov/products/vehicle/models?issueType=r,2026-07-18,,Approved as Trim,Added to the vehicle hierarchy catalog (EPA certification records explicitly carry this value for these model years).,
HP-053,BMW,5 Series,535I,1986; 1988-1994; 2008-2017,,,,N/A,EPA,EPA FuelEconomy.gov Vehicle Fuel Economy Dataset,https://www.fueleconomy.gov/feg/epadata/vehicles.csv,NHTSA,NHTSA Product Information Catalog (Recall dataset),https://api.nhtsa.gov/products/vehicle/models?issueType=r,2026-07-18,"BMW model designation (e.g. 128i) of the canonical series model; already represented by the series-level canonical model and its aliases, not a trim.",Duplicate of Existing Canonical Value,No new record; designation already represented by the canonical series model and aliases.,"BMW model designation (e.g. 128i) of the canonical series model; already represented by the series-level canonical model and its aliases, not a trim."
HP-054,BMW,5 Series,535XI,2008; 2012-2013,535Xi,Trim,2008; 2012-2013,Yes,EPA,EPA FuelEconomy.gov Vehicle Fuel Economy Dataset,https://www.fueleconomy.gov/feg/epadata/vehicles.csv,NHTSA,NHTSA Product Information Catalog (Recall dataset),https://api.nhtsa.gov/products/vehicle/models?issueType=r,2026-07-18,,Approved as Trim,Added to the vehicle hierarchy catalog (EPA certification records explicitly carry this value for these model years).,
HP-055,BMW,5 Series,540I,1994-1995; 1997-2003; 2017-2027,,,,N/A,EPA,EPA FuelEconomy.gov Vehicle Fuel Economy Dataset,https://www.fueleconomy.gov/feg/epadata/vehicles.csv,NHTSA,NHTSA Product Information Catalog (Recall dataset),https://api.nhtsa.gov/products/vehicle/models?issueType=r,2026-07-18,"BMW model designation (e.g. 128i) of the canonical series model; already represented by the series-level canonical model and its aliases, not a trim.",Duplicate of Existing Canonical Value,No new record; designation already represented by the canonical series model and aliases.,"BMW model designation (e.g. 128i) of the canonical series model; already represented by the series-level canonical model and its aliases, not a trim."
HP-056,BMW,5 Series,550I,2006-2017,,,,N/A,EPA,EPA FuelEconomy.gov Vehicle Fuel Economy Dataset,https://www.fueleconomy.gov/feg/epadata/vehicles.csv,NHTSA,NHTSA Product Information Catalog (Recall dataset),https://api.nhtsa.gov/products/vehicle/models?issueType=r,2026-07-18,"BMW model designation (e.g. 128i) of the canonical series model; already represented by the series-level canonical model and its aliases, not a trim.",Duplicate of Existing Canonical Value,No new record; designation already represented by the canonical series model and aliases.,"BMW model designation (e.g. 128i) of the canonical series model; already represented by the series-level canonical model and its aliases, not a trim."
HP-057,BMW,5 Series,M550I,2018-2023,M550I,Trim,2018-2023,Yes,EPA,EPA FuelEconomy.gov Vehicle Fuel Economy Dataset,https://www.fueleconomy.gov/feg/epadata/vehicles.csv,NHTSA,NHTSA Product Information Catalog (Recall dataset),https://api.nhtsa.gov/products/vehicle/models?issueType=r,2026-07-18,,Approved as Trim,Added to the vehicle hierarchy catalog (EPA certification records explicitly carry this value for these model years).,
HP-058,BMW,6 Series,640I,2012-2019,,,,N/A,EPA,EPA FuelEconomy.gov Vehicle Fuel Economy Dataset,https://www.fueleconomy.gov/feg/epadata/vehicles.csv,NHTSA,NHTSA Product Information Catalog (Recall dataset),https://api.nhtsa.gov/products/vehicle/models?issueType=r,2026-07-18,"BMW model designation (e.g. 128i) of the canonical series model; already represented by the series-level canonical model and its aliases, not a trim.",Duplicate of Existing Canonical Value,No new record; designation already represented by the canonical series model and aliases.,"BMW model designation (e.g. 128i) of the canonical series model; already represented by the series-level canonical model and its aliases, not a trim."
HP-059,BMW,6 Series,650I,2012-2019,,,,N/A,EPA,EPA FuelEconomy.gov Vehicle Fuel Economy Dataset,https://www.fueleconomy.gov/feg/epadata/vehicles.csv,NHTSA,NHTSA Product Information Catalog (Recall dataset),https://api.nhtsa.gov/products/vehicle/models?issueType=r,2026-07-18,"BMW model designation (e.g. 128i) of the canonical series model; already represented by the series-level canonical model and its aliases, not a trim.",Duplicate of Existing Canonical Value,No new record; designation already represented by the canonical series model and aliases.,"BMW model designation (e.g. 128i) of the canonical series model; already represented by the series-level canonical model and its aliases, not a trim."
HP-060,BMW,7 Series,735I,1987-1992; 1995,,,,N/A,EPA,EPA FuelEconomy.gov Vehicle Fuel Economy Dataset,https://www.fueleconomy.gov/feg/epadata/vehicles.csv,NHTSA,NHTSA Product Information Catalog (Recall dataset),https://api.nhtsa.gov/products/vehicle/models?issueType=r,2026-07-18,"BMW model designation (e.g. 128i) of the canonical series model; already represented by the series-level canonical model and its aliases, not a trim.",Duplicate of Existing Canonical Value,No new record; designation already represented by the canonical series model and aliases.,"BMW model designation (e.g. 128i) of the canonical series model; already represented by the series-level canonical model and its aliases, not a trim."
HP-061,BMW,7 Series,735IL,1989-1992,735Il,Trim,1989-1992,Yes,EPA,EPA FuelEconomy.gov Vehicle Fuel Economy Dataset,https://www.fueleconomy.gov/feg/epadata/vehicles.csv,NHTSA,NHTSA Product Information Catalog (Recall dataset),https://api.nhtsa.gov/products/vehicle/models?issueType=r,2026-07-18,,Approved as Trim,Added to the vehicle hierarchy catalog (EPA certification records explicitly carry this value for these model years).,
HP-062,BMW,7 Series,740I,1993-2001; 2011-2026,,,,N/A,EPA,EPA FuelEconomy.gov Vehicle Fuel Economy Dataset,https://www.fueleconomy.gov/feg/epadata/vehicles.csv,NHTSA,NHTSA Product Information Catalog (Recall dataset),https://api.nhtsa.gov/products/vehicle/models?issueType=r,2026-07-18,"BMW model designation (e.g. 128i) of the canonical series model; already represented by the series-level canonical model and its aliases, not a trim.",Duplicate of Existing Canonical Value,No new record; designation already represented by the canonical series model and aliases.,"BMW model designation (e.g. 128i) of the canonical series model; already represented by the series-level canonical model and its aliases, not a trim."
HP-063,BMW,7 Series,740IL,1993-2001,740Il,Trim,1993-2001,Yes,EPA,EPA FuelEconomy.gov Vehicle Fuel Economy Dataset,https://www.fueleconomy.gov/feg/epadata/vehicles.csv,NHTSA,NHTSA Product Information Catalog (Recall dataset),https://api.nhtsa.gov/products/vehicle/models?issueType=r,2026-07-18,,Approved as Trim,Added to the vehicle hierarchy catalog (EPA certification records explicitly carry this value for these model years).,
HP-064,BMW,7 Series,740LI,2011-2016,740Li,Trim,2011-2016,Yes,EPA,EPA FuelEconomy.gov Vehicle Fuel Economy Dataset,https://www.fueleconomy.gov/feg/epadata/vehicles.csv,NHTSA,NHTSA Product Information Catalog (Recall dataset),https://api.nhtsa.gov/products/vehicle/models?issueType=r,2026-07-18,,Approved as Trim,Added to the vehicle hierarchy catalog (EPA certification records explicitly carry this value for these model years).,
HP-065,BMW,7 Series,745I,2001-2005,,,,N/A,EPA,EPA FuelEconomy.gov Vehicle Fuel Economy Dataset,https://www.fueleconomy.gov/feg/epadata/vehicles.csv,NHTSA,NHTSA Product Information Catalog (Recall dataset),https://api.nhtsa.gov/products/vehicle/models?issueType=r,2026-07-18,"BMW model designation (e.g. 128i) of the canonical series model; already represented by the series-level canonical model and its aliases, not a trim.",Duplicate of Existing Canonical Value,No new record; designation already represented by the canonical series model and aliases.,"BMW model designation (e.g. 128i) of the canonical series model; already represented by the series-level canonical model and its aliases, not a trim."
HP-066,BMW,7 Series,750I,1991; 2006-2022,,,,N/A,EPA,EPA FuelEconomy.gov Vehicle Fuel Economy Dataset,https://www.fueleconomy.gov/feg/epadata/vehicles.csv,NHTSA,NHTSA Product Information Catalog (Recall dataset),https://api.nhtsa.gov/products/vehicle/models?issueType=r,2026-07-18,"BMW model designation (e.g. 128i) of the canonical series model; already represented by the series-level canonical model and its aliases, not a trim.",Duplicate of Existing Canonical Value,No new record; designation already represented by the canonical series model and aliases.,"BMW model designation (e.g. 128i) of the canonical series model; already represented by the series-level canonical model and its aliases, not a trim."
HP-067,BMW,7 Series,750IL,1989-2001,750Il,Trim,1989-2001,Yes,EPA,EPA FuelEconomy.gov Vehicle Fuel Economy Dataset,https://www.fueleconomy.gov/feg/epadata/vehicles.csv,NHTSA,NHTSA Product Information Catalog (Recall dataset),https://api.nhtsa.gov/products/vehicle/models?issueType=r,2026-07-18,,Approved as Trim,Added to the vehicle hierarchy catalog (EPA certification records explicitly carry this value for these model years).,
HP-068,BMW,7 Series,750LI,2006-2016,750Li,Trim,2006-2016,Yes,EPA,EPA FuelEconomy.gov Vehicle Fuel Economy Dataset,https://www.fueleconomy.gov/feg/epadata/vehicles.csv,NHTSA,NHTSA Product Information Catalog (Recall dataset),https://api.nhtsa.gov/products/vehicle/models?issueType=r,2026-07-18,,Approved as Trim,Added to the vehicle hierarchy catalog (EPA certification records explicitly carry this value for these model years).,
HP-069,BMW,7 Series,760LI,2003-2008; 2010-2015,760Li,Trim,2003-2008; 2010-2015,Yes,EPA,EPA FuelEconomy.gov Vehicle Fuel Economy Dataset,https://www.fueleconomy.gov/feg/epadata/vehicles.csv,NHTSA,NHTSA Product Information Catalog (Recall dataset),https://api.nhtsa.gov/products/vehicle/models?issueType=r,2026-07-18,,Approved as Trim,Added to the vehicle hierarchy catalog (EPA certification records explicitly carry this value for these model years).,
HP-070,BMW,7 Series,ACTIVEHYBRID,2011-2015,Activehybrid,Trim,2011-2015,Yes,EPA,EPA FuelEconomy.gov Vehicle Fuel Economy Dataset,https://www.fueleconomy.gov/feg/epadata/vehicles.csv,NHTSA,NHTSA Product Information Catalog (Recall dataset),https://api.nhtsa.gov/products/vehicle/models?issueType=r,2026-07-18,,Approved as Trim,Added to the vehicle hierarchy catalog (EPA certification records explicitly carry this value for these model years).,
HP-071,BMW,7 Series,M760I,2017-2022,M760I,Trim,2017-2022,Yes,EPA,EPA FuelEconomy.gov Vehicle Fuel Economy Dataset,https://www.fueleconomy.gov/feg/epadata/vehicles.csv,NHTSA,NHTSA Product Information Catalog (Recall dataset),https://api.nhtsa.gov/products/vehicle/models?issueType=r,2026-07-18,,Approved as Trim,Added to the vehicle hierarchy catalog (EPA certification records explicitly carry this value for these model years).,
HP-072,BMW,8 Series,840CI,1994-1997,840Ci,Trim,1994-1997,Yes,EPA,EPA FuelEconomy.gov Vehicle Fuel Economy Dataset,https://www.fueleconomy.gov/feg/epadata/vehicles.csv,NHTSA,NHTSA Product Information Catalog (Recall dataset),https://api.nhtsa.gov/products/vehicle/models?issueType=r,2026-07-18,,Approved as Trim,Added to the vehicle hierarchy catalog (EPA certification records explicitly carry this value for these model years).,
HP-073,BMW,8 Series,850CI,1992-1997,850Ci,Trim,1992-1997,Yes,EPA,EPA FuelEconomy.gov Vehicle Fuel Economy Dataset,https://www.fueleconomy.gov/feg/epadata/vehicles.csv,NHTSA,NHTSA Product Information Catalog (Recall dataset),https://api.nhtsa.gov/products/vehicle/models?issueType=r,2026-07-18,,Approved as Trim,Added to the vehicle hierarchy catalog (EPA certification records explicitly carry this value for these model years).,
HP-074,BMW,8 Series,850CSI,1994-1995,850Csi,Trim,1994-1995,Yes,EPA,EPA FuelEconomy.gov Vehicle Fuel Economy Dataset,https://www.fueleconomy.gov/feg/epadata/vehicles.csv,NHTSA,NHTSA Product Information Catalog (Recall dataset),https://api.nhtsa.gov/products/vehicle/models?issueType=r,2026-07-18,,Approved as Trim,Added to the vehicle hierarchy catalog (EPA certification records explicitly carry this value for these model years).,
HP-075,BMW,8 Series,850I,1991-1992,,,,N/A,EPA,EPA FuelEconomy.gov Vehicle Fuel Economy Dataset,https://www.fueleconomy.gov/feg/epadata/vehicles.csv,NHTSA,NHTSA Product Information Catalog (Recall dataset),https://api.nhtsa.gov/products/vehicle/models?issueType=r,2026-07-18,"BMW model designation (e.g. 128i) of the canonical series model; already represented by the series-level canonical model and its aliases, not a trim.",Duplicate of Existing Canonical Value,No new record; designation already represented by the canonical series model and aliases.,"BMW model designation (e.g. 128i) of the canonical series model; already represented by the series-level canonical model and its aliases, not a trim."
HP-076,BMW,8 Series,M850I,2019-2026,M850I,Trim,2019-2026,Yes,EPA,EPA FuelEconomy.gov Vehicle Fuel Economy Dataset,https://www.fueleconomy.gov/feg/epadata/vehicles.csv,NHTSA,NHTSA Product Information Catalog (Recall dataset),https://api.nhtsa.gov/products/vehicle/models?issueType=r,2026-07-18,,Approved as Trim,Added to the vehicle hierarchy catalog (EPA certification records explicitly carry this value for these model years).,
HP-077,BMW,M2,COMPETITION,2019-2021,Competition,Trim,2019-2021,Yes,EPA,EPA FuelEconomy.gov Vehicle Fuel Economy Dataset,https://www.fueleconomy.gov/feg/epadata/vehicles.csv,NHTSA,NHTSA Product Information Catalog (Recall dataset),https://api.nhtsa.gov/products/vehicle/models?issueType=r,2026-07-18,,Approved as Trim,Added to the vehicle hierarchy catalog (EPA certification records explicitly carry this value for these model years).,
HP-078,BMW,X1,SDRIVE28I,2013-2015; 2017-2022,sDrive28i,Drivetrain Variant,2013-2015; 2017-2022,Yes,EPA,EPA FuelEconomy.gov Vehicle Fuel Economy Dataset,https://www.fueleconomy.gov/feg/epadata/vehicles.csv,NHTSA,NHTSA Product Information Catalog (Recall dataset),https://api.nhtsa.gov/products/vehicle/models?issueType=r,2026-07-18,"BMW xDrive/sDrive designations combine drivetrain and engine output; official BMW nomenclature treats them as drivetrain/powertrain designations of the series model, not trims.",Approved as Drivetrain Variant,Added to the vehicle configuration catalog.,"BMW xDrive/sDrive designations combine drivetrain and engine output; official BMW nomenclature treats them as drivetrain/powertrain designations of the series model, not trims."
HP-079,BMW,X1,XDRIVE28I,2013-2026,xDrive28i,Drivetrain Variant,2013-2026,Yes,EPA,EPA FuelEconomy.gov Vehicle Fuel Economy Dataset,https://www.fueleconomy.gov/feg/epadata/vehicles.csv,NHTSA,NHTSA Product Information Catalog (Recall dataset),https://api.nhtsa.gov/products/vehicle/models?issueType=r,2026-07-18,"BMW xDrive/sDrive designations combine drivetrain and engine output; official BMW nomenclature treats them as drivetrain/powertrain designations of the series model, not trims.",Approved as Drivetrain Variant,Added to the vehicle configuration catalog.,"BMW xDrive/sDrive designations combine drivetrain and engine output; official BMW nomenclature treats them as drivetrain/powertrain designations of the series model, not trims."
HP-080,BMW,X1,XDRIVE35I,2013-2015,xDrive35i,Drivetrain Variant,2013-2015,Yes,EPA,EPA FuelEconomy.gov Vehicle Fuel Economy Dataset,https://www.fueleconomy.gov/feg/epadata/vehicles.csv,NHTSA,NHTSA Product Information Catalog (Recall dataset),https://api.nhtsa.gov/products/vehicle/models?issueType=r,2026-07-18,"BMW xDrive/sDrive designations combine drivetrain and engine output; official BMW nomenclature treats them as drivetrain/powertrain designations of the series model, not trims.",Approved as Drivetrain Variant,Added to the vehicle configuration catalog.,"BMW xDrive/sDrive designations combine drivetrain and engine output; official BMW nomenclature treats them as drivetrain/powertrain designations of the series model, not trims."
HP-081,BMW,X3,SDRIVE28I,2015; 2017,sDrive28i,Drivetrain Variant,2015; 2017,Yes,EPA,EPA FuelEconomy.gov Vehicle Fuel Economy Dataset,https://www.fueleconomy.gov/feg/epadata/vehicles.csv,NHTSA,NHTSA Product Information Catalog (Recall dataset),https://api.nhtsa.gov/products/vehicle/models?issueType=r,2026-07-18,"BMW xDrive/sDrive designations combine drivetrain and engine output; official BMW nomenclature treats them as drivetrain/powertrain designations of the series model, not trims.",Approved as Drivetrain Variant,Added to the vehicle configuration catalog.,"BMW xDrive/sDrive designations combine drivetrain and engine output; official BMW nomenclature treats them as drivetrain/powertrain designations of the series model, not trims."
HP-082,BMW,X3,XDRIVE28D,2015-2016,xDrive28d,Drivetrain Variant,2015-2016,Yes,EPA,EPA FuelEconomy.gov Vehicle Fuel Economy Dataset,https://www.fueleconomy.gov/feg/epadata/vehicles.csv,NHTSA,NHTSA Product Information Catalog (Recall dataset),https://api.nhtsa.gov/products/vehicle/models?issueType=r,2026-07-18,"BMW xDrive/sDrive designations combine drivetrain and engine output; official BMW nomenclature treats them as drivetrain/powertrain designations of the series model, not trims.",Approved as Drivetrain Variant,Added to the vehicle configuration catalog.,"BMW xDrive/sDrive designations combine drivetrain and engine output; official BMW nomenclature treats them as drivetrain/powertrain designations of the series model, not trims."
HP-083,BMW,X3,XDRIVE28I,2011-2017,xDrive28i,Drivetrain Variant,2011-2017,Yes,EPA,EPA FuelEconomy.gov Vehicle Fuel Economy Dataset,https://www.fueleconomy.gov/feg/epadata/vehicles.csv,NHTSA,NHTSA Product Information Catalog (Recall dataset),https://api.nhtsa.gov/products/vehicle/models?issueType=r,2026-07-18,"BMW xDrive/sDrive designations combine drivetrain and engine output; official BMW nomenclature treats them as drivetrain/powertrain designations of the series model, not trims.",Approved as Drivetrain Variant,Added to the vehicle configuration catalog.,"BMW xDrive/sDrive designations combine drivetrain and engine output; official BMW nomenclature treats them as drivetrain/powertrain designations of the series model, not trims."
HP-084,BMW,X3,XDRIVE35I,2011-2017,xDrive35i,Drivetrain Variant,2011-2017,Yes,EPA,EPA FuelEconomy.gov Vehicle Fuel Economy Dataset,https://www.fueleconomy.gov/feg/epadata/vehicles.csv,NHTSA,NHTSA Product Information Catalog (Recall dataset),https://api.nhtsa.gov/products/vehicle/models?issueType=r,2026-07-18,"BMW xDrive/sDrive designations combine drivetrain and engine output; official BMW nomenclature treats them as drivetrain/powertrain designations of the series model, not trims.",Approved as Drivetrain Variant,Added to the vehicle configuration catalog.,"BMW xDrive/sDrive designations combine drivetrain and engine output; official BMW nomenclature treats them as drivetrain/powertrain designations of the series model, not trims."
HP-085,BMW,X4,XDRIVE28I,2015-2018,xDrive28i,Drivetrain Variant,2015-2018,Yes,EPA,EPA FuelEconomy.gov Vehicle Fuel Economy Dataset,https://www.fueleconomy.gov/feg/epadata/vehicles.csv,NHTSA,NHTSA Product Information Catalog (Recall dataset),https://api.nhtsa.gov/products/vehicle/models?issueType=r,2026-07-18,"BMW xDrive/sDrive designations combine drivetrain and engine output; official BMW nomenclature treats them as drivetrain/powertrain designations of the series model, not trims.",Approved as Drivetrain Variant,Added to the vehicle configuration catalog.,"BMW xDrive/sDrive designations combine drivetrain and engine output; official BMW nomenclature treats them as drivetrain/powertrain designations of the series model, not trims."
HP-086,BMW,X4,XDRIVE35I,2015-2016,xDrive35i,Drivetrain Variant,2015-2016,Yes,EPA,EPA FuelEconomy.gov Vehicle Fuel Economy Dataset,https://www.fueleconomy.gov/feg/epadata/vehicles.csv,NHTSA,NHTSA Product Information Catalog (Recall dataset),https://api.nhtsa.gov/products/vehicle/models?issueType=r,2026-07-18,"BMW xDrive/sDrive designations combine drivetrain and engine output; official BMW nomenclature treats them as drivetrain/powertrain designations of the series model, not trims.",Approved as Drivetrain Variant,Added to the vehicle configuration catalog.,"BMW xDrive/sDrive designations combine drivetrain and engine output; official BMW nomenclature treats them as drivetrain/powertrain designations of the series model, not trims."
HP-087,BMW,X5,SDRIVE35I,2014-2018,sDrive35i,Drivetrain Variant,2014-2018,Yes,EPA,EPA FuelEconomy.gov Vehicle Fuel Economy Dataset,https://www.fueleconomy.gov/feg/epadata/vehicles.csv,NHTSA,NHTSA Product Information Catalog (Recall dataset),https://api.nhtsa.gov/products/vehicle/models?issueType=r,2026-07-18,"BMW xDrive/sDrive designations combine drivetrain and engine output; official BMW nomenclature treats them as drivetrain/powertrain designations of the series model, not trims.",Approved as Drivetrain Variant,Added to the vehicle configuration catalog.,"BMW xDrive/sDrive designations combine drivetrain and engine output; official BMW nomenclature treats them as drivetrain/powertrain designations of the series model, not trims."
HP-088,BMW,X5,XDRIVE35D,2009-2016,xDrive35d,Drivetrain Variant,2009-2016,Yes,EPA,EPA FuelEconomy.gov Vehicle Fuel Economy Dataset,https://www.fueleconomy.gov/feg/epadata/vehicles.csv,NHTSA,NHTSA Product Information Catalog (Recall dataset),https://api.nhtsa.gov/products/vehicle/models?issueType=r,2026-07-18,"BMW xDrive/sDrive designations combine drivetrain and engine output; official BMW nomenclature treats them as drivetrain/powertrain designations of the series model, not trims.",Approved as Drivetrain Variant,Added to the vehicle configuration catalog.,"BMW xDrive/sDrive designations combine drivetrain and engine output; official BMW nomenclature treats them as drivetrain/powertrain designations of the series model, not trims."
HP-089,BMW,X5,XDRIVE35I,2011-2018,xDrive35i,Drivetrain Variant,2011-2018,Yes,EPA,EPA FuelEconomy.gov Vehicle Fuel Economy Dataset,https://www.fueleconomy.gov/feg/epadata/vehicles.csv,NHTSA,NHTSA Product Information Catalog (Recall dataset),https://api.nhtsa.gov/products/vehicle/models?issueType=r,2026-07-18,"BMW xDrive/sDrive designations combine drivetrain and engine output; official BMW nomenclature treats them as drivetrain/powertrain designations of the series model, not trims.",Approved as Drivetrain Variant,Added to the vehicle configuration catalog.,"BMW xDrive/sDrive designations combine drivetrain and engine output; official BMW nomenclature treats them as drivetrain/powertrain designations of the series model, not trims."
HP-090,BMW,X5,XDRIVE50I,2011-2020,xDrive50i,Drivetrain Variant,2011-2020,Yes,EPA,EPA FuelEconomy.gov Vehicle Fuel Economy Dataset,https://www.fueleconomy.gov/feg/epadata/vehicles.csv,NHTSA,NHTSA Product Information Catalog (Recall dataset),https://api.nhtsa.gov/products/vehicle/models?issueType=r,2026-07-18,"BMW xDrive/sDrive designations combine drivetrain and engine output; official BMW nomenclature treats them as drivetrain/powertrain designations of the series model, not trims.",Approved as Drivetrain Variant,Added to the vehicle configuration catalog.,"BMW xDrive/sDrive designations combine drivetrain and engine output; official BMW nomenclature treats them as drivetrain/powertrain designations of the series model, not trims."
HP-091,BMW,X6,XDRIVE35I,2008-2019,xDrive35i,Drivetrain Variant,2008-2019,Yes,EPA,EPA FuelEconomy.gov Vehicle Fuel Economy Dataset,https://www.fueleconomy.gov/feg/epadata/vehicles.csv,NHTSA,NHTSA Product Information Catalog (Recall dataset),https://api.nhtsa.gov/products/vehicle/models?issueType=r,2026-07-18,"BMW xDrive/sDrive designations combine drivetrain and engine output; official BMW nomenclature treats them as drivetrain/powertrain designations of the series model, not trims.",Approved as Drivetrain Variant,Added to the vehicle configuration catalog.,"BMW xDrive/sDrive designations combine drivetrain and engine output; official BMW nomenclature treats them as drivetrain/powertrain designations of the series model, not trims."
HP-092,BMW,X6,XDRIVE50I,2008-2019,xDrive50i,Drivetrain Variant,2008-2019,Yes,EPA,EPA FuelEconomy.gov Vehicle Fuel Economy Dataset,https://www.fueleconomy.gov/feg/epadata/vehicles.csv,NHTSA,NHTSA Product Information Catalog (Recall dataset),https://api.nhtsa.gov/products/vehicle/models?issueType=r,2026-07-18,"BMW xDrive/sDrive designations combine drivetrain and engine output; official BMW nomenclature treats them as drivetrain/powertrain designations of the series model, not trims.",Approved as Drivetrain Variant,Added to the vehicle configuration catalog.,"BMW xDrive/sDrive designations combine drivetrain and engine output; official BMW nomenclature treats them as drivetrain/powertrain designations of the series model, not trims."
HP-093,BMW,Z4,M40I,2020-2026,M40I,Trim,2020-2026,Yes,EPA,EPA FuelEconomy.gov Vehicle Fuel Economy Dataset,https://www.fueleconomy.gov/feg/epadata/vehicles.csv,NHTSA,NHTSA Product Information Catalog (Recall dataset),https://api.nhtsa.gov/products/vehicle/models?issueType=r,2026-07-18,,Approved as Trim,Added to the vehicle hierarchy catalog (EPA certification records explicitly carry this value for these model years).,
HP-094,BMW,Z4,SDRIVE28I,2012-2016,sDrive28i,Drivetrain Variant,2012-2016,Yes,EPA,EPA FuelEconomy.gov Vehicle Fuel Economy Dataset,https://www.fueleconomy.gov/feg/epadata/vehicles.csv,NHTSA,NHTSA Product Information Catalog (Recall dataset),https://api.nhtsa.gov/products/vehicle/models?issueType=r,2026-07-18,"BMW xDrive/sDrive designations combine drivetrain and engine output; official BMW nomenclature treats them as drivetrain/powertrain designations of the series model, not trims.",Approved as Drivetrain Variant,Added to the vehicle configuration catalog.,"BMW xDrive/sDrive designations combine drivetrain and engine output; official BMW nomenclature treats them as drivetrain/powertrain designations of the series model, not trims."
HP-095,BMW,Z4,SDRIVE30I,2009-2011; 2019-2026,sDrive30i,Drivetrain Variant,2009-2011; 2019-2026,Yes,EPA,EPA FuelEconomy.gov Vehicle Fuel Economy Dataset,https://www.fueleconomy.gov/feg/epadata/vehicles.csv,NHTSA,NHTSA Product Information Catalog (Recall dataset),https://api.nhtsa.gov/products/vehicle/models?issueType=r,2026-07-18,"BMW xDrive/sDrive designations combine drivetrain and engine output; official BMW nomenclature treats them as drivetrain/powertrain designations of the series model, not trims.",Approved as Drivetrain Variant,Added to the vehicle configuration catalog.,"BMW xDrive/sDrive designations combine drivetrain and engine output; official BMW nomenclature treats them as drivetrain/powertrain designations of the series model, not trims."
HP-096,BMW,Z4,SDRIVE35I,2009-2016,sDrive35i,Drivetrain Variant,2009-2016,Yes,EPA,EPA FuelEconomy.gov Vehicle Fuel Economy Dataset,https://www.fueleconomy.gov/feg/epadata/vehicles.csv,NHTSA,NHTSA Product Information Catalog (Recall dataset),https://api.nhtsa.gov/products/vehicle/models?issueType=r,2026-07-18,"BMW xDrive/sDrive designations combine drivetrain and engine output; official BMW nomenclature treats them as drivetrain/powertrain designations of the series model, not trims.",Approved as Drivetrain Variant,Added to the vehicle configuration catalog.,"BMW xDrive/sDrive designations combine drivetrain and engine output; official BMW nomenclature treats them as drivetrain/powertrain designations of the series model, not trims."
HP-097,BMW,Z4,SDRIVE35IS,2011-2016,sDrive35is,Drivetrain Variant,2011-2016,Yes,EPA,EPA FuelEconomy.gov Vehicle Fuel Economy Dataset,https://www.fueleconomy.gov/feg/epadata/vehicles.csv,NHTSA,NHTSA Product Information Catalog (Recall dataset),https://api.nhtsa.gov/products/vehicle/models?issueType=r,2026-07-18,"BMW xDrive/sDrive designations combine drivetrain and engine output; official BMW nomenclature treats them as drivetrain/powertrain designations of the series model, not trims.",Approved as Drivetrain Variant,Added to the vehicle configuration catalog.,"BMW xDrive/sDrive designations combine drivetrain and engine output; official BMW nomenclature treats them as drivetrain/powertrain designations of the series model, not trims."
HP-098,BMW,i3,REX,2014-2019,REX,Trim,2014-2019,Yes,EPA,EPA FuelEconomy.gov Vehicle Fuel Economy Dataset,https://www.fueleconomy.gov/feg/epadata/vehicles.csv,NHTSA,NHTSA Product Information Catalog (Recall dataset),https://api.nhtsa.gov/products/vehicle/models?issueType=r,2026-07-18,,Approved as Trim,Added to the vehicle hierarchy catalog (EPA certification records explicitly carry this value for these model years).,
HP-099,BMW,i4,EDRIVE40,2022-2026,Edrive40,Trim,2022-2026,Yes,EPA,EPA FuelEconomy.gov Vehicle Fuel Economy Dataset,https://www.fueleconomy.gov/feg/epadata/vehicles.csv,NHTSA,NHTSA Product Information Catalog (Recall dataset),https://api.nhtsa.gov/products/vehicle/models?issueType=r,2026-07-18,,Approved as Trim,Added to the vehicle hierarchy catalog (EPA certification records explicitly carry this value for these model years).,
HP-100,BMW,i4,XDRIVE40,2024-2026,xDrive40,Drivetrain Variant,2024-2026,Yes,EPA,EPA FuelEconomy.gov Vehicle Fuel Economy Dataset,https://www.fueleconomy.gov/feg/epadata/vehicles.csv,NHTSA,NHTSA Product Information Catalog (Recall dataset),https://api.nhtsa.gov/products/vehicle/models?issueType=r,2026-07-18,"BMW xDrive/sDrive designations combine drivetrain and engine output; official BMW nomenclature treats them as drivetrain/powertrain designations of the series model, not trims.",Approved as Drivetrain Variant,Added to the vehicle configuration catalog.,"BMW xDrive/sDrive designations combine drivetrain and engine output; official BMW nomenclature treats them as drivetrain/powertrain designations of the series model, not trims."
HP-101,Cadillac,Fleetwood,BROUGHAM,1985-1986; 1990,Brougham,Trim,1985-1986; 1990,Yes,EPA,EPA FuelEconomy.gov Vehicle Fuel Economy Dataset,https://www.fueleconomy.gov/feg/epadata/vehicles.csv,NHTSA,NHTSA Product Information Catalog (Recall dataset),https://api.nhtsa.gov/products/vehicle/models?issueType=r,2026-07-18,,Approved as Trim,Added to the vehicle hierarchy catalog (EPA certification records explicitly carry this value for these model years).,
HP-102,Chevrolet,C/K 1500,C1500,1988-1999,,,,N/A,EPA,EPA FuelEconomy.gov Vehicle Fuel Economy Dataset,https://www.fueleconomy.gov/feg/epadata/vehicles.csv,NHTSA,NHTSA Product Information Catalog (Recall dataset),https://api.nhtsa.gov/products/vehicle/models?issueType=r,2026-07-18,Size/series code fragment from recall strings.,Source Artifact,Rejected; recorded in review file.,Size/series code fragment from recall strings.
HP-103,Chevrolet,C/K 2500,C2500,1988-1993,,,,N/A,EPA,EPA FuelEconomy.gov Vehicle Fuel Economy Dataset,https://www.fueleconomy.gov/feg/epadata/vehicles.csv,NHTSA,NHTSA Product Information Catalog (Recall dataset),https://api.nhtsa.gov/products/vehicle/models?issueType=r,2026-07-18,Size/series code fragment from recall strings.,Source Artifact,Rejected; recorded in review file.,Size/series code fragment from recall strings.
HP-104,Chevrolet,Chevy Van (G-Series),G10,1984-1998,G10,Trim,1984-1998,Yes,EPA,EPA FuelEconomy.gov Vehicle Fuel Economy Dataset,https://www.fueleconomy.gov/feg/epadata/vehicles.csv,NHTSA,NHTSA Product Information Catalog (Recall dataset),https://api.nhtsa.gov/products/vehicle/models?issueType=r,2026-07-18,,Approved as Trim,Added to the vehicle hierarchy catalog (EPA certification records explicitly carry this value for these model years).,
HP-105,Chevrolet,Chevy Van (G-Series),G30,1982-1999; 2001-2002,G30,Trim,1982-1999; 2001-2002,Yes,EPA,EPA FuelEconomy.gov Vehicle Fuel Economy Dataset,https://www.fueleconomy.gov/feg/epadata/vehicles.csv,NHTSA,NHTSA Product Information Catalog (Recall dataset),https://api.nhtsa.gov/products/vehicle/models?issueType=r,2026-07-18,,Approved as Trim,Added to the vehicle hierarchy catalog (EPA certification records explicitly carry this value for these model years).,
HP-106,Chevrolet,Corvette,Z06,2006-2013; 2019; 2023-2027,Z06,Trim,2006-2013; 2019; 2023-2027,Yes,EPA,EPA FuelEconomy.gov Vehicle Fuel Economy Dataset,https://www.fueleconomy.gov/feg/epadata/vehicles.csv,NHTSA,NHTSA Product Information Catalog (Recall dataset),https://api.nhtsa.gov/products/vehicle/models?issueType=r,2026-07-18,,Approved as Trim,Added to the vehicle hierarchy catalog (EPA certification records explicitly carry this value for these model years).,
HP-107,Chevrolet,Corvette,ZR1,2009-2010; 2012-2013; 2019; 2025-2027,ZR1,Trim,2009-2010; 2012-2013; 2019; 2025-2027,Yes,EPA,EPA FuelEconomy.gov Vehicle Fuel Economy Dataset,https://www.fueleconomy.gov/feg/epadata/vehicles.csv,NHTSA,NHTSA Product Information Catalog (Recall dataset),https://api.nhtsa.gov/products/vehicle/models?issueType=r,2026-07-18,,Approved as Trim,Added to the vehicle hierarchy catalog (EPA certification records explicitly carry this value for these model years).,
HP-108,Chevrolet,Express,3500-,1997-2001; 2004-2022; 2024,3500-,Trim,1997-2001; 2004-2022; 2024,Yes,EPA,EPA FuelEconomy.gov Vehicle Fuel Economy Dataset,https://www.fueleconomy.gov/feg/epadata/vehicles.csv,NHTSA,NHTSA Product Information Catalog (Recall dataset),https://api.nhtsa.gov/products/vehicle/models?issueType=r,2026-07-18,,Approved as Trim,Added to the vehicle hierarchy catalog (EPA certification records explicitly carry this value for these model years).,
HP-109,Chevrolet,HHR,PANEL,2007-2011,Panel,Trim,2007-2011,Yes,EPA,EPA FuelEconomy.gov Vehicle Fuel Economy Dataset,https://www.fueleconomy.gov/feg/epadata/vehicles.csv,NHTSA,NHTSA Product Information Catalog (Recall dataset),https://api.nhtsa.gov/products/vehicle/models?issueType=r,2026-07-18,,Approved as Trim,Added to the vehicle hierarchy catalog (EPA certification records explicitly carry this value for these model years).,
HP-110,Chevrolet,Impala,EASSIST,2014-2016,Eassist,Engine Variant,2014-2016,Yes,EPA,EPA FuelEconomy.gov Vehicle Fuel Economy Dataset,https://www.fueleconomy.gov/feg/epadata/vehicles.csv,NHTSA,NHTSA Product Information Catalog (Recall dataset),https://api.nhtsa.gov/products/vehicle/models?issueType=r,2026-07-18,Powertrain designation; belongs to the configuration catalog.,Approved as Engine Variant,Added to the vehicle configuration catalog.,Powertrain designation; belongs to the configuration catalog.
HP-111,Chevrolet,Malibu,EASSIST,2013-2014,Eassist,Engine Variant,2013-2014,Yes,EPA,EPA FuelEconomy.gov Vehicle Fuel Economy Dataset,https://www.fueleconomy.gov/feg/epadata/vehicles.csv,NHTSA,NHTSA Product Information Catalog (Recall dataset),https://api.nhtsa.gov/products/vehicle/models?issueType=r,2026-07-18,Powertrain designation; belongs to the configuration catalog.,Approved as Engine Variant,Added to the vehicle configuration catalog.,Powertrain designation; belongs to the configuration catalog.
HP-112,Chevrolet,Malibu,MAXX,2004-2007,Maxx,Trim,2004-2007,Yes,EPA,EPA FuelEconomy.gov Vehicle Fuel Economy Dataset,https://www.fueleconomy.gov/feg/epadata/vehicles.csv,NHTSA,NHTSA Product Information Catalog (Recall dataset),https://api.nhtsa.gov/products/vehicle/models?issueType=r,2026-07-18,,Approved as Trim,Added to the vehicle hierarchy catalog (EPA certification records explicitly carry this value for these model years).,
HP-113,Chevrolet,S-10,PICKUP,1984-2004,,,,N/A,EPA,EPA FuelEconomy.gov Vehicle Fuel Economy Dataset,https://www.fueleconomy.gov/feg/epadata/vehicles.csv,NHTSA,NHTSA Product Information Catalog (Recall dataset),https://api.nhtsa.gov/products/vehicle/models?issueType=r,2026-07-18,Generic body descriptor from recall strings; not a marketed value.,Source Artifact,Rejected; recorded in review file.,Generic body descriptor from recall strings; not a marketed value.
HP-114,Chevrolet,S-10,T10,1984-1988; 1995; 2000-2001,T10,Trim,1984-1988; 1995; 2000-2001,Yes,EPA,EPA FuelEconomy.gov Vehicle Fuel Economy Dataset,https://www.fueleconomy.gov/feg/epadata/vehicles.csv,NHTSA,NHTSA Product Information Catalog (Recall dataset),https://api.nhtsa.gov/products/vehicle/models?issueType=r,2026-07-18,,Approved as Trim,Added to the vehicle hierarchy catalog (EPA certification records explicitly carry this value for these model years).,
HP-115,Chrysler,Town & Country,AND,1983-1984; 1986; 1988-1991; 2001; 2009-2017,AND,Trim,1983-1984; 1986; 1988-1991; 2001; 2009-2017,Yes,EPA,EPA FuelEconomy.gov Vehicle Fuel Economy Dataset,https://www.fueleconomy.gov/feg/epadata/vehicles.csv,NHTSA,NHTSA Product Information Catalog (Recall dataset),https://api.nhtsa.gov/products/vehicle/models?issueType=r,2026-07-18,,Approved as Trim,Added to the vehicle hierarchy catalog (EPA certification records explicitly carry this value for these model years).,
HP-116,Dodge,Challenger,DEMON,2018; 2023,Demon,Trim,2018; 2023,Yes,EPA,EPA FuelEconomy.gov Vehicle Fuel Economy Dataset,https://www.fueleconomy.gov/feg/epadata/vehicles.csv,NHTSA,NHTSA Product Information Catalog (Recall dataset),https://api.nhtsa.gov/products/vehicle/models?issueType=r,2026-07-18,,Approved as Trim,Added to the vehicle hierarchy catalog (EPA certification records explicitly carry this value for these model years).,
HP-117,Dodge,Challenger,SRT,2016-2023,SRT,Series,2016-2023,Yes,EPA,EPA FuelEconomy.gov Vehicle Fuel Economy Dataset,https://www.fueleconomy.gov/feg/epadata/vehicles.csv,NHTSA,NHTSA Product Information Catalog (Recall dataset),https://api.nhtsa.gov/products/vehicle/models?issueType=r,2026-07-18,SRT (Street & Racing Technology) is the official performance series across Stellantis models.,Approved as Series,Added to the vehicle hierarchy catalog (EPA certification records explicitly carry this value for these model years).,SRT (Street & Racing Technology) is the official performance series across Stellantis models.
HP-118,Dodge,Charger,SRT,2016-2023,SRT,Series,2016-2023,Yes,EPA,EPA FuelEconomy.gov Vehicle Fuel Economy Dataset,https://www.fueleconomy.gov/feg/epadata/vehicles.csv,NHTSA,NHTSA Product Information Catalog (Recall dataset),https://api.nhtsa.gov/products/vehicle/models?issueType=r,2026-07-18,SRT (Street & Racing Technology) is the official performance series across Stellantis models.,Approved as Series,Added to the vehicle hierarchy catalog (EPA certification records explicitly carry this value for these model years).,SRT (Street & Racing Technology) is the official performance series across Stellantis models.
HP-119,Dodge,Durango,SRT,2018-2025,SRT,Series,2018-2025,Yes,EPA,EPA FuelEconomy.gov Vehicle Fuel Economy Dataset,https://www.fueleconomy.gov/feg/epadata/vehicles.csv,NHTSA,NHTSA Product Information Catalog (Recall dataset),https://api.nhtsa.gov/products/vehicle/models?issueType=r,2026-07-18,SRT (Street & Racing Technology) is the official performance series across Stellantis models.,Approved as Series,Added to the vehicle hierarchy catalog (EPA certification records explicitly carry this value for these model years).,SRT (Street & Racing Technology) is the official performance series across Stellantis models.
HP-120,Dodge,Ram 150-350 (D/W Series),D100,1984-1993,D100,Trim,1984-1993,Yes,EPA,EPA FuelEconomy.gov Vehicle Fuel Economy Dataset,https://www.fueleconomy.gov/feg/epadata/vehicles.csv,NHTSA,NHTSA Product Information Catalog (Recall dataset),https://api.nhtsa.gov/products/vehicle/models?issueType=r,2026-07-18,,Approved as Trim,Added to the vehicle hierarchy catalog (EPA certification records explicitly carry this value for these model years).,
HP-121,Dodge,Ram 150-350 (D/W Series),D150,1981; 1984-1993,D150,Trim,1981; 1984-1993,Yes,EPA,EPA FuelEconomy.gov Vehicle Fuel Economy Dataset,https://www.fueleconomy.gov/feg/epadata/vehicles.csv,NHTSA,NHTSA Product Information Catalog (Recall dataset),https://api.nhtsa.gov/products/vehicle/models?issueType=r,2026-07-18,,Approved as Trim,Added to the vehicle hierarchy catalog (EPA certification records explicitly carry this value for these model years).,
HP-122,Dodge,Ram 150-350 (D/W Series),D250,1984-1993,D250,Trim,1984-1993,Yes,EPA,EPA FuelEconomy.gov Vehicle Fuel Economy Dataset,https://www.fueleconomy.gov/feg/epadata/vehicles.csv,NHTSA,NHTSA Product Information Catalog (Recall dataset),https://api.nhtsa.gov/products/vehicle/models?issueType=r,2026-07-18,,Approved as Trim,Added to the vehicle hierarchy catalog (EPA certification records explicitly carry this value for these model years).,
HP-123,Dodge,Ram 150-350 (D/W Series),W100,1984-1993,W100,Trim,1984-1993,Yes,EPA,EPA FuelEconomy.gov Vehicle Fuel Economy Dataset,https://www.fueleconomy.gov/feg/epadata/vehicles.csv,NHTSA,NHTSA Product Information Catalog (Recall dataset),https://api.nhtsa.gov/products/vehicle/models?issueType=r,2026-07-18,,Approved as Trim,Added to the vehicle hierarchy catalog (EPA certification records explicitly carry this value for these model years).,
HP-124,Dodge,Ram 150-350 (D/W Series),W150,1984-1993,W150,Trim,1984-1993,Yes,EPA,EPA FuelEconomy.gov Vehicle Fuel Economy Dataset,https://www.fueleconomy.gov/feg/epadata/vehicles.csv,NHTSA,NHTSA Product Information Catalog (Recall dataset),https://api.nhtsa.gov/products/vehicle/models?issueType=r,2026-07-18,,Approved as Trim,Added to the vehicle hierarchy catalog (EPA certification records explicitly carry this value for these model years).,
HP-125,Dodge,Ram 150-350 (D/W Series),W250,1983-1994,W250,Trim,1983-1994,Yes,EPA,EPA FuelEconomy.gov Vehicle Fuel Economy Dataset,https://www.fueleconomy.gov/feg/epadata/vehicles.csv,NHTSA,NHTSA Product Information Catalog (Recall dataset),https://api.nhtsa.gov/products/vehicle/models?issueType=r,2026-07-18,,Approved as Trim,Added to the vehicle hierarchy catalog (EPA certification records explicitly carry this value for these model years).,
HP-126,Dodge,Ram 50,POWER,1984-1993,Power,Trim,1984-1993,Yes,EPA,EPA FuelEconomy.gov Vehicle Fuel Economy Dataset,https://www.fueleconomy.gov/feg/epadata/vehicles.csv,NHTSA,NHTSA Product Information Catalog (Recall dataset),https://api.nhtsa.gov/products/vehicle/models?issueType=r,2026-07-18,,Approved as Trim,Added to the vehicle hierarchy catalog (EPA certification records explicitly carry this value for these model years).,
HP-127,Dodge,Ram Van,B150,1981-1982; 1984-1995; 1999; 2001,B150,Trim,1981-1982; 1984-1995; 1999; 2001,Yes,EPA,EPA FuelEconomy.gov Vehicle Fuel Economy Dataset,https://www.fueleconomy.gov/feg/epadata/vehicles.csv,NHTSA,NHTSA Product Information Catalog (Recall dataset),https://api.nhtsa.gov/products/vehicle/models?issueType=r,2026-07-18,,Approved as Trim,Added to the vehicle hierarchy catalog (EPA certification records explicitly carry this value for these model years).,
HP-128,Dodge,Ram Van,B250,1981; 1984-1998,B250,Trim,1981; 1984-1998,Yes,EPA,EPA FuelEconomy.gov Vehicle Fuel Economy Dataset,https://www.fueleconomy.gov/feg/epadata/vehicles.csv,NHTSA,NHTSA Product Information Catalog (Recall dataset),https://api.nhtsa.gov/products/vehicle/models?issueType=r,2026-07-18,,Approved as Trim,Added to the vehicle hierarchy catalog (EPA certification records explicitly carry this value for these model years).,
HP-129,Dodge,Ram Van,B350,1984-1994; 1998-2000,B350,Trim,1984-1994; 1998-2000,Yes,EPA,EPA FuelEconomy.gov Vehicle Fuel Economy Dataset,https://www.fueleconomy.gov/feg/epadata/vehicles.csv,NHTSA,NHTSA Product Information Catalog (Recall dataset),https://api.nhtsa.gov/products/vehicle/models?issueType=r,2026-07-18,,Approved as Trim,Added to the vehicle hierarchy catalog (EPA certification records explicitly carry this value for these model years).,
HP-130,Dodge,Ramcharger,AD150,1984-1991; 1993,Ad150,Trim,1984-1991; 1993,Yes,EPA,EPA FuelEconomy.gov Vehicle Fuel Economy Dataset,https://www.fueleconomy.gov/feg/epadata/vehicles.csv,NHTSA,NHTSA Product Information Catalog (Recall dataset),https://api.nhtsa.gov/products/vehicle/models?issueType=r,2026-07-18,,Approved as Trim,Added to the vehicle hierarchy catalog (EPA certification records explicitly carry this value for these model years).,
HP-131,Ferrari,488,GTB,2016-2019,GTB,Trim,2016-2019,Yes,EPA,EPA FuelEconomy.gov Vehicle Fuel Economy Dataset,https://www.fueleconomy.gov/feg/epadata/vehicles.csv,NHTSA,NHTSA Product Information Catalog (Recall dataset),https://api.nhtsa.gov/products/vehicle/models?issueType=r,2026-07-18,,Approved as Trim,Added to the vehicle hierarchy catalog (EPA certification records explicitly carry this value for these model years).,
HP-132,Ford,C-MAX,ENERGI,2013-2017,Energi,Engine Variant,2013-2017,Yes,EPA,EPA FuelEconomy.gov Vehicle Fuel Economy Dataset,https://www.fueleconomy.gov/feg/epadata/vehicles.csv,NHTSA,NHTSA Product Information Catalog (Recall dataset),https://api.nhtsa.gov/products/vehicle/models?issueType=r,2026-07-18,Powertrain designation; belongs to the configuration catalog.,Approved as Engine Variant,Added to the vehicle configuration catalog.,Powertrain designation; belongs to the configuration catalog.
HP-133,Ford,E-150,VAN,2011-2014,,,,N/A,EPA,EPA FuelEconomy.gov Vehicle Fuel Economy Dataset,https://www.fueleconomy.gov/feg/epadata/vehicles.csv,NHTSA,NHTSA Product Information Catalog (Recall dataset),https://api.nhtsa.gov/products/vehicle/models?issueType=r,2026-07-18,Generic body descriptor from recall strings; not a marketed value.,Source Artifact,Rejected; recorded in review file.,Generic body descriptor from recall strings; not a marketed value.
HP-134,Ford,Escort,ZX2,1998-2003,ZX2,Trim,1998-2003,Yes,EPA,EPA FuelEconomy.gov Vehicle Fuel Economy Dataset,https://www.fueleconomy.gov/feg/epadata/vehicles.csv,NHTSA,NHTSA Product Information Catalog (Recall dataset),https://api.nhtsa.gov/products/vehicle/models?issueType=r,2026-07-18,,Approved as Trim,Added to the vehicle hierarchy catalog (EPA certification records explicitly carry this value for these model years).,
HP-135,Ford,Fusion,ENERGI,2013-2020,Energi,Engine Variant,2013-2020,Yes,EPA,EPA FuelEconomy.gov Vehicle Fuel Economy Dataset,https://www.fueleconomy.gov/feg/epadata/vehicles.csv,NHTSA,NHTSA Product Information Catalog (Recall dataset),https://api.nhtsa.gov/products/vehicle/models?issueType=r,2026-07-18,Powertrain designation; belongs to the configuration catalog.,Approved as Engine Variant,Added to the vehicle configuration catalog.,Powertrain designation; belongs to the configuration catalog.
HP-136,Ford,Mustang,GT500,2020-2022,Gt500,Trim,2020-2022,Yes,EPA,EPA FuelEconomy.gov Vehicle Fuel Economy Dataset,https://www.fueleconomy.gov/feg/epadata/vehicles.csv,NHTSA,NHTSA Product Information Catalog (Recall dataset),https://api.nhtsa.gov/products/vehicle/models?issueType=r,2026-07-18,,Approved as Trim,Added to the vehicle hierarchy catalog (EPA certification records explicitly carry this value for these model years).,
HP-137,Ford,Taurus,SHO,1990-1999,SHO,Trim,1990-1999,Yes,EPA,EPA FuelEconomy.gov Vehicle Fuel Economy Dataset,https://www.fueleconomy.gov/feg/epadata/vehicles.csv,NHTSA,NHTSA Product Information Catalog (Recall dataset),https://api.nhtsa.gov/products/vehicle/models?issueType=r,2026-07-18,,Approved as Trim,Added to the vehicle hierarchy catalog (EPA certification records explicitly carry this value for these model years).,
HP-138,Ford,Transit Connect,VAN,2010; 2012-2023,,,,N/A,EPA,EPA FuelEconomy.gov Vehicle Fuel Economy Dataset,https://www.fueleconomy.gov/feg/epadata/vehicles.csv,NHTSA,NHTSA Product Information Catalog (Recall dataset),https://api.nhtsa.gov/products/vehicle/models?issueType=r,2026-07-18,Generic body descriptor from recall strings; not a marketed value.,Source Artifact,Rejected; recorded in review file.,Generic body descriptor from recall strings; not a marketed value.
HP-139,GMC,C/K 1500-2500 (Sierra Classic era),C15,1984-1986; 1988-1996,C15,Trim,1984-1986; 1988-1996,Yes,EPA,EPA FuelEconomy.gov Vehicle Fuel Economy Dataset,https://www.fueleconomy.gov/feg/epadata/vehicles.csv,NHTSA,NHTSA Product Information Catalog (Recall dataset),https://api.nhtsa.gov/products/vehicle/models?issueType=r,2026-07-18,,Approved as Trim,Added to the vehicle hierarchy catalog (EPA certification records explicitly carry this value for these model years).,
HP-140,GMC,C/K 1500-2500 (Sierra Classic era),C25,1984-1986; 1988; 1992-1996,C25,Trim,1984-1986; 1988; 1992-1996,Yes,EPA,EPA FuelEconomy.gov Vehicle Fuel Economy Dataset,https://www.fueleconomy.gov/feg/epadata/vehicles.csv,NHTSA,NHTSA Product Information Catalog (Recall dataset),https://api.nhtsa.gov/products/vehicle/models?issueType=r,2026-07-18,,Approved as Trim,Added to the vehicle hierarchy catalog (EPA certification records explicitly carry this value for these model years).,
HP-141,GMC,C/K 1500-2500 (Sierra Classic era),C2500,1987-1997; 1999,,,,N/A,EPA,EPA FuelEconomy.gov Vehicle Fuel Economy Dataset,https://www.fueleconomy.gov/feg/epadata/vehicles.csv,NHTSA,NHTSA Product Information Catalog (Recall dataset),https://api.nhtsa.gov/products/vehicle/models?issueType=r,2026-07-18,Size/series code fragment from recall strings.,Source Artifact,Rejected; recorded in review file.,Size/series code fragment from recall strings.
HP-142,GMC,C/K 1500-2500 (Sierra Classic era),K25,1984-1986; 1988-1989; 1993; 1995-1996,K25,Trim,1984-1986; 1988-1989; 1993; 1995-1996,Yes,EPA,EPA FuelEconomy.gov Vehicle Fuel Economy Dataset,https://www.fueleconomy.gov/feg/epadata/vehicles.csv,NHTSA,NHTSA Product Information Catalog (Recall dataset),https://api.nhtsa.gov/products/vehicle/models?issueType=r,2026-07-18,,Approved as Trim,Added to the vehicle hierarchy catalog (EPA certification records explicitly carry this value for these model years).,
HP-143,GMC,C/K 1500-2500 (Sierra Classic era),K2500,1986; 1988-1996,,,,N/A,EPA,EPA FuelEconomy.gov Vehicle Fuel Economy Dataset,https://www.fueleconomy.gov/feg/epadata/vehicles.csv,NHTSA,NHTSA Product Information Catalog (Recall dataset),https://api.nhtsa.gov/products/vehicle/models?issueType=r,2026-07-18,Size/series code fragment from recall strings.,Source Artifact,Rejected; recorded in review file.,Size/series code fragment from recall strings.
HP-144,GMC,C/K 1500-2500 (Sierra Classic era),PICKUP,1984-1988; 1994-1995,,,,N/A,EPA,EPA FuelEconomy.gov Vehicle Fuel Economy Dataset,https://www.fueleconomy.gov/feg/epadata/vehicles.csv,NHTSA,NHTSA Product Information Catalog (Recall dataset),https://api.nhtsa.gov/products/vehicle/models?issueType=r,2026-07-18,Generic body descriptor from recall strings; not a marketed value.,Source Artifact,Rejected; recorded in review file.,Generic body descriptor from recall strings; not a marketed value.
HP-145,GMC,C/K 1500-2500 (Sierra Classic era),SUBURBAN,1984-1986; 1993-1994; 1996-1999,Suburban,Trim,1984-1986; 1993-1994; 1996-1999,Yes,EPA,EPA FuelEconomy.gov Vehicle Fuel Economy Dataset,https://www.fueleconomy.gov/feg/epadata/vehicles.csv,NHTSA,NHTSA Product Information Catalog (Recall dataset),https://api.nhtsa.gov/products/vehicle/models?issueType=r,2026-07-18,,Approved as Trim,Added to the vehicle hierarchy catalog (EPA certification records explicitly carry this value for these model years).,
HP-146,GMC,Hummer EV,PICKUP,2022-2025,,,,N/A,EPA,EPA FuelEconomy.gov Vehicle Fuel Economy Dataset,https://www.fueleconomy.gov/feg/epadata/vehicles.csv,NHTSA,NHTSA Product Information Catalog (Recall dataset),https://api.nhtsa.gov/products/vehicle/models?issueType=r,2026-07-18,Generic body descriptor from recall strings; not a marketed value.,Source Artifact,Rejected; recorded in review file.,Generic body descriptor from recall strings; not a marketed value.
HP-147,GMC,Hummer EV,SUV,2024-2025,,,,N/A,EPA,EPA FuelEconomy.gov Vehicle Fuel Economy Dataset,https://www.fueleconomy.gov/feg/epadata/vehicles.csv,NHTSA,NHTSA Product Information Catalog (Recall dataset),https://api.nhtsa.gov/products/vehicle/models?issueType=r,2026-07-18,Generic body descriptor from recall strings; not a marketed value.,Source Artifact,Rejected; recorded in review file.,Generic body descriptor from recall strings; not a marketed value.
HP-148,GMC,Sonoma,S15,1980; 1984-1999; 2001,S15,Trim,1980; 1984-1999; 2001,Yes,EPA,EPA FuelEconomy.gov Vehicle Fuel Economy Dataset,https://www.fueleconomy.gov/feg/epadata/vehicles.csv,NHTSA,NHTSA Product Information Catalog (Recall dataset),https://api.nhtsa.gov/products/vehicle/models?issueType=r,2026-07-18,,Approved as Trim,Added to the vehicle hierarchy catalog (EPA certification records explicitly carry this value for these model years).,
HP-149,GMC,Vandura,G35,1984-1996; 2000,G35,Trim,1984-1996; 2000,Yes,EPA,EPA FuelEconomy.gov Vehicle Fuel Economy Dataset,https://www.fueleconomy.gov/feg/epadata/vehicles.csv,NHTSA,NHTSA Product Information Catalog (Recall dataset),https://api.nhtsa.gov/products/vehicle/models?issueType=r,2026-07-18,,Approved as Trim,Added to the vehicle hierarchy catalog (EPA certification records explicitly carry this value for these model years).,
HP-150,Honda,Civic,CNG,1998; 2000-2015,CNG,Trim,1998; 2000-2015,Yes,EPA,EPA FuelEconomy.gov Vehicle Fuel Economy Dataset,https://www.fueleconomy.gov/feg/epadata/vehicles.csv,NHTSA,NHTSA Product Information Catalog (Recall dataset),https://api.nhtsa.gov/products/vehicle/models?issueType=r,2026-07-18,,Approved as Trim,Added to the vehicle hierarchy catalog (EPA certification records explicitly carry this value for these model years).,
HP-151,Hyundai,Kona,ELECTRIC,2019-2025,Electric,Engine Variant,2019-2025,Yes,EPA,EPA FuelEconomy.gov Vehicle Fuel Economy Dataset,https://www.fueleconomy.gov/feg/epadata/vehicles.csv,NHTSA,NHTSA Product Information Catalog (Recall dataset),https://api.nhtsa.gov/products/vehicle/models?issueType=r,2026-07-18,Powertrain designation; belongs to the configuration catalog.,Approved as Engine Variant,Added to the vehicle configuration catalog.,Powertrain designation; belongs to the configuration catalog.
HP-152,Isuzu,i-Series,I-280,2006-2007,I-280,Trim,2006-2007,Yes,EPA,EPA FuelEconomy.gov Vehicle Fuel Economy Dataset,https://www.fueleconomy.gov/feg/epadata/vehicles.csv,NHTSA,NHTSA Product Information Catalog (Recall dataset),https://api.nhtsa.gov/products/vehicle/models?issueType=r,2026-07-18,,Approved as Trim,Added to the vehicle hierarchy catalog (EPA certification records explicitly carry this value for these model years).,
HP-153,Isuzu,i-Series,I-290,2007-2008,I-290,Trim,2007-2008,Yes,EPA,EPA FuelEconomy.gov Vehicle Fuel Economy Dataset,https://www.fueleconomy.gov/feg/epadata/vehicles.csv,NHTSA,NHTSA Product Information Catalog (Recall dataset),https://api.nhtsa.gov/products/vehicle/models?issueType=r,2026-07-18,,Approved as Trim,Added to the vehicle hierarchy catalog (EPA certification records explicitly carry this value for these model years).,
HP-154,Isuzu,i-Series,I-370,2007-2008,I-370,Trim,2007-2008,Yes,EPA,EPA FuelEconomy.gov Vehicle Fuel Economy Dataset,https://www.fueleconomy.gov/feg/epadata/vehicles.csv,NHTSA,NHTSA Product Information Catalog (Recall dataset),https://api.nhtsa.gov/products/vehicle/models?issueType=r,2026-07-18,,Approved as Trim,Added to the vehicle hierarchy catalog (EPA certification records explicitly carry this value for these model years).,
HP-155,Jaguar,Vanden Plas,VDP,2002-2009,VDP,Trim,2002-2009,Yes,EPA,EPA FuelEconomy.gov Vehicle Fuel Economy Dataset,https://www.fueleconomy.gov/feg/epadata/vehicles.csv,NHTSA,NHTSA Product Information Catalog (Recall dataset),https://api.nhtsa.gov/products/vehicle/models?issueType=r,2026-07-18,,Approved as Trim,Added to the vehicle hierarchy catalog (EPA certification records explicitly carry this value for these model years).,
HP-156,Jaguar,XJ,LWB,2011-2018,LWB,Body Style,2011-2018,Yes,EPA,EPA FuelEconomy.gov Vehicle Fuel Economy Dataset,https://www.fueleconomy.gov/feg/epadata/vehicles.csv,NHTSA,NHTSA Product Information Catalog (Recall dataset),https://api.nhtsa.gov/products/vehicle/models?issueType=r,2026-07-18,Body/wheelbase designation; configuration value.,Approved as Body Style,Added to the vehicle configuration catalog.,Body/wheelbase designation; configuration value.
HP-157,Jaguar,XJ,XJL,2011; 2013-2019,XJL,Trim,2011; 2013-2019,Yes,EPA,EPA FuelEconomy.gov Vehicle Fuel Economy Dataset,https://www.fueleconomy.gov/feg/epadata/vehicles.csv,NHTSA,NHTSA Product Information Catalog (Recall dataset),https://api.nhtsa.gov/products/vehicle/models?issueType=r,2026-07-18,,Approved as Trim,Added to the vehicle hierarchy catalog (EPA certification records explicitly carry this value for these model years).,
HP-158,Jaguar,XJ8,XJ8L,1998-2001; 2005-2009,Xj8L,Trim,1998-2001; 2005-2009,Yes,EPA,EPA FuelEconomy.gov Vehicle Fuel Economy Dataset,https://www.fueleconomy.gov/feg/epadata/vehicles.csv,NHTSA,NHTSA Product Information Catalog (Recall dataset),https://api.nhtsa.gov/products/vehicle/models?issueType=r,2026-07-18,,Approved as Trim,Added to the vehicle hierarchy catalog (EPA certification records explicitly carry this value for these model years).,
HP-159,Jeep,Grand Cherokee,SRT,2016-2021,SRT,Series,2016-2021,Yes,EPA,EPA FuelEconomy.gov Vehicle Fuel Economy Dataset,https://www.fueleconomy.gov/feg/epadata/vehicles.csv,NHTSA,NHTSA Product Information Catalog (Recall dataset),https://api.nhtsa.gov/products/vehicle/models?issueType=r,2026-07-18,SRT (Street & Racing Technology) is the official performance series across Stellantis models.,Approved as Series,Added to the vehicle hierarchy catalog (EPA certification records explicitly carry this value for these model years).,SRT (Street & Racing Technology) is the official performance series across Stellantis models.
HP-160,Jeep,Wrangler,UNLIMITED,2009-2022,Unlimited,Trim,2009-2022,Yes,EPA,EPA FuelEconomy.gov Vehicle Fuel Economy Dataset,https://www.fueleconomy.gov/feg/epadata/vehicles.csv,NHTSA,NHTSA Product Information Catalog (Recall dataset),https://api.nhtsa.gov/products/vehicle/models?issueType=r,2026-07-18,,Approved as Trim,Added to the vehicle hierarchy catalog (EPA certification records explicitly carry this value for these model years).,
HP-161,Kia,Forte,KOUP,2011-2017,Koup,Trim,2011-2017,Yes,EPA,EPA FuelEconomy.gov Vehicle Fuel Economy Dataset,https://www.fueleconomy.gov/feg/epadata/vehicles.csv,NHTSA,NHTSA Product Information Catalog (Recall dataset),https://api.nhtsa.gov/products/vehicle/models?issueType=r,2026-07-18,,Approved as Trim,Added to the vehicle hierarchy catalog (EPA certification records explicitly carry this value for these model years).,
HP-162,Kia,Niro EV,ELECTRIC,2019-2026,Electric,Engine Variant,2019-2026,Yes,EPA,EPA FuelEconomy.gov Vehicle Fuel Economy Dataset,https://www.fueleconomy.gov/feg/epadata/vehicles.csv,NHTSA,NHTSA Product Information Catalog (Recall dataset),https://api.nhtsa.gov/products/vehicle/models?issueType=r,2026-07-18,Powertrain designation; belongs to the configuration catalog.,Approved as Engine Variant,Added to the vehicle configuration catalog.,Powertrain designation; belongs to the configuration catalog.
HP-163,Land Rover,Range Rover,CLASSIC,1992-1993; 1995,Classic,Trim,1992-1993; 1995,Yes,EPA,EPA FuelEconomy.gov Vehicle Fuel Economy Dataset,https://www.fueleconomy.gov/feg/epadata/vehicles.csv,NHTSA,NHTSA Product Information Catalog (Recall dataset),https://api.nhtsa.gov/products/vehicle/models?issueType=r,2026-07-18,,Approved as Trim,Added to the vehicle hierarchy catalog (EPA certification records explicitly carry this value for these model years).,
HP-164,Land Rover,Range Rover,COUNTY,1993-1995,County,Trim,1993-1995,Yes,EPA,EPA FuelEconomy.gov Vehicle Fuel Economy Dataset,https://www.fueleconomy.gov/feg/epadata/vehicles.csv,NHTSA,NHTSA Product Information Catalog (Recall dataset),https://api.nhtsa.gov/products/vehicle/models?issueType=r,2026-07-18,,Approved as Trim,Added to the vehicle hierarchy catalog (EPA certification records explicitly carry this value for these model years).,
HP-165,Land Rover,Range Rover,LWB,1993-1995; 2014-2026,LWB,Body Style,1993-1995; 2014-2026,Yes,EPA,EPA FuelEconomy.gov Vehicle Fuel Economy Dataset,https://www.fueleconomy.gov/feg/epadata/vehicles.csv,NHTSA,NHTSA Product Information Catalog (Recall dataset),https://api.nhtsa.gov/products/vehicle/models?issueType=r,2026-07-18,Body/wheelbase designation; configuration value.,Approved as Body Style,Added to the vehicle configuration catalog.,Body/wheelbase designation; configuration value.
HP-166,Mazda,B-Series,B2000,1980; 1984; 1986-1987,B2000,Trim,1980; 1984; 1986-1987,Yes,EPA,EPA FuelEconomy.gov Vehicle Fuel Economy Dataset,https://www.fueleconomy.gov/feg/epadata/vehicles.csv,NHTSA,NHTSA Product Information Catalog (Recall dataset),https://api.nhtsa.gov/products/vehicle/models?issueType=r,2026-07-18,,Approved as Trim,Added to the vehicle hierarchy catalog (EPA certification records explicitly carry this value for these model years).,
HP-167,Mazda,B-Series,B-2200,1984; 1987-1993,B-2200,Trim,1984; 1987-1993,Yes,EPA,EPA FuelEconomy.gov Vehicle Fuel Economy Dataset,https://www.fueleconomy.gov/feg/epadata/vehicles.csv,NHTSA,NHTSA Product Information Catalog (Recall dataset),https://api.nhtsa.gov/products/vehicle/models?issueType=r,2026-07-18,,Approved as Trim,Added to the vehicle hierarchy catalog (EPA certification records explicitly carry this value for these model years).,
HP-168,Mazda,B-Series,B2600,1987-1989,B2600,Trim,1987-1989,Yes,EPA,EPA FuelEconomy.gov Vehicle Fuel Economy Dataset,https://www.fueleconomy.gov/feg/epadata/vehicles.csv,NHTSA,NHTSA Product Information Catalog (Recall dataset),https://api.nhtsa.gov/products/vehicle/models?issueType=r,2026-07-18,,Approved as Trim,Added to the vehicle hierarchy catalog (EPA certification records explicitly carry this value for these model years).,
HP-169,Mercedes-Benz,A-Class,A35,2020-2022,A35,Trim,2020-2022,Yes,EPA,EPA FuelEconomy.gov Vehicle Fuel Economy Dataset,https://www.fueleconomy.gov/feg/epadata/vehicles.csv,NHTSA,NHTSA Product Information Catalog (Recall dataset),https://api.nhtsa.gov/products/vehicle/models?issueType=r,2026-07-18,,Approved as Trim,Added to the vehicle hierarchy catalog (EPA certification records explicitly carry this value for these model years).,
HP-170,Mercedes-Benz,A-Class,AMG,2020-2022,AMG,Series,2020-2022,Yes,EPA,EPA FuelEconomy.gov Vehicle Fuel Economy Dataset,https://www.fueleconomy.gov/feg/epadata/vehicles.csv,NHTSA,NHTSA Product Information Catalog (Recall dataset),https://api.nhtsa.gov/products/vehicle/models?issueType=r,2026-07-18,AMG is Mercedes-Benz's official performance series; certification records list AMG designations per class.,Approved as Series,Added to the vehicle hierarchy catalog (EPA certification records explicitly carry this value for these model years).,AMG is Mercedes-Benz's official performance series; certification records list AMG designations per class.
HP-171,Mercedes-Benz,C-Class,AMG,1995-1997; 1999-2000; 2002-2006; 2008-2026,AMG,Series,1995-1997; 1999-2000; 2002-2006; 2008-2026,Yes,EPA,EPA FuelEconomy.gov Vehicle Fuel Economy Dataset,https://www.fueleconomy.gov/feg/epadata/vehicles.csv,NHTSA,NHTSA Product Information Catalog (Recall dataset),https://api.nhtsa.gov/products/vehicle/models?issueType=r,2026-07-18,AMG is Mercedes-Benz's official performance series; certification records list AMG designations per class.,Approved as Series,Added to the vehicle hierarchy catalog (EPA certification records explicitly carry this value for these model years).,AMG is Mercedes-Benz's official performance series; certification records list AMG designations per class.
HP-172,Mercedes-Benz,C-Class,C220,1994-1996; 1998,C220,Trim,1994-1996; 1998,Yes,EPA,EPA FuelEconomy.gov Vehicle Fuel Economy Dataset,https://www.fueleconomy.gov/feg/epadata/vehicles.csv,NHTSA,NHTSA Product Information Catalog (Recall dataset),https://api.nhtsa.gov/products/vehicle/models?issueType=r,2026-07-18,,Approved as Trim,Added to the vehicle hierarchy catalog (EPA certification records explicitly carry this value for these model years).,
HP-173,Mercedes-Benz,C-Class,C230,1997-2007,C230,Trim,1997-2007,Yes,EPA,EPA FuelEconomy.gov Vehicle Fuel Economy Dataset,https://www.fueleconomy.gov/feg/epadata/vehicles.csv,NHTSA,NHTSA Product Information Catalog (Recall dataset),https://api.nhtsa.gov/products/vehicle/models?issueType=r,2026-07-18,,Approved as Trim,Added to the vehicle hierarchy catalog (EPA certification records explicitly carry this value for these model years).,
HP-174,Mercedes-Benz,C-Class,C240,2001-2005,C240,Trim,2001-2005,Yes,EPA,EPA FuelEconomy.gov Vehicle Fuel Economy Dataset,https://www.fueleconomy.gov/feg/epadata/vehicles.csv,NHTSA,NHTSA Product Information Catalog (Recall dataset),https://api.nhtsa.gov/products/vehicle/models?issueType=r,2026-07-18,,Approved as Trim,Added to the vehicle hierarchy catalog (EPA certification records explicitly carry this value for these model years).,
HP-175,Mercedes-Benz,C-Class,C280,1994-2000; 2006-2007,C280,Trim,1994-2000; 2006-2007,Yes,EPA,EPA FuelEconomy.gov Vehicle Fuel Economy Dataset,https://www.fueleconomy.gov/feg/epadata/vehicles.csv,NHTSA,NHTSA Product Information Catalog (Recall dataset),https://api.nhtsa.gov/products/vehicle/models?issueType=r,2026-07-18,,Approved as Trim,Added to the vehicle hierarchy catalog (EPA certification records explicitly carry this value for these model years).,
HP-176,Mercedes-Benz,C-Class,C320,2001-2005,C320,Trim,2001-2005,Yes,EPA,EPA FuelEconomy.gov Vehicle Fuel Economy Dataset,https://www.fueleconomy.gov/feg/epadata/vehicles.csv,NHTSA,NHTSA Product Information Catalog (Recall dataset),https://api.nhtsa.gov/products/vehicle/models?issueType=r,2026-07-18,,Approved as Trim,Added to the vehicle hierarchy catalog (EPA certification records explicitly carry this value for these model years).,
HP-177,Mercedes-Benz,C-Class,C36,1995-1997,C36,Trim,1995-1997,Yes,EPA,EPA FuelEconomy.gov Vehicle Fuel Economy Dataset,https://www.fueleconomy.gov/feg/epadata/vehicles.csv,NHTSA,NHTSA Product Information Catalog (Recall dataset),https://api.nhtsa.gov/products/vehicle/models?issueType=r,2026-07-18,,Approved as Trim,Added to the vehicle hierarchy catalog (EPA certification records explicitly carry this value for these model years).,
HP-178,Mercedes-Benz,C-Class,C43,1998-2000; 2017-2026,C43,Trim,1998-2000; 2017-2026,Yes,EPA,EPA FuelEconomy.gov Vehicle Fuel Economy Dataset,https://www.fueleconomy.gov/feg/epadata/vehicles.csv,NHTSA,NHTSA Product Information Catalog (Recall dataset),https://api.nhtsa.gov/products/vehicle/models?issueType=r,2026-07-18,,Approved as Trim,Added to the vehicle hierarchy catalog (EPA certification records explicitly carry this value for these model years).,
HP-179,Mercedes-Benz,CL-Class,AMG,2001-2006; 2008-2014,AMG,Series,2001-2006; 2008-2014,Yes,EPA,EPA FuelEconomy.gov Vehicle Fuel Economy Dataset,https://www.fueleconomy.gov/feg/epadata/vehicles.csv,NHTSA,NHTSA Product Information Catalog (Recall dataset),https://api.nhtsa.gov/products/vehicle/models?issueType=r,2026-07-18,AMG is Mercedes-Benz's official performance series; certification records list AMG designations per class.,Approved as Series,Added to the vehicle hierarchy catalog (EPA certification records explicitly carry this value for these model years).,AMG is Mercedes-Benz's official performance series; certification records list AMG designations per class.
HP-180,Mercedes-Benz,CL-Class,CL500,1998-2006,Cl500,Trim,1998-2006,Yes,EPA,EPA FuelEconomy.gov Vehicle Fuel Economy Dataset,https://www.fueleconomy.gov/feg/epadata/vehicles.csv,NHTSA,NHTSA Product Information Catalog (Recall dataset),https://api.nhtsa.gov/products/vehicle/models?issueType=r,2026-07-18,,Approved as Trim,Added to the vehicle hierarchy catalog (EPA certification records explicitly carry this value for these model years).,
HP-181,Mercedes-Benz,CL-Class,CL55,2001-2006,Cl55,Trim,2001-2006,Yes,EPA,EPA FuelEconomy.gov Vehicle Fuel Economy Dataset,https://www.fueleconomy.gov/feg/epadata/vehicles.csv,NHTSA,NHTSA Product Information Catalog (Recall dataset),https://api.nhtsa.gov/products/vehicle/models?issueType=r,2026-07-18,,Approved as Trim,Added to the vehicle hierarchy catalog (EPA certification records explicitly carry this value for these model years).,
HP-182,Mercedes-Benz,CL-Class,CL600,1998-1999; 2001-2014,Cl600,Trim,1998-1999; 2001-2014,Yes,EPA,EPA FuelEconomy.gov Vehicle Fuel Economy Dataset,https://www.fueleconomy.gov/feg/epadata/vehicles.csv,NHTSA,NHTSA Product Information Catalog (Recall dataset),https://api.nhtsa.gov/products/vehicle/models?issueType=r,2026-07-18,,Approved as Trim,Added to the vehicle hierarchy catalog (EPA certification records explicitly carry this value for these model years).,
HP-183,Mercedes-Benz,CLA-Class,AMG,2014-2026,AMG,Series,2014-2026,Yes,EPA,EPA FuelEconomy.gov Vehicle Fuel Economy Dataset,https://www.fueleconomy.gov/feg/epadata/vehicles.csv,NHTSA,NHTSA Product Information Catalog (Recall dataset),https://api.nhtsa.gov/products/vehicle/models?issueType=r,2026-07-18,AMG is Mercedes-Benz's official performance series; certification records list AMG designations per class.,Approved as Series,Added to the vehicle hierarchy catalog (EPA certification records explicitly carry this value for these model years).,AMG is Mercedes-Benz's official performance series; certification records list AMG designations per class.
HP-184,Mercedes-Benz,CLA-Class,CLA250,2012-2027,Cla250,Trim,2012-2027,Yes,EPA,EPA FuelEconomy.gov Vehicle Fuel Economy Dataset,https://www.fueleconomy.gov/feg/epadata/vehicles.csv,NHTSA,NHTSA Product Information Catalog (Recall dataset),https://api.nhtsa.gov/products/vehicle/models?issueType=r,2026-07-18,,Approved as Trim,Added to the vehicle hierarchy catalog (EPA certification records explicitly carry this value for these model years).,
HP-185,Mercedes-Benz,CLA-Class,CLA35,2020-2026,Cla35,Trim,2020-2026,Yes,EPA,EPA FuelEconomy.gov Vehicle Fuel Economy Dataset,https://www.fueleconomy.gov/feg/epadata/vehicles.csv,NHTSA,NHTSA Product Information Catalog (Recall dataset),https://api.nhtsa.gov/products/vehicle/models?issueType=r,2026-07-18,,Approved as Trim,Added to the vehicle hierarchy catalog (EPA certification records explicitly carry this value for these model years).,
HP-186,Mercedes-Benz,CLA-Class,CLA45,2014-2026,Cla45,Trim,2014-2026,Yes,EPA,EPA FuelEconomy.gov Vehicle Fuel Economy Dataset,https://www.fueleconomy.gov/feg/epadata/vehicles.csv,NHTSA,NHTSA Product Information Catalog (Recall dataset),https://api.nhtsa.gov/products/vehicle/models?issueType=r,2026-07-18,,Approved as Trim,Added to the vehicle hierarchy catalog (EPA certification records explicitly carry this value for these model years).,
HP-187,Mercedes-Benz,CLE-Class,AMG,2024-2026,AMG,Series,2024-2026,Yes,EPA,EPA FuelEconomy.gov Vehicle Fuel Economy Dataset,https://www.fueleconomy.gov/feg/epadata/vehicles.csv,NHTSA,NHTSA Product Information Catalog (Recall dataset),https://api.nhtsa.gov/products/vehicle/models?issueType=r,2026-07-18,AMG is Mercedes-Benz's official performance series; certification records list AMG designations per class.,Approved as Series,Added to the vehicle hierarchy catalog (EPA certification records explicitly carry this value for these model years).,AMG is Mercedes-Benz's official performance series; certification records list AMG designations per class.
HP-188,Mercedes-Benz,CLE-Class,CLE53,2024-2026,Cle53,Trim,2024-2026,Yes,EPA,EPA FuelEconomy.gov Vehicle Fuel Economy Dataset,https://www.fueleconomy.gov/feg/epadata/vehicles.csv,NHTSA,NHTSA Product Information Catalog (Recall dataset),https://api.nhtsa.gov/products/vehicle/models?issueType=r,2026-07-18,,Approved as Trim,Added to the vehicle hierarchy catalog (EPA certification records explicitly carry this value for these model years).,
HP-189,Mercedes-Benz,CLK-Class,AMG,2001-2008,AMG,Series,2001-2008,Yes,EPA,EPA FuelEconomy.gov Vehicle Fuel Economy Dataset,https://www.fueleconomy.gov/feg/epadata/vehicles.csv,NHTSA,NHTSA Product Information Catalog (Recall dataset),https://api.nhtsa.gov/products/vehicle/models?issueType=r,2026-07-18,AMG is Mercedes-Benz's official performance series; certification records list AMG designations per class.,Approved as Series,Added to the vehicle hierarchy catalog (EPA certification records explicitly carry this value for these model years).,AMG is Mercedes-Benz's official performance series; certification records list AMG designations per class.
HP-190,Mercedes-Benz,CLK-Class,CLK320,1998-2005,Clk320,Trim,1998-2005,Yes,EPA,EPA FuelEconomy.gov Vehicle Fuel Economy Dataset,https://www.fueleconomy.gov/feg/epadata/vehicles.csv,NHTSA,NHTSA Product Information Catalog (Recall dataset),https://api.nhtsa.gov/products/vehicle/models?issueType=r,2026-07-18,,Approved as Trim,Added to the vehicle hierarchy catalog (EPA certification records explicitly carry this value for these model years).,
HP-191,Mercedes-Benz,CLK-Class,CLK350,2006-2010,Clk350,Trim,2006-2010,Yes,EPA,EPA FuelEconomy.gov Vehicle Fuel Economy Dataset,https://www.fueleconomy.gov/feg/epadata/vehicles.csv,NHTSA,NHTSA Product Information Catalog (Recall dataset),https://api.nhtsa.gov/products/vehicle/models?issueType=r,2026-07-18,,Approved as Trim,Added to the vehicle hierarchy catalog (EPA certification records explicitly carry this value for these model years).,
HP-192,Mercedes-Benz,CLK-Class,CLK430,1999-2003,Clk430,Trim,1999-2003,Yes,EPA,EPA FuelEconomy.gov Vehicle Fuel Economy Dataset,https://www.fueleconomy.gov/feg/epadata/vehicles.csv,NHTSA,NHTSA Product Information Catalog (Recall dataset),https://api.nhtsa.gov/products/vehicle/models?issueType=r,2026-07-18,,Approved as Trim,Added to the vehicle hierarchy catalog (EPA certification records explicitly carry this value for these model years).,
HP-193,Mercedes-Benz,CLK-Class,CLK500,2003-2006,Clk500,Trim,2003-2006,Yes,EPA,EPA FuelEconomy.gov Vehicle Fuel Economy Dataset,https://www.fueleconomy.gov/feg/epadata/vehicles.csv,NHTSA,NHTSA Product Information Catalog (Recall dataset),https://api.nhtsa.gov/products/vehicle/models?issueType=r,2026-07-18,,Approved as Trim,Added to the vehicle hierarchy catalog (EPA certification records explicitly carry this value for these model years).,
HP-194,Mercedes-Benz,CLK-Class,CLK63,2007-2008,Clk63,Trim,2007-2008,Yes,EPA,EPA FuelEconomy.gov Vehicle Fuel Economy Dataset,https://www.fueleconomy.gov/feg/epadata/vehicles.csv,NHTSA,NHTSA Product Information Catalog (Recall dataset),https://api.nhtsa.gov/products/vehicle/models?issueType=r,2026-07-18,,Approved as Trim,Added to the vehicle hierarchy catalog (EPA certification records explicitly carry this value for these model years).,
HP-195,Mercedes-Benz,CLS-Class,AMG,2006-2021,AMG,Series,2006-2021,Yes,EPA,EPA FuelEconomy.gov Vehicle Fuel Economy Dataset,https://www.fueleconomy.gov/feg/epadata/vehicles.csv,NHTSA,NHTSA Product Information Catalog (Recall dataset),https://api.nhtsa.gov/products/vehicle/models?issueType=r,2026-07-18,AMG is Mercedes-Benz's official performance series; certification records list AMG designations per class.,Approved as Series,Added to the vehicle hierarchy catalog (EPA certification records explicitly carry this value for these model years).,AMG is Mercedes-Benz's official performance series; certification records list AMG designations per class.
HP-196,Mercedes-Benz,CLS-Class,CLS500,2004; 2006,Cls500,Trim,2004; 2006,Yes,EPA,EPA FuelEconomy.gov Vehicle Fuel Economy Dataset,https://www.fueleconomy.gov/feg/epadata/vehicles.csv,NHTSA,NHTSA Product Information Catalog (Recall dataset),https://api.nhtsa.gov/products/vehicle/models?issueType=r,2026-07-18,,Approved as Trim,Added to the vehicle hierarchy catalog (EPA certification records explicitly carry this value for these model years).,
HP-197,Mercedes-Benz,CLS-Class,CLS53,2019-2021,Cls53,Trim,2019-2021,Yes,EPA,EPA FuelEconomy.gov Vehicle Fuel Economy Dataset,https://www.fueleconomy.gov/feg/epadata/vehicles.csv,NHTSA,NHTSA Product Information Catalog (Recall dataset),https://api.nhtsa.gov/products/vehicle/models?issueType=r,2026-07-18,,Approved as Trim,Added to the vehicle hierarchy catalog (EPA certification records explicitly carry this value for these model years).,
HP-198,Mercedes-Benz,E-Class,AMG,1999-2023; 2025-2026,AMG,Series,1999-2023; 2025-2026,Yes,EPA,EPA FuelEconomy.gov Vehicle Fuel Economy Dataset,https://www.fueleconomy.gov/feg/epadata/vehicles.csv,NHTSA,NHTSA Product Information Catalog (Recall dataset),https://api.nhtsa.gov/products/vehicle/models?issueType=r,2026-07-18,AMG is Mercedes-Benz's official performance series; certification records list AMG designations per class.,Approved as Series,Added to the vehicle hierarchy catalog (EPA certification records explicitly carry this value for these model years).,AMG is Mercedes-Benz's official performance series; certification records list AMG designations per class.
HP-199,Mercedes-Benz,E-Class,E300,1995-1999; 2001; 2017-2019,E300,Trim,1995-1999; 2001; 2017-2019,Yes,EPA,EPA FuelEconomy.gov Vehicle Fuel Economy Dataset,https://www.fueleconomy.gov/feg/epadata/vehicles.csv,NHTSA,NHTSA Product Information Catalog (Recall dataset),https://api.nhtsa.gov/products/vehicle/models?issueType=r,2026-07-18,,Approved as Trim,Added to the vehicle hierarchy catalog (EPA certification records explicitly carry this value for these model years).,
HP-200,Mercedes-Benz,E-Class,E320,1994-2009,E320,Trim,1994-2009,Yes,EPA,EPA FuelEconomy.gov Vehicle Fuel Economy Dataset,https://www.fueleconomy.gov/feg/epadata/vehicles.csv,NHTSA,NHTSA Product Information Catalog (Recall dataset),https://api.nhtsa.gov/products/vehicle/models?issueType=r,2026-07-18,,Approved as Trim,Added to the vehicle hierarchy catalog (EPA certification records explicitly carry this value for these model years).,
HP-201,Mercedes-Benz,E-Class,E420,1994-1995; 1997,E420,Trim,1994-1995; 1997,Yes,EPA,EPA FuelEconomy.gov Vehicle Fuel Economy Dataset,https://www.fueleconomy.gov/feg/epadata/vehicles.csv,NHTSA,NHTSA Product Information Catalog (Recall dataset),https://api.nhtsa.gov/products/vehicle/models?issueType=r,2026-07-18,,Approved as Trim,Added to the vehicle hierarchy catalog (EPA certification records explicitly carry this value for these model years).,
HP-202,Mercedes-Benz,E-Class,E430,1998-2002,E430,Trim,1998-2002,Yes,EPA,EPA FuelEconomy.gov Vehicle Fuel Economy Dataset,https://www.fueleconomy.gov/feg/epadata/vehicles.csv,NHTSA,NHTSA Product Information Catalog (Recall dataset),https://api.nhtsa.gov/products/vehicle/models?issueType=r,2026-07-18,,Approved as Trim,Added to the vehicle hierarchy catalog (EPA certification records explicitly carry this value for these model years).,
HP-203,Mercedes-Benz,E-Class,E53,2019-2023; 2025-2026,E53,Trim,2019-2023; 2025-2026,Yes,EPA,EPA FuelEconomy.gov Vehicle Fuel Economy Dataset,https://www.fueleconomy.gov/feg/epadata/vehicles.csv,NHTSA,NHTSA Product Information Catalog (Recall dataset),https://api.nhtsa.gov/products/vehicle/models?issueType=r,2026-07-18,,Approved as Trim,Added to the vehicle hierarchy catalog (EPA certification records explicitly carry this value for these model years).,
HP-204,Mercedes-Benz,E-Class,E55,1999-2006,E55,Trim,1999-2006,Yes,EPA,EPA FuelEconomy.gov Vehicle Fuel Economy Dataset,https://www.fueleconomy.gov/feg/epadata/vehicles.csv,NHTSA,NHTSA Product Information Catalog (Recall dataset),https://api.nhtsa.gov/products/vehicle/models?issueType=r,2026-07-18,,Approved as Trim,Added to the vehicle hierarchy catalog (EPA certification records explicitly carry this value for these model years).,
HP-205,Mercedes-Benz,E-Class,STATION,2015; 2017-2018; 2020; 2022-2023; 2026,Station,Trim,2015; 2017-2018; 2020; 2022-2023; 2026,Yes,EPA,EPA FuelEconomy.gov Vehicle Fuel Economy Dataset,https://www.fueleconomy.gov/feg/epadata/vehicles.csv,NHTSA,NHTSA Product Information Catalog (Recall dataset),https://api.nhtsa.gov/products/vehicle/models?issueType=r,2026-07-18,,Approved as Trim,Added to the vehicle hierarchy catalog (EPA certification records explicitly carry this value for these model years).,
HP-206,Mercedes-Benz,EQE,SUV,2024-2026,,,,N/A,EPA,EPA FuelEconomy.gov Vehicle Fuel Economy Dataset,https://www.fueleconomy.gov/feg/epadata/vehicles.csv,NHTSA,NHTSA Product Information Catalog (Recall dataset),https://api.nhtsa.gov/products/vehicle/models?issueType=r,2026-07-18,Generic body descriptor from recall strings; not a marketed value.,Source Artifact,Rejected; recorded in review file.,Generic body descriptor from recall strings; not a marketed value.
HP-207,Mercedes-Benz,EQS,SUV,2023-2026,,,,N/A,EPA,EPA FuelEconomy.gov Vehicle Fuel Economy Dataset,https://www.fueleconomy.gov/feg/epadata/vehicles.csv,NHTSA,NHTSA Product Information Catalog (Recall dataset),https://api.nhtsa.gov/products/vehicle/models?issueType=r,2026-07-18,Generic body descriptor from recall strings; not a marketed value.,Source Artifact,Rejected; recorded in review file.,Generic body descriptor from recall strings; not a marketed value.
HP-208,Mercedes-Benz,G-Class,AMG,2003-2011; 2013-2026,AMG,Series,2003-2011; 2013-2026,Yes,EPA,EPA FuelEconomy.gov Vehicle Fuel Economy Dataset,https://www.fueleconomy.gov/feg/epadata/vehicles.csv,NHTSA,NHTSA Product Information Catalog (Recall dataset),https://api.nhtsa.gov/products/vehicle/models?issueType=r,2026-07-18,AMG is Mercedes-Benz's official performance series; certification records list AMG designations per class.,Approved as Series,Added to the vehicle hierarchy catalog (EPA certification records explicitly carry this value for these model years).,AMG is Mercedes-Benz's official performance series; certification records list AMG designations per class.
HP-209,Mercedes-Benz,G-Class,G500,2002-2008,G500,Trim,2002-2008,Yes,EPA,EPA FuelEconomy.gov Vehicle Fuel Economy Dataset,https://www.fueleconomy.gov/feg/epadata/vehicles.csv,NHTSA,NHTSA Product Information Catalog (Recall dataset),https://api.nhtsa.gov/products/vehicle/models?issueType=r,2026-07-18,,Approved as Trim,Added to the vehicle hierarchy catalog (EPA certification records explicitly carry this value for these model years).,
HP-210,Mercedes-Benz,G-Class,G55,2003-2011,G55,Trim,2003-2011,Yes,EPA,EPA FuelEconomy.gov Vehicle Fuel Economy Dataset,https://www.fueleconomy.gov/feg/epadata/vehicles.csv,NHTSA,NHTSA Product Information Catalog (Recall dataset),https://api.nhtsa.gov/products/vehicle/models?issueType=r,2026-07-18,,Approved as Trim,Added to the vehicle hierarchy catalog (EPA certification records explicitly carry this value for these model years).,
HP-211,Mercedes-Benz,G-Class,G63,2013-2026,G63,Trim,2013-2026,Yes,EPA,EPA FuelEconomy.gov Vehicle Fuel Economy Dataset,https://www.fueleconomy.gov/feg/epadata/vehicles.csv,NHTSA,NHTSA Product Information Catalog (Recall dataset),https://api.nhtsa.gov/products/vehicle/models?issueType=r,2026-07-18,,Approved as Trim,Added to the vehicle hierarchy catalog (EPA certification records explicitly carry this value for these model years).,
HP-212,Mercedes-Benz,GL-Class,GL320,2006-2008,Gl320,Trim,2006-2008,Yes,EPA,EPA FuelEconomy.gov Vehicle Fuel Economy Dataset,https://www.fueleconomy.gov/feg/epadata/vehicles.csv,NHTSA,NHTSA Product Information Catalog (Recall dataset),https://api.nhtsa.gov/products/vehicle/models?issueType=r,2026-07-18,,Approved as Trim,Added to the vehicle hierarchy catalog (EPA certification records explicitly carry this value for these model years).,
HP-213,Mercedes-Benz,GL-Class,GL450,2007-2017,Gl450,Trim,2007-2017,Yes,EPA,EPA FuelEconomy.gov Vehicle Fuel Economy Dataset,https://www.fueleconomy.gov/feg/epadata/vehicles.csv,NHTSA,NHTSA Product Information Catalog (Recall dataset),https://api.nhtsa.gov/products/vehicle/models?issueType=r,2026-07-18,,Approved as Trim,Added to the vehicle hierarchy catalog (EPA certification records explicitly carry this value for these model years).,
HP-214,Mercedes-Benz,GLA-Class,AMG,2014-2019; 2021-2026,AMG,Series,2014-2019; 2021-2026,Yes,EPA,EPA FuelEconomy.gov Vehicle Fuel Economy Dataset,https://www.fueleconomy.gov/feg/epadata/vehicles.csv,NHTSA,NHTSA Product Information Catalog (Recall dataset),https://api.nhtsa.gov/products/vehicle/models?issueType=r,2026-07-18,AMG is Mercedes-Benz's official performance series; certification records list AMG designations per class.,Approved as Series,Added to the vehicle hierarchy catalog (EPA certification records explicitly carry this value for these model years).,AMG is Mercedes-Benz's official performance series; certification records list AMG designations per class.
HP-215,Mercedes-Benz,GLA-Class,GLA45,2014-2019; 2021-2023,Gla45,Trim,2014-2019; 2021-2023,Yes,EPA,EPA FuelEconomy.gov Vehicle Fuel Economy Dataset,https://www.fueleconomy.gov/feg/epadata/vehicles.csv,NHTSA,NHTSA Product Information Catalog (Recall dataset),https://api.nhtsa.gov/products/vehicle/models?issueType=r,2026-07-18,,Approved as Trim,Added to the vehicle hierarchy catalog (EPA certification records explicitly carry this value for these model years).,
HP-216,Mercedes-Benz,GLB-Class,AMG,2021-2026,AMG,Series,2021-2026,Yes,EPA,EPA FuelEconomy.gov Vehicle Fuel Economy Dataset,https://www.fueleconomy.gov/feg/epadata/vehicles.csv,NHTSA,NHTSA Product Information Catalog (Recall dataset),https://api.nhtsa.gov/products/vehicle/models?issueType=r,2026-07-18,AMG is Mercedes-Benz's official performance series; certification records list AMG designations per class.,Approved as Series,Added to the vehicle hierarchy catalog (EPA certification records explicitly carry this value for these model years).,AMG is Mercedes-Benz's official performance series; certification records list AMG designations per class.
HP-217,Mercedes-Benz,GLB-Class,GLB35,2021-2026,Glb35,Trim,2021-2026,Yes,EPA,EPA FuelEconomy.gov Vehicle Fuel Economy Dataset,https://www.fueleconomy.gov/feg/epadata/vehicles.csv,NHTSA,NHTSA Product Information Catalog (Recall dataset),https://api.nhtsa.gov/products/vehicle/models?issueType=r,2026-07-18,,Approved as Trim,Added to the vehicle hierarchy catalog (EPA certification records explicitly carry this value for these model years).,
HP-218,Mercedes-Benz,GLC-Class,AMG,2017-2026,AMG,Series,2017-2026,Yes,EPA,EPA FuelEconomy.gov Vehicle Fuel Economy Dataset,https://www.fueleconomy.gov/feg/epadata/vehicles.csv,NHTSA,NHTSA Product Information Catalog (Recall dataset),https://api.nhtsa.gov/products/vehicle/models?issueType=r,2026-07-18,AMG is Mercedes-Benz's official performance series; certification records list AMG designations per class.,Approved as Series,Added to the vehicle hierarchy catalog (EPA certification records explicitly carry this value for these model years).,AMG is Mercedes-Benz's official performance series; certification records list AMG designations per class.
HP-219,Mercedes-Benz,GLC-Class,GLC350E,2018-2020; 2025,Glc350E,Trim,2018-2020; 2025,Yes,EPA,EPA FuelEconomy.gov Vehicle Fuel Economy Dataset,https://www.fueleconomy.gov/feg/epadata/vehicles.csv,NHTSA,NHTSA Product Information Catalog (Recall dataset),https://api.nhtsa.gov/products/vehicle/models?issueType=r,2026-07-18,,Approved as Trim,Added to the vehicle hierarchy catalog (EPA certification records explicitly carry this value for these model years).,
HP-220,Mercedes-Benz,GLC-Class,GLC43,2017-2026,Glc43,Trim,2017-2026,Yes,EPA,EPA FuelEconomy.gov Vehicle Fuel Economy Dataset,https://www.fueleconomy.gov/feg/epadata/vehicles.csv,NHTSA,NHTSA Product Information Catalog (Recall dataset),https://api.nhtsa.gov/products/vehicle/models?issueType=r,2026-07-18,,Approved as Trim,Added to the vehicle hierarchy catalog (EPA certification records explicitly carry this value for these model years).,
HP-221,Mercedes-Benz,GLC-Class,GLC63,2018-2021; 2025,Glc63,Trim,2018-2021; 2025,Yes,EPA,EPA FuelEconomy.gov Vehicle Fuel Economy Dataset,https://www.fueleconomy.gov/feg/epadata/vehicles.csv,NHTSA,NHTSA Product Information Catalog (Recall dataset),https://api.nhtsa.gov/products/vehicle/models?issueType=r,2026-07-18,,Approved as Trim,Added to the vehicle hierarchy catalog (EPA certification records explicitly carry this value for these model years).,
HP-222,Mercedes-Benz,GLE-Class,AMG,2016-2019; 2021-2026,AMG,Series,2016-2019; 2021-2026,Yes,EPA,EPA FuelEconomy.gov Vehicle Fuel Economy Dataset,https://www.fueleconomy.gov/feg/epadata/vehicles.csv,NHTSA,NHTSA Product Information Catalog (Recall dataset),https://api.nhtsa.gov/products/vehicle/models?issueType=r,2026-07-18,AMG is Mercedes-Benz's official performance series; certification records list AMG designations per class.,Approved as Series,Added to the vehicle hierarchy catalog (EPA certification records explicitly carry this value for these model years).,AMG is Mercedes-Benz's official performance series; certification records list AMG designations per class.
HP-223,Mercedes-Benz,GLE-Class,GLE53,2021-2026,Gle53,Trim,2021-2026,Yes,EPA,EPA FuelEconomy.gov Vehicle Fuel Economy Dataset,https://www.fueleconomy.gov/feg/epadata/vehicles.csv,NHTSA,NHTSA Product Information Catalog (Recall dataset),https://api.nhtsa.gov/products/vehicle/models?issueType=r,2026-07-18,,Approved as Trim,Added to the vehicle hierarchy catalog (EPA certification records explicitly carry this value for these model years).,
HP-224,Mercedes-Benz,GLK-Class,GLK350,2006-2007; 2010-2015,Glk350,Trim,2006-2007; 2010-2015,Yes,EPA,EPA FuelEconomy.gov Vehicle Fuel Economy Dataset,https://www.fueleconomy.gov/feg/epadata/vehicles.csv,NHTSA,NHTSA Product Information Catalog (Recall dataset),https://api.nhtsa.gov/products/vehicle/models?issueType=r,2026-07-18,,Approved as Trim,Added to the vehicle hierarchy catalog (EPA certification records explicitly carry this value for these model years).,
HP-225,Mercedes-Benz,GLS-Class,AMG,2017-2019; 2021-2026,AMG,Series,2017-2019; 2021-2026,Yes,EPA,EPA FuelEconomy.gov Vehicle Fuel Economy Dataset,https://www.fueleconomy.gov/feg/epadata/vehicles.csv,NHTSA,NHTSA Product Information Catalog (Recall dataset),https://api.nhtsa.gov/products/vehicle/models?issueType=r,2026-07-18,AMG is Mercedes-Benz's official performance series; certification records list AMG designations per class.,Approved as Series,Added to the vehicle hierarchy catalog (EPA certification records explicitly carry this value for these model years).,AMG is Mercedes-Benz's official performance series; certification records list AMG designations per class.
HP-226,Mercedes-Benz,GLS-Class,GLS63,2017-2019; 2021-2026,Gls63,Trim,2017-2019; 2021-2026,Yes,EPA,EPA FuelEconomy.gov Vehicle Fuel Economy Dataset,https://www.fueleconomy.gov/feg/epadata/vehicles.csv,NHTSA,NHTSA Product Information Catalog (Recall dataset),https://api.nhtsa.gov/products/vehicle/models?issueType=r,2026-07-18,,Approved as Trim,Added to the vehicle hierarchy catalog (EPA certification records explicitly carry this value for these model years).,
HP-227,Mercedes-Benz,M-Class,ML320,1998-2003; 2007-2008,Ml320,Trim,1998-2003; 2007-2008,Yes,EPA,EPA FuelEconomy.gov Vehicle Fuel Economy Dataset,https://www.fueleconomy.gov/feg/epadata/vehicles.csv,NHTSA,NHTSA Product Information Catalog (Recall dataset),https://api.nhtsa.gov/products/vehicle/models?issueType=r,2026-07-18,,Approved as Trim,Added to the vehicle hierarchy catalog (EPA certification records explicitly carry this value for these model years).,
HP-228,Mercedes-Benz,M-Class,ML350,2001; 2003-2015,Ml350,Trim,2001; 2003-2015,Yes,EPA,EPA FuelEconomy.gov Vehicle Fuel Economy Dataset,https://www.fueleconomy.gov/feg/epadata/vehicles.csv,NHTSA,NHTSA Product Information Catalog (Recall dataset),https://api.nhtsa.gov/products/vehicle/models?issueType=r,2026-07-18,,Approved as Trim,Added to the vehicle hierarchy catalog (EPA certification records explicitly carry this value for these model years).,
HP-229,Mercedes-Benz,M-Class,ML430,1990; 1999-2001,Ml430,Trim,1990; 1999-2001,Yes,EPA,EPA FuelEconomy.gov Vehicle Fuel Economy Dataset,https://www.fueleconomy.gov/feg/epadata/vehicles.csv,NHTSA,NHTSA Product Information Catalog (Recall dataset),https://api.nhtsa.gov/products/vehicle/models?issueType=r,2026-07-18,,Approved as Trim,Added to the vehicle hierarchy catalog (EPA certification records explicitly carry this value for these model years).,
HP-230,Mercedes-Benz,M-Class,ML55,2000-2003,Ml55,Trim,2000-2003,Yes,EPA,EPA FuelEconomy.gov Vehicle Fuel Economy Dataset,https://www.fueleconomy.gov/feg/epadata/vehicles.csv,NHTSA,NHTSA Product Information Catalog (Recall dataset),https://api.nhtsa.gov/products/vehicle/models?issueType=r,2026-07-18,,Approved as Trim,Added to the vehicle hierarchy catalog (EPA certification records explicitly carry this value for these model years).,
HP-231,Mercedes-Benz,S-Class,AMG,2001-2021; 2025,AMG,Series,2001-2021; 2025,Yes,EPA,EPA FuelEconomy.gov Vehicle Fuel Economy Dataset,https://www.fueleconomy.gov/feg/epadata/vehicles.csv,NHTSA,NHTSA Product Information Catalog (Recall dataset),https://api.nhtsa.gov/products/vehicle/models?issueType=r,2026-07-18,AMG is Mercedes-Benz's official performance series; certification records list AMG designations per class.,Approved as Series,Added to the vehicle hierarchy catalog (EPA certification records explicitly carry this value for these model years).,AMG is Mercedes-Benz's official performance series; certification records list AMG designations per class.
HP-232,Mercedes-Benz,S-Class,S320,1994-1999,S320,Trim,1994-1999,Yes,EPA,EPA FuelEconomy.gov Vehicle Fuel Economy Dataset,https://www.fueleconomy.gov/feg/epadata/vehicles.csv,NHTSA,NHTSA Product Information Catalog (Recall dataset),https://api.nhtsa.gov/products/vehicle/models?issueType=r,2026-07-18,,Approved as Trim,Added to the vehicle hierarchy catalog (EPA certification records explicitly carry this value for these model years).,
HP-233,Mercedes-Benz,S-Class,S420,1994-1999,S420,Trim,1994-1999,Yes,EPA,EPA FuelEconomy.gov Vehicle Fuel Economy Dataset,https://www.fueleconomy.gov/feg/epadata/vehicles.csv,NHTSA,NHTSA Product Information Catalog (Recall dataset),https://api.nhtsa.gov/products/vehicle/models?issueType=r,2026-07-18,,Approved as Trim,Added to the vehicle hierarchy catalog (EPA certification records explicitly carry this value for these model years).,
HP-234,Mercedes-Benz,S-Class,S430,2000-2006,S430,Trim,2000-2006,Yes,EPA,EPA FuelEconomy.gov Vehicle Fuel Economy Dataset,https://www.fueleconomy.gov/feg/epadata/vehicles.csv,NHTSA,NHTSA Product Information Catalog (Recall dataset),https://api.nhtsa.gov/products/vehicle/models?issueType=r,2026-07-18,,Approved as Trim,Added to the vehicle hierarchy catalog (EPA certification records explicitly carry this value for these model years).,
HP-235,Mercedes-Benz,S-Class,S500,1993-2006; 2021-2026,S500,Trim,1993-2006; 2021-2026,Yes,EPA,EPA FuelEconomy.gov Vehicle Fuel Economy Dataset,https://www.fueleconomy.gov/feg/epadata/vehicles.csv,NHTSA,NHTSA Product Information Catalog (Recall dataset),https://api.nhtsa.gov/products/vehicle/models?issueType=r,2026-07-18,,Approved as Trim,Added to the vehicle hierarchy catalog (EPA certification records explicitly carry this value for these model years).,
HP-236,Mercedes-Benz,S-Class,S55,2001-2006,S55,Trim,2001-2006,Yes,EPA,EPA FuelEconomy.gov Vehicle Fuel Economy Dataset,https://www.fueleconomy.gov/feg/epadata/vehicles.csv,NHTSA,NHTSA Product Information Catalog (Recall dataset),https://api.nhtsa.gov/products/vehicle/models?issueType=r,2026-07-18,,Approved as Trim,Added to the vehicle hierarchy catalog (EPA certification records explicitly carry this value for these model years).,
HP-237,Mercedes-Benz,S-Class,S560E,2019-2020,S560E,Trim,2019-2020,Yes,EPA,EPA FuelEconomy.gov Vehicle Fuel Economy Dataset,https://www.fueleconomy.gov/feg/epadata/vehicles.csv,NHTSA,NHTSA Product Information Catalog (Recall dataset),https://api.nhtsa.gov/products/vehicle/models?issueType=r,2026-07-18,,Approved as Trim,Added to the vehicle hierarchy catalog (EPA certification records explicitly carry this value for these model years).,
HP-238,Mercedes-Benz,S-Class,S600,1993-1999; 2001-2013; 2015-2017,S600,Trim,1993-1999; 2001-2013; 2015-2017,Yes,EPA,EPA FuelEconomy.gov Vehicle Fuel Economy Dataset,https://www.fueleconomy.gov/feg/epadata/vehicles.csv,NHTSA,NHTSA Product Information Catalog (Recall dataset),https://api.nhtsa.gov/products/vehicle/models?issueType=r,2026-07-18,,Approved as Trim,Added to the vehicle hierarchy catalog (EPA certification records explicitly carry this value for these model years).,
HP-239,Mercedes-Benz,SL-Class,SL320,1994-2000,Sl320,Trim,1994-2000,Yes,EPA,EPA FuelEconomy.gov Vehicle Fuel Economy Dataset,https://www.fueleconomy.gov/feg/epadata/vehicles.csv,NHTSA,NHTSA Product Information Catalog (Recall dataset),https://api.nhtsa.gov/products/vehicle/models?issueType=r,2026-07-18,,Approved as Trim,Added to the vehicle hierarchy catalog (EPA certification records explicitly carry this value for these model years).,
HP-240,Mercedes-Benz,SL-Class,SL500,1992-2006,Sl500,Trim,1992-2006,Yes,EPA,EPA FuelEconomy.gov Vehicle Fuel Economy Dataset,https://www.fueleconomy.gov/feg/epadata/vehicles.csv,NHTSA,NHTSA Product Information Catalog (Recall dataset),https://api.nhtsa.gov/products/vehicle/models?issueType=r,2026-07-18,,Approved as Trim,Added to the vehicle hierarchy catalog (EPA certification records explicitly carry this value for these model years).,
HP-241,Mercedes-Benz,SL-Class,SL600,1993-2002; 2004-2009,Sl600,Trim,1993-2002; 2004-2009,Yes,EPA,EPA FuelEconomy.gov Vehicle Fuel Economy Dataset,https://www.fueleconomy.gov/feg/epadata/vehicles.csv,NHTSA,NHTSA Product Information Catalog (Recall dataset),https://api.nhtsa.gov/products/vehicle/models?issueType=r,2026-07-18,,Approved as Trim,Added to the vehicle hierarchy catalog (EPA certification records explicitly carry this value for these model years).,
HP-242,Mercedes-Benz,SLK-Class,SLK230,1998-2004,Slk230,Trim,1998-2004,Yes,EPA,EPA FuelEconomy.gov Vehicle Fuel Economy Dataset,https://www.fueleconomy.gov/feg/epadata/vehicles.csv,NHTSA,NHTSA Product Information Catalog (Recall dataset),https://api.nhtsa.gov/products/vehicle/models?issueType=r,2026-07-18,,Approved as Trim,Added to the vehicle hierarchy catalog (EPA certification records explicitly carry this value for these model years).,
HP-243,Mercedes-Benz,SLK-Class,SLK320,2001-2004,Slk320,Trim,2001-2004,Yes,EPA,EPA FuelEconomy.gov Vehicle Fuel Economy Dataset,https://www.fueleconomy.gov/feg/epadata/vehicles.csv,NHTSA,NHTSA Product Information Catalog (Recall dataset),https://api.nhtsa.gov/products/vehicle/models?issueType=r,2026-07-18,,Approved as Trim,Added to the vehicle hierarchy catalog (EPA certification records explicitly carry this value for these model years).,
HP-244,Mini,Clubman,COOPER,2011-2014; 2016-2024,Cooper,Trim,2011-2014; 2016-2024,Yes,EPA,EPA FuelEconomy.gov Vehicle Fuel Economy Dataset,https://www.fueleconomy.gov/feg/epadata/vehicles.csv,NHTSA,NHTSA Product Information Catalog (Recall dataset),https://api.nhtsa.gov/products/vehicle/models?issueType=r,2026-07-18,Cooper/Cooper S are the official MINI trim levels of Clubman/Countryman/etc. body models.,Approved as Trim,Added to the vehicle hierarchy catalog (EPA certification records explicitly carry this value for these model years).,Cooper/Cooper S are the official MINI trim levels of Clubman/Countryman/etc. body models.
HP-245,Mini,Convertible,COOPER,2005-2026,Cooper,Trim,2005-2026,Yes,EPA,EPA FuelEconomy.gov Vehicle Fuel Economy Dataset,https://www.fueleconomy.gov/feg/epadata/vehicles.csv,NHTSA,NHTSA Product Information Catalog (Recall dataset),https://api.nhtsa.gov/products/vehicle/models?issueType=r,2026-07-18,Cooper/Cooper S are the official MINI trim levels of Clubman/Countryman/etc. body models.,Approved as Trim,Added to the vehicle hierarchy catalog (EPA certification records explicitly carry this value for these model years).,Cooper/Cooper S are the official MINI trim levels of Clubman/Countryman/etc. body models.
HP-246,Mini,Countryman,COOPER,2011-2024,Cooper,Trim,2011-2024,Yes,EPA,EPA FuelEconomy.gov Vehicle Fuel Economy Dataset,https://www.fueleconomy.gov/feg/epadata/vehicles.csv,NHTSA,NHTSA Product Information Catalog (Recall dataset),https://api.nhtsa.gov/products/vehicle/models?issueType=r,2026-07-18,Cooper/Cooper S are the official MINI trim levels of Clubman/Countryman/etc. body models.,Approved as Trim,Added to the vehicle hierarchy catalog (EPA certification records explicitly carry this value for these model years).,Cooper/Cooper S are the official MINI trim levels of Clubman/Countryman/etc. body models.
HP-247,Mini,Coupe,COOPER,2012-2015,Cooper,Trim,2012-2015,Yes,EPA,EPA FuelEconomy.gov Vehicle Fuel Economy Dataset,https://www.fueleconomy.gov/feg/epadata/vehicles.csv,NHTSA,NHTSA Product Information Catalog (Recall dataset),https://api.nhtsa.gov/products/vehicle/models?issueType=r,2026-07-18,Cooper/Cooper S are the official MINI trim levels of Clubman/Countryman/etc. body models.,Approved as Trim,Added to the vehicle hierarchy catalog (EPA certification records explicitly carry this value for these model years).,Cooper/Cooper S are the official MINI trim levels of Clubman/Countryman/etc. body models.
HP-248,Mini,Hardtop,COOPER,2011-2025,Cooper,Trim,2011-2025,Yes,EPA,EPA FuelEconomy.gov Vehicle Fuel Economy Dataset,https://www.fueleconomy.gov/feg/epadata/vehicles.csv,NHTSA,NHTSA Product Information Catalog (Recall dataset),https://api.nhtsa.gov/products/vehicle/models?issueType=r,2026-07-18,Cooper/Cooper S are the official MINI trim levels of Clubman/Countryman/etc. body models.,Approved as Trim,Added to the vehicle hierarchy catalog (EPA certification records explicitly carry this value for these model years).,Cooper/Cooper S are the official MINI trim levels of Clubman/Countryman/etc. body models.
HP-249,Mini,Paceman,COOPER,2013-2016,Cooper,Trim,2013-2016,Yes,EPA,EPA FuelEconomy.gov Vehicle Fuel Economy Dataset,https://www.fueleconomy.gov/feg/epadata/vehicles.csv,NHTSA,NHTSA Product Information Catalog (Recall dataset),https://api.nhtsa.gov/products/vehicle/models?issueType=r,2026-07-18,Cooper/Cooper S are the official MINI trim levels of Clubman/Countryman/etc. body models.,Approved as Trim,Added to the vehicle hierarchy catalog (EPA certification records explicitly carry this value for these model years).,Cooper/Cooper S are the official MINI trim levels of Clubman/Countryman/etc. body models.
HP-250,Mini,Roadster,COOPER,2012-2015,Cooper,Trim,2012-2015,Yes,EPA,EPA FuelEconomy.gov Vehicle Fuel Economy Dataset,https://www.fueleconomy.gov/feg/epadata/vehicles.csv,NHTSA,NHTSA Product Information Catalog (Recall dataset),https://api.nhtsa.gov/products/vehicle/models?issueType=r,2026-07-18,Cooper/Cooper S are the official MINI trim levels of Clubman/Countryman/etc. body models.,Approved as Trim,Added to the vehicle hierarchy catalog (EPA certification records explicitly carry this value for these model years).,Cooper/Cooper S are the official MINI trim levels of Clubman/Countryman/etc. body models.
HP-251,Mitsubishi,Lancer,EVOLUTION,2003-2006; 2008-2015,Evolution,Trim,2003-2006; 2008-2015,Yes,EPA,EPA FuelEconomy.gov Vehicle Fuel Economy Dataset,https://www.fueleconomy.gov/feg/epadata/vehicles.csv,NHTSA,NHTSA Product Information Catalog (Recall dataset),https://api.nhtsa.gov/products/vehicle/models?issueType=r,2026-07-18,,Approved as Trim,Added to the vehicle hierarchy catalog (EPA certification records explicitly carry this value for these model years).,
HP-252,Nissan,LEAF,BATTERY,2016; 2019-2024; 2026,Battery,Trim,2016; 2019-2024; 2026,Yes,EPA,EPA FuelEconomy.gov Vehicle Fuel Economy Dataset,https://www.fueleconomy.gov/feg/epadata/vehicles.csv,NHTSA,NHTSA Product Information Catalog (Recall dataset),https://api.nhtsa.gov/products/vehicle/models?issueType=r,2026-07-18,,Approved as Trim,Added to the vehicle hierarchy catalog (EPA certification records explicitly carry this value for these model years).,
HP-253,Nissan,Murano,CROSSCABRIOLET,2011-2014,Crosscabriolet,Trim,2011-2014,Yes,EPA,EPA FuelEconomy.gov Vehicle Fuel Economy Dataset,https://www.fueleconomy.gov/feg/epadata/vehicles.csv,NHTSA,NHTSA Product Information Catalog (Recall dataset),https://api.nhtsa.gov/products/vehicle/models?issueType=r,2026-07-18,,Approved as Trim,Added to the vehicle hierarchy catalog (EPA certification records explicitly carry this value for these model years).,
HP-254,Nissan,Rogue,SELECT,2014-2015,Select,Trim,2014-2015,Yes,EPA,EPA FuelEconomy.gov Vehicle Fuel Economy Dataset,https://www.fueleconomy.gov/feg/epadata/vehicles.csv,NHTSA,NHTSA Product Information Catalog (Recall dataset),https://api.nhtsa.gov/products/vehicle/models?issueType=r,2026-07-18,,Approved as Trim,Added to the vehicle hierarchy catalog (EPA certification records explicitly carry this value for these model years).,
HP-255,Porsche,911,CARRERA,1987-2026,Carrera,Trim,1987-2026,Yes,EPA,EPA FuelEconomy.gov Vehicle Fuel Economy Dataset,https://www.fueleconomy.gov/feg/epadata/vehicles.csv,NHTSA,NHTSA Product Information Catalog (Recall dataset),https://api.nhtsa.gov/products/vehicle/models?issueType=r,2026-07-18,,Approved as Trim,Added to the vehicle hierarchy catalog (EPA certification records explicitly carry this value for these model years).,
HP-256,Porsche,911,DAKAR,2023-2024,Dakar,Trim,2023-2024,Yes,EPA,EPA FuelEconomy.gov Vehicle Fuel Economy Dataset,https://www.fueleconomy.gov/feg/epadata/vehicles.csv,NHTSA,NHTSA Product Information Catalog (Recall dataset),https://api.nhtsa.gov/products/vehicle/models?issueType=r,2026-07-18,,Approved as Trim,Added to the vehicle hierarchy catalog (EPA certification records explicitly carry this value for these model years).,
HP-257,Porsche,911,EXCLUSIVE,2018-2019,Exclusive,Trim,2018-2019,Yes,EPA,EPA FuelEconomy.gov Vehicle Fuel Economy Dataset,https://www.fueleconomy.gov/feg/epadata/vehicles.csv,NHTSA,NHTSA Product Information Catalog (Recall dataset),https://api.nhtsa.gov/products/vehicle/models?issueType=r,2026-07-18,,Approved as Trim,Added to the vehicle hierarchy catalog (EPA certification records explicitly carry this value for these model years).,
HP-258,Porsche,911,GT2,2002-2003; 2008-2009; 2011; 2018-2019,GT2,Trim,2002-2003; 2008-2009; 2011; 2018-2019,Yes,EPA,EPA FuelEconomy.gov Vehicle Fuel Economy Dataset,https://www.fueleconomy.gov/feg/epadata/vehicles.csv,NHTSA,NHTSA Product Information Catalog (Recall dataset),https://api.nhtsa.gov/products/vehicle/models?issueType=r,2026-07-18,,Approved as Trim,Added to the vehicle hierarchy catalog (EPA certification records explicitly carry this value for these model years).,
HP-259,Porsche,911,GT3,2004-2005; 2007-2008; 2010-2011; 2014-2016; 2018-2019; 2022-2024; 2026,GT3,Trim,2004-2005; 2007-2008; 2010-2011; 2014-2016; 2018-2019; 2022-2024; 2026,Yes,EPA,EPA FuelEconomy.gov Vehicle Fuel Economy Dataset,https://www.fueleconomy.gov/feg/epadata/vehicles.csv,NHTSA,NHTSA Product Information Catalog (Recall dataset),https://api.nhtsa.gov/products/vehicle/models?issueType=r,2026-07-18,,Approved as Trim,Added to the vehicle hierarchy catalog (EPA certification records explicitly carry this value for these model years).,
HP-260,Porsche,911,TARGA,2002-2004; 2007-2012; 2014-2026,Targa,Trim,2002-2004; 2007-2012; 2014-2026,Yes,EPA,EPA FuelEconomy.gov Vehicle Fuel Economy Dataset,https://www.fueleconomy.gov/feg/epadata/vehicles.csv,NHTSA,NHTSA Product Information Catalog (Recall dataset),https://api.nhtsa.gov/products/vehicle/models?issueType=r,2026-07-18,,Approved as Trim,Added to the vehicle hierarchy catalog (EPA certification records explicitly carry this value for these model years).,
HP-261,Porsche,Cayenne,E-HYBRID,2015-2023; 2025,E-Hybrid,Engine Variant,2015-2023; 2025,Yes,EPA,EPA FuelEconomy.gov Vehicle Fuel Economy Dataset,https://www.fueleconomy.gov/feg/epadata/vehicles.csv,NHTSA,NHTSA Product Information Catalog (Recall dataset),https://api.nhtsa.gov/products/vehicle/models?issueType=r,2026-07-18,Powertrain designation; belongs to the configuration catalog.,Approved as Engine Variant,Added to the vehicle configuration catalog.,Powertrain designation; belongs to the configuration catalog.
HP-262,Porsche,Cayman,GT4,2015-2016,GT4,Trim,2015-2016,Yes,EPA,EPA FuelEconomy.gov Vehicle Fuel Economy Dataset,https://www.fueleconomy.gov/feg/epadata/vehicles.csv,NHTSA,NHTSA Product Information Catalog (Recall dataset),https://api.nhtsa.gov/products/vehicle/models?issueType=r,2026-07-18,,Approved as Trim,Added to the vehicle hierarchy catalog (EPA certification records explicitly carry this value for these model years).,
HP-263,Porsche,Panamera,E-HYBRID,2012; 2014-2023; 2025,E-Hybrid,Engine Variant,2012; 2014-2023; 2025,Yes,EPA,EPA FuelEconomy.gov Vehicle Fuel Economy Dataset,https://www.fueleconomy.gov/feg/epadata/vehicles.csv,NHTSA,NHTSA Product Information Catalog (Recall dataset),https://api.nhtsa.gov/products/vehicle/models?issueType=r,2026-07-18,Powertrain designation; belongs to the configuration catalog.,Approved as Engine Variant,Added to the vehicle configuration catalog.,Powertrain designation; belongs to the configuration catalog.
HP-264,Porsche,Panamera,EXECUTIVE,2014-2023,Executive,Trim,2014-2023,Yes,EPA,EPA FuelEconomy.gov Vehicle Fuel Economy Dataset,https://www.fueleconomy.gov/feg/epadata/vehicles.csv,NHTSA,NHTSA Product Information Catalog (Recall dataset),https://api.nhtsa.gov/products/vehicle/models?issueType=r,2026-07-18,,Approved as Trim,Added to the vehicle hierarchy catalog (EPA certification records explicitly carry this value for these model years).,
HP-265,Porsche,Taycan,PERFORMANCE,2020; 2023-2026,Performance,Trim,2020; 2023-2026,Yes,EPA,EPA FuelEconomy.gov Vehicle Fuel Economy Dataset,https://www.fueleconomy.gov/feg/epadata/vehicles.csv,NHTSA,NHTSA Product Information Catalog (Recall dataset),https://api.nhtsa.gov/products/vehicle/models?issueType=r,2026-07-18,,Approved as Trim,Added to the vehicle hierarchy catalog (EPA certification records explicitly carry this value for these model years).,
HP-266,Porsche,Taycan,WITH,2020; 2025-2026,With,Trim,2020; 2025-2026,Yes,EPA,EPA FuelEconomy.gov Vehicle Fuel Economy Dataset,https://www.fueleconomy.gov/feg/epadata/vehicles.csv,NHTSA,NHTSA Product Information Catalog (Recall dataset),https://api.nhtsa.gov/products/vehicle/models?issueType=r,2026-07-18,,Approved as Trim,Added to the vehicle hierarchy catalog (EPA certification records explicitly carry this value for these model years).,
HP-267,Ram,1500,RHO,2025-2026,RHO,Trim,2025-2026,Yes,EPA,EPA FuelEconomy.gov Vehicle Fuel Economy Dataset,https://www.fueleconomy.gov/feg/epadata/vehicles.csv,NHTSA,NHTSA Product Information Catalog (Recall dataset),https://api.nhtsa.gov/products/vehicle/models?issueType=r,2026-07-18,,Approved as Trim,Added to the vehicle hierarchy catalog (EPA certification records explicitly carry this value for these model years).,
HP-268,Saturn,L-Series,LW200,2000-2003,Lw200,Trim,2000-2003,Yes,EPA,EPA FuelEconomy.gov Vehicle Fuel Economy Dataset,https://www.fueleconomy.gov/feg/epadata/vehicles.csv,NHTSA,NHTSA Product Information Catalog (Recall dataset),https://api.nhtsa.gov/products/vehicle/models?issueType=r,2026-07-18,,Approved as Trim,Added to the vehicle hierarchy catalog (EPA certification records explicitly carry this value for these model years).,
HP-269,Suzuki,Grand Vitara,XL-7,2001-2006,Xl-7,Trim,2001-2006,Yes,EPA,EPA FuelEconomy.gov Vehicle Fuel Economy Dataset,https://www.fueleconomy.gov/feg/epadata/vehicles.csv,NHTSA,NHTSA Product Information Catalog (Recall dataset),https://api.nhtsa.gov/products/vehicle/models?issueType=r,2026-07-18,,Approved as Trim,Added to the vehicle hierarchy catalog (EPA certification records explicitly carry this value for these model years).,
HP-270,Tesla,Model 3,PREMIUM,2026,Premium,Trim,2026,Yes,EPA,EPA FuelEconomy.gov Vehicle Fuel Economy Dataset,https://www.fueleconomy.gov/feg/epadata/vehicles.csv,NHTSA,NHTSA Product Information Catalog (Recall dataset),https://api.nhtsa.gov/products/vehicle/models?issueType=r,2026-07-18,,Approved as Trim,Added to the vehicle hierarchy catalog (EPA certification records explicitly carry this value for these model years).,
HP-271,Tesla,Model S,60D,2016-2019,60D,Engine Variant,2016-2019,Yes,EPA,EPA FuelEconomy.gov Vehicle Fuel Economy Dataset,https://www.fueleconomy.gov/feg/epadata/vehicles.csv,NHTSA,NHTSA Product Information Catalog (Recall dataset),https://api.nhtsa.gov/products/vehicle/models?issueType=r,2026-07-18,"Tesla battery/motor designation (battery kWh, D=dual motor, P=performance): a powertrain configuration, not a marketed trim.",Approved as Engine Variant,Added to the vehicle configuration catalog.,"Tesla battery/motor designation (battery kWh, D=dual motor, P=performance): a powertrain configuration, not a marketed trim."
HP-272,Tesla,Model S,70D,2015-2016,70D,Engine Variant,2015-2016,Yes,EPA,EPA FuelEconomy.gov Vehicle Fuel Economy Dataset,https://www.fueleconomy.gov/feg/epadata/vehicles.csv,NHTSA,NHTSA Product Information Catalog (Recall dataset),https://api.nhtsa.gov/products/vehicle/models?issueType=r,2026-07-18,"Tesla battery/motor designation (battery kWh, D=dual motor, P=performance): a powertrain configuration, not a marketed trim.",Approved as Engine Variant,Added to the vehicle configuration catalog.,"Tesla battery/motor designation (battery kWh, D=dual motor, P=performance): a powertrain configuration, not a marketed trim."
HP-273,Tesla,Model S,75D,2016-2019,75D,Engine Variant,2016-2019,Yes,EPA,EPA FuelEconomy.gov Vehicle Fuel Economy Dataset,https://www.fueleconomy.gov/feg/epadata/vehicles.csv,NHTSA,NHTSA Product Information Catalog (Recall dataset),https://api.nhtsa.gov/products/vehicle/models?issueType=r,2026-07-18,"Tesla battery/motor designation (battery kWh, D=dual motor, P=performance): a powertrain configuration, not a marketed trim.",Approved as Engine Variant,Added to the vehicle configuration catalog.,"Tesla battery/motor designation (battery kWh, D=dual motor, P=performance): a powertrain configuration, not a marketed trim."
HP-274,Tesla,Model S,85D,2015-2016,85D,Engine Variant,2015-2016,Yes,EPA,EPA FuelEconomy.gov Vehicle Fuel Economy Dataset,https://www.fueleconomy.gov/feg/epadata/vehicles.csv,NHTSA,NHTSA Product Information Catalog (Recall dataset),https://api.nhtsa.gov/products/vehicle/models?issueType=r,2026-07-18,"Tesla battery/motor designation (battery kWh, D=dual motor, P=performance): a powertrain configuration, not a marketed trim.",Approved as Engine Variant,Added to the vehicle configuration catalog.,"Tesla battery/motor designation (battery kWh, D=dual motor, P=performance): a powertrain configuration, not a marketed trim."
HP-275,Tesla,Model S,90D,2015-2019,90D,Engine Variant,2015-2019,Yes,EPA,EPA FuelEconomy.gov Vehicle Fuel Economy Dataset,https://www.fueleconomy.gov/feg/epadata/vehicles.csv,NHTSA,NHTSA Product Information Catalog (Recall dataset),https://api.nhtsa.gov/products/vehicle/models?issueType=r,2026-07-18,"Tesla battery/motor designation (battery kWh, D=dual motor, P=performance): a powertrain configuration, not a marketed trim.",Approved as Engine Variant,Added to the vehicle configuration catalog.,"Tesla battery/motor designation (battery kWh, D=dual motor, P=performance): a powertrain configuration, not a marketed trim."
HP-276,Tesla,Model S,P100D,2016-2019,P100D,Engine Variant,2016-2019,Yes,EPA,EPA FuelEconomy.gov Vehicle Fuel Economy Dataset,https://www.fueleconomy.gov/feg/epadata/vehicles.csv,NHTSA,NHTSA Product Information Catalog (Recall dataset),https://api.nhtsa.gov/products/vehicle/models?issueType=r,2026-07-18,"Tesla battery/motor designation (battery kWh, D=dual motor, P=performance): a powertrain configuration, not a marketed trim.",Approved as Engine Variant,Added to the vehicle configuration catalog.,"Tesla battery/motor designation (battery kWh, D=dual motor, P=performance): a powertrain configuration, not a marketed trim."
HP-277,Tesla,Model S,P85D,2015-2016,P85D,Engine Variant,2015-2016,Yes,EPA,EPA FuelEconomy.gov Vehicle Fuel Economy Dataset,https://www.fueleconomy.gov/feg/epadata/vehicles.csv,NHTSA,NHTSA Product Information Catalog (Recall dataset),https://api.nhtsa.gov/products/vehicle/models?issueType=r,2026-07-18,"Tesla battery/motor designation (battery kWh, D=dual motor, P=performance): a powertrain configuration, not a marketed trim.",Approved as Engine Variant,Added to the vehicle configuration catalog.,"Tesla battery/motor designation (battery kWh, D=dual motor, P=performance): a powertrain configuration, not a marketed trim."
HP-278,Tesla,Model S,P90D,2015-2019,P90D,Engine Variant,2015-2019,Yes,EPA,EPA FuelEconomy.gov Vehicle Fuel Economy Dataset,https://www.fueleconomy.gov/feg/epadata/vehicles.csv,NHTSA,NHTSA Product Information Catalog (Recall dataset),https://api.nhtsa.gov/products/vehicle/models?issueType=r,2026-07-18,"Tesla battery/motor designation (battery kWh, D=dual motor, P=performance): a powertrain configuration, not a marketed trim.",Approved as Engine Variant,Added to the vehicle configuration catalog.,"Tesla battery/motor designation (battery kWh, D=dual motor, P=performance): a powertrain configuration, not a marketed trim."
HP-279,Tesla,Model X,60D,2016-2019,60D,Engine Variant,2016-2019,Yes,EPA,EPA FuelEconomy.gov Vehicle Fuel Economy Dataset,https://www.fueleconomy.gov/feg/epadata/vehicles.csv,NHTSA,NHTSA Product Information Catalog (Recall dataset),https://api.nhtsa.gov/products/vehicle/models?issueType=r,2026-07-18,"Tesla battery/motor designation (battery kWh, D=dual motor, P=performance): a powertrain configuration, not a marketed trim.",Approved as Engine Variant,Added to the vehicle configuration catalog.,"Tesla battery/motor designation (battery kWh, D=dual motor, P=performance): a powertrain configuration, not a marketed trim."
HP-280,Tesla,Model X,75D,2016-2019,75D,Engine Variant,2016-2019,Yes,EPA,EPA FuelEconomy.gov Vehicle Fuel Economy Dataset,https://www.fueleconomy.gov/feg/epadata/vehicles.csv,NHTSA,NHTSA Product Information Catalog (Recall dataset),https://api.nhtsa.gov/products/vehicle/models?issueType=r,2026-07-18,"Tesla battery/motor designation (battery kWh, D=dual motor, P=performance): a powertrain configuration, not a marketed trim.",Approved as Engine Variant,Added to the vehicle configuration catalog.,"Tesla battery/motor designation (battery kWh, D=dual motor, P=performance): a powertrain configuration, not a marketed trim."
HP-281,Tesla,Model X,90D,2016-2019,90D,Engine Variant,2016-2019,Yes,EPA,EPA FuelEconomy.gov Vehicle Fuel Economy Dataset,https://www.fueleconomy.gov/feg/epadata/vehicles.csv,NHTSA,NHTSA Product Information Catalog (Recall dataset),https://api.nhtsa.gov/products/vehicle/models?issueType=r,2026-07-18,"Tesla battery/motor designation (battery kWh, D=dual motor, P=performance): a powertrain configuration, not a marketed trim.",Approved as Engine Variant,Added to the vehicle configuration catalog.,"Tesla battery/motor designation (battery kWh, D=dual motor, P=performance): a powertrain configuration, not a marketed trim."
HP-282,Tesla,Model X,P100D,2016-2019,P100D,Engine Variant,2016-2019,Yes,EPA,EPA FuelEconomy.gov Vehicle Fuel Economy Dataset,https://www.fueleconomy.gov/feg/epadata/vehicles.csv,NHTSA,NHTSA Product Information Catalog (Recall dataset),https://api.nhtsa.gov/products/vehicle/models?issueType=r,2026-07-18,"Tesla battery/motor designation (battery kWh, D=dual motor, P=performance): a powertrain configuration, not a marketed trim.",Approved as Engine Variant,Added to the vehicle configuration catalog.,"Tesla battery/motor designation (battery kWh, D=dual motor, P=performance): a powertrain configuration, not a marketed trim."
HP-283,Tesla,Model X,P90D,2016-2019,P90D,Engine Variant,2016-2019,Yes,EPA,EPA FuelEconomy.gov Vehicle Fuel Economy Dataset,https://www.fueleconomy.gov/feg/epadata/vehicles.csv,NHTSA,NHTSA Product Information Catalog (Recall dataset),https://api.nhtsa.gov/products/vehicle/models?issueType=r,2026-07-18,"Tesla battery/motor designation (battery kWh, D=dual motor, P=performance): a powertrain configuration, not a marketed trim.",Approved as Engine Variant,Added to the vehicle configuration catalog.,"Tesla battery/motor designation (battery kWh, D=dual motor, P=performance): a powertrain configuration, not a marketed trim."
HP-284,Toyota,Pickup,TRUCK,1982-1998; 2000-2001; 2003,,,,N/A,EPA,EPA FuelEconomy.gov Vehicle Fuel Economy Dataset,https://www.fueleconomy.gov/feg/epadata/vehicles.csv,NHTSA,NHTSA Product Information Catalog (Recall dataset),https://api.nhtsa.gov/products/vehicle/models?issueType=r,2026-07-18,Generic body descriptor from recall strings; not a marketed value.,Source Artifact,Rejected; recorded in review file.,Generic body descriptor from recall strings; not a marketed value.
HP-285,Volkswagen,Arteon,PREMIUM,2021-2022,,,,N/A,Volkswagen of America,"Volkswagen US Arteon trim nomenclature (SE, SEL R-Line, SEL Premium R-Line)",https://media.vw.com,,,,2026-07-18,'PREMIUM' is a fragment of the official 'SEL Premium R-Line' trim name and is not a standalone trim; rejected as a source artifact.,Source Artifact,Rejected; recorded in review file.,'PREMIUM' is a fragment of the official 'SEL Premium R-Line' trim name and is not a standalone trim; rejected as a source artifact.
HP-286,Volkswagen,Golf,GTI,1985; 1990-1993; 1996-1998; 2002-2006,GTI,Trim,1985; 1990-1993; 1996-1998; 2002-2006,Yes,EPA,EPA FuelEconomy.gov Vehicle Fuel Economy Dataset,https://www.fueleconomy.gov/feg/epadata/vehicles.csv,NHTSA,NHTSA Product Information Catalog (Recall dataset),https://api.nhtsa.gov/products/vehicle/models?issueType=r,2026-07-18,,Approved as Trim,Added to the vehicle hierarchy catalog (EPA certification records explicitly carry this value for these model years).,
